ISO-10303-21;
HEADER;
/* Generated by software containing ST-Developer
 * from STEP Tools, Inc. (www.steptools.com) 
 */
/* OPTION: using custom renumber hook */

FILE_DESCRIPTION(
/* description */ ('STEP AP214'),
/* implementation_level */ '2;1');

FILE_NAME(
/* name */ 'HPF-02-01-T-S',
/* time_stamp */ '2025-12-30T21:21:41+01:00',
/* author */ ('License CC BY-ND 4.0'),
/* organization */ ('CADENAS'),
/* preprocessor_version */ 'ST-DEVELOPER v20',
/* originating_system */ 'PARTsolutions',
/* authorisation */ '  ');

FILE_SCHEMA (('AUTOMOTIVE_DESIGN {1 0 10303 214 3 1 1}'));
ENDSEC;

DATA;
#10=PROPERTY_DEFINITION_REPRESENTATION(#14,#12);
#11=PROPERTY_DEFINITION_REPRESENTATION(#15,#13);
#12=REPRESENTATION('',(#16),#3095);
#13=REPRESENTATION('',(#17),#3095);
#14=PROPERTY_DEFINITION('pmi validation property','',#3109);
#15=PROPERTY_DEFINITION('pmi validation property','',#3109);
#16=VALUE_REPRESENTATION_ITEM('number of annotations',COUNT_MEASURE(0.));
#17=VALUE_REPRESENTATION_ITEM('number of views',COUNT_MEASURE(0.));
#18=DRAUGHTING_PRE_DEFINED_COLOUR('yellow');
#19=CONTEXT_DEPENDENT_SHAPE_REPRESENTATION(#25,#3111);
#20=CONTEXT_DEPENDENT_SHAPE_REPRESENTATION(#26,#3113);
#21=CONTEXT_DEPENDENT_SHAPE_REPRESENTATION(#27,#3115);
#22=NEXT_ASSEMBLY_USAGE_OCCURRENCE('NAUO1','HPF-102--S_socket',
'HPF-102--S_socket',#3116,#3117,'');
#23=NEXT_ASSEMBLY_USAGE_OCCURRENCE('NAUO2','C-130-01-02-T-S',
'C-130-01-02-T-S',#3116,#3118,'');
#24=NEXT_ASSEMBLY_USAGE_OCCURRENCE('NAUO3','C-130-01-02-T-S2',
'C-130-01-02-T-S2',#3116,#3119,'');
#25=(
REPRESENTATION_RELATIONSHIP(' ',' ',#1971,#1970)
REPRESENTATION_RELATIONSHIP_WITH_TRANSFORMATION(#28)
SHAPE_REPRESENTATION_RELATIONSHIP()
);
#26=(
REPRESENTATION_RELATIONSHIP(' ',' ',#1972,#1970)
REPRESENTATION_RELATIONSHIP_WITH_TRANSFORMATION(#29)
SHAPE_REPRESENTATION_RELATIONSHIP()
);
#27=(
REPRESENTATION_RELATIONSHIP(' ',' ',#1973,#1970)
REPRESENTATION_RELATIONSHIP_WITH_TRANSFORMATION(#30)
SHAPE_REPRESENTATION_RELATIONSHIP()
);
#28=ITEM_DEFINED_TRANSFORMATION(' ',' ',#1974,#2027);
#29=ITEM_DEFINED_TRANSFORMATION(' ',' ',#1974,#2066);
#30=ITEM_DEFINED_TRANSFORMATION(' ',' ',#1974,#2081);
#31=SHAPE_REPRESENTATION_RELATIONSHIP('','',#1971,#34);
#32=SHAPE_REPRESENTATION_RELATIONSHIP('','',#1972,#35);
#33=SHAPE_REPRESENTATION_RELATIONSHIP('','',#1973,#36);
#34=ADVANCED_BREP_SHAPE_REPRESENTATION('',(#1963),#3096);
#35=ADVANCED_BREP_SHAPE_REPRESENTATION('',(#1964),#3097);
#36=ADVANCED_BREP_SHAPE_REPRESENTATION('',(#1965),#3098);
#37=CIRCLE('',#1978,0.00899999999999998);
#38=CIRCLE('',#1979,0.00899999999999998);
#39=CIRCLE('',#1983,0.009);
#40=CIRCLE('',#1984,0.009);
#41=CIRCLE('',#2001,0.00899999999999998);
#42=CIRCLE('',#2002,0.00899999999999998);
#43=CIRCLE('',#2007,0.009);
#44=CIRCLE('',#2008,0.009);
#45=CYLINDRICAL_SURFACE('',#1977,0.00899999999999998);
#46=CYLINDRICAL_SURFACE('',#1982,0.009);
#47=CYLINDRICAL_SURFACE('',#2000,0.00899999999999998);
#48=CYLINDRICAL_SURFACE('',#2006,0.009);
#49=ORIENTED_EDGE('',*,*,#577,.F.);
#50=ORIENTED_EDGE('',*,*,#578,.T.);
#51=ORIENTED_EDGE('',*,*,#579,.T.);
#52=ORIENTED_EDGE('',*,*,#580,.T.);
#53=ORIENTED_EDGE('',*,*,#581,.F.);
#54=ORIENTED_EDGE('',*,*,#582,.T.);
#55=ORIENTED_EDGE('',*,*,#583,.F.);
#56=ORIENTED_EDGE('',*,*,#584,.T.);
#57=ORIENTED_EDGE('',*,*,#579,.F.);
#58=ORIENTED_EDGE('',*,*,#585,.T.);
#59=ORIENTED_EDGE('',*,*,#586,.T.);
#60=ORIENTED_EDGE('',*,*,#587,.T.);
#61=ORIENTED_EDGE('',*,*,#588,.F.);
#62=ORIENTED_EDGE('',*,*,#589,.T.);
#63=ORIENTED_EDGE('',*,*,#590,.F.);
#64=ORIENTED_EDGE('',*,*,#586,.F.);
#65=ORIENTED_EDGE('',*,*,#591,.F.);
#66=ORIENTED_EDGE('',*,*,#592,.T.);
#67=ORIENTED_EDGE('',*,*,#593,.F.);
#68=ORIENTED_EDGE('',*,*,#594,.F.);
#69=ORIENTED_EDGE('',*,*,#592,.F.);
#70=ORIENTED_EDGE('',*,*,#595,.T.);
#71=ORIENTED_EDGE('',*,*,#581,.T.);
#72=ORIENTED_EDGE('',*,*,#596,.T.);
#73=ORIENTED_EDGE('',*,*,#597,.T.);
#74=ORIENTED_EDGE('',*,*,#598,.T.);
#75=ORIENTED_EDGE('',*,*,#599,.F.);
#76=ORIENTED_EDGE('',*,*,#600,.F.);
#77=ORIENTED_EDGE('',*,*,#601,.T.);
#78=ORIENTED_EDGE('',*,*,#602,.F.);
#79=ORIENTED_EDGE('',*,*,#603,.F.);
#80=ORIENTED_EDGE('',*,*,#604,.F.);
#81=ORIENTED_EDGE('',*,*,#605,.T.);
#82=ORIENTED_EDGE('',*,*,#606,.T.);
#83=ORIENTED_EDGE('',*,*,#607,.F.);
#84=ORIENTED_EDGE('',*,*,#608,.T.);
#85=ORIENTED_EDGE('',*,*,#609,.T.);
#86=ORIENTED_EDGE('',*,*,#600,.T.);
#87=ORIENTED_EDGE('',*,*,#610,.T.);
#88=ORIENTED_EDGE('',*,*,#604,.T.);
#89=ORIENTED_EDGE('',*,*,#611,.F.);
#90=ORIENTED_EDGE('',*,*,#612,.F.);
#91=ORIENTED_EDGE('',*,*,#613,.F.);
#92=ORIENTED_EDGE('',*,*,#614,.F.);
#93=ORIENTED_EDGE('',*,*,#615,.F.);
#94=ORIENTED_EDGE('',*,*,#616,.F.);
#95=ORIENTED_EDGE('',*,*,#617,.F.);
#96=ORIENTED_EDGE('',*,*,#618,.F.);
#97=ORIENTED_EDGE('',*,*,#619,.T.);
#98=ORIENTED_EDGE('',*,*,#620,.T.);
#99=ORIENTED_EDGE('',*,*,#577,.T.);
#100=ORIENTED_EDGE('',*,*,#621,.T.);
#101=ORIENTED_EDGE('',*,*,#622,.T.);
#102=ORIENTED_EDGE('',*,*,#597,.F.);
#103=ORIENTED_EDGE('',*,*,#609,.F.);
#104=ORIENTED_EDGE('',*,*,#603,.T.);
#105=ORIENTED_EDGE('',*,*,#623,.T.);
#106=ORIENTED_EDGE('',*,*,#624,.T.);
#107=ORIENTED_EDGE('',*,*,#607,.T.);
#108=ORIENTED_EDGE('',*,*,#625,.T.);
#109=ORIENTED_EDGE('',*,*,#583,.T.);
#110=ORIENTED_EDGE('',*,*,#626,.F.);
#111=ORIENTED_EDGE('',*,*,#627,.F.);
#112=ORIENTED_EDGE('',*,*,#628,.F.);
#113=ORIENTED_EDGE('',*,*,#629,.T.);
#114=ORIENTED_EDGE('',*,*,#630,.F.);
#115=ORIENTED_EDGE('',*,*,#631,.F.);
#116=ORIENTED_EDGE('',*,*,#601,.F.);
#117=ORIENTED_EDGE('',*,*,#610,.F.);
#118=ORIENTED_EDGE('',*,*,#599,.T.);
#119=ORIENTED_EDGE('',*,*,#632,.F.);
#120=ORIENTED_EDGE('',*,*,#633,.F.);
#121=ORIENTED_EDGE('',*,*,#629,.F.);
#122=ORIENTED_EDGE('',*,*,#634,.T.);
#123=ORIENTED_EDGE('',*,*,#635,.F.);
#124=ORIENTED_EDGE('',*,*,#636,.T.);
#125=ORIENTED_EDGE('',*,*,#637,.F.);
#126=ORIENTED_EDGE('',*,*,#638,.F.);
#127=ORIENTED_EDGE('',*,*,#612,.T.);
#128=ORIENTED_EDGE('',*,*,#639,.T.);
#129=ORIENTED_EDGE('',*,*,#640,.F.);
#130=ORIENTED_EDGE('',*,*,#639,.F.);
#131=ORIENTED_EDGE('',*,*,#611,.T.);
#132=ORIENTED_EDGE('',*,*,#641,.T.);
#133=ORIENTED_EDGE('',*,*,#642,.F.);
#134=ORIENTED_EDGE('',*,*,#641,.F.);
#135=ORIENTED_EDGE('',*,*,#614,.T.);
#136=ORIENTED_EDGE('',*,*,#643,.T.);
#137=ORIENTED_EDGE('',*,*,#644,.F.);
#138=ORIENTED_EDGE('',*,*,#643,.F.);
#139=ORIENTED_EDGE('',*,*,#613,.T.);
#140=ORIENTED_EDGE('',*,*,#638,.T.);
#141=ORIENTED_EDGE('',*,*,#645,.F.);
#142=ORIENTED_EDGE('',*,*,#646,.F.);
#143=ORIENTED_EDGE('',*,*,#616,.T.);
#144=ORIENTED_EDGE('',*,*,#647,.T.);
#145=ORIENTED_EDGE('',*,*,#648,.F.);
#146=ORIENTED_EDGE('',*,*,#647,.F.);
#147=ORIENTED_EDGE('',*,*,#615,.T.);
#148=ORIENTED_EDGE('',*,*,#649,.T.);
#149=ORIENTED_EDGE('',*,*,#650,.F.);
#150=ORIENTED_EDGE('',*,*,#649,.F.);
#151=ORIENTED_EDGE('',*,*,#618,.T.);
#152=ORIENTED_EDGE('',*,*,#651,.T.);
#153=ORIENTED_EDGE('',*,*,#652,.F.);
#154=ORIENTED_EDGE('',*,*,#651,.F.);
#155=ORIENTED_EDGE('',*,*,#617,.T.);
#156=ORIENTED_EDGE('',*,*,#646,.T.);
#157=ORIENTED_EDGE('',*,*,#653,.T.);
#158=ORIENTED_EDGE('',*,*,#654,.T.);
#159=ORIENTED_EDGE('',*,*,#605,.F.);
#160=ORIENTED_EDGE('',*,*,#655,.T.);
#161=ORIENTED_EDGE('',*,*,#656,.F.);
#162=ORIENTED_EDGE('',*,*,#653,.F.);
#163=ORIENTED_EDGE('',*,*,#657,.F.);
#164=ORIENTED_EDGE('',*,*,#658,.T.);
#165=ORIENTED_EDGE('',*,*,#659,.T.);
#166=ORIENTED_EDGE('',*,*,#660,.T.);
#167=ORIENTED_EDGE('',*,*,#627,.T.);
#168=ORIENTED_EDGE('',*,*,#661,.F.);
#169=ORIENTED_EDGE('',*,*,#594,.T.);
#170=ORIENTED_EDGE('',*,*,#662,.T.);
#171=ORIENTED_EDGE('',*,*,#632,.T.);
#172=ORIENTED_EDGE('',*,*,#598,.F.);
#173=ORIENTED_EDGE('',*,*,#622,.F.);
#174=ORIENTED_EDGE('',*,*,#663,.T.);
#175=ORIENTED_EDGE('',*,*,#589,.F.);
#176=ORIENTED_EDGE('',*,*,#664,.F.);
#177=ORIENTED_EDGE('',*,*,#619,.F.);
#178=ORIENTED_EDGE('',*,*,#665,.T.);
#179=ORIENTED_EDGE('',*,*,#658,.F.);
#180=ORIENTED_EDGE('',*,*,#666,.F.);
#181=ORIENTED_EDGE('',*,*,#623,.F.);
#182=ORIENTED_EDGE('',*,*,#602,.T.);
#183=ORIENTED_EDGE('',*,*,#631,.T.);
#184=ORIENTED_EDGE('',*,*,#667,.F.);
#185=ORIENTED_EDGE('',*,*,#668,.F.);
#186=ORIENTED_EDGE('',*,*,#669,.F.);
#187=ORIENTED_EDGE('',*,*,#670,.F.);
#188=ORIENTED_EDGE('',*,*,#671,.F.);
#189=ORIENTED_EDGE('',*,*,#672,.F.);
#190=ORIENTED_EDGE('',*,*,#673,.F.);
#191=ORIENTED_EDGE('',*,*,#674,.F.);
#192=ORIENTED_EDGE('',*,*,#675,.F.);
#193=ORIENTED_EDGE('',*,*,#676,.F.);
#194=ORIENTED_EDGE('',*,*,#659,.F.);
#195=ORIENTED_EDGE('',*,*,#677,.F.);
#196=ORIENTED_EDGE('',*,*,#678,.T.);
#197=ORIENTED_EDGE('',*,*,#635,.T.);
#198=ORIENTED_EDGE('',*,*,#679,.T.);
#199=ORIENTED_EDGE('',*,*,#678,.F.);
#200=ORIENTED_EDGE('',*,*,#680,.T.);
#201=ORIENTED_EDGE('',*,*,#672,.T.);
#202=ORIENTED_EDGE('',*,*,#681,.T.);
#203=ORIENTED_EDGE('',*,*,#682,.T.);
#204=ORIENTED_EDGE('',*,*,#683,.F.);
#205=ORIENTED_EDGE('',*,*,#673,.T.);
#206=ORIENTED_EDGE('',*,*,#683,.T.);
#207=ORIENTED_EDGE('',*,*,#684,.T.);
#208=ORIENTED_EDGE('',*,*,#685,.F.);
#209=ORIENTED_EDGE('',*,*,#674,.T.);
#210=ORIENTED_EDGE('',*,*,#685,.T.);
#211=ORIENTED_EDGE('',*,*,#686,.T.);
#212=ORIENTED_EDGE('',*,*,#687,.F.);
#213=ORIENTED_EDGE('',*,*,#675,.T.);
#214=ORIENTED_EDGE('',*,*,#687,.T.);
#215=ORIENTED_EDGE('',*,*,#688,.T.);
#216=ORIENTED_EDGE('',*,*,#681,.F.);
#217=ORIENTED_EDGE('',*,*,#637,.T.);
#218=ORIENTED_EDGE('',*,*,#640,.T.);
#219=ORIENTED_EDGE('',*,*,#642,.T.);
#220=ORIENTED_EDGE('',*,*,#644,.T.);
#221=ORIENTED_EDGE('',*,*,#682,.F.);
#222=ORIENTED_EDGE('',*,*,#688,.F.);
#223=ORIENTED_EDGE('',*,*,#686,.F.);
#224=ORIENTED_EDGE('',*,*,#684,.F.);
#225=ORIENTED_EDGE('',*,*,#668,.T.);
#226=ORIENTED_EDGE('',*,*,#689,.T.);
#227=ORIENTED_EDGE('',*,*,#690,.T.);
#228=ORIENTED_EDGE('',*,*,#691,.F.);
#229=ORIENTED_EDGE('',*,*,#669,.T.);
#230=ORIENTED_EDGE('',*,*,#691,.T.);
#231=ORIENTED_EDGE('',*,*,#692,.T.);
#232=ORIENTED_EDGE('',*,*,#693,.F.);
#233=ORIENTED_EDGE('',*,*,#670,.T.);
#234=ORIENTED_EDGE('',*,*,#693,.T.);
#235=ORIENTED_EDGE('',*,*,#694,.T.);
#236=ORIENTED_EDGE('',*,*,#695,.F.);
#237=ORIENTED_EDGE('',*,*,#671,.T.);
#238=ORIENTED_EDGE('',*,*,#695,.T.);
#239=ORIENTED_EDGE('',*,*,#696,.T.);
#240=ORIENTED_EDGE('',*,*,#689,.F.);
#241=ORIENTED_EDGE('',*,*,#645,.T.);
#242=ORIENTED_EDGE('',*,*,#648,.T.);
#243=ORIENTED_EDGE('',*,*,#650,.T.);
#244=ORIENTED_EDGE('',*,*,#652,.T.);
#245=ORIENTED_EDGE('',*,*,#690,.F.);
#246=ORIENTED_EDGE('',*,*,#696,.F.);
#247=ORIENTED_EDGE('',*,*,#694,.F.);
#248=ORIENTED_EDGE('',*,*,#692,.F.);
#249=ORIENTED_EDGE('',*,*,#633,.T.);
#250=ORIENTED_EDGE('',*,*,#662,.F.);
#251=ORIENTED_EDGE('',*,*,#593,.T.);
#252=ORIENTED_EDGE('',*,*,#596,.F.);
#253=ORIENTED_EDGE('',*,*,#584,.F.);
#254=ORIENTED_EDGE('',*,*,#587,.F.);
#255=ORIENTED_EDGE('',*,*,#590,.T.);
#256=ORIENTED_EDGE('',*,*,#663,.F.);
#257=ORIENTED_EDGE('',*,*,#621,.F.);
#258=ORIENTED_EDGE('',*,*,#580,.F.);
#259=ORIENTED_EDGE('',*,*,#680,.F.);
#260=ORIENTED_EDGE('',*,*,#677,.T.);
#261=ORIENTED_EDGE('',*,*,#667,.T.);
#262=ORIENTED_EDGE('',*,*,#630,.T.);
#263=ORIENTED_EDGE('',*,*,#636,.F.);
#264=ORIENTED_EDGE('',*,*,#628,.T.);
#265=ORIENTED_EDGE('',*,*,#660,.F.);
#266=ORIENTED_EDGE('',*,*,#676,.T.);
#267=ORIENTED_EDGE('',*,*,#679,.F.);
#268=ORIENTED_EDGE('',*,*,#634,.F.);
#269=ORIENTED_EDGE('',*,*,#595,.F.);
#270=ORIENTED_EDGE('',*,*,#591,.T.);
#271=ORIENTED_EDGE('',*,*,#661,.T.);
#272=ORIENTED_EDGE('',*,*,#626,.T.);
#273=ORIENTED_EDGE('',*,*,#582,.F.);
#274=ORIENTED_EDGE('',*,*,#624,.F.);
#275=ORIENTED_EDGE('',*,*,#666,.T.);
#276=ORIENTED_EDGE('',*,*,#657,.T.);
#277=ORIENTED_EDGE('',*,*,#655,.F.);
#278=ORIENTED_EDGE('',*,*,#608,.F.);
#279=ORIENTED_EDGE('',*,*,#620,.F.);
#280=ORIENTED_EDGE('',*,*,#664,.T.);
#281=ORIENTED_EDGE('',*,*,#588,.T.);
#282=ORIENTED_EDGE('',*,*,#585,.F.);
#283=ORIENTED_EDGE('',*,*,#578,.F.);
#284=ORIENTED_EDGE('',*,*,#654,.F.);
#285=ORIENTED_EDGE('',*,*,#656,.T.);
#286=ORIENTED_EDGE('',*,*,#665,.F.);
#287=ORIENTED_EDGE('',*,*,#625,.F.);
#288=ORIENTED_EDGE('',*,*,#606,.F.);
#289=ORIENTED_EDGE('',*,*,#697,.T.);
#290=ORIENTED_EDGE('',*,*,#698,.T.);
#291=ORIENTED_EDGE('',*,*,#699,.T.);
#292=ORIENTED_EDGE('',*,*,#700,.T.);
#293=ORIENTED_EDGE('',*,*,#701,.T.);
#294=ORIENTED_EDGE('',*,*,#702,.T.);
#295=ORIENTED_EDGE('',*,*,#703,.T.);
#296=ORIENTED_EDGE('',*,*,#704,.T.);
#297=ORIENTED_EDGE('',*,*,#705,.T.);
#298=ORIENTED_EDGE('',*,*,#706,.T.);
#299=ORIENTED_EDGE('',*,*,#707,.T.);
#300=ORIENTED_EDGE('',*,*,#708,.T.);
#301=ORIENTED_EDGE('',*,*,#709,.F.);
#302=ORIENTED_EDGE('',*,*,#710,.F.);
#303=ORIENTED_EDGE('',*,*,#711,.F.);
#304=ORIENTED_EDGE('',*,*,#712,.F.);
#305=ORIENTED_EDGE('',*,*,#713,.F.);
#306=ORIENTED_EDGE('',*,*,#714,.F.);
#307=ORIENTED_EDGE('',*,*,#715,.F.);
#308=ORIENTED_EDGE('',*,*,#716,.F.);
#309=ORIENTED_EDGE('',*,*,#717,.F.);
#310=ORIENTED_EDGE('',*,*,#718,.F.);
#311=ORIENTED_EDGE('',*,*,#719,.F.);
#312=ORIENTED_EDGE('',*,*,#720,.F.);
#313=ORIENTED_EDGE('',*,*,#721,.F.);
#314=ORIENTED_EDGE('',*,*,#720,.T.);
#315=ORIENTED_EDGE('',*,*,#722,.F.);
#316=ORIENTED_EDGE('',*,*,#699,.F.);
#317=ORIENTED_EDGE('',*,*,#723,.F.);
#318=ORIENTED_EDGE('',*,*,#697,.F.);
#319=ORIENTED_EDGE('',*,*,#724,.T.);
#320=ORIENTED_EDGE('',*,*,#710,.T.);
#321=ORIENTED_EDGE('',*,*,#725,.F.);
#322=ORIENTED_EDGE('',*,*,#726,.F.);
#323=ORIENTED_EDGE('',*,*,#727,.F.);
#324=ORIENTED_EDGE('',*,*,#728,.T.);
#325=ORIENTED_EDGE('',*,*,#729,.F.);
#326=ORIENTED_EDGE('',*,*,#730,.F.);
#327=ORIENTED_EDGE('',*,*,#731,.F.);
#328=ORIENTED_EDGE('',*,*,#726,.T.);
#329=ORIENTED_EDGE('',*,*,#732,.F.);
#330=ORIENTED_EDGE('',*,*,#733,.F.);
#331=ORIENTED_EDGE('',*,*,#734,.F.);
#332=ORIENTED_EDGE('',*,*,#730,.T.);
#333=ORIENTED_EDGE('',*,*,#735,.F.);
#334=ORIENTED_EDGE('',*,*,#728,.F.);
#335=ORIENTED_EDGE('',*,*,#736,.F.);
#336=ORIENTED_EDGE('',*,*,#733,.T.);
#337=ORIENTED_EDGE('',*,*,#737,.F.);
#338=ORIENTED_EDGE('',*,*,#738,.F.);
#339=ORIENTED_EDGE('',*,*,#739,.F.);
#340=ORIENTED_EDGE('',*,*,#740,.T.);
#341=ORIENTED_EDGE('',*,*,#741,.F.);
#342=ORIENTED_EDGE('',*,*,#742,.F.);
#343=ORIENTED_EDGE('',*,*,#743,.F.);
#344=ORIENTED_EDGE('',*,*,#738,.T.);
#345=ORIENTED_EDGE('',*,*,#744,.F.);
#346=ORIENTED_EDGE('',*,*,#745,.F.);
#347=ORIENTED_EDGE('',*,*,#746,.F.);
#348=ORIENTED_EDGE('',*,*,#742,.T.);
#349=ORIENTED_EDGE('',*,*,#747,.F.);
#350=ORIENTED_EDGE('',*,*,#740,.F.);
#351=ORIENTED_EDGE('',*,*,#748,.F.);
#352=ORIENTED_EDGE('',*,*,#745,.T.);
#353=ORIENTED_EDGE('',*,*,#749,.F.);
#354=ORIENTED_EDGE('',*,*,#701,.F.);
#355=ORIENTED_EDGE('',*,*,#750,.T.);
#356=ORIENTED_EDGE('',*,*,#718,.T.);
#357=ORIENTED_EDGE('',*,*,#751,.F.);
#358=ORIENTED_EDGE('',*,*,#752,.F.);
#359=ORIENTED_EDGE('',*,*,#753,.F.);
#360=ORIENTED_EDGE('',*,*,#754,.F.);
#361=ORIENTED_EDGE('',*,*,#755,.F.);
#362=ORIENTED_EDGE('',*,*,#756,.F.);
#363=ORIENTED_EDGE('',*,*,#757,.F.);
#364=ORIENTED_EDGE('',*,*,#758,.F.);
#365=ORIENTED_EDGE('',*,*,#759,.F.);
#366=ORIENTED_EDGE('',*,*,#757,.T.);
#367=ORIENTED_EDGE('',*,*,#760,.T.);
#368=ORIENTED_EDGE('',*,*,#761,.F.);
#369=ORIENTED_EDGE('',*,*,#762,.F.);
#370=ORIENTED_EDGE('',*,*,#753,.T.);
#371=ORIENTED_EDGE('',*,*,#763,.T.);
#372=ORIENTED_EDGE('',*,*,#764,.F.);
#373=ORIENTED_EDGE('',*,*,#765,.F.);
#374=ORIENTED_EDGE('',*,*,#766,.F.);
#375=ORIENTED_EDGE('',*,*,#761,.T.);
#376=ORIENTED_EDGE('',*,*,#767,.F.);
#377=ORIENTED_EDGE('',*,*,#768,.F.);
#378=ORIENTED_EDGE('',*,*,#769,.F.);
#379=ORIENTED_EDGE('',*,*,#764,.T.);
#380=ORIENTED_EDGE('',*,*,#770,.F.);
#381=ORIENTED_EDGE('',*,*,#771,.F.);
#382=ORIENTED_EDGE('',*,*,#716,.T.);
#383=ORIENTED_EDGE('',*,*,#772,.F.);
#384=ORIENTED_EDGE('',*,*,#703,.F.);
#385=ORIENTED_EDGE('',*,*,#773,.F.);
#386=ORIENTED_EDGE('',*,*,#705,.F.);
#387=ORIENTED_EDGE('',*,*,#774,.T.);
#388=ORIENTED_EDGE('',*,*,#714,.T.);
#389=ORIENTED_EDGE('',*,*,#775,.F.);
#390=ORIENTED_EDGE('',*,*,#776,.F.);
#391=ORIENTED_EDGE('',*,*,#777,.F.);
#392=ORIENTED_EDGE('',*,*,#778,.F.);
#393=ORIENTED_EDGE('',*,*,#779,.F.);
#394=ORIENTED_EDGE('',*,*,#780,.F.);
#395=ORIENTED_EDGE('',*,*,#781,.F.);
#396=ORIENTED_EDGE('',*,*,#782,.F.);
#397=ORIENTED_EDGE('',*,*,#783,.F.);
#398=ORIENTED_EDGE('',*,*,#781,.T.);
#399=ORIENTED_EDGE('',*,*,#784,.T.);
#400=ORIENTED_EDGE('',*,*,#785,.F.);
#401=ORIENTED_EDGE('',*,*,#786,.F.);
#402=ORIENTED_EDGE('',*,*,#777,.T.);
#403=ORIENTED_EDGE('',*,*,#787,.T.);
#404=ORIENTED_EDGE('',*,*,#788,.F.);
#405=ORIENTED_EDGE('',*,*,#789,.F.);
#406=ORIENTED_EDGE('',*,*,#790,.F.);
#407=ORIENTED_EDGE('',*,*,#785,.T.);
#408=ORIENTED_EDGE('',*,*,#791,.F.);
#409=ORIENTED_EDGE('',*,*,#792,.F.);
#410=ORIENTED_EDGE('',*,*,#793,.F.);
#411=ORIENTED_EDGE('',*,*,#788,.T.);
#412=ORIENTED_EDGE('',*,*,#794,.F.);
#413=ORIENTED_EDGE('',*,*,#795,.F.);
#414=ORIENTED_EDGE('',*,*,#712,.T.);
#415=ORIENTED_EDGE('',*,*,#796,.F.);
#416=ORIENTED_EDGE('',*,*,#707,.F.);
#417=ORIENTED_EDGE('',*,*,#719,.T.);
#418=ORIENTED_EDGE('',*,*,#750,.F.);
#419=ORIENTED_EDGE('',*,*,#700,.F.);
#420=ORIENTED_EDGE('',*,*,#722,.T.);
#421=ORIENTED_EDGE('',*,*,#748,.T.);
#422=ORIENTED_EDGE('',*,*,#739,.T.);
#423=ORIENTED_EDGE('',*,*,#743,.T.);
#424=ORIENTED_EDGE('',*,*,#746,.T.);
#425=ORIENTED_EDGE('',*,*,#736,.T.);
#426=ORIENTED_EDGE('',*,*,#727,.T.);
#427=ORIENTED_EDGE('',*,*,#731,.T.);
#428=ORIENTED_EDGE('',*,*,#734,.T.);
#429=ORIENTED_EDGE('',*,*,#715,.T.);
#430=ORIENTED_EDGE('',*,*,#774,.F.);
#431=ORIENTED_EDGE('',*,*,#704,.F.);
#432=ORIENTED_EDGE('',*,*,#772,.T.);
#433=ORIENTED_EDGE('',*,*,#711,.T.);
#434=ORIENTED_EDGE('',*,*,#724,.F.);
#435=ORIENTED_EDGE('',*,*,#708,.F.);
#436=ORIENTED_EDGE('',*,*,#796,.T.);
#437=ORIENTED_EDGE('',*,*,#775,.T.);
#438=ORIENTED_EDGE('',*,*,#713,.T.);
#439=ORIENTED_EDGE('',*,*,#795,.T.);
#440=ORIENTED_EDGE('',*,*,#797,.F.);
#441=ORIENTED_EDGE('',*,*,#776,.T.);
#442=ORIENTED_EDGE('',*,*,#797,.T.);
#443=ORIENTED_EDGE('',*,*,#794,.T.);
#444=ORIENTED_EDGE('',*,*,#787,.F.);
#445=ORIENTED_EDGE('',*,*,#751,.T.);
#446=ORIENTED_EDGE('',*,*,#717,.T.);
#447=ORIENTED_EDGE('',*,*,#771,.T.);
#448=ORIENTED_EDGE('',*,*,#798,.F.);
#449=ORIENTED_EDGE('',*,*,#752,.T.);
#450=ORIENTED_EDGE('',*,*,#798,.T.);
#451=ORIENTED_EDGE('',*,*,#770,.T.);
#452=ORIENTED_EDGE('',*,*,#763,.F.);
#453=ORIENTED_EDGE('',*,*,#773,.T.);
#454=ORIENTED_EDGE('',*,*,#799,.T.);
#455=ORIENTED_EDGE('',*,*,#789,.T.);
#456=ORIENTED_EDGE('',*,*,#706,.F.);
#457=ORIENTED_EDGE('',*,*,#782,.T.);
#458=ORIENTED_EDGE('',*,*,#783,.T.);
#459=ORIENTED_EDGE('',*,*,#790,.T.);
#460=ORIENTED_EDGE('',*,*,#799,.F.);
#461=ORIENTED_EDGE('',*,*,#749,.T.);
#462=ORIENTED_EDGE('',*,*,#800,.T.);
#463=ORIENTED_EDGE('',*,*,#765,.T.);
#464=ORIENTED_EDGE('',*,*,#702,.F.);
#465=ORIENTED_EDGE('',*,*,#758,.T.);
#466=ORIENTED_EDGE('',*,*,#759,.T.);
#467=ORIENTED_EDGE('',*,*,#766,.T.);
#468=ORIENTED_EDGE('',*,*,#800,.F.);
#469=ORIENTED_EDGE('',*,*,#778,.T.);
#470=ORIENTED_EDGE('',*,*,#786,.T.);
#471=ORIENTED_EDGE('',*,*,#793,.T.);
#472=ORIENTED_EDGE('',*,*,#801,.F.);
#473=ORIENTED_EDGE('',*,*,#779,.T.);
#474=ORIENTED_EDGE('',*,*,#801,.T.);
#475=ORIENTED_EDGE('',*,*,#792,.T.);
#476=ORIENTED_EDGE('',*,*,#802,.F.);
#477=ORIENTED_EDGE('',*,*,#780,.T.);
#478=ORIENTED_EDGE('',*,*,#802,.T.);
#479=ORIENTED_EDGE('',*,*,#791,.T.);
#480=ORIENTED_EDGE('',*,*,#784,.F.);
#481=ORIENTED_EDGE('',*,*,#756,.T.);
#482=ORIENTED_EDGE('',*,*,#803,.T.);
#483=ORIENTED_EDGE('',*,*,#767,.T.);
#484=ORIENTED_EDGE('',*,*,#760,.F.);
#485=ORIENTED_EDGE('',*,*,#755,.T.);
#486=ORIENTED_EDGE('',*,*,#804,.T.);
#487=ORIENTED_EDGE('',*,*,#768,.T.);
#488=ORIENTED_EDGE('',*,*,#803,.F.);
#489=ORIENTED_EDGE('',*,*,#754,.T.);
#490=ORIENTED_EDGE('',*,*,#762,.T.);
#491=ORIENTED_EDGE('',*,*,#769,.T.);
#492=ORIENTED_EDGE('',*,*,#804,.F.);
#493=ORIENTED_EDGE('',*,*,#725,.T.);
#494=ORIENTED_EDGE('',*,*,#735,.T.);
#495=ORIENTED_EDGE('',*,*,#732,.T.);
#496=ORIENTED_EDGE('',*,*,#729,.T.);
#497=ORIENTED_EDGE('',*,*,#737,.T.);
#498=ORIENTED_EDGE('',*,*,#747,.T.);
#499=ORIENTED_EDGE('',*,*,#744,.T.);
#500=ORIENTED_EDGE('',*,*,#741,.T.);
#501=ORIENTED_EDGE('',*,*,#721,.T.);
#502=ORIENTED_EDGE('',*,*,#698,.F.);
#503=ORIENTED_EDGE('',*,*,#723,.T.);
#504=ORIENTED_EDGE('',*,*,#709,.T.);
#505=ORIENTED_EDGE('',*,*,#805,.T.);
#506=ORIENTED_EDGE('',*,*,#806,.T.);
#507=ORIENTED_EDGE('',*,*,#807,.T.);
#508=ORIENTED_EDGE('',*,*,#808,.T.);
#509=ORIENTED_EDGE('',*,*,#809,.F.);
#510=ORIENTED_EDGE('',*,*,#810,.F.);
#511=ORIENTED_EDGE('',*,*,#811,.F.);
#512=ORIENTED_EDGE('',*,*,#812,.F.);
#513=ORIENTED_EDGE('',*,*,#813,.F.);
#514=ORIENTED_EDGE('',*,*,#805,.F.);
#515=ORIENTED_EDGE('',*,*,#814,.T.);
#516=ORIENTED_EDGE('',*,*,#810,.T.);
#517=ORIENTED_EDGE('',*,*,#815,.F.);
#518=ORIENTED_EDGE('',*,*,#812,.T.);
#519=ORIENTED_EDGE('',*,*,#816,.F.);
#520=ORIENTED_EDGE('',*,*,#807,.F.);
#521=ORIENTED_EDGE('',*,*,#817,.F.);
#522=ORIENTED_EDGE('',*,*,#818,.T.);
#523=ORIENTED_EDGE('',*,*,#819,.F.);
#524=ORIENTED_EDGE('',*,*,#820,.F.);
#525=ORIENTED_EDGE('',*,*,#821,.F.);
#526=ORIENTED_EDGE('',*,*,#820,.T.);
#527=ORIENTED_EDGE('',*,*,#822,.F.);
#528=ORIENTED_EDGE('',*,*,#823,.F.);
#529=ORIENTED_EDGE('',*,*,#824,.F.);
#530=ORIENTED_EDGE('',*,*,#823,.T.);
#531=ORIENTED_EDGE('',*,*,#825,.F.);
#532=ORIENTED_EDGE('',*,*,#826,.F.);
#533=ORIENTED_EDGE('',*,*,#827,.F.);
#534=ORIENTED_EDGE('',*,*,#826,.T.);
#535=ORIENTED_EDGE('',*,*,#828,.F.);
#536=ORIENTED_EDGE('',*,*,#818,.F.);
#537=ORIENTED_EDGE('',*,*,#829,.F.);
#538=ORIENTED_EDGE('',*,*,#830,.T.);
#539=ORIENTED_EDGE('',*,*,#831,.F.);
#540=ORIENTED_EDGE('',*,*,#832,.F.);
#541=ORIENTED_EDGE('',*,*,#833,.F.);
#542=ORIENTED_EDGE('',*,*,#832,.T.);
#543=ORIENTED_EDGE('',*,*,#834,.F.);
#544=ORIENTED_EDGE('',*,*,#835,.F.);
#545=ORIENTED_EDGE('',*,*,#836,.F.);
#546=ORIENTED_EDGE('',*,*,#835,.T.);
#547=ORIENTED_EDGE('',*,*,#837,.F.);
#548=ORIENTED_EDGE('',*,*,#838,.F.);
#549=ORIENTED_EDGE('',*,*,#839,.F.);
#550=ORIENTED_EDGE('',*,*,#838,.T.);
#551=ORIENTED_EDGE('',*,*,#840,.F.);
#552=ORIENTED_EDGE('',*,*,#830,.F.);
#553=ORIENTED_EDGE('',*,*,#834,.T.);
#554=ORIENTED_EDGE('',*,*,#831,.T.);
#555=ORIENTED_EDGE('',*,*,#840,.T.);
#556=ORIENTED_EDGE('',*,*,#837,.T.);
#557=ORIENTED_EDGE('',*,*,#822,.T.);
#558=ORIENTED_EDGE('',*,*,#819,.T.);
#559=ORIENTED_EDGE('',*,*,#828,.T.);
#560=ORIENTED_EDGE('',*,*,#825,.T.);
#561=ORIENTED_EDGE('',*,*,#811,.T.);
#562=ORIENTED_EDGE('',*,*,#814,.F.);
#563=ORIENTED_EDGE('',*,*,#808,.F.);
#564=ORIENTED_EDGE('',*,*,#816,.T.);
#565=ORIENTED_EDGE('',*,*,#817,.T.);
#566=ORIENTED_EDGE('',*,*,#821,.T.);
#567=ORIENTED_EDGE('',*,*,#824,.T.);
#568=ORIENTED_EDGE('',*,*,#827,.T.);
#569=ORIENTED_EDGE('',*,*,#829,.T.);
#570=ORIENTED_EDGE('',*,*,#833,.T.);
#571=ORIENTED_EDGE('',*,*,#836,.T.);
#572=ORIENTED_EDGE('',*,*,#839,.T.);
#573=ORIENTED_EDGE('',*,*,#813,.T.);
#574=ORIENTED_EDGE('',*,*,#809,.T.);
#575=ORIENTED_EDGE('',*,*,#815,.T.);
#576=ORIENTED_EDGE('',*,*,#806,.F.);
#577=EDGE_CURVE('',#841,#842,#1017,.T.);
#578=EDGE_CURVE('',#841,#843,#1018,.T.);
#579=EDGE_CURVE('',#843,#844,#1019,.T.);
#580=EDGE_CURVE('',#844,#842,#1020,.T.);
#581=EDGE_CURVE('',#845,#846,#1021,.T.);
#582=EDGE_CURVE('',#845,#847,#1022,.T.);
#583=EDGE_CURVE('',#848,#847,#1023,.T.);
#584=EDGE_CURVE('',#848,#846,#1024,.T.);
#585=EDGE_CURVE('',#843,#849,#37,.T.);
#586=EDGE_CURVE('',#849,#850,#1025,.T.);
#587=EDGE_CURVE('',#850,#844,#38,.T.);
#588=EDGE_CURVE('',#851,#849,#1026,.T.);
#589=EDGE_CURVE('',#851,#852,#1027,.T.);
#590=EDGE_CURVE('',#850,#852,#1028,.T.);
#591=EDGE_CURVE('',#853,#854,#1029,.T.);
#592=EDGE_CURVE('',#853,#855,#1030,.T.);
#593=EDGE_CURVE('',#856,#855,#1031,.T.);
#594=EDGE_CURVE('',#854,#856,#1032,.T.);
#595=EDGE_CURVE('',#853,#845,#39,.T.);
#596=EDGE_CURVE('',#846,#855,#40,.T.);
#597=EDGE_CURVE('',#857,#858,#1033,.T.);
#598=EDGE_CURVE('',#858,#859,#1034,.T.);
#599=EDGE_CURVE('',#860,#859,#1035,.T.);
#600=EDGE_CURVE('',#857,#860,#1036,.T.);
#601=EDGE_CURVE('',#861,#862,#1037,.T.);
#602=EDGE_CURVE('',#863,#862,#1038,.T.);
#603=EDGE_CURVE('',#864,#863,#1039,.T.);
#604=EDGE_CURVE('',#861,#864,#1040,.T.);
#605=EDGE_CURVE('',#865,#866,#1041,.T.);
#606=EDGE_CURVE('',#866,#867,#1042,.T.);
#607=EDGE_CURVE('',#868,#867,#1043,.T.);
#608=EDGE_CURVE('',#868,#865,#1044,.T.);
#609=EDGE_CURVE('',#864,#857,#1045,.T.);
#610=EDGE_CURVE('',#860,#861,#1046,.T.);
#611=EDGE_CURVE('',#869,#870,#1047,.T.);
#612=EDGE_CURVE('',#871,#869,#1048,.T.);
#613=EDGE_CURVE('',#872,#871,#1049,.T.);
#614=EDGE_CURVE('',#870,#872,#1050,.T.);
#615=EDGE_CURVE('',#873,#874,#1051,.T.);
#616=EDGE_CURVE('',#875,#873,#1052,.T.);
#617=EDGE_CURVE('',#876,#875,#1053,.T.);
#618=EDGE_CURVE('',#874,#876,#1054,.T.);
#619=EDGE_CURVE('',#877,#878,#1055,.T.);
#620=EDGE_CURVE('',#878,#841,#1056,.T.);
#621=EDGE_CURVE('',#842,#879,#1057,.T.);
#622=EDGE_CURVE('',#879,#858,#1058,.T.);
#623=EDGE_CURVE('',#863,#880,#1059,.T.);
#624=EDGE_CURVE('',#880,#868,#1060,.T.);
#625=EDGE_CURVE('',#867,#877,#1061,.T.);
#626=EDGE_CURVE('',#881,#847,#1062,.T.);
#627=EDGE_CURVE('',#882,#881,#1063,.T.);
#628=EDGE_CURVE('',#883,#882,#1064,.T.);
#629=EDGE_CURVE('',#883,#884,#1065,.T.);
#630=EDGE_CURVE('',#885,#884,#1066,.T.);
#631=EDGE_CURVE('',#862,#885,#1067,.T.);
#632=EDGE_CURVE('',#886,#859,#1068,.T.);
#633=EDGE_CURVE('',#848,#886,#1069,.T.);
#634=EDGE_CURVE('',#883,#887,#1070,.T.);
#635=EDGE_CURVE('',#888,#887,#1071,.T.);
#636=EDGE_CURVE('',#888,#884,#1072,.T.);
#637=EDGE_CURVE('',#889,#890,#1073,.T.);
#638=EDGE_CURVE('',#871,#889,#1074,.T.);
#639=EDGE_CURVE('',#869,#890,#1075,.T.);
#640=EDGE_CURVE('',#890,#891,#1076,.T.);
#641=EDGE_CURVE('',#870,#891,#1077,.T.);
#642=EDGE_CURVE('',#891,#892,#1078,.T.);
#643=EDGE_CURVE('',#872,#892,#1079,.T.);
#644=EDGE_CURVE('',#892,#889,#1080,.T.);
#645=EDGE_CURVE('',#893,#894,#1081,.T.);
#646=EDGE_CURVE('',#875,#893,#1082,.T.);
#647=EDGE_CURVE('',#873,#894,#1083,.T.);
#648=EDGE_CURVE('',#894,#895,#1084,.T.);
#649=EDGE_CURVE('',#874,#895,#1085,.T.);
#650=EDGE_CURVE('',#895,#896,#1086,.T.);
#651=EDGE_CURVE('',#876,#896,#1087,.T.);
#652=EDGE_CURVE('',#896,#893,#1088,.T.);
#653=EDGE_CURVE('',#897,#898,#1089,.T.);
#654=EDGE_CURVE('',#898,#866,#41,.T.);
#655=EDGE_CURVE('',#865,#897,#42,.T.);
#656=EDGE_CURVE('',#898,#899,#1090,.T.);
#657=EDGE_CURVE('',#900,#897,#1091,.T.);
#658=EDGE_CURVE('',#900,#899,#1092,.T.);
#659=EDGE_CURVE('',#901,#902,#1093,.T.);
#660=EDGE_CURVE('',#902,#882,#1094,.T.);
#661=EDGE_CURVE('',#854,#881,#1095,.T.);
#662=EDGE_CURVE('',#856,#886,#1096,.T.);
#663=EDGE_CURVE('',#879,#852,#1097,.T.);
#664=EDGE_CURVE('',#878,#851,#1098,.T.);
#665=EDGE_CURVE('',#877,#899,#1099,.T.);
#666=EDGE_CURVE('',#880,#900,#1100,.T.);
#667=EDGE_CURVE('',#901,#885,#1101,.T.);
#668=EDGE_CURVE('',#903,#904,#1102,.T.);
#669=EDGE_CURVE('',#905,#903,#1103,.T.);
#670=EDGE_CURVE('',#906,#905,#1104,.T.);
#671=EDGE_CURVE('',#904,#906,#1105,.T.);
#672=EDGE_CURVE('',#907,#908,#1106,.T.);
#673=EDGE_CURVE('',#909,#907,#1107,.T.);
#674=EDGE_CURVE('',#910,#909,#1108,.T.);
#675=EDGE_CURVE('',#908,#910,#1109,.T.);
#676=EDGE_CURVE('',#902,#911,#1110,.T.);
#677=EDGE_CURVE('',#912,#901,#1111,.T.);
#678=EDGE_CURVE('',#912,#911,#1112,.T.);
#679=EDGE_CURVE('',#887,#911,#43,.T.);
#680=EDGE_CURVE('',#912,#888,#44,.T.);
#681=EDGE_CURVE('',#908,#913,#1113,.T.);
#682=EDGE_CURVE('',#913,#914,#1114,.T.);
#683=EDGE_CURVE('',#907,#914,#1115,.T.);
#684=EDGE_CURVE('',#914,#915,#1116,.T.);
#685=EDGE_CURVE('',#909,#915,#1117,.T.);
#686=EDGE_CURVE('',#915,#916,#1118,.T.);
#687=EDGE_CURVE('',#910,#916,#1119,.T.);
#688=EDGE_CURVE('',#916,#913,#1120,.T.);
#689=EDGE_CURVE('',#904,#917,#1121,.T.);
#690=EDGE_CURVE('',#917,#918,#1122,.T.);
#691=EDGE_CURVE('',#903,#918,#1123,.T.);
#692=EDGE_CURVE('',#918,#919,#1124,.T.);
#693=EDGE_CURVE('',#905,#919,#1125,.T.);
#694=EDGE_CURVE('',#919,#920,#1126,.T.);
#695=EDGE_CURVE('',#906,#920,#1127,.T.);
#696=EDGE_CURVE('',#920,#917,#1128,.T.);
#697=EDGE_CURVE('',#921,#922,#1129,.T.);
#698=EDGE_CURVE('',#922,#923,#1130,.T.);
#699=EDGE_CURVE('',#923,#924,#1131,.T.);
#700=EDGE_CURVE('',#924,#925,#1132,.T.);
#701=EDGE_CURVE('',#925,#926,#1133,.T.);
#702=EDGE_CURVE('',#926,#927,#1134,.T.);
#703=EDGE_CURVE('',#927,#928,#1135,.T.);
#704=EDGE_CURVE('',#928,#929,#1136,.T.);
#705=EDGE_CURVE('',#929,#930,#1137,.T.);
#706=EDGE_CURVE('',#930,#931,#1138,.T.);
#707=EDGE_CURVE('',#931,#932,#1139,.T.);
#708=EDGE_CURVE('',#932,#921,#1140,.T.);
#709=EDGE_CURVE('',#933,#934,#1141,.T.);
#710=EDGE_CURVE('',#935,#933,#1142,.T.);
#711=EDGE_CURVE('',#936,#935,#1143,.T.);
#712=EDGE_CURVE('',#937,#936,#1144,.T.);
#713=EDGE_CURVE('',#938,#937,#1145,.T.);
#714=EDGE_CURVE('',#939,#938,#1146,.T.);
#715=EDGE_CURVE('',#940,#939,#1147,.T.);
#716=EDGE_CURVE('',#941,#940,#1148,.T.);
#717=EDGE_CURVE('',#942,#941,#1149,.T.);
#718=EDGE_CURVE('',#943,#942,#1150,.T.);
#719=EDGE_CURVE('',#944,#943,#1151,.T.);
#720=EDGE_CURVE('',#934,#944,#1152,.T.);
#721=EDGE_CURVE('',#934,#923,#1153,.T.);
#722=EDGE_CURVE('',#924,#944,#1154,.T.);
#723=EDGE_CURVE('',#922,#933,#1155,.T.);
#724=EDGE_CURVE('',#921,#935,#1156,.T.);
#725=EDGE_CURVE('',#945,#946,#1157,.F.);
#726=EDGE_CURVE('',#947,#945,#1158,.T.);
#727=EDGE_CURVE('',#948,#947,#1159,.F.);
#728=EDGE_CURVE('',#948,#946,#1160,.T.);
#729=EDGE_CURVE('',#949,#945,#1161,.F.);
#730=EDGE_CURVE('',#950,#949,#1162,.T.);
#731=EDGE_CURVE('',#947,#950,#1163,.F.);
#732=EDGE_CURVE('',#951,#949,#1164,.F.);
#733=EDGE_CURVE('',#952,#951,#1165,.T.);
#734=EDGE_CURVE('',#950,#952,#1166,.F.);
#735=EDGE_CURVE('',#946,#951,#1167,.F.);
#736=EDGE_CURVE('',#952,#948,#1168,.F.);
#737=EDGE_CURVE('',#953,#954,#1169,.F.);
#738=EDGE_CURVE('',#955,#953,#1170,.T.);
#739=EDGE_CURVE('',#956,#955,#1171,.F.);
#740=EDGE_CURVE('',#956,#954,#1172,.T.);
#741=EDGE_CURVE('',#957,#953,#1173,.F.);
#742=EDGE_CURVE('',#958,#957,#1174,.T.);
#743=EDGE_CURVE('',#955,#958,#1175,.F.);
#744=EDGE_CURVE('',#959,#957,#1176,.F.);
#745=EDGE_CURVE('',#960,#959,#1177,.T.);
#746=EDGE_CURVE('',#958,#960,#1178,.F.);
#747=EDGE_CURVE('',#954,#959,#1179,.F.);
#748=EDGE_CURVE('',#960,#956,#1180,.F.);
#749=EDGE_CURVE('',#926,#961,#1181,.T.);
#750=EDGE_CURVE('',#925,#943,#1182,.T.);
#751=EDGE_CURVE('',#962,#942,#1183,.T.);
#752=EDGE_CURVE('',#963,#962,#1184,.T.);
#753=EDGE_CURVE('',#964,#963,#1185,.T.);
#754=EDGE_CURVE('',#965,#964,#1186,.T.);
#755=EDGE_CURVE('',#966,#965,#1187,.T.);
#756=EDGE_CURVE('',#967,#966,#1188,.T.);
#757=EDGE_CURVE('',#968,#967,#1189,.T.);
#758=EDGE_CURVE('',#961,#968,#1190,.T.);
#759=EDGE_CURVE('',#968,#969,#1191,.T.);
#760=EDGE_CURVE('',#967,#970,#1192,.T.);
#761=EDGE_CURVE('',#969,#970,#1193,.T.);
#762=EDGE_CURVE('',#964,#971,#1194,.T.);
#763=EDGE_CURVE('',#963,#972,#1195,.T.);
#764=EDGE_CURVE('',#971,#972,#1196,.T.);
#765=EDGE_CURVE('',#973,#927,#1197,.T.);
#766=EDGE_CURVE('',#969,#973,#1198,.T.);
#767=EDGE_CURVE('',#974,#970,#1199,.T.);
#768=EDGE_CURVE('',#975,#974,#1200,.T.);
#769=EDGE_CURVE('',#971,#975,#1201,.T.);
#770=EDGE_CURVE('',#976,#972,#1202,.T.);
#771=EDGE_CURVE('',#941,#976,#1203,.T.);
#772=EDGE_CURVE('',#928,#940,#1204,.T.);
#773=EDGE_CURVE('',#930,#977,#1205,.T.);
#774=EDGE_CURVE('',#929,#939,#1206,.T.);
#775=EDGE_CURVE('',#978,#938,#1207,.T.);
#776=EDGE_CURVE('',#979,#978,#1208,.T.);
#777=EDGE_CURVE('',#980,#979,#1209,.T.);
#778=EDGE_CURVE('',#981,#980,#1210,.T.);
#779=EDGE_CURVE('',#982,#981,#1211,.T.);
#780=EDGE_CURVE('',#983,#982,#1212,.T.);
#781=EDGE_CURVE('',#984,#983,#1213,.T.);
#782=EDGE_CURVE('',#977,#984,#1214,.T.);
#783=EDGE_CURVE('',#984,#985,#1215,.T.);
#784=EDGE_CURVE('',#983,#986,#1216,.T.);
#785=EDGE_CURVE('',#985,#986,#1217,.T.);
#786=EDGE_CURVE('',#980,#987,#1218,.T.);
#787=EDGE_CURVE('',#979,#988,#1219,.T.);
#788=EDGE_CURVE('',#987,#988,#1220,.T.);
#789=EDGE_CURVE('',#989,#931,#1221,.T.);
#790=EDGE_CURVE('',#985,#989,#1222,.T.);
#791=EDGE_CURVE('',#990,#986,#1223,.T.);
#792=EDGE_CURVE('',#991,#990,#1224,.T.);
#793=EDGE_CURVE('',#987,#991,#1225,.T.);
#794=EDGE_CURVE('',#992,#988,#1226,.T.);
#795=EDGE_CURVE('',#937,#992,#1227,.T.);
#796=EDGE_CURVE('',#932,#936,#1228,.T.);
#797=EDGE_CURVE('',#978,#992,#1229,.T.);
#798=EDGE_CURVE('',#962,#976,#1230,.T.);
#799=EDGE_CURVE('',#977,#989,#1231,.T.);
#800=EDGE_CURVE('',#961,#973,#1232,.T.);
#801=EDGE_CURVE('',#981,#991,#1233,.T.);
#802=EDGE_CURVE('',#982,#990,#1234,.T.);
#803=EDGE_CURVE('',#966,#974,#1235,.T.);
#804=EDGE_CURVE('',#965,#975,#1236,.T.);
#805=EDGE_CURVE('',#993,#994,#1237,.T.);
#806=EDGE_CURVE('',#994,#995,#1238,.T.);
#807=EDGE_CURVE('',#995,#996,#1239,.T.);
#808=EDGE_CURVE('',#996,#993,#1240,.T.);
#809=EDGE_CURVE('',#997,#998,#1241,.T.);
#810=EDGE_CURVE('',#999,#997,#1242,.T.);
#811=EDGE_CURVE('',#1000,#999,#1243,.T.);
#812=EDGE_CURVE('',#998,#1000,#1244,.T.);
#813=EDGE_CURVE('',#994,#997,#1245,.T.);
#814=EDGE_CURVE('',#993,#999,#1246,.T.);
#815=EDGE_CURVE('',#998,#995,#1247,.T.);
#816=EDGE_CURVE('',#996,#1000,#1248,.T.);
#817=EDGE_CURVE('',#1001,#1002,#1249,.F.);
#818=EDGE_CURVE('',#1001,#1003,#1250,.T.);
#819=EDGE_CURVE('',#1004,#1003,#1251,.F.);
#820=EDGE_CURVE('',#1002,#1004,#1252,.T.);
#821=EDGE_CURVE('',#1002,#1005,#1253,.F.);
#822=EDGE_CURVE('',#1006,#1004,#1254,.F.);
#823=EDGE_CURVE('',#1005,#1006,#1255,.T.);
#824=EDGE_CURVE('',#1005,#1007,#1256,.F.);
#825=EDGE_CURVE('',#1008,#1006,#1257,.F.);
#826=EDGE_CURVE('',#1007,#1008,#1258,.T.);
#827=EDGE_CURVE('',#1007,#1001,#1259,.F.);
#828=EDGE_CURVE('',#1003,#1008,#1260,.F.);
#829=EDGE_CURVE('',#1009,#1010,#1261,.F.);
#830=EDGE_CURVE('',#1009,#1011,#1262,.T.);
#831=EDGE_CURVE('',#1012,#1011,#1263,.F.);
#832=EDGE_CURVE('',#1010,#1012,#1264,.T.);
#833=EDGE_CURVE('',#1010,#1013,#1265,.F.);
#834=EDGE_CURVE('',#1014,#1012,#1266,.F.);
#835=EDGE_CURVE('',#1013,#1014,#1267,.T.);
#836=EDGE_CURVE('',#1013,#1015,#1268,.F.);
#837=EDGE_CURVE('',#1016,#1014,#1269,.F.);
#838=EDGE_CURVE('',#1015,#1016,#1270,.T.);
#839=EDGE_CURVE('',#1015,#1009,#1271,.F.);
#840=EDGE_CURVE('',#1011,#1016,#1272,.F.);
#841=VERTEX_POINT('',#2557);
#842=VERTEX_POINT('',#2558);
#843=VERTEX_POINT('',#2560);
#844=VERTEX_POINT('',#2562);
#845=VERTEX_POINT('',#2566);
#846=VERTEX_POINT('',#2567);
#847=VERTEX_POINT('',#2569);
#848=VERTEX_POINT('',#2571);
#849=VERTEX_POINT('',#2575);
#850=VERTEX_POINT('',#2577);
#851=VERTEX_POINT('',#2581);
#852=VERTEX_POINT('',#2583);
#853=VERTEX_POINT('',#2587);
#854=VERTEX_POINT('',#2588);
#855=VERTEX_POINT('',#2590);
#856=VERTEX_POINT('',#2592);
#857=VERTEX_POINT('',#2599);
#858=VERTEX_POINT('',#2600);
#859=VERTEX_POINT('',#2602);
#860=VERTEX_POINT('',#2604);
#861=VERTEX_POINT('',#2608);
#862=VERTEX_POINT('',#2609);
#863=VERTEX_POINT('',#2611);
#864=VERTEX_POINT('',#2613);
#865=VERTEX_POINT('',#2617);
#866=VERTEX_POINT('',#2618);
#867=VERTEX_POINT('',#2620);
#868=VERTEX_POINT('',#2622);
#869=VERTEX_POINT('',#2628);
#870=VERTEX_POINT('',#2629);
#871=VERTEX_POINT('',#2631);
#872=VERTEX_POINT('',#2633);
#873=VERTEX_POINT('',#2636);
#874=VERTEX_POINT('',#2637);
#875=VERTEX_POINT('',#2639);
#876=VERTEX_POINT('',#2641);
#877=VERTEX_POINT('',#2645);
#878=VERTEX_POINT('',#2646);
#879=VERTEX_POINT('',#2649);
#880=VERTEX_POINT('',#2652);
#881=VERTEX_POINT('',#2657);
#882=VERTEX_POINT('',#2659);
#883=VERTEX_POINT('',#2661);
#884=VERTEX_POINT('',#2663);
#885=VERTEX_POINT('',#2665);
#886=VERTEX_POINT('',#2668);
#887=VERTEX_POINT('',#2672);
#888=VERTEX_POINT('',#2674);
#889=VERTEX_POINT('',#2678);
#890=VERTEX_POINT('',#2679);
#891=VERTEX_POINT('',#2684);
#892=VERTEX_POINT('',#2688);
#893=VERTEX_POINT('',#2694);
#894=VERTEX_POINT('',#2695);
#895=VERTEX_POINT('',#2700);
#896=VERTEX_POINT('',#2704);
#897=VERTEX_POINT('',#2710);
#898=VERTEX_POINT('',#2711);
#899=VERTEX_POINT('',#2716);
#900=VERTEX_POINT('',#2718);
#901=VERTEX_POINT('',#2722);
#902=VERTEX_POINT('',#2723);
#903=VERTEX_POINT('',#2733);
#904=VERTEX_POINT('',#2734);
#905=VERTEX_POINT('',#2736);
#906=VERTEX_POINT('',#2738);
#907=VERTEX_POINT('',#2741);
#908=VERTEX_POINT('',#2742);
#909=VERTEX_POINT('',#2744);
#910=VERTEX_POINT('',#2746);
#911=VERTEX_POINT('',#2750);
#912=VERTEX_POINT('',#2752);
#913=VERTEX_POINT('',#2759);
#914=VERTEX_POINT('',#2761);
#915=VERTEX_POINT('',#2765);
#916=VERTEX_POINT('',#2769);
#917=VERTEX_POINT('',#2776);
#918=VERTEX_POINT('',#2778);
#919=VERTEX_POINT('',#2782);
#920=VERTEX_POINT('',#2786);
#921=VERTEX_POINT('',#2802);
#922=VERTEX_POINT('',#2803);
#923=VERTEX_POINT('',#2805);
#924=VERTEX_POINT('',#2807);
#925=VERTEX_POINT('',#2809);
#926=VERTEX_POINT('',#2811);
#927=VERTEX_POINT('',#2813);
#928=VERTEX_POINT('',#2815);
#929=VERTEX_POINT('',#2817);
#930=VERTEX_POINT('',#2819);
#931=VERTEX_POINT('',#2821);
#932=VERTEX_POINT('',#2823);
#933=VERTEX_POINT('',#2827);
#934=VERTEX_POINT('',#2828);
#935=VERTEX_POINT('',#2830);
#936=VERTEX_POINT('',#2832);
#937=VERTEX_POINT('',#2834);
#938=VERTEX_POINT('',#2836);
#939=VERTEX_POINT('',#2838);
#940=VERTEX_POINT('',#2840);
#941=VERTEX_POINT('',#2842);
#942=VERTEX_POINT('',#2844);
#943=VERTEX_POINT('',#2846);
#944=VERTEX_POINT('',#2848);
#945=VERTEX_POINT('',#2858);
#946=VERTEX_POINT('',#2859);
#947=VERTEX_POINT('',#2861);
#948=VERTEX_POINT('',#2863);
#949=VERTEX_POINT('',#2867);
#950=VERTEX_POINT('',#2869);
#951=VERTEX_POINT('',#2873);
#952=VERTEX_POINT('',#2875);
#953=VERTEX_POINT('',#2882);
#954=VERTEX_POINT('',#2883);
#955=VERTEX_POINT('',#2885);
#956=VERTEX_POINT('',#2887);
#957=VERTEX_POINT('',#2891);
#958=VERTEX_POINT('',#2893);
#959=VERTEX_POINT('',#2897);
#960=VERTEX_POINT('',#2899);
#961=VERTEX_POINT('',#2906);
#962=VERTEX_POINT('',#2909);
#963=VERTEX_POINT('',#2911);
#964=VERTEX_POINT('',#2913);
#965=VERTEX_POINT('',#2915);
#966=VERTEX_POINT('',#2917);
#967=VERTEX_POINT('',#2919);
#968=VERTEX_POINT('',#2921);
#969=VERTEX_POINT('',#2925);
#970=VERTEX_POINT('',#2927);
#971=VERTEX_POINT('',#2931);
#972=VERTEX_POINT('',#2933);
#973=VERTEX_POINT('',#2937);
#974=VERTEX_POINT('',#2940);
#975=VERTEX_POINT('',#2942);
#976=VERTEX_POINT('',#2945);
#977=VERTEX_POINT('',#2950);
#978=VERTEX_POINT('',#2953);
#979=VERTEX_POINT('',#2955);
#980=VERTEX_POINT('',#2957);
#981=VERTEX_POINT('',#2959);
#982=VERTEX_POINT('',#2961);
#983=VERTEX_POINT('',#2963);
#984=VERTEX_POINT('',#2965);
#985=VERTEX_POINT('',#2969);
#986=VERTEX_POINT('',#2971);
#987=VERTEX_POINT('',#2975);
#988=VERTEX_POINT('',#2977);
#989=VERTEX_POINT('',#2981);
#990=VERTEX_POINT('',#2984);
#991=VERTEX_POINT('',#2986);
#992=VERTEX_POINT('',#2989);
#993=VERTEX_POINT('',#3021);
#994=VERTEX_POINT('',#3022);
#995=VERTEX_POINT('',#3024);
#996=VERTEX_POINT('',#3026);
#997=VERTEX_POINT('',#3030);
#998=VERTEX_POINT('',#3031);
#999=VERTEX_POINT('',#3033);
#1000=VERTEX_POINT('',#3035);
#1001=VERTEX_POINT('',#3045);
#1002=VERTEX_POINT('',#3046);
#1003=VERTEX_POINT('',#3048);
#1004=VERTEX_POINT('',#3050);
#1005=VERTEX_POINT('',#3054);
#1006=VERTEX_POINT('',#3056);
#1007=VERTEX_POINT('',#3060);
#1008=VERTEX_POINT('',#3062);
#1009=VERTEX_POINT('',#3069);
#1010=VERTEX_POINT('',#3070);
#1011=VERTEX_POINT('',#3072);
#1012=VERTEX_POINT('',#3074);
#1013=VERTEX_POINT('',#3078);
#1014=VERTEX_POINT('',#3080);
#1015=VERTEX_POINT('',#3084);
#1016=VERTEX_POINT('',#3086);
#1017=LINE('',#2556,#1273);
#1018=LINE('',#2559,#1274);
#1019=LINE('',#2561,#1275);
#1020=LINE('',#2563,#1276);
#1021=LINE('',#2565,#1277);
#1022=LINE('',#2568,#1278);
#1023=LINE('',#2570,#1279);
#1024=LINE('',#2572,#1280);
#1025=LINE('',#2576,#1281);
#1026=LINE('',#2580,#1282);
#1027=LINE('',#2582,#1283);
#1028=LINE('',#2584,#1284);
#1029=LINE('',#2586,#1285);
#1030=LINE('',#2589,#1286);
#1031=LINE('',#2591,#1287);
#1032=LINE('',#2593,#1288);
#1033=LINE('',#2598,#1289);
#1034=LINE('',#2601,#1290);
#1035=LINE('',#2603,#1291);
#1036=LINE('',#2605,#1292);
#1037=LINE('',#2607,#1293);
#1038=LINE('',#2610,#1294);
#1039=LINE('',#2612,#1295);
#1040=LINE('',#2614,#1296);
#1041=LINE('',#2616,#1297);
#1042=LINE('',#2619,#1298);
#1043=LINE('',#2621,#1299);
#1044=LINE('',#2623,#1300);
#1045=LINE('',#2625,#1301);
#1046=LINE('',#2626,#1302);
#1047=LINE('',#2627,#1303);
#1048=LINE('',#2630,#1304);
#1049=LINE('',#2632,#1305);
#1050=LINE('',#2634,#1306);
#1051=LINE('',#2635,#1307);
#1052=LINE('',#2638,#1308);
#1053=LINE('',#2640,#1309);
#1054=LINE('',#2642,#1310);
#1055=LINE('',#2644,#1311);
#1056=LINE('',#2647,#1312);
#1057=LINE('',#2648,#1313);
#1058=LINE('',#2650,#1314);
#1059=LINE('',#2651,#1315);
#1060=LINE('',#2653,#1316);
#1061=LINE('',#2654,#1317);
#1062=LINE('',#2656,#1318);
#1063=LINE('',#2658,#1319);
#1064=LINE('',#2660,#1320);
#1065=LINE('',#2662,#1321);
#1066=LINE('',#2664,#1322);
#1067=LINE('',#2666,#1323);
#1068=LINE('',#2667,#1324);
#1069=LINE('',#2669,#1325);
#1070=LINE('',#2671,#1326);
#1071=LINE('',#2673,#1327);
#1072=LINE('',#2675,#1328);
#1073=LINE('',#2677,#1329);
#1074=LINE('',#2680,#1330);
#1075=LINE('',#2681,#1331);
#1076=LINE('',#2683,#1332);
#1077=LINE('',#2685,#1333);
#1078=LINE('',#2687,#1334);
#1079=LINE('',#2689,#1335);
#1080=LINE('',#2691,#1336);
#1081=LINE('',#2693,#1337);
#1082=LINE('',#2696,#1338);
#1083=LINE('',#2697,#1339);
#1084=LINE('',#2699,#1340);
#1085=LINE('',#2701,#1341);
#1086=LINE('',#2703,#1342);
#1087=LINE('',#2705,#1343);
#1088=LINE('',#2707,#1344);
#1089=LINE('',#2709,#1345);
#1090=LINE('',#2715,#1346);
#1091=LINE('',#2717,#1347);
#1092=LINE('',#2719,#1348);
#1093=LINE('',#2721,#1349);
#1094=LINE('',#2724,#1350);
#1095=LINE('',#2725,#1351);
#1096=LINE('',#2726,#1352);
#1097=LINE('',#2727,#1353);
#1098=LINE('',#2728,#1354);
#1099=LINE('',#2729,#1355);
#1100=LINE('',#2730,#1356);
#1101=LINE('',#2731,#1357);
#1102=LINE('',#2732,#1358);
#1103=LINE('',#2735,#1359);
#1104=LINE('',#2737,#1360);
#1105=LINE('',#2739,#1361);
#1106=LINE('',#2740,#1362);
#1107=LINE('',#2743,#1363);
#1108=LINE('',#2745,#1364);
#1109=LINE('',#2747,#1365);
#1110=LINE('',#2749,#1366);
#1111=LINE('',#2751,#1367);
#1112=LINE('',#2753,#1368);
#1113=LINE('',#2758,#1369);
#1114=LINE('',#2760,#1370);
#1115=LINE('',#2762,#1371);
#1116=LINE('',#2764,#1372);
#1117=LINE('',#2766,#1373);
#1118=LINE('',#2768,#1374);
#1119=LINE('',#2770,#1375);
#1120=LINE('',#2772,#1376);
#1121=LINE('',#2775,#1377);
#1122=LINE('',#2777,#1378);
#1123=LINE('',#2779,#1379);
#1124=LINE('',#2781,#1380);
#1125=LINE('',#2783,#1381);
#1126=LINE('',#2785,#1382);
#1127=LINE('',#2787,#1383);
#1128=LINE('',#2789,#1384);
#1129=LINE('',#2801,#1385);
#1130=LINE('',#2804,#1386);
#1131=LINE('',#2806,#1387);
#1132=LINE('',#2808,#1388);
#1133=LINE('',#2810,#1389);
#1134=LINE('',#2812,#1390);
#1135=LINE('',#2814,#1391);
#1136=LINE('',#2816,#1392);
#1137=LINE('',#2818,#1393);
#1138=LINE('',#2820,#1394);
#1139=LINE('',#2822,#1395);
#1140=LINE('',#2824,#1396);
#1141=LINE('',#2826,#1397);
#1142=LINE('',#2829,#1398);
#1143=LINE('',#2831,#1399);
#1144=LINE('',#2833,#1400);
#1145=LINE('',#2835,#1401);
#1146=LINE('',#2837,#1402);
#1147=LINE('',#2839,#1403);
#1148=LINE('',#2841,#1404);
#1149=LINE('',#2843,#1405);
#1150=LINE('',#2845,#1406);
#1151=LINE('',#2847,#1407);
#1152=LINE('',#2849,#1408);
#1153=LINE('',#2851,#1409);
#1154=LINE('',#2852,#1410);
#1155=LINE('',#2854,#1411);
#1156=LINE('',#2855,#1412);
#1157=LINE('',#2857,#1413);
#1158=LINE('',#2860,#1414);
#1159=LINE('',#2862,#1415);
#1160=LINE('',#2864,#1416);
#1161=LINE('',#2866,#1417);
#1162=LINE('',#2868,#1418);
#1163=LINE('',#2870,#1419);
#1164=LINE('',#2872,#1420);
#1165=LINE('',#2874,#1421);
#1166=LINE('',#2876,#1422);
#1167=LINE('',#2878,#1423);
#1168=LINE('',#2879,#1424);
#1169=LINE('',#2881,#1425);
#1170=LINE('',#2884,#1426);
#1171=LINE('',#2886,#1427);
#1172=LINE('',#2888,#1428);
#1173=LINE('',#2890,#1429);
#1174=LINE('',#2892,#1430);
#1175=LINE('',#2894,#1431);
#1176=LINE('',#2896,#1432);
#1177=LINE('',#2898,#1433);
#1178=LINE('',#2900,#1434);
#1179=LINE('',#2902,#1435);
#1180=LINE('',#2903,#1436);
#1181=LINE('',#2905,#1437);
#1182=LINE('',#2907,#1438);
#1183=LINE('',#2908,#1439);
#1184=LINE('',#2910,#1440);
#1185=LINE('',#2912,#1441);
#1186=LINE('',#2914,#1442);
#1187=LINE('',#2916,#1443);
#1188=LINE('',#2918,#1444);
#1189=LINE('',#2920,#1445);
#1190=LINE('',#2922,#1446);
#1191=LINE('',#2924,#1447);
#1192=LINE('',#2926,#1448);
#1193=LINE('',#2928,#1449);
#1194=LINE('',#2930,#1450);
#1195=LINE('',#2932,#1451);
#1196=LINE('',#2934,#1452);
#1197=LINE('',#2936,#1453);
#1198=LINE('',#2938,#1454);
#1199=LINE('',#2939,#1455);
#1200=LINE('',#2941,#1456);
#1201=LINE('',#2943,#1457);
#1202=LINE('',#2944,#1458);
#1203=LINE('',#2946,#1459);
#1204=LINE('',#2947,#1460);
#1205=LINE('',#2949,#1461);
#1206=LINE('',#2951,#1462);
#1207=LINE('',#2952,#1463);
#1208=LINE('',#2954,#1464);
#1209=LINE('',#2956,#1465);
#1210=LINE('',#2958,#1466);
#1211=LINE('',#2960,#1467);
#1212=LINE('',#2962,#1468);
#1213=LINE('',#2964,#1469);
#1214=LINE('',#2966,#1470);
#1215=LINE('',#2968,#1471);
#1216=LINE('',#2970,#1472);
#1217=LINE('',#2972,#1473);
#1218=LINE('',#2974,#1474);
#1219=LINE('',#2976,#1475);
#1220=LINE('',#2978,#1476);
#1221=LINE('',#2980,#1477);
#1222=LINE('',#2982,#1478);
#1223=LINE('',#2983,#1479);
#1224=LINE('',#2985,#1480);
#1225=LINE('',#2987,#1481);
#1226=LINE('',#2988,#1482);
#1227=LINE('',#2990,#1483);
#1228=LINE('',#2991,#1484);
#1229=LINE('',#2996,#1485);
#1230=LINE('',#2999,#1486);
#1231=LINE('',#3002,#1487);
#1232=LINE('',#3005,#1488);
#1233=LINE('',#3008,#1489);
#1234=LINE('',#3010,#1490);
#1235=LINE('',#3013,#1491);
#1236=LINE('',#3015,#1492);
#1237=LINE('',#3020,#1493);
#1238=LINE('',#3023,#1494);
#1239=LINE('',#3025,#1495);
#1240=LINE('',#3027,#1496);
#1241=LINE('',#3029,#1497);
#1242=LINE('',#3032,#1498);
#1243=LINE('',#3034,#1499);
#1244=LINE('',#3036,#1500);
#1245=LINE('',#3038,#1501);
#1246=LINE('',#3039,#1502);
#1247=LINE('',#3041,#1503);
#1248=LINE('',#3042,#1504);
#1249=LINE('',#3044,#1505);
#1250=LINE('',#3047,#1506);
#1251=LINE('',#3049,#1507);
#1252=LINE('',#3051,#1508);
#1253=LINE('',#3053,#1509);
#1254=LINE('',#3055,#1510);
#1255=LINE('',#3057,#1511);
#1256=LINE('',#3059,#1512);
#1257=LINE('',#3061,#1513);
#1258=LINE('',#3063,#1514);
#1259=LINE('',#3065,#1515);
#1260=LINE('',#3066,#1516);
#1261=LINE('',#3068,#1517);
#1262=LINE('',#3071,#1518);
#1263=LINE('',#3073,#1519);
#1264=LINE('',#3075,#1520);
#1265=LINE('',#3077,#1521);
#1266=LINE('',#3079,#1522);
#1267=LINE('',#3081,#1523);
#1268=LINE('',#3083,#1524);
#1269=LINE('',#3085,#1525);
#1270=LINE('',#3087,#1526);
#1271=LINE('',#3089,#1527);
#1272=LINE('',#3090,#1528);
#1273=VECTOR('',#2086,39.3700787401575);
#1274=VECTOR('',#2087,39.3700787401575);
#1275=VECTOR('',#2088,39.3700787401575);
#1276=VECTOR('',#2089,39.3700787401575);
#1277=VECTOR('',#2092,39.3700787401575);
#1278=VECTOR('',#2093,39.3700787401575);
#1279=VECTOR('',#2094,39.3700787401575);
#1280=VECTOR('',#2095,39.3700787401575);
#1281=VECTOR('',#2100,39.3700787401575);
#1282=VECTOR('',#2105,39.3700787401575);
#1283=VECTOR('',#2106,39.3700787401575);
#1284=VECTOR('',#2107,39.3700787401575);
#1285=VECTOR('',#2110,39.3700787401575);
#1286=VECTOR('',#2111,39.3700787401575);
#1287=VECTOR('',#2112,39.3700787401575);
#1288=VECTOR('',#2113,39.3700787401575);
#1289=VECTOR('',#2122,39.3700787401575);
#1290=VECTOR('',#2123,39.3700787401575);
#1291=VECTOR('',#2124,39.3700787401575);
#1292=VECTOR('',#2125,39.3700787401575);
#1293=VECTOR('',#2128,39.3700787401575);
#1294=VECTOR('',#2129,39.3700787401575);
#1295=VECTOR('',#2130,39.3700787401575);
#1296=VECTOR('',#2131,39.3700787401575);
#1297=VECTOR('',#2134,39.3700787401575);
#1298=VECTOR('',#2135,39.3700787401575);
#1299=VECTOR('',#2136,39.3700787401575);
#1300=VECTOR('',#2137,39.3700787401575);
#1301=VECTOR('',#2140,39.3700787401575);
#1302=VECTOR('',#2141,39.3700787401575);
#1303=VECTOR('',#2142,39.3700787401575);
#1304=VECTOR('',#2143,39.3700787401575);
#1305=VECTOR('',#2144,39.3700787401575);
#1306=VECTOR('',#2145,39.3700787401575);
#1307=VECTOR('',#2146,39.3700787401575);
#1308=VECTOR('',#2147,39.3700787401575);
#1309=VECTOR('',#2148,39.3700787401575);
#1310=VECTOR('',#2149,39.3700787401575);
#1311=VECTOR('',#2152,39.3700787401575);
#1312=VECTOR('',#2153,39.3700787401575);
#1313=VECTOR('',#2154,39.3700787401575);
#1314=VECTOR('',#2155,39.3700787401575);
#1315=VECTOR('',#2156,39.3700787401575);
#1316=VECTOR('',#2157,39.3700787401575);
#1317=VECTOR('',#2158,39.3700787401575);
#1318=VECTOR('',#2161,39.3700787401575);
#1319=VECTOR('',#2162,39.3700787401575);
#1320=VECTOR('',#2163,39.3700787401575);
#1321=VECTOR('',#2164,39.3700787401575);
#1322=VECTOR('',#2165,39.3700787401575);
#1323=VECTOR('',#2166,39.3700787401575);
#1324=VECTOR('',#2167,39.3700787401575);
#1325=VECTOR('',#2168,39.3700787401575);
#1326=VECTOR('',#2171,39.3700787401575);
#1327=VECTOR('',#2172,39.3700787401575);
#1328=VECTOR('',#2173,39.3700787401575);
#1329=VECTOR('',#2176,39.3700787401575);
#1330=VECTOR('',#2177,39.3700787401575);
#1331=VECTOR('',#2178,39.3700787401575);
#1332=VECTOR('',#2181,39.3700787401575);
#1333=VECTOR('',#2182,39.3700787401575);
#1334=VECTOR('',#2185,39.3700787401575);
#1335=VECTOR('',#2186,39.3700787401575);
#1336=VECTOR('',#2189,39.3700787401575);
#1337=VECTOR('',#2192,39.3700787401575);
#1338=VECTOR('',#2193,39.3700787401575);
#1339=VECTOR('',#2194,39.3700787401575);
#1340=VECTOR('',#2197,39.3700787401575);
#1341=VECTOR('',#2198,39.3700787401575);
#1342=VECTOR('',#2201,39.3700787401575);
#1343=VECTOR('',#2202,39.3700787401575);
#1344=VECTOR('',#2205,39.3700787401575);
#1345=VECTOR('',#2208,39.3700787401575);
#1346=VECTOR('',#2215,39.3700787401575);
#1347=VECTOR('',#2216,39.3700787401575);
#1348=VECTOR('',#2217,39.3700787401575);
#1349=VECTOR('',#2220,39.3700787401575);
#1350=VECTOR('',#2221,39.3700787401575);
#1351=VECTOR('',#2222,39.3700787401575);
#1352=VECTOR('',#2223,39.3700787401575);
#1353=VECTOR('',#2224,39.3700787401575);
#1354=VECTOR('',#2225,39.3700787401575);
#1355=VECTOR('',#2226,39.3700787401575);
#1356=VECTOR('',#2227,39.3700787401575);
#1357=VECTOR('',#2228,39.3700787401575);
#1358=VECTOR('',#2229,39.3700787401575);
#1359=VECTOR('',#2230,39.3700787401575);
#1360=VECTOR('',#2231,39.3700787401575);
#1361=VECTOR('',#2232,39.3700787401575);
#1362=VECTOR('',#2233,39.3700787401575);
#1363=VECTOR('',#2234,39.3700787401575);
#1364=VECTOR('',#2235,39.3700787401575);
#1365=VECTOR('',#2236,39.3700787401575);
#1366=VECTOR('',#2239,39.3700787401575);
#1367=VECTOR('',#2240,39.3700787401575);
#1368=VECTOR('',#2241,39.3700787401575);
#1369=VECTOR('',#2250,39.3700787401575);
#1370=VECTOR('',#2251,39.3700787401575);
#1371=VECTOR('',#2252,39.3700787401575);
#1372=VECTOR('',#2255,39.3700787401575);
#1373=VECTOR('',#2256,39.3700787401575);
#1374=VECTOR('',#2259,39.3700787401575);
#1375=VECTOR('',#2260,39.3700787401575);
#1376=VECTOR('',#2263,39.3700787401575);
#1377=VECTOR('',#2268,39.3700787401575);
#1378=VECTOR('',#2269,39.3700787401575);
#1379=VECTOR('',#2270,39.3700787401575);
#1380=VECTOR('',#2273,39.3700787401575);
#1381=VECTOR('',#2274,39.3700787401575);
#1382=VECTOR('',#2277,39.3700787401575);
#1383=VECTOR('',#2278,39.3700787401575);
#1384=VECTOR('',#2281,39.3700787401575);
#1385=VECTOR('',#2304,39.3700787401575);
#1386=VECTOR('',#2305,39.3700787401575);
#1387=VECTOR('',#2306,39.3700787401575);
#1388=VECTOR('',#2307,39.3700787401575);
#1389=VECTOR('',#2308,39.3700787401575);
#1390=VECTOR('',#2309,39.3700787401575);
#1391=VECTOR('',#2310,39.3700787401575);
#1392=VECTOR('',#2311,39.3700787401575);
#1393=VECTOR('',#2312,39.3700787401575);
#1394=VECTOR('',#2313,39.3700787401575);
#1395=VECTOR('',#2314,39.3700787401575);
#1396=VECTOR('',#2315,39.3700787401575);
#1397=VECTOR('',#2318,39.3700787401575);
#1398=VECTOR('',#2319,39.3700787401575);
#1399=VECTOR('',#2320,39.3700787401575);
#1400=VECTOR('',#2321,39.3700787401575);
#1401=VECTOR('',#2322,39.3700787401575);
#1402=VECTOR('',#2323,39.3700787401575);
#1403=VECTOR('',#2324,39.3700787401575);
#1404=VECTOR('',#2325,39.3700787401575);
#1405=VECTOR('',#2326,39.3700787401575);
#1406=VECTOR('',#2327,39.3700787401575);
#1407=VECTOR('',#2328,39.3700787401575);
#1408=VECTOR('',#2329,39.3700787401575);
#1409=VECTOR('',#2332,39.3700787401575);
#1410=VECTOR('',#2333,39.3700787401575);
#1411=VECTOR('',#2336,39.3700787401575);
#1412=VECTOR('',#2337,39.3700787401575);
#1413=VECTOR('',#2340,39.3700787401575);
#1414=VECTOR('',#2341,39.3700787401575);
#1415=VECTOR('',#2342,39.3700787401575);
#1416=VECTOR('',#2343,39.3700787401575);
#1417=VECTOR('',#2346,39.3700787401575);
#1418=VECTOR('',#2347,39.3700787401575);
#1419=VECTOR('',#2348,39.3700787401575);
#1420=VECTOR('',#2351,39.3700787401575);
#1421=VECTOR('',#2352,39.3700787401575);
#1422=VECTOR('',#2353,39.3700787401575);
#1423=VECTOR('',#2356,39.3700787401575);
#1424=VECTOR('',#2357,39.3700787401575);
#1425=VECTOR('',#2360,39.3700787401575);
#1426=VECTOR('',#2361,39.3700787401575);
#1427=VECTOR('',#2362,39.3700787401575);
#1428=VECTOR('',#2363,39.3700787401575);
#1429=VECTOR('',#2366,39.3700787401575);
#1430=VECTOR('',#2367,39.3700787401575);
#1431=VECTOR('',#2368,39.3700787401575);
#1432=VECTOR('',#2371,39.3700787401575);
#1433=VECTOR('',#2372,39.3700787401575);
#1434=VECTOR('',#2373,39.3700787401575);
#1435=VECTOR('',#2376,39.3700787401575);
#1436=VECTOR('',#2377,39.3700787401575);
#1437=VECTOR('',#2380,39.3700787401575);
#1438=VECTOR('',#2381,39.3700787401575);
#1439=VECTOR('',#2382,39.3700787401575);
#1440=VECTOR('',#2383,39.3700787401575);
#1441=VECTOR('',#2384,39.3700787401575);
#1442=VECTOR('',#2385,39.3700787401575);
#1443=VECTOR('',#2386,39.3700787401575);
#1444=VECTOR('',#2387,39.3700787401575);
#1445=VECTOR('',#2388,39.3700787401575);
#1446=VECTOR('',#2389,39.3700787401575);
#1447=VECTOR('',#2392,39.3700787401575);
#1448=VECTOR('',#2393,39.3700787401575);
#1449=VECTOR('',#2394,39.3700787401575);
#1450=VECTOR('',#2397,39.3700787401575);
#1451=VECTOR('',#2398,39.3700787401575);
#1452=VECTOR('',#2399,39.3700787401575);
#1453=VECTOR('',#2402,39.3700787401575);
#1454=VECTOR('',#2403,39.3700787401575);
#1455=VECTOR('',#2404,39.3700787401575);
#1456=VECTOR('',#2405,39.3700787401575);
#1457=VECTOR('',#2406,39.3700787401575);
#1458=VECTOR('',#2407,39.3700787401575);
#1459=VECTOR('',#2408,39.3700787401575);
#1460=VECTOR('',#2409,39.3700787401575);
#1461=VECTOR('',#2412,39.3700787401575);
#1462=VECTOR('',#2413,39.3700787401575);
#1463=VECTOR('',#2414,39.3700787401575);
#1464=VECTOR('',#2415,39.3700787401575);
#1465=VECTOR('',#2416,39.3700787401575);
#1466=VECTOR('',#2417,39.3700787401575);
#1467=VECTOR('',#2418,39.3700787401575);
#1468=VECTOR('',#2419,39.3700787401575);
#1469=VECTOR('',#2420,39.3700787401575);
#1470=VECTOR('',#2421,39.3700787401575);
#1471=VECTOR('',#2424,39.3700787401575);
#1472=VECTOR('',#2425,39.3700787401575);
#1473=VECTOR('',#2426,39.3700787401575);
#1474=VECTOR('',#2429,39.3700787401575);
#1475=VECTOR('',#2430,39.3700787401575);
#1476=VECTOR('',#2431,39.3700787401575);
#1477=VECTOR('',#2434,39.3700787401575);
#1478=VECTOR('',#2435,39.3700787401575);
#1479=VECTOR('',#2436,39.3700787401575);
#1480=VECTOR('',#2437,39.3700787401575);
#1481=VECTOR('',#2438,39.3700787401575);
#1482=VECTOR('',#2439,39.3700787401575);
#1483=VECTOR('',#2440,39.3700787401575);
#1484=VECTOR('',#2441,39.3700787401575);
#1485=VECTOR('',#2450,39.3700787401575);
#1486=VECTOR('',#2455,39.3700787401575);
#1487=VECTOR('',#2460,39.3700787401575);
#1488=VECTOR('',#2465,39.3700787401575);
#1489=VECTOR('',#2470,39.3700787401575);
#1490=VECTOR('',#2473,39.3700787401575);
#1491=VECTOR('',#2478,39.3700787401575);
#1492=VECTOR('',#2481,39.3700787401575);
#1493=VECTOR('',#2490,39.3700787401575);
#1494=VECTOR('',#2491,39.3700787401575);
#1495=VECTOR('',#2492,39.3700787401575);
#1496=VECTOR('',#2493,39.3700787401575);
#1497=VECTOR('',#2496,39.3700787401575);
#1498=VECTOR('',#2497,39.3700787401575);
#1499=VECTOR('',#2498,39.3700787401575);
#1500=VECTOR('',#2499,39.3700787401575);
#1501=VECTOR('',#2502,39.3700787401575);
#1502=VECTOR('',#2503,39.3700787401575);
#1503=VECTOR('',#2506,39.3700787401575);
#1504=VECTOR('',#2507,39.3700787401575);
#1505=VECTOR('',#2510,39.3700787401575);
#1506=VECTOR('',#2511,39.3700787401575);
#1507=VECTOR('',#2512,39.3700787401575);
#1508=VECTOR('',#2513,39.3700787401575);
#1509=VECTOR('',#2516,39.3700787401575);
#1510=VECTOR('',#2517,39.3700787401575);
#1511=VECTOR('',#2518,39.3700787401575);
#1512=VECTOR('',#2521,39.3700787401575);
#1513=VECTOR('',#2522,39.3700787401575);
#1514=VECTOR('',#2523,39.3700787401575);
#1515=VECTOR('',#2526,39.3700787401575);
#1516=VECTOR('',#2527,39.3700787401575);
#1517=VECTOR('',#2530,39.3700787401575);
#1518=VECTOR('',#2531,39.3700787401575);
#1519=VECTOR('',#2532,39.3700787401575);
#1520=VECTOR('',#2533,39.3700787401575);
#1521=VECTOR('',#2536,39.3700787401575);
#1522=VECTOR('',#2537,39.3700787401575);
#1523=VECTOR('',#2538,39.3700787401575);
#1524=VECTOR('',#2541,39.3700787401575);
#1525=VECTOR('',#2542,39.3700787401575);
#1526=VECTOR('',#2543,39.3700787401575);
#1527=VECTOR('',#2546,39.3700787401575);
#1528=VECTOR('',#2547,39.3700787401575);
#1529=EDGE_LOOP('',(#49,#50,#51,#52));
#1530=EDGE_LOOP('',(#53,#54,#55,#56));
#1531=EDGE_LOOP('',(#57,#58,#59,#60));
#1532=EDGE_LOOP('',(#61,#62,#63,#64));
#1533=EDGE_LOOP('',(#65,#66,#67,#68));
#1534=EDGE_LOOP('',(#69,#70,#71,#72));
#1535=EDGE_LOOP('',(#73,#74,#75,#76));
#1536=EDGE_LOOP('',(#77,#78,#79,#80));
#1537=EDGE_LOOP('',(#81,#82,#83,#84));
#1538=EDGE_LOOP('',(#85,#86,#87,#88));
#1539=EDGE_LOOP('',(#89,#90,#91,#92));
#1540=EDGE_LOOP('',(#93,#94,#95,#96));
#1541=EDGE_LOOP('',(#97,#98,#99,#100,#101,#102,#103,#104,#105,#106,#107,
#108));
#1542=EDGE_LOOP('',(#109,#110,#111,#112,#113,#114,#115,#116,#117,#118,#119,
#120));
#1543=EDGE_LOOP('',(#121,#122,#123,#124));
#1544=EDGE_LOOP('',(#125,#126,#127,#128));
#1545=EDGE_LOOP('',(#129,#130,#131,#132));
#1546=EDGE_LOOP('',(#133,#134,#135,#136));
#1547=EDGE_LOOP('',(#137,#138,#139,#140));
#1548=EDGE_LOOP('',(#141,#142,#143,#144));
#1549=EDGE_LOOP('',(#145,#146,#147,#148));
#1550=EDGE_LOOP('',(#149,#150,#151,#152));
#1551=EDGE_LOOP('',(#153,#154,#155,#156));
#1552=EDGE_LOOP('',(#157,#158,#159,#160));
#1553=EDGE_LOOP('',(#161,#162,#163,#164));
#1554=EDGE_LOOP('',(#165,#166,#167,#168,#169,#170,#171,#172,#173,#174,#175,
#176,#177,#178,#179,#180,#181,#182,#183,#184));
#1555=EDGE_LOOP('',(#185,#186,#187,#188));
#1556=EDGE_LOOP('',(#189,#190,#191,#192));
#1557=EDGE_LOOP('',(#193,#194,#195,#196));
#1558=EDGE_LOOP('',(#197,#198,#199,#200));
#1559=EDGE_LOOP('',(#201,#202,#203,#204));
#1560=EDGE_LOOP('',(#205,#206,#207,#208));
#1561=EDGE_LOOP('',(#209,#210,#211,#212));
#1562=EDGE_LOOP('',(#213,#214,#215,#216));
#1563=EDGE_LOOP('',(#217,#218,#219,#220));
#1564=EDGE_LOOP('',(#221,#222,#223,#224));
#1565=EDGE_LOOP('',(#225,#226,#227,#228));
#1566=EDGE_LOOP('',(#229,#230,#231,#232));
#1567=EDGE_LOOP('',(#233,#234,#235,#236));
#1568=EDGE_LOOP('',(#237,#238,#239,#240));
#1569=EDGE_LOOP('',(#241,#242,#243,#244));
#1570=EDGE_LOOP('',(#245,#246,#247,#248));
#1571=EDGE_LOOP('',(#249,#250,#251,#252,#253));
#1572=EDGE_LOOP('',(#254,#255,#256,#257,#258));
#1573=EDGE_LOOP('',(#259,#260,#261,#262,#263));
#1574=EDGE_LOOP('',(#264,#265,#266,#267,#268));
#1575=EDGE_LOOP('',(#269,#270,#271,#272,#273));
#1576=EDGE_LOOP('',(#274,#275,#276,#277,#278));
#1577=EDGE_LOOP('',(#279,#280,#281,#282,#283));
#1578=EDGE_LOOP('',(#284,#285,#286,#287,#288));
#1579=EDGE_LOOP('',(#289,#290,#291,#292,#293,#294,#295,#296,#297,#298,#299,
#300));
#1580=EDGE_LOOP('',(#301,#302,#303,#304,#305,#306,#307,#308,#309,#310,#311,
#312));
#1581=EDGE_LOOP('',(#313,#314,#315,#316));
#1582=EDGE_LOOP('',(#317,#318,#319,#320));
#1583=EDGE_LOOP('',(#321,#322,#323,#324));
#1584=EDGE_LOOP('',(#325,#326,#327,#328));
#1585=EDGE_LOOP('',(#329,#330,#331,#332));
#1586=EDGE_LOOP('',(#333,#334,#335,#336));
#1587=EDGE_LOOP('',(#337,#338,#339,#340));
#1588=EDGE_LOOP('',(#341,#342,#343,#344));
#1589=EDGE_LOOP('',(#345,#346,#347,#348));
#1590=EDGE_LOOP('',(#349,#350,#351,#352));
#1591=EDGE_LOOP('',(#353,#354,#355,#356,#357,#358,#359,#360,#361,#362,#363,
#364));
#1592=EDGE_LOOP('',(#365,#366,#367,#368));
#1593=EDGE_LOOP('',(#369,#370,#371,#372));
#1594=EDGE_LOOP('',(#373,#374,#375,#376,#377,#378,#379,#380,#381,#382,#383,
#384));
#1595=EDGE_LOOP('',(#385,#386,#387,#388,#389,#390,#391,#392,#393,#394,#395,
#396));
#1596=EDGE_LOOP('',(#397,#398,#399,#400));
#1597=EDGE_LOOP('',(#401,#402,#403,#404));
#1598=EDGE_LOOP('',(#405,#406,#407,#408,#409,#410,#411,#412,#413,#414,#415,
#416));
#1599=EDGE_LOOP('',(#417,#418,#419,#420));
#1600=EDGE_LOOP('',(#421,#422,#423,#424));
#1601=EDGE_LOOP('',(#425,#426,#427,#428));
#1602=EDGE_LOOP('',(#429,#430,#431,#432));
#1603=EDGE_LOOP('',(#433,#434,#435,#436));
#1604=EDGE_LOOP('',(#437,#438,#439,#440));
#1605=EDGE_LOOP('',(#441,#442,#443,#444));
#1606=EDGE_LOOP('',(#445,#446,#447,#448));
#1607=EDGE_LOOP('',(#449,#450,#451,#452));
#1608=EDGE_LOOP('',(#453,#454,#455,#456));
#1609=EDGE_LOOP('',(#457,#458,#459,#460));
#1610=EDGE_LOOP('',(#461,#462,#463,#464));
#1611=EDGE_LOOP('',(#465,#466,#467,#468));
#1612=EDGE_LOOP('',(#469,#470,#471,#472));
#1613=EDGE_LOOP('',(#473,#474,#475,#476));
#1614=EDGE_LOOP('',(#477,#478,#479,#480));
#1615=EDGE_LOOP('',(#481,#482,#483,#484));
#1616=EDGE_LOOP('',(#485,#486,#487,#488));
#1617=EDGE_LOOP('',(#489,#490,#491,#492));
#1618=EDGE_LOOP('',(#493,#494,#495,#496));
#1619=EDGE_LOOP('',(#497,#498,#499,#500));
#1620=EDGE_LOOP('',(#501,#502,#503,#504));
#1621=EDGE_LOOP('',(#505,#506,#507,#508));
#1622=EDGE_LOOP('',(#509,#510,#511,#512));
#1623=EDGE_LOOP('',(#513,#514,#515,#516));
#1624=EDGE_LOOP('',(#517,#518,#519,#520));
#1625=EDGE_LOOP('',(#521,#522,#523,#524));
#1626=EDGE_LOOP('',(#525,#526,#527,#528));
#1627=EDGE_LOOP('',(#529,#530,#531,#532));
#1628=EDGE_LOOP('',(#533,#534,#535,#536));
#1629=EDGE_LOOP('',(#537,#538,#539,#540));
#1630=EDGE_LOOP('',(#541,#542,#543,#544));
#1631=EDGE_LOOP('',(#545,#546,#547,#548));
#1632=EDGE_LOOP('',(#549,#550,#551,#552));
#1633=EDGE_LOOP('',(#553,#554,#555,#556));
#1634=EDGE_LOOP('',(#557,#558,#559,#560));
#1635=EDGE_LOOP('',(#561,#562,#563,#564));
#1636=EDGE_LOOP('',(#565,#566,#567,#568));
#1637=EDGE_LOOP('',(#569,#570,#571,#572));
#1638=EDGE_LOOP('',(#573,#574,#575,#576));
#1639=FACE_BOUND('',#1529,.T.);
#1640=FACE_BOUND('',#1530,.T.);
#1641=FACE_BOUND('',#1531,.T.);
#1642=FACE_BOUND('',#1532,.T.);
#1643=FACE_BOUND('',#1533,.T.);
#1644=FACE_BOUND('',#1534,.T.);
#1645=FACE_BOUND('',#1535,.T.);
#1646=FACE_BOUND('',#1536,.T.);
#1647=FACE_BOUND('',#1537,.T.);
#1648=FACE_BOUND('',#1538,.T.);
#1649=FACE_BOUND('',#1539,.T.);
#1650=FACE_BOUND('',#1540,.T.);
#1651=FACE_BOUND('',#1541,.T.);
#1652=FACE_BOUND('',#1542,.T.);
#1653=FACE_BOUND('',#1543,.T.);
#1654=FACE_BOUND('',#1544,.T.);
#1655=FACE_BOUND('',#1545,.T.);
#1656=FACE_BOUND('',#1546,.T.);
#1657=FACE_BOUND('',#1547,.T.);
#1658=FACE_BOUND('',#1548,.T.);
#1659=FACE_BOUND('',#1549,.T.);
#1660=FACE_BOUND('',#1550,.T.);
#1661=FACE_BOUND('',#1551,.T.);
#1662=FACE_BOUND('',#1552,.T.);
#1663=FACE_BOUND('',#1553,.T.);
#1664=FACE_BOUND('',#1554,.T.);
#1665=FACE_BOUND('',#1555,.T.);
#1666=FACE_BOUND('',#1556,.T.);
#1667=FACE_BOUND('',#1557,.T.);
#1668=FACE_BOUND('',#1558,.T.);
#1669=FACE_BOUND('',#1559,.T.);
#1670=FACE_BOUND('',#1560,.T.);
#1671=FACE_BOUND('',#1561,.T.);
#1672=FACE_BOUND('',#1562,.T.);
#1673=FACE_BOUND('',#1563,.T.);
#1674=FACE_BOUND('',#1564,.T.);
#1675=FACE_BOUND('',#1565,.T.);
#1676=FACE_BOUND('',#1566,.T.);
#1677=FACE_BOUND('',#1567,.T.);
#1678=FACE_BOUND('',#1568,.T.);
#1679=FACE_BOUND('',#1569,.T.);
#1680=FACE_BOUND('',#1570,.T.);
#1681=FACE_BOUND('',#1571,.T.);
#1682=FACE_BOUND('',#1572,.T.);
#1683=FACE_BOUND('',#1573,.T.);
#1684=FACE_BOUND('',#1574,.T.);
#1685=FACE_BOUND('',#1575,.T.);
#1686=FACE_BOUND('',#1576,.T.);
#1687=FACE_BOUND('',#1577,.T.);
#1688=FACE_BOUND('',#1578,.T.);
#1689=FACE_BOUND('',#1579,.T.);
#1690=FACE_BOUND('',#1580,.T.);
#1691=FACE_BOUND('',#1581,.T.);
#1692=FACE_BOUND('',#1582,.T.);
#1693=FACE_BOUND('',#1583,.T.);
#1694=FACE_BOUND('',#1584,.T.);
#1695=FACE_BOUND('',#1585,.T.);
#1696=FACE_BOUND('',#1586,.T.);
#1697=FACE_BOUND('',#1587,.T.);
#1698=FACE_BOUND('',#1588,.T.);
#1699=FACE_BOUND('',#1589,.T.);
#1700=FACE_BOUND('',#1590,.T.);
#1701=FACE_BOUND('',#1591,.T.);
#1702=FACE_BOUND('',#1592,.T.);
#1703=FACE_BOUND('',#1593,.T.);
#1704=FACE_BOUND('',#1594,.T.);
#1705=FACE_BOUND('',#1595,.T.);
#1706=FACE_BOUND('',#1596,.T.);
#1707=FACE_BOUND('',#1597,.T.);
#1708=FACE_BOUND('',#1598,.T.);
#1709=FACE_BOUND('',#1599,.T.);
#1710=FACE_BOUND('',#1600,.T.);
#1711=FACE_BOUND('',#1601,.T.);
#1712=FACE_BOUND('',#1602,.T.);
#1713=FACE_BOUND('',#1603,.T.);
#1714=FACE_BOUND('',#1604,.T.);
#1715=FACE_BOUND('',#1605,.T.);
#1716=FACE_BOUND('',#1606,.T.);
#1717=FACE_BOUND('',#1607,.T.);
#1718=FACE_BOUND('',#1608,.T.);
#1719=FACE_BOUND('',#1609,.T.);
#1720=FACE_BOUND('',#1610,.T.);
#1721=FACE_BOUND('',#1611,.T.);
#1722=FACE_BOUND('',#1612,.T.);
#1723=FACE_BOUND('',#1613,.T.);
#1724=FACE_BOUND('',#1614,.T.);
#1725=FACE_BOUND('',#1615,.T.);
#1726=FACE_BOUND('',#1616,.T.);
#1727=FACE_BOUND('',#1617,.T.);
#1728=FACE_BOUND('',#1618,.T.);
#1729=FACE_BOUND('',#1619,.T.);
#1730=FACE_BOUND('',#1620,.T.);
#1731=FACE_BOUND('',#1621,.T.);
#1732=FACE_BOUND('',#1622,.T.);
#1733=FACE_BOUND('',#1623,.T.);
#1734=FACE_BOUND('',#1624,.T.);
#1735=FACE_BOUND('',#1625,.T.);
#1736=FACE_BOUND('',#1626,.T.);
#1737=FACE_BOUND('',#1627,.T.);
#1738=FACE_BOUND('',#1628,.T.);
#1739=FACE_BOUND('',#1629,.T.);
#1740=FACE_BOUND('',#1630,.T.);
#1741=FACE_BOUND('',#1631,.T.);
#1742=FACE_BOUND('',#1632,.T.);
#1743=FACE_BOUND('',#1633,.T.);
#1744=FACE_BOUND('',#1634,.T.);
#1745=FACE_BOUND('',#1635,.T.);
#1746=FACE_BOUND('',#1636,.T.);
#1747=FACE_BOUND('',#1637,.T.);
#1748=FACE_BOUND('',#1638,.T.);
#1749=PLANE('',#1975);
#1750=PLANE('',#1976);
#1751=PLANE('',#1980);
#1752=PLANE('',#1981);
#1753=PLANE('',#1985);
#1754=PLANE('',#1986);
#1755=PLANE('',#1987);
#1756=PLANE('',#1988);
#1757=PLANE('',#1989);
#1758=PLANE('',#1990);
#1759=PLANE('',#1991);
#1760=PLANE('',#1992);
#1761=PLANE('',#1993);
#1762=PLANE('',#1994);
#1763=PLANE('',#1995);
#1764=PLANE('',#1996);
#1765=PLANE('',#1997);
#1766=PLANE('',#1998);
#1767=PLANE('',#1999);
#1768=PLANE('',#2003);
#1769=PLANE('',#2004);
#1770=PLANE('',#2005);
#1771=PLANE('',#2009);
#1772=PLANE('',#2010);
#1773=PLANE('',#2011);
#1774=PLANE('',#2012);
#1775=PLANE('',#2013);
#1776=PLANE('',#2014);
#1777=PLANE('',#2015);
#1778=PLANE('',#2016);
#1779=PLANE('',#2017);
#1780=PLANE('',#2018);
#1781=PLANE('',#2019);
#1782=PLANE('',#2020);
#1783=PLANE('',#2021);
#1784=PLANE('',#2022);
#1785=PLANE('',#2023);
#1786=PLANE('',#2024);
#1787=PLANE('',#2025);
#1788=PLANE('',#2026);
#1789=PLANE('',#2028);
#1790=PLANE('',#2029);
#1791=PLANE('',#2030);
#1792=PLANE('',#2031);
#1793=PLANE('',#2032);
#1794=PLANE('',#2033);
#1795=PLANE('',#2034);
#1796=PLANE('',#2035);
#1797=PLANE('',#2036);
#1798=PLANE('',#2037);
#1799=PLANE('',#2038);
#1800=PLANE('',#2039);
#1801=PLANE('',#2040);
#1802=PLANE('',#2041);
#1803=PLANE('',#2042);
#1804=PLANE('',#2043);
#1805=PLANE('',#2044);
#1806=PLANE('',#2045);
#1807=PLANE('',#2046);
#1808=PLANE('',#2047);
#1809=PLANE('',#2048);
#1810=PLANE('',#2049);
#1811=PLANE('',#2050);
#1812=PLANE('',#2051);
#1813=PLANE('',#2052);
#1814=PLANE('',#2053);
#1815=PLANE('',#2054);
#1816=PLANE('',#2055);
#1817=PLANE('',#2056);
#1818=PLANE('',#2057);
#1819=PLANE('',#2058);
#1820=PLANE('',#2059);
#1821=PLANE('',#2060);
#1822=PLANE('',#2061);
#1823=PLANE('',#2062);
#1824=PLANE('',#2063);
#1825=PLANE('',#2064);
#1826=PLANE('',#2065);
#1827=PLANE('',#2067);
#1828=PLANE('',#2068);
#1829=PLANE('',#2069);
#1830=PLANE('',#2070);
#1831=PLANE('',#2071);
#1832=PLANE('',#2072);
#1833=PLANE('',#2073);
#1834=PLANE('',#2074);
#1835=PLANE('',#2075);
#1836=PLANE('',#2076);
#1837=PLANE('',#2077);
#1838=PLANE('',#2078);
#1839=PLANE('',#2079);
#1840=PLANE('',#2080);
#1841=ADVANCED_FACE('',(#1639),#1749,.F.);
#1842=ADVANCED_FACE('',(#1640),#1750,.F.);
#1843=ADVANCED_FACE('',(#1641),#45,.T.);
#1844=ADVANCED_FACE('',(#1642),#1751,.T.);
#1845=ADVANCED_FACE('',(#1643),#1752,.T.);
#1846=ADVANCED_FACE('',(#1644),#46,.T.);
#1847=ADVANCED_FACE('',(#1645),#1753,.F.);
#1848=ADVANCED_FACE('',(#1646),#1754,.F.);
#1849=ADVANCED_FACE('',(#1647),#1755,.F.);
#1850=ADVANCED_FACE('',(#1648,#1649,#1650),#1756,.T.);
#1851=ADVANCED_FACE('',(#1651),#1757,.F.);
#1852=ADVANCED_FACE('',(#1652),#1758,.F.);
#1853=ADVANCED_FACE('',(#1653),#1759,.F.);
#1854=ADVANCED_FACE('',(#1654),#1760,.T.);
#1855=ADVANCED_FACE('',(#1655),#1761,.T.);
#1856=ADVANCED_FACE('',(#1656),#1762,.T.);
#1857=ADVANCED_FACE('',(#1657),#1763,.T.);
#1858=ADVANCED_FACE('',(#1658),#1764,.T.);
#1859=ADVANCED_FACE('',(#1659),#1765,.T.);
#1860=ADVANCED_FACE('',(#1660),#1766,.T.);
#1861=ADVANCED_FACE('',(#1661),#1767,.T.);
#1862=ADVANCED_FACE('',(#1662),#47,.T.);
#1863=ADVANCED_FACE('',(#1663),#1768,.T.);
#1864=ADVANCED_FACE('',(#1664,#1665,#1666),#1769,.T.);
#1865=ADVANCED_FACE('',(#1667),#1770,.T.);
#1866=ADVANCED_FACE('',(#1668),#48,.T.);
#1867=ADVANCED_FACE('',(#1669),#1771,.F.);
#1868=ADVANCED_FACE('',(#1670),#1772,.F.);
#1869=ADVANCED_FACE('',(#1671),#1773,.F.);
#1870=ADVANCED_FACE('',(#1672),#1774,.F.);
#1871=ADVANCED_FACE('',(#1673,#1674),#1775,.F.);
#1872=ADVANCED_FACE('',(#1675),#1776,.F.);
#1873=ADVANCED_FACE('',(#1676),#1777,.F.);
#1874=ADVANCED_FACE('',(#1677),#1778,.F.);
#1875=ADVANCED_FACE('',(#1678),#1779,.F.);
#1876=ADVANCED_FACE('',(#1679,#1680),#1780,.F.);
#1877=ADVANCED_FACE('',(#1681),#1781,.F.);
#1878=ADVANCED_FACE('',(#1682),#1782,.F.);
#1879=ADVANCED_FACE('',(#1683),#1783,.F.);
#1880=ADVANCED_FACE('',(#1684),#1784,.F.);
#1881=ADVANCED_FACE('',(#1685),#1785,.F.);
#1882=ADVANCED_FACE('',(#1686),#1786,.F.);
#1883=ADVANCED_FACE('',(#1687),#1787,.F.);
#1884=ADVANCED_FACE('',(#1688),#1788,.F.);
#1885=ADVANCED_FACE('',(#1689),#1789,.T.);
#1886=ADVANCED_FACE('',(#1690),#1790,.F.);
#1887=ADVANCED_FACE('',(#1691),#1791,.F.);
#1888=ADVANCED_FACE('',(#1692),#1792,.F.);
#1889=ADVANCED_FACE('',(#1693),#1793,.T.);
#1890=ADVANCED_FACE('',(#1694),#1794,.T.);
#1891=ADVANCED_FACE('',(#1695),#1795,.T.);
#1892=ADVANCED_FACE('',(#1696),#1796,.T.);
#1893=ADVANCED_FACE('',(#1697),#1797,.T.);
#1894=ADVANCED_FACE('',(#1698),#1798,.T.);
#1895=ADVANCED_FACE('',(#1699),#1799,.T.);
#1896=ADVANCED_FACE('',(#1700),#1800,.T.);
#1897=ADVANCED_FACE('',(#1701),#1801,.F.);
#1898=ADVANCED_FACE('',(#1702),#1802,.F.);
#1899=ADVANCED_FACE('',(#1703),#1803,.F.);
#1900=ADVANCED_FACE('',(#1704),#1804,.F.);
#1901=ADVANCED_FACE('',(#1705),#1805,.F.);
#1902=ADVANCED_FACE('',(#1706),#1806,.F.);
#1903=ADVANCED_FACE('',(#1707),#1807,.F.);
#1904=ADVANCED_FACE('',(#1708),#1808,.F.);
#1905=ADVANCED_FACE('',(#1709),#1809,.F.);
#1906=ADVANCED_FACE('',(#1710,#1711,#1712),#1810,.F.);
#1907=ADVANCED_FACE('',(#1713),#1811,.F.);
#1908=ADVANCED_FACE('',(#1714),#1812,.T.);
#1909=ADVANCED_FACE('',(#1715),#1813,.T.);
#1910=ADVANCED_FACE('',(#1716),#1814,.T.);
#1911=ADVANCED_FACE('',(#1717),#1815,.T.);
#1912=ADVANCED_FACE('',(#1718),#1816,.T.);
#1913=ADVANCED_FACE('',(#1719),#1817,.T.);
#1914=ADVANCED_FACE('',(#1720),#1818,.T.);
#1915=ADVANCED_FACE('',(#1721),#1819,.T.);
#1916=ADVANCED_FACE('',(#1722),#1820,.T.);
#1917=ADVANCED_FACE('',(#1723),#1821,.T.);
#1918=ADVANCED_FACE('',(#1724),#1822,.T.);
#1919=ADVANCED_FACE('',(#1725),#1823,.T.);
#1920=ADVANCED_FACE('',(#1726),#1824,.T.);
#1921=ADVANCED_FACE('',(#1727),#1825,.T.);
#1922=ADVANCED_FACE('',(#1728,#1729,#1730),#1826,.T.);
#1923=ADVANCED_FACE('',(#1731),#1827,.T.);
#1924=ADVANCED_FACE('',(#1732),#1828,.F.);
#1925=ADVANCED_FACE('',(#1733),#1829,.F.);
#1926=ADVANCED_FACE('',(#1734),#1830,.F.);
#1927=ADVANCED_FACE('',(#1735),#1831,.T.);
#1928=ADVANCED_FACE('',(#1736),#1832,.T.);
#1929=ADVANCED_FACE('',(#1737),#1833,.T.);
#1930=ADVANCED_FACE('',(#1738),#1834,.T.);
#1931=ADVANCED_FACE('',(#1739),#1835,.T.);
#1932=ADVANCED_FACE('',(#1740),#1836,.T.);
#1933=ADVANCED_FACE('',(#1741),#1837,.T.);
#1934=ADVANCED_FACE('',(#1742),#1838,.T.);
#1935=ADVANCED_FACE('',(#1743,#1744,#1745),#1839,.F.);
#1936=ADVANCED_FACE('',(#1746,#1747,#1748),#1840,.T.);
#1937=CLOSED_SHELL('',(#1841,#1842,#1843,#1844,#1845,#1846,#1847,#1848,
#1849,#1850,#1851,#1852,#1853,#1854,#1855,#1856,#1857,#1858,#1859,#1860,
#1861,#1862,#1863,#1864,#1865,#1866,#1867,#1868,#1869,#1870,#1871,#1872,
#1873,#1874,#1875,#1876,#1877,#1878,#1879,#1880,#1881,#1882,#1883,#1884));
#1938=CLOSED_SHELL('',(#1885,#1886,#1887,#1888,#1889,#1890,#1891,#1892,
#1893,#1894,#1895,#1896,#1897,#1898,#1899,#1900,#1901,#1902,#1903,#1904,
#1905,#1906,#1907,#1908,#1909,#1910,#1911,#1912,#1913,#1914,#1915,#1916,
#1917,#1918,#1919,#1920,#1921,#1922));
#1939=CLOSED_SHELL('',(#1923,#1924,#1925,#1926,#1927,#1928,#1929,#1930,
#1931,#1932,#1933,#1934,#1935,#1936));
#1940=STYLED_ITEM('',(#1943),#1963);
#1941=STYLED_ITEM('',(#1944),#1964);
#1942=STYLED_ITEM('',(#1945),#1965);
#1943=PRESENTATION_STYLE_ASSIGNMENT((#1946));
#1944=PRESENTATION_STYLE_ASSIGNMENT((#1947));
#1945=PRESENTATION_STYLE_ASSIGNMENT((#1948));
#1946=SURFACE_STYLE_USAGE(.BOTH.,#1949);
#1947=SURFACE_STYLE_USAGE(.BOTH.,#1950);
#1948=SURFACE_STYLE_USAGE(.BOTH.,#1951);
#1949=SURFACE_SIDE_STYLE('',(#1952));
#1950=SURFACE_SIDE_STYLE('',(#1953));
#1951=SURFACE_SIDE_STYLE('',(#1954));
#1952=SURFACE_STYLE_FILL_AREA(#1955);
#1953=SURFACE_STYLE_FILL_AREA(#1956);
#1954=SURFACE_STYLE_FILL_AREA(#1957);
#1955=FILL_AREA_STYLE('',(#1958));
#1956=FILL_AREA_STYLE('',(#1959));
#1957=FILL_AREA_STYLE('',(#1960));
#1958=FILL_AREA_STYLE_COLOUR('',#1961);
#1959=FILL_AREA_STYLE_COLOUR('',#1962);
#1960=FILL_AREA_STYLE_COLOUR('',#18);
#1961=COLOUR_RGB('',0.689999997615814,0.689999997615814,0.689999997615814);
#1962=COLOUR_RGB('',0.769999980926514,0.769999980926514,0.769999980926514);
#1963=MANIFOLD_SOLID_BREP('HPF-102--S_socket',#1937);
#1964=MANIFOLD_SOLID_BREP('C-130-01-02-T-S',#1938);
#1965=MANIFOLD_SOLID_BREP('C-130-01-02-T-S2',#1939);
#1966=SHAPE_DEFINITION_REPRESENTATION(#3109,#1970);
#1967=SHAPE_DEFINITION_REPRESENTATION(#3110,#1971);
#1968=SHAPE_DEFINITION_REPRESENTATION(#3112,#1972);
#1969=SHAPE_DEFINITION_REPRESENTATION(#3114,#1973);
#1970=SHAPE_REPRESENTATION('HPF-02-01-T-S',(#1974,#2027,#2066,#2081),#3095);
#1971=SHAPE_REPRESENTATION('HPF-102--S_socket',(#1974),#3096);
#1972=SHAPE_REPRESENTATION('C-130-01-02-T-S',(#1974),#3097);
#1973=SHAPE_REPRESENTATION('C-130-01-02-T-S2',(#1974),#3098);
#1974=AXIS2_PLACEMENT_3D('',#2554,#2082,#2083);
#1975=AXIS2_PLACEMENT_3D('',#2555,#2084,#2085);
#1976=AXIS2_PLACEMENT_3D('',#2564,#2090,#2091);
#1977=AXIS2_PLACEMENT_3D('',#2573,#2096,#2097);
#1978=AXIS2_PLACEMENT_3D('',#2574,#2098,#2099);
#1979=AXIS2_PLACEMENT_3D('',#2578,#2101,#2102);
#1980=AXIS2_PLACEMENT_3D('',#2579,#2103,#2104);
#1981=AXIS2_PLACEMENT_3D('',#2585,#2108,#2109);
#1982=AXIS2_PLACEMENT_3D('',#2594,#2114,#2115);
#1983=AXIS2_PLACEMENT_3D('',#2595,#2116,#2117);
#1984=AXIS2_PLACEMENT_3D('',#2596,#2118,#2119);
#1985=AXIS2_PLACEMENT_3D('',#2597,#2120,#2121);
#1986=AXIS2_PLACEMENT_3D('',#2606,#2126,#2127);
#1987=AXIS2_PLACEMENT_3D('',#2615,#2132,#2133);
#1988=AXIS2_PLACEMENT_3D('',#2624,#2138,#2139);
#1989=AXIS2_PLACEMENT_3D('',#2643,#2150,#2151);
#1990=AXIS2_PLACEMENT_3D('',#2655,#2159,#2160);
#1991=AXIS2_PLACEMENT_3D('',#2670,#2169,#2170);
#1992=AXIS2_PLACEMENT_3D('',#2676,#2174,#2175);
#1993=AXIS2_PLACEMENT_3D('',#2682,#2179,#2180);
#1994=AXIS2_PLACEMENT_3D('',#2686,#2183,#2184);
#1995=AXIS2_PLACEMENT_3D('',#2690,#2187,#2188);
#1996=AXIS2_PLACEMENT_3D('',#2692,#2190,#2191);
#1997=AXIS2_PLACEMENT_3D('',#2698,#2195,#2196);
#1998=AXIS2_PLACEMENT_3D('',#2702,#2199,#2200);
#1999=AXIS2_PLACEMENT_3D('',#2706,#2203,#2204);
#2000=AXIS2_PLACEMENT_3D('',#2708,#2206,#2207);
#2001=AXIS2_PLACEMENT_3D('',#2712,#2209,#2210);
#2002=AXIS2_PLACEMENT_3D('',#2713,#2211,#2212);
#2003=AXIS2_PLACEMENT_3D('',#2714,#2213,#2214);
#2004=AXIS2_PLACEMENT_3D('',#2720,#2218,#2219);
#2005=AXIS2_PLACEMENT_3D('',#2748,#2237,#2238);
#2006=AXIS2_PLACEMENT_3D('',#2754,#2242,#2243);
#2007=AXIS2_PLACEMENT_3D('',#2755,#2244,#2245);
#2008=AXIS2_PLACEMENT_3D('',#2756,#2246,#2247);
#2009=AXIS2_PLACEMENT_3D('',#2757,#2248,#2249);
#2010=AXIS2_PLACEMENT_3D('',#2763,#2253,#2254);
#2011=AXIS2_PLACEMENT_3D('',#2767,#2257,#2258);
#2012=AXIS2_PLACEMENT_3D('',#2771,#2261,#2262);
#2013=AXIS2_PLACEMENT_3D('',#2773,#2264,#2265);
#2014=AXIS2_PLACEMENT_3D('',#2774,#2266,#2267);
#2015=AXIS2_PLACEMENT_3D('',#2780,#2271,#2272);
#2016=AXIS2_PLACEMENT_3D('',#2784,#2275,#2276);
#2017=AXIS2_PLACEMENT_3D('',#2788,#2279,#2280);
#2018=AXIS2_PLACEMENT_3D('',#2790,#2282,#2283);
#2019=AXIS2_PLACEMENT_3D('',#2791,#2284,#2285);
#2020=AXIS2_PLACEMENT_3D('',#2792,#2286,#2287);
#2021=AXIS2_PLACEMENT_3D('',#2793,#2288,#2289);
#2022=AXIS2_PLACEMENT_3D('',#2794,#2290,#2291);
#2023=AXIS2_PLACEMENT_3D('',#2795,#2292,#2293);
#2024=AXIS2_PLACEMENT_3D('',#2796,#2294,#2295);
#2025=AXIS2_PLACEMENT_3D('',#2797,#2296,#2297);
#2026=AXIS2_PLACEMENT_3D('',#2798,#2298,#2299);
#2027=AXIS2_PLACEMENT_3D('',#2799,#2300,#2301);
#2028=AXIS2_PLACEMENT_3D('',#2800,#2302,#2303);
#2029=AXIS2_PLACEMENT_3D('',#2825,#2316,#2317);
#2030=AXIS2_PLACEMENT_3D('',#2850,#2330,#2331);
#2031=AXIS2_PLACEMENT_3D('',#2853,#2334,#2335);
#2032=AXIS2_PLACEMENT_3D('',#2856,#2338,#2339);
#2033=AXIS2_PLACEMENT_3D('',#2865,#2344,#2345);
#2034=AXIS2_PLACEMENT_3D('',#2871,#2349,#2350);
#2035=AXIS2_PLACEMENT_3D('',#2877,#2354,#2355);
#2036=AXIS2_PLACEMENT_3D('',#2880,#2358,#2359);
#2037=AXIS2_PLACEMENT_3D('',#2889,#2364,#2365);
#2038=AXIS2_PLACEMENT_3D('',#2895,#2369,#2370);
#2039=AXIS2_PLACEMENT_3D('',#2901,#2374,#2375);
#2040=AXIS2_PLACEMENT_3D('',#2904,#2378,#2379);
#2041=AXIS2_PLACEMENT_3D('',#2923,#2390,#2391);
#2042=AXIS2_PLACEMENT_3D('',#2929,#2395,#2396);
#2043=AXIS2_PLACEMENT_3D('',#2935,#2400,#2401);
#2044=AXIS2_PLACEMENT_3D('',#2948,#2410,#2411);
#2045=AXIS2_PLACEMENT_3D('',#2967,#2422,#2423);
#2046=AXIS2_PLACEMENT_3D('',#2973,#2427,#2428);
#2047=AXIS2_PLACEMENT_3D('',#2979,#2432,#2433);
#2048=AXIS2_PLACEMENT_3D('',#2992,#2442,#2443);
#2049=AXIS2_PLACEMENT_3D('',#2993,#2444,#2445);
#2050=AXIS2_PLACEMENT_3D('',#2994,#2446,#2447);
#2051=AXIS2_PLACEMENT_3D('',#2995,#2448,#2449);
#2052=AXIS2_PLACEMENT_3D('',#2997,#2451,#2452);
#2053=AXIS2_PLACEMENT_3D('',#2998,#2453,#2454);
#2054=AXIS2_PLACEMENT_3D('',#3000,#2456,#2457);
#2055=AXIS2_PLACEMENT_3D('',#3001,#2458,#2459);
#2056=AXIS2_PLACEMENT_3D('',#3003,#2461,#2462);
#2057=AXIS2_PLACEMENT_3D('',#3004,#2463,#2464);
#2058=AXIS2_PLACEMENT_3D('',#3006,#2466,#2467);
#2059=AXIS2_PLACEMENT_3D('',#3007,#2468,#2469);
#2060=AXIS2_PLACEMENT_3D('',#3009,#2471,#2472);
#2061=AXIS2_PLACEMENT_3D('',#3011,#2474,#2475);
#2062=AXIS2_PLACEMENT_3D('',#3012,#2476,#2477);
#2063=AXIS2_PLACEMENT_3D('',#3014,#2479,#2480);
#2064=AXIS2_PLACEMENT_3D('',#3016,#2482,#2483);
#2065=AXIS2_PLACEMENT_3D('',#3017,#2484,#2485);
#2066=AXIS2_PLACEMENT_3D('',#3018,#2486,#2487);
#2067=AXIS2_PLACEMENT_3D('',#3019,#2488,#2489);
#2068=AXIS2_PLACEMENT_3D('',#3028,#2494,#2495);
#2069=AXIS2_PLACEMENT_3D('',#3037,#2500,#2501);
#2070=AXIS2_PLACEMENT_3D('',#3040,#2504,#2505);
#2071=AXIS2_PLACEMENT_3D('',#3043,#2508,#2509);
#2072=AXIS2_PLACEMENT_3D('',#3052,#2514,#2515);
#2073=AXIS2_PLACEMENT_3D('',#3058,#2519,#2520);
#2074=AXIS2_PLACEMENT_3D('',#3064,#2524,#2525);
#2075=AXIS2_PLACEMENT_3D('',#3067,#2528,#2529);
#2076=AXIS2_PLACEMENT_3D('',#3076,#2534,#2535);
#2077=AXIS2_PLACEMENT_3D('',#3082,#2539,#2540);
#2078=AXIS2_PLACEMENT_3D('',#3088,#2544,#2545);
#2079=AXIS2_PLACEMENT_3D('',#3091,#2548,#2549);
#2080=AXIS2_PLACEMENT_3D('',#3092,#2550,#2551);
#2081=AXIS2_PLACEMENT_3D('',#3093,#2552,#2553);
#2082=DIRECTION('',(0.,0.,1.));
#2083=DIRECTION('',(1.,0.,0.));
#2084=DIRECTION('',(0.,1.,0.));
#2085=DIRECTION('',(0.,0.,1.));
#2086=DIRECTION('',(-1.,0.,0.));
#2087=DIRECTION('',(0.,0.,1.));
#2088=DIRECTION('',(-1.,0.,0.));
#2089=DIRECTION('',(0.,0.,-1.));
#2090=DIRECTION('',(0.,1.,0.));
#2091=DIRECTION('',(0.,0.,1.));
#2092=DIRECTION('',(-1.,0.,0.));
#2093=DIRECTION('',(0.,0.,1.));
#2094=DIRECTION('',(1.,0.,0.));
#2095=DIRECTION('',(0.,0.,-1.));
#2096=DIRECTION('',(-1.,0.,0.));
#2097=DIRECTION('',(0.,0.,1.));
#2098=DIRECTION('',(-1.,0.,0.));
#2099=DIRECTION('',(0.,0.,1.));
#2100=DIRECTION('',(-1.,0.,0.));
#2101=DIRECTION('',(1.,0.,0.));
#2102=DIRECTION('',(0.,0.,-1.));
#2103=DIRECTION('',(0.,0.,1.));
#2104=DIRECTION('',(1.,0.,0.));
#2105=DIRECTION('',(0.,-1.,0.));
#2106=DIRECTION('',(-1.,0.,0.));
#2107=DIRECTION('',(0.,1.,0.));
#2108=DIRECTION('',(0.,0.,-1.));
#2109=DIRECTION('',(-1.,0.,0.));
#2110=DIRECTION('',(0.,1.,0.));
#2111=DIRECTION('',(-1.,0.,0.));
#2112=DIRECTION('',(0.,-1.,0.));
#2113=DIRECTION('',(-1.,0.,0.));
#2114=DIRECTION('',(-1.,0.,0.));
#2115=DIRECTION('',(0.,0.,1.));
#2116=DIRECTION('',(-1.,0.,0.));
#2117=DIRECTION('',(0.,0.,1.));
#2118=DIRECTION('',(1.,0.,0.));
#2119=DIRECTION('',(0.,0.,-1.));
#2120=DIRECTION('',(1.,0.,0.));
#2121=DIRECTION('',(0.,0.,-1.));
#2122=DIRECTION('',(0.,-1.,0.));
#2123=DIRECTION('',(0.,-2.84567499340027E-17,1.));
#2124=DIRECTION('',(0.,-1.,0.));
#2125=DIRECTION('',(0.,0.,1.));
#2126=DIRECTION('',(-1.,0.,0.));
#2127=DIRECTION('',(0.,0.,1.));
#2128=DIRECTION('',(0.,-1.,0.));
#2129=DIRECTION('',(0.,-2.84567499340027E-17,1.));
#2130=DIRECTION('',(0.,-1.,0.));
#2131=DIRECTION('',(0.,0.,-1.));
#2132=DIRECTION('',(0.,1.,0.));
#2133=DIRECTION('',(0.,0.,1.));
#2134=DIRECTION('',(-1.,0.,0.));
#2135=DIRECTION('',(0.,0.,-1.));
#2136=DIRECTION('',(-1.,0.,0.));
#2137=DIRECTION('',(0.,0.,1.));
#2138=DIRECTION('',(0.,1.,0.));
#2139=DIRECTION('',(0.,0.,1.));
#2140=DIRECTION('',(-1.,0.,0.));
#2141=DIRECTION('',(1.,0.,0.));
#2142=DIRECTION('',(0.,0.,1.));
#2143=DIRECTION('',(-1.,0.,0.));
#2144=DIRECTION('',(0.,0.,-1.));
#2145=DIRECTION('',(1.,0.,0.));
#2146=DIRECTION('',(0.,0.,1.));
#2147=DIRECTION('',(-1.,0.,0.));
#2148=DIRECTION('',(0.,0.,-1.));
#2149=DIRECTION('',(1.,0.,0.));
#2150=DIRECTION('',(0.,0.,1.));
#2151=DIRECTION('',(1.,0.,0.));
#2152=DIRECTION('',(-1.,0.,0.));
#2153=DIRECTION('',(0.,-1.,0.));
#2154=DIRECTION('',(0.,1.,0.));
#2155=DIRECTION('',(-1.,0.,0.));
#2156=DIRECTION('',(-1.,0.,0.));
#2157=DIRECTION('',(0.,-1.,0.));
#2158=DIRECTION('',(0.,1.,0.));
#2159=DIRECTION('',(0.,0.,-1.));
#2160=DIRECTION('',(-1.,0.,0.));
#2161=DIRECTION('',(0.,-1.,0.));
#2162=DIRECTION('',(-1.,0.,0.));
#2163=DIRECTION('',(0.,1.,0.));
#2164=DIRECTION('',(1.,0.,0.));
#2165=DIRECTION('',(0.,-1.,0.));
#2166=DIRECTION('',(-1.,0.,0.));
#2167=DIRECTION('',(-1.,0.,0.));
#2168=DIRECTION('',(0.,1.,0.));
#2169=DIRECTION('',(0.,1.,0.));
#2170=DIRECTION('',(0.,0.,1.));
#2171=DIRECTION('',(0.,0.,-1.));
#2172=DIRECTION('',(-1.,0.,0.));
#2173=DIRECTION('',(0.,0.,1.));
#2174=DIRECTION('',(0.,0.5,0.866025403784439));
#2175=DIRECTION('',(0.,0.866025403784439,-0.5));
#2176=DIRECTION('',(-1.,0.,0.));
#2177=DIRECTION('',(-0.447213595499958,-0.774596669241483,0.447213595499958));
#2178=DIRECTION('',(0.447213595499958,-0.774596669241483,0.447213595499958));
#2179=DIRECTION('',(0.866025403784439,0.5,0.));
#2180=DIRECTION('',(-0.5,0.866025403784439,0.));
#2181=DIRECTION('',(0.,0.,1.));
#2182=DIRECTION('',(0.447213595499958,-0.774596669241483,-0.447213595499958));
#2183=DIRECTION('',(0.,0.5,-0.866025403784439));
#2184=DIRECTION('',(0.,0.866025403784439,0.5));
#2185=DIRECTION('',(1.,0.,0.));
#2186=DIRECTION('',(-0.447213595499958,-0.774596669241483,-0.447213595499958));
#2187=DIRECTION('',(-0.866025403784439,0.5,0.));
#2188=DIRECTION('',(0.5,0.866025403784439,0.));
#2189=DIRECTION('',(0.,0.,-1.));
#2190=DIRECTION('',(0.,0.5,0.866025403784439));
#2191=DIRECTION('',(0.,0.866025403784439,-0.5));
#2192=DIRECTION('',(-1.,0.,0.));
#2193=DIRECTION('',(-0.447213595499958,-0.774596669241483,0.447213595499958));
#2194=DIRECTION('',(0.447213595499958,-0.774596669241483,0.447213595499958));
#2195=DIRECTION('',(0.866025403784439,0.5,0.));
#2196=DIRECTION('',(-0.5,0.866025403784439,0.));
#2197=DIRECTION('',(0.,0.,1.));
#2198=DIRECTION('',(0.447213595499958,-0.774596669241483,-0.447213595499958));
#2199=DIRECTION('',(0.,0.5,-0.866025403784439));
#2200=DIRECTION('',(0.,0.866025403784439,0.5));
#2201=DIRECTION('',(1.,0.,0.));
#2202=DIRECTION('',(-0.447213595499958,-0.774596669241483,-0.447213595499958));
#2203=DIRECTION('',(-0.866025403784439,0.5,0.));
#2204=DIRECTION('',(0.5,0.866025403784439,0.));
#2205=DIRECTION('',(0.,0.,-1.));
#2206=DIRECTION('',(-1.,0.,0.));
#2207=DIRECTION('',(0.,0.,1.));
#2208=DIRECTION('',(-1.,0.,0.));
#2209=DIRECTION('',(1.,0.,0.));
#2210=DIRECTION('',(0.,0.,-1.));
#2211=DIRECTION('',(-1.,0.,0.));
#2212=DIRECTION('',(0.,0.,1.));
#2213=DIRECTION('',(0.,0.,1.));
#2214=DIRECTION('',(1.,0.,0.));
#2215=DIRECTION('',(0.,1.,0.));
#2216=DIRECTION('',(0.,-1.,0.));
#2217=DIRECTION('',(-1.,0.,0.));
#2218=DIRECTION('',(0.,-1.,-2.84567499340027E-17));
#2219=DIRECTION('',(0.,2.84567499340027E-17,-1.));
#2220=DIRECTION('',(-1.,0.,0.));
#2221=DIRECTION('',(0.,0.,1.));
#2222=DIRECTION('',(0.,0.,1.));
#2223=DIRECTION('',(0.,0.,1.));
#2224=DIRECTION('',(0.,0.,1.));
#2225=DIRECTION('',(0.,0.,1.));
#2226=DIRECTION('',(0.,0.,1.));
#2227=DIRECTION('',(0.,0.,1.));
#2228=DIRECTION('',(0.,0.,1.));
#2229=DIRECTION('',(1.,0.,0.));
#2230=DIRECTION('',(0.,2.84567499340027E-17,-1.));
#2231=DIRECTION('',(-1.,0.,0.));
#2232=DIRECTION('',(0.,-2.84567499340027E-17,1.));
#2233=DIRECTION('',(1.,0.,0.));
#2234=DIRECTION('',(0.,2.84567499340027E-17,-1.));
#2235=DIRECTION('',(-1.,0.,0.));
#2236=DIRECTION('',(0.,-2.84567499340027E-17,1.));
#2237=DIRECTION('',(0.,0.,-1.));
#2238=DIRECTION('',(-1.,0.,0.));
#2239=DIRECTION('',(0.,-1.,0.));
#2240=DIRECTION('',(0.,1.,0.));
#2241=DIRECTION('',(-1.,0.,0.));
#2242=DIRECTION('',(-1.,0.,0.));
#2243=DIRECTION('',(0.,0.,1.));
#2244=DIRECTION('',(1.,0.,0.));
#2245=DIRECTION('',(0.,0.,-1.));
#2246=DIRECTION('',(-1.,0.,0.));
#2247=DIRECTION('',(0.,0.,1.));
#2248=DIRECTION('',(0.,0.,-1.));
#2249=DIRECTION('',(-1.,0.,0.));
#2250=DIRECTION('',(0.,1.,0.));
#2251=DIRECTION('',(-1.,0.,0.));
#2252=DIRECTION('',(0.,1.,0.));
#2253=DIRECTION('',(-1.,0.,0.));
#2254=DIRECTION('',(0.,0.,1.));
#2255=DIRECTION('',(0.,0.,1.));
#2256=DIRECTION('',(0.,1.,0.));
#2257=DIRECTION('',(0.,0.,1.));
#2258=DIRECTION('',(1.,0.,0.));
#2259=DIRECTION('',(1.,0.,0.));
#2260=DIRECTION('',(0.,1.,0.));
#2261=DIRECTION('',(1.,0.,0.));
#2262=DIRECTION('',(0.,0.,-1.));
#2263=DIRECTION('',(0.,0.,-1.));
#2264=DIRECTION('',(0.,1.,0.));
#2265=DIRECTION('',(0.,0.,1.));
#2266=DIRECTION('',(0.,0.,-1.));
#2267=DIRECTION('',(-1.,0.,0.));
#2268=DIRECTION('',(0.,1.,0.));
#2269=DIRECTION('',(-1.,0.,0.));
#2270=DIRECTION('',(0.,1.,0.));
#2271=DIRECTION('',(-1.,0.,0.));
#2272=DIRECTION('',(0.,0.,1.));
#2273=DIRECTION('',(0.,0.,1.));
#2274=DIRECTION('',(0.,1.,0.));
#2275=DIRECTION('',(0.,0.,1.));
#2276=DIRECTION('',(1.,0.,0.));
#2277=DIRECTION('',(1.,0.,0.));
#2278=DIRECTION('',(0.,1.,0.));
#2279=DIRECTION('',(1.,0.,0.));
#2280=DIRECTION('',(0.,0.,-1.));
#2281=DIRECTION('',(0.,0.,-1.));
#2282=DIRECTION('',(0.,1.,0.));
#2283=DIRECTION('',(0.,0.,1.));
#2284=DIRECTION('',(1.,0.,0.));
#2285=DIRECTION('',(0.,0.,-1.));
#2286=DIRECTION('',(1.,0.,0.));
#2287=DIRECTION('',(0.,0.,-1.));
#2288=DIRECTION('',(-1.,0.,0.));
#2289=DIRECTION('',(0.,0.,1.));
#2290=DIRECTION('',(1.,0.,0.));
#2291=DIRECTION('',(0.,0.,-1.));
#2292=DIRECTION('',(-1.,0.,0.));
#2293=DIRECTION('',(0.,0.,1.));
#2294=DIRECTION('',(-1.,0.,0.));
#2295=DIRECTION('',(0.,0.,1.));
#2296=DIRECTION('',(-1.,0.,0.));
#2297=DIRECTION('',(0.,0.,1.));
#2298=DIRECTION('',(1.,0.,0.));
#2299=DIRECTION('',(0.,0.,-1.));
#2300=DIRECTION('',(0.,0.,1.));
#2301=DIRECTION('',(1.,0.,0.));
#2302=DIRECTION('',(1.,0.,0.));
#2303=DIRECTION('',(0.,0.,-1.));
#2304=DIRECTION('',(0.,1.,0.));
#2305=DIRECTION('',(0.,8.53702498020082E-17,1.));
#2306=DIRECTION('',(0.,-1.,0.));
#2307=DIRECTION('',(0.,1.42283749670014E-15,-1.));
#2308=DIRECTION('',(0.,-1.,0.));
#2309=DIRECTION('',(0.,0.,-1.));
#2310=DIRECTION('',(0.,1.,0.));
#2311=DIRECTION('',(0.,0.,-1.));
#2312=DIRECTION('',(0.,-1.,6.18624998565277E-17));
#2313=DIRECTION('',(0.,0.,-1.));
#2314=DIRECTION('',(0.,1.,0.));
#2315=DIRECTION('',(0.,0.,-1.));
#2316=DIRECTION('',(1.,0.,0.));
#2317=DIRECTION('',(0.,0.,-1.));
#2318=DIRECTION('',(0.,8.53702498020082E-17,1.));
#2319=DIRECTION('',(0.,1.,0.));
#2320=DIRECTION('',(0.,0.,-1.));
#2321=DIRECTION('',(0.,1.,0.));
#2322=DIRECTION('',(0.,0.,-1.));
#2323=DIRECTION('',(0.,-1.,6.18624998565277E-17));
#2324=DIRECTION('',(0.,0.,-1.));
#2325=DIRECTION('',(0.,1.,0.));
#2326=DIRECTION('',(0.,0.,-1.));
#2327=DIRECTION('',(0.,-1.,0.));
#2328=DIRECTION('',(0.,1.42283749670014E-15,-1.));
#2329=DIRECTION('',(0.,-1.,0.));
#2330=DIRECTION('',(0.,0.,-1.));
#2331=DIRECTION('',(-1.,0.,0.));
#2332=DIRECTION('',(1.,0.,0.));
#2333=DIRECTION('',(-1.,0.,0.));
#2334=DIRECTION('',(0.,0.,1.));
#2335=DIRECTION('',(1.,0.,0.));
#2336=DIRECTION('',(-1.,0.,0.));
#2337=DIRECTION('',(-1.,0.,0.));
#2338=DIRECTION('',(0.,-0.034899496702501,0.999390827019096));
#2339=DIRECTION('',(0.,-0.999390827019096,-0.034899496702501));
#2340=DIRECTION('',(-1.,0.,0.));
#2341=DIRECTION('',(0.0348782627423746,0.998782765958718,0.0348782627423746));
#2342=DIRECTION('',(1.,0.,0.));
#2343=DIRECTION('',(-0.0348782627423746,0.998782765958718,0.0348782627423746));
#2344=DIRECTION('',(0.999390827019096,-0.034899496702501,0.));
#2345=DIRECTION('',(-0.034899496702501,-0.999390827019096,0.));
#2346=DIRECTION('',(2.98119481478885E-18,8.53702498020082E-17,1.));
#2347=DIRECTION('',(0.0348782627423746,0.998782765958718,-0.0348782627423746));
#2348=DIRECTION('',(0.,0.,-1.));
#2349=DIRECTION('',(0.,-0.034899496702501,-0.999390827019096));
#2350=DIRECTION('',(0.,-0.999390827019096,0.034899496702501));
#2351=DIRECTION('',(1.,0.,0.));
#2352=DIRECTION('',(-0.0348782627423746,0.998782765958718,-0.0348782627423746));
#2353=DIRECTION('',(-1.,0.,0.));
#2354=DIRECTION('',(-0.999390827019096,-0.034899496702501,0.));
#2355=DIRECTION('',(0.034899496702501,-0.999390827019096,0.));
#2356=DIRECTION('',(2.98119481478885E-18,-8.53702498020082E-17,-1.));
#2357=DIRECTION('',(0.,0.,1.));
#2358=DIRECTION('',(0.,-0.034899496702501,0.999390827019096));
#2359=DIRECTION('',(0.,-0.999390827019096,-0.034899496702501));
#2360=DIRECTION('',(-1.,0.,0.));
#2361=DIRECTION('',(0.0348782627423746,0.998782765958718,0.0348782627423746));
#2362=DIRECTION('',(1.,0.,0.));
#2363=DIRECTION('',(-0.0348782627423746,0.998782765958718,0.0348782627423746));
#2364=DIRECTION('',(0.999390827019096,-0.034899496702501,0.));
#2365=DIRECTION('',(-0.034899496702501,-0.999390827019096,0.));
#2366=DIRECTION('',(2.98119481478885E-18,8.53702498020082E-17,1.));
#2367=DIRECTION('',(0.0348782627423746,0.998782765958718,-0.0348782627423746));
#2368=DIRECTION('',(0.,0.,-1.));
#2369=DIRECTION('',(0.,-0.034899496702501,-0.999390827019096));
#2370=DIRECTION('',(0.,-0.999390827019096,0.034899496702501));
#2371=DIRECTION('',(1.,0.,0.));
#2372=DIRECTION('',(-0.0348782627423746,0.998782765958718,-0.0348782627423746));
#2373=DIRECTION('',(-1.,0.,0.));
#2374=DIRECTION('',(-0.999390827019096,-0.034899496702501,0.));
#2375=DIRECTION('',(0.034899496702501,-0.999390827019096,0.));
#2376=DIRECTION('',(2.98119481478885E-18,-8.53702498020082E-17,-1.));
#2377=DIRECTION('',(0.,0.,1.));
#2378=DIRECTION('',(0.,0.,-1.));
#2379=DIRECTION('',(-1.,0.,0.));
#2380=DIRECTION('',(-1.,0.,0.));
#2381=DIRECTION('',(-1.,0.,0.));
#2382=DIRECTION('',(-1.,0.,0.));
#2383=DIRECTION('',(0.,1.,0.));
#2384=DIRECTION('',(-1.,0.,0.));
#2385=DIRECTION('',(0.,-1.,0.));
#2386=DIRECTION('',(-1.,0.,0.));
#2387=DIRECTION('',(0.,1.,0.));
#2388=DIRECTION('',(-1.,0.,0.));
#2389=DIRECTION('',(0.,-1.,0.));
#2390=DIRECTION('',(0.,1.,0.));
#2391=DIRECTION('',(0.,0.,1.));
#2392=DIRECTION('',(0.,0.,-1.));
#2393=DIRECTION('',(0.,0.,-1.));
#2394=DIRECTION('',(-1.,0.,0.));
#2395=DIRECTION('',(0.,1.,0.));
#2396=DIRECTION('',(0.,0.,1.));
#2397=DIRECTION('',(0.,0.,-1.));
#2398=DIRECTION('',(0.,0.,-1.));
#2399=DIRECTION('',(-1.,0.,0.));
#2400=DIRECTION('',(0.,0.,1.));
#2401=DIRECTION('',(1.,0.,0.));
#2402=DIRECTION('',(1.,0.,0.));
#2403=DIRECTION('',(0.,1.,0.));
#2404=DIRECTION('',(0.,-1.,0.));
#2405=DIRECTION('',(1.,0.,0.));
#2406=DIRECTION('',(0.,1.,0.));
#2407=DIRECTION('',(0.,-1.,0.));
#2408=DIRECTION('',(1.,0.,0.));
#2409=DIRECTION('',(-1.,0.,0.));
#2410=DIRECTION('',(0.,-6.18624998565277E-17,-1.));
#2411=DIRECTION('',(0.,1.,-6.18624998565277E-17));
#2412=DIRECTION('',(-1.,0.,0.));
#2413=DIRECTION('',(-1.,0.,0.));
#2414=DIRECTION('',(-1.,0.,0.));
#2415=DIRECTION('',(0.,1.,-6.18624998565277E-17));
#2416=DIRECTION('',(-1.,0.,0.));
#2417=DIRECTION('',(0.,-1.,6.18624998565277E-17));
#2418=DIRECTION('',(-1.,0.,0.));
#2419=DIRECTION('',(0.,1.,-6.18624998565277E-17));
#2420=DIRECTION('',(-1.,0.,0.));
#2421=DIRECTION('',(0.,-1.,6.18624998565277E-17));
#2422=DIRECTION('',(0.,1.,0.));
#2423=DIRECTION('',(0.,0.,1.));
#2424=DIRECTION('',(0.,0.,-1.));
#2425=DIRECTION('',(0.,0.,-1.));
#2426=DIRECTION('',(-1.,0.,0.));
#2427=DIRECTION('',(0.,1.,0.));
#2428=DIRECTION('',(0.,0.,1.));
#2429=DIRECTION('',(0.,0.,-1.));
#2430=DIRECTION('',(0.,0.,-1.));
#2431=DIRECTION('',(-1.,0.,0.));
#2432=DIRECTION('',(0.,0.,1.));
#2433=DIRECTION('',(1.,0.,0.));
#2434=DIRECTION('',(1.,0.,0.));
#2435=DIRECTION('',(0.,1.,0.));
#2436=DIRECTION('',(0.,-1.,0.));
#2437=DIRECTION('',(1.,0.,0.));
#2438=DIRECTION('',(0.,1.,0.));
#2439=DIRECTION('',(0.,-1.,0.));
#2440=DIRECTION('',(1.,0.,0.));
#2441=DIRECTION('',(-1.,0.,0.));
#2442=DIRECTION('',(0.,1.,1.42283749670014E-15));
#2443=DIRECTION('',(0.,-1.42283749670014E-15,1.));
#2444=DIRECTION('',(0.,1.,0.));
#2445=DIRECTION('',(0.,0.,1.));
#2446=DIRECTION('',(0.,1.,0.));
#2447=DIRECTION('',(0.,0.,1.));
#2448=DIRECTION('',(0.,-1.,0.));
#2449=DIRECTION('',(0.,0.,-1.));
#2450=DIRECTION('',(0.,0.,-1.));
#2451=DIRECTION('',(-1.,0.,0.));
#2452=DIRECTION('',(0.,0.,1.));
#2453=DIRECTION('',(0.,-1.,0.));
#2454=DIRECTION('',(0.,0.,-1.));
#2455=DIRECTION('',(0.,0.,-1.));
#2456=DIRECTION('',(-1.,0.,0.));
#2457=DIRECTION('',(0.,0.,1.));
#2458=DIRECTION('',(0.,-1.,0.));
#2459=DIRECTION('',(0.,0.,-1.));
#2460=DIRECTION('',(0.,0.,-1.));
#2461=DIRECTION('',(1.,0.,0.));
#2462=DIRECTION('',(0.,0.,-1.));
#2463=DIRECTION('',(0.,-1.,0.));
#2464=DIRECTION('',(0.,0.,-1.));
#2465=DIRECTION('',(0.,0.,-1.));
#2466=DIRECTION('',(1.,0.,0.));
#2467=DIRECTION('',(0.,0.,-1.));
#2468=DIRECTION('',(1.,0.,0.));
#2469=DIRECTION('',(0.,0.,-1.));
#2470=DIRECTION('',(0.,0.,-1.));
#2471=DIRECTION('',(0.,-1.,0.));
#2472=DIRECTION('',(0.,0.,-1.));
#2473=DIRECTION('',(0.,0.,-1.));
#2474=DIRECTION('',(-1.,0.,0.));
#2475=DIRECTION('',(0.,0.,1.));
#2476=DIRECTION('',(-1.,0.,0.));
#2477=DIRECTION('',(0.,0.,1.));
#2478=DIRECTION('',(0.,0.,-1.));
#2479=DIRECTION('',(0.,-1.,0.));
#2480=DIRECTION('',(0.,0.,-1.));
#2481=DIRECTION('',(0.,0.,-1.));
#2482=DIRECTION('',(1.,0.,0.));
#2483=DIRECTION('',(0.,0.,-1.));
#2484=DIRECTION('',(0.,1.,-8.53702498020082E-17));
#2485=DIRECTION('',(0.,8.53702498020082E-17,1.));
#2486=DIRECTION('',(0.,0.,1.));
#2487=DIRECTION('',(1.,0.,0.));
#2488=DIRECTION('',(1.,0.,0.));
#2489=DIRECTION('',(0.,0.,-1.));
#2490=DIRECTION('',(0.,-1.,0.));
#2491=DIRECTION('',(0.,8.53702498020082E-17,-1.));
#2492=DIRECTION('',(0.,1.,0.));
#2493=DIRECTION('',(0.,0.,1.));
#2494=DIRECTION('',(1.,0.,0.));
#2495=DIRECTION('',(0.,0.,-1.));
#2496=DIRECTION('',(0.,8.53702498020082E-17,-1.));
#2497=DIRECTION('',(0.,-1.,0.));
#2498=DIRECTION('',(0.,0.,1.));
#2499=DIRECTION('',(0.,1.,0.));
#2500=DIRECTION('',(0.,0.,-1.));
#2501=DIRECTION('',(-1.,0.,0.));
#2502=DIRECTION('',(-1.,0.,0.));
#2503=DIRECTION('',(-1.,0.,0.));
#2504=DIRECTION('',(0.,0.,1.));
#2505=DIRECTION('',(1.,0.,0.));
#2506=DIRECTION('',(1.,0.,0.));
#2507=DIRECTION('',(-1.,0.,0.));
#2508=DIRECTION('',(0.,-0.034899496702501,0.999390827019096));
#2509=DIRECTION('',(0.,-0.999390827019096,-0.034899496702501));
#2510=DIRECTION('',(1.,0.,0.));
#2511=DIRECTION('',(-0.0348782627423746,0.998782765958718,0.0348782627423746));
#2512=DIRECTION('',(-1.,0.,0.));
#2513=DIRECTION('',(0.0348782627423746,0.998782765958718,0.0348782627423746));
#2514=DIRECTION('',(0.999390827019096,-0.034899496702501,0.));
#2515=DIRECTION('',(-0.034899496702501,-0.999390827019096,0.));
#2516=DIRECTION('',(2.98119481478885E-18,8.53702498020082E-17,-1.));
#2517=DIRECTION('',(0.,0.,1.));
#2518=DIRECTION('',(0.0348782627423746,0.998782765958718,-0.0348782627423746));
#2519=DIRECTION('',(0.,-0.034899496702501,-0.999390827019096));
#2520=DIRECTION('',(0.,-0.999390827019096,0.034899496702501));
#2521=DIRECTION('',(-1.,0.,0.));
#2522=DIRECTION('',(1.,0.,0.));
#2523=DIRECTION('',(-0.0348782627423746,0.998782765958718,-0.0348782627423746));
#2524=DIRECTION('',(-0.999390827019096,-0.034899496702501,0.));
#2525=DIRECTION('',(0.034899496702501,-0.999390827019096,0.));
#2526=DIRECTION('',(2.98119481478885E-18,-8.53702498020082E-17,1.));
#2527=DIRECTION('',(0.,0.,-1.));
#2528=DIRECTION('',(0.,-0.034899496702501,0.999390827019096));
#2529=DIRECTION('',(0.,-0.999390827019096,-0.034899496702501));
#2530=DIRECTION('',(1.,0.,0.));
#2531=DIRECTION('',(-0.0348782627423746,0.998782765958718,0.0348782627423746));
#2532=DIRECTION('',(-1.,0.,0.));
#2533=DIRECTION('',(0.0348782627423746,0.998782765958718,0.0348782627423746));
#2534=DIRECTION('',(0.999390827019096,-0.034899496702501,0.));
#2535=DIRECTION('',(-0.034899496702501,-0.999390827019096,0.));
#2536=DIRECTION('',(2.98119481478885E-18,8.53702498020082E-17,-1.));
#2537=DIRECTION('',(0.,0.,1.));
#2538=DIRECTION('',(0.0348782627423746,0.998782765958718,-0.0348782627423746));
#2539=DIRECTION('',(0.,-0.034899496702501,-0.999390827019096));
#2540=DIRECTION('',(0.,-0.999390827019096,0.034899496702501));
#2541=DIRECTION('',(-1.,0.,0.));
#2542=DIRECTION('',(1.,0.,0.));
#2543=DIRECTION('',(-0.0348782627423746,0.998782765958718,-0.0348782627423746));
#2544=DIRECTION('',(-0.999390827019096,-0.034899496702501,0.));
#2545=DIRECTION('',(0.034899496702501,-0.999390827019096,0.));
#2546=DIRECTION('',(2.98119481478885E-18,-8.53702498020082E-17,1.));
#2547=DIRECTION('',(0.,0.,-1.));
#2548=DIRECTION('',(0.,-1.,0.));
#2549=DIRECTION('',(0.,0.,-1.));
#2550=DIRECTION('',(0.,-1.,-8.53702498020082E-17));
#2551=DIRECTION('',(0.,8.53702498020082E-17,-1.));
#2552=DIRECTION('',(0.,0.,1.));
#2553=DIRECTION('',(1.,0.,0.));
#2554=CARTESIAN_POINT('',(0.,0.,0.));
#2555=CARTESIAN_POINT('',(0.,0.,0.));
#2556=CARTESIAN_POINT('',(0.2,0.,-0.1));
#2557=CARTESIAN_POINT('',(-0.05,0.,-0.1));
#2558=CARTESIAN_POINT('',(-0.15,0.,-0.1));
#2559=CARTESIAN_POINT('',(-0.05,0.,0.));
#2560=CARTESIAN_POINT('',(-0.05,2.13425624505021E-18,-0.084));
#2561=CARTESIAN_POINT('',(0.2,0.,-0.084));
#2562=CARTESIAN_POINT('',(-0.15,2.13425624505021E-18,-0.084));
#2563=CARTESIAN_POINT('',(-0.15,0.,0.));
#2564=CARTESIAN_POINT('',(0.,0.,0.));
#2565=CARTESIAN_POINT('',(0.2,3.20138436757531E-18,0.084));
#2566=CARTESIAN_POINT('',(-0.05,3.20138436757531E-18,0.084));
#2567=CARTESIAN_POINT('',(-0.15,3.20138436757531E-18,0.084));
#2568=CARTESIAN_POINT('',(-0.05,0.,0.));
#2569=CARTESIAN_POINT('',(-0.05,0.,0.1));
#2570=CARTESIAN_POINT('',(-0.2,0.,0.1));
#2571=CARTESIAN_POINT('',(-0.15,0.,0.1));
#2572=CARTESIAN_POINT('',(-0.15,0.,0.));
#2573=CARTESIAN_POINT('',(0.2,0.00899999999999998,-0.084));
#2574=CARTESIAN_POINT('',(-0.05,0.00899999999999998,-0.084));
#2575=CARTESIAN_POINT('',(-0.05,0.009,-0.075));
#2576=CARTESIAN_POINT('',(0.2,0.009,-0.075));
#2577=CARTESIAN_POINT('',(-0.15,0.009,-0.075));
#2578=CARTESIAN_POINT('',(-0.15,0.00899999999999998,-0.084));
#2579=CARTESIAN_POINT('',(0.2,0.009,-0.075));
#2580=CARTESIAN_POINT('',(-0.05,0.009,-0.075));
#2581=CARTESIAN_POINT('',(-0.05,0.026,-0.075));
#2582=CARTESIAN_POINT('',(0.2,0.026,-0.075));
#2583=CARTESIAN_POINT('',(-0.15,0.026,-0.075));
#2584=CARTESIAN_POINT('',(-0.15,0.009,-0.075));
#2585=CARTESIAN_POINT('',(0.2,0.026,0.075));
#2586=CARTESIAN_POINT('',(-0.05,0.026,0.075));
#2587=CARTESIAN_POINT('',(-0.05,0.009,0.075));
#2588=CARTESIAN_POINT('',(-0.05,0.026,0.075));
#2589=CARTESIAN_POINT('',(0.2,0.009,0.075));
#2590=CARTESIAN_POINT('',(-0.15,0.009,0.075));
#2591=CARTESIAN_POINT('',(-0.15,0.026,0.075));
#2592=CARTESIAN_POINT('',(-0.15,0.026,0.075));
#2593=CARTESIAN_POINT('',(0.2,0.026,0.075));
#2594=CARTESIAN_POINT('',(0.2,0.009,0.084));
#2595=CARTESIAN_POINT('',(-0.05,0.009,0.084));
#2596=CARTESIAN_POINT('',(-0.15,0.009,0.084));
#2597=CARTESIAN_POINT('',(-0.2,0.351,-0.1));
#2598=CARTESIAN_POINT('',(-0.2,0.351,-0.1));
#2599=CARTESIAN_POINT('',(-0.2,0.351,-0.1));
#2600=CARTESIAN_POINT('',(-0.2,0.026,-0.1));
#2601=CARTESIAN_POINT('',(-0.2,0.026,-0.075));
#2602=CARTESIAN_POINT('',(-0.2,0.026,0.1));
#2603=CARTESIAN_POINT('',(-0.2,0.351,0.1));
#2604=CARTESIAN_POINT('',(-0.2,0.351,0.1));
#2605=CARTESIAN_POINT('',(-0.2,0.351,-0.1));
#2606=CARTESIAN_POINT('',(0.2,0.351,0.1));
#2607=CARTESIAN_POINT('',(0.2,0.351,0.1));
#2608=CARTESIAN_POINT('',(0.2,0.351,0.1));
#2609=CARTESIAN_POINT('',(0.2,0.026,0.1));
#2610=CARTESIAN_POINT('',(0.2,0.026,-0.075));
#2611=CARTESIAN_POINT('',(0.2,0.026,-0.1));
#2612=CARTESIAN_POINT('',(0.2,0.351,-0.1));
#2613=CARTESIAN_POINT('',(0.2,0.351,-0.1));
#2614=CARTESIAN_POINT('',(0.2,0.351,0.1));
#2615=CARTESIAN_POINT('',(0.,0.,0.));
#2616=CARTESIAN_POINT('',(0.2,0.,-0.084));
#2617=CARTESIAN_POINT('',(0.15,2.13425624505021E-18,-0.084));
#2618=CARTESIAN_POINT('',(0.05,2.13425624505021E-18,-0.084));
#2619=CARTESIAN_POINT('',(0.05,0.,0.));
#2620=CARTESIAN_POINT('',(0.05,0.,-0.1));
#2621=CARTESIAN_POINT('',(0.2,0.,-0.1));
#2622=CARTESIAN_POINT('',(0.15,0.,-0.1));
#2623=CARTESIAN_POINT('',(0.15,0.,0.));
#2624=CARTESIAN_POINT('',(0.,0.351,0.));
#2625=CARTESIAN_POINT('',(0.2,0.351,-0.1));
#2626=CARTESIAN_POINT('',(-0.2,0.351,0.1));
#2627=CARTESIAN_POINT('',(-0.144320508075689,0.351,-0.027));
#2628=CARTESIAN_POINT('',(-0.144320508075689,0.351,-0.0443205080756888));
#2629=CARTESIAN_POINT('',(-0.144320508075689,0.351,0.0443205080756888));
#2630=CARTESIAN_POINT('',(-0.073,0.351,-0.0443205080756888));
#2631=CARTESIAN_POINT('',(-0.0556794919243112,0.351,-0.0443205080756888));
#2632=CARTESIAN_POINT('',(-0.0556794919243112,0.351,0.027));
#2633=CARTESIAN_POINT('',(-0.0556794919243112,0.351,0.0443205080756888));
#2634=CARTESIAN_POINT('',(-0.127,0.351,0.0443205080756888));
#2635=CARTESIAN_POINT('',(0.0556794919243112,0.351,-0.027));
#2636=CARTESIAN_POINT('',(0.0556794919243112,0.351,-0.0443205080756888));
#2637=CARTESIAN_POINT('',(0.0556794919243112,0.351,0.0443205080756888));
#2638=CARTESIAN_POINT('',(0.127,0.351,-0.0443205080756888));
#2639=CARTESIAN_POINT('',(0.144320508075689,0.351,-0.0443205080756888));
#2640=CARTESIAN_POINT('',(0.144320508075689,0.351,0.027));
#2641=CARTESIAN_POINT('',(0.144320508075689,0.351,0.0443205080756888));
#2642=CARTESIAN_POINT('',(0.073,0.351,0.0443205080756888));
#2643=CARTESIAN_POINT('',(0.2,0.351,-0.1));
#2644=CARTESIAN_POINT('',(0.05,0.026,-0.1));
#2645=CARTESIAN_POINT('',(0.05,0.026,-0.1));
#2646=CARTESIAN_POINT('',(-0.05,0.026,-0.1));
#2647=CARTESIAN_POINT('',(-0.05,0.026,-0.1));
#2648=CARTESIAN_POINT('',(-0.15,-0.017,-0.1));
#2649=CARTESIAN_POINT('',(-0.15,0.026,-0.1));
#2650=CARTESIAN_POINT('',(-0.15,0.026,-0.1));
#2651=CARTESIAN_POINT('',(0.25,0.026,-0.1));
#2652=CARTESIAN_POINT('',(0.15,0.026,-0.1));
#2653=CARTESIAN_POINT('',(0.15,0.026,-0.1));
#2654=CARTESIAN_POINT('',(0.05,-0.017,-0.1));
#2655=CARTESIAN_POINT('',(-0.2,0.351,0.1));
#2656=CARTESIAN_POINT('',(-0.05,0.026,0.1));
#2657=CARTESIAN_POINT('',(-0.05,0.026,0.1));
#2658=CARTESIAN_POINT('',(0.05,0.026,0.1));
#2659=CARTESIAN_POINT('',(0.05,0.026,0.1));
#2660=CARTESIAN_POINT('',(0.05,-0.017,0.1));
#2661=CARTESIAN_POINT('',(0.05,0.,0.1));
#2662=CARTESIAN_POINT('',(-0.2,0.,0.1));
#2663=CARTESIAN_POINT('',(0.15,0.,0.1));
#2664=CARTESIAN_POINT('',(0.15,0.026,0.1));
#2665=CARTESIAN_POINT('',(0.15,0.026,0.1));
#2666=CARTESIAN_POINT('',(0.25,0.026,0.1));
#2667=CARTESIAN_POINT('',(-0.15,0.026,0.1));
#2668=CARTESIAN_POINT('',(-0.15,0.026,0.1));
#2669=CARTESIAN_POINT('',(-0.15,-0.017,0.1));
#2670=CARTESIAN_POINT('',(0.,0.,0.));
#2671=CARTESIAN_POINT('',(0.05,0.,0.));
#2672=CARTESIAN_POINT('',(0.05,3.20138436757531E-18,0.084));
#2673=CARTESIAN_POINT('',(0.2,3.20138436757531E-18,0.084));
#2674=CARTESIAN_POINT('',(0.15,3.20138436757531E-18,0.084));
#2675=CARTESIAN_POINT('',(0.15,0.,0.));
#2676=CARTESIAN_POINT('',(-0.073,0.321,-0.027));
#2677=CARTESIAN_POINT('',(-0.073,0.321,-0.027));
#2678=CARTESIAN_POINT('',(-0.073,0.321,-0.027));
#2679=CARTESIAN_POINT('',(-0.127,0.321,-0.027));
#2680=CARTESIAN_POINT('',(-0.073,0.321,-0.027));
#2681=CARTESIAN_POINT('',(-0.127,0.321,-0.027));
#2682=CARTESIAN_POINT('',(-0.127,0.321,-0.027));
#2683=CARTESIAN_POINT('',(-0.127,0.321,-0.027));
#2684=CARTESIAN_POINT('',(-0.127,0.321,0.027));
#2685=CARTESIAN_POINT('',(-0.127,0.321,0.027));
#2686=CARTESIAN_POINT('',(-0.127,0.321,0.027));
#2687=CARTESIAN_POINT('',(-0.127,0.321,0.027));
#2688=CARTESIAN_POINT('',(-0.073,0.321,0.027));
#2689=CARTESIAN_POINT('',(-0.073,0.321,0.027));
#2690=CARTESIAN_POINT('',(-0.073,0.321,0.027));
#2691=CARTESIAN_POINT('',(-0.073,0.321,0.027));
#2692=CARTESIAN_POINT('',(0.127,0.321,-0.027));
#2693=CARTESIAN_POINT('',(0.127,0.321,-0.027));
#2694=CARTESIAN_POINT('',(0.127,0.321,-0.027));
#2695=CARTESIAN_POINT('',(0.073,0.321,-0.027));
#2696=CARTESIAN_POINT('',(0.127,0.321,-0.027));
#2697=CARTESIAN_POINT('',(0.073,0.321,-0.027));
#2698=CARTESIAN_POINT('',(0.073,0.321,-0.027));
#2699=CARTESIAN_POINT('',(0.073,0.321,-0.027));
#2700=CARTESIAN_POINT('',(0.073,0.321,0.027));
#2701=CARTESIAN_POINT('',(0.073,0.321,0.027));
#2702=CARTESIAN_POINT('',(0.073,0.321,0.027));
#2703=CARTESIAN_POINT('',(0.073,0.321,0.027));
#2704=CARTESIAN_POINT('',(0.127,0.321,0.027));
#2705=CARTESIAN_POINT('',(0.127,0.321,0.027));
#2706=CARTESIAN_POINT('',(0.127,0.321,0.027));
#2707=CARTESIAN_POINT('',(0.127,0.321,0.027));
#2708=CARTESIAN_POINT('',(0.2,0.00899999999999998,-0.084));
#2709=CARTESIAN_POINT('',(0.2,0.009,-0.075));
#2710=CARTESIAN_POINT('',(0.15,0.009,-0.075));
#2711=CARTESIAN_POINT('',(0.05,0.009,-0.075));
#2712=CARTESIAN_POINT('',(0.05,0.00899999999999998,-0.084));
#2713=CARTESIAN_POINT('',(0.15,0.00899999999999998,-0.084));
#2714=CARTESIAN_POINT('',(0.2,0.009,-0.075));
#2715=CARTESIAN_POINT('',(0.05,0.009,-0.075));
#2716=CARTESIAN_POINT('',(0.05,0.026,-0.075));
#2717=CARTESIAN_POINT('',(0.15,0.009,-0.075));
#2718=CARTESIAN_POINT('',(0.15,0.026,-0.075));
#2719=CARTESIAN_POINT('',(0.2,0.026,-0.075));
#2720=CARTESIAN_POINT('',(0.2,0.026,-0.075));
#2721=CARTESIAN_POINT('',(0.2,0.026,0.075));
#2722=CARTESIAN_POINT('',(0.15,0.026,0.075));
#2723=CARTESIAN_POINT('',(0.05,0.026,0.075));
#2724=CARTESIAN_POINT('',(0.05,0.026,-0.1));
#2725=CARTESIAN_POINT('',(-0.05,0.026,-0.1));
#2726=CARTESIAN_POINT('',(-0.15,0.026,-0.1));
#2727=CARTESIAN_POINT('',(-0.15,0.026,-0.1));
#2728=CARTESIAN_POINT('',(-0.05,0.026,-0.1));
#2729=CARTESIAN_POINT('',(0.05,0.026,-0.1));
#2730=CARTESIAN_POINT('',(0.15,0.026,-0.1));
#2731=CARTESIAN_POINT('',(0.15,0.026,-0.1));
#2732=CARTESIAN_POINT('',(0.2,0.026,-0.045));
#2733=CARTESIAN_POINT('',(0.055,0.026,-0.045));
#2734=CARTESIAN_POINT('',(0.145,0.026,-0.045));
#2735=CARTESIAN_POINT('',(0.055,0.026,-0.075));
#2736=CARTESIAN_POINT('',(0.055,0.026,0.045));
#2737=CARTESIAN_POINT('',(0.2,0.026,0.045));
#2738=CARTESIAN_POINT('',(0.145,0.026,0.045));
#2739=CARTESIAN_POINT('',(0.145,0.026,-0.075));
#2740=CARTESIAN_POINT('',(0.2,0.026,-0.045));
#2741=CARTESIAN_POINT('',(-0.145,0.026,-0.045));
#2742=CARTESIAN_POINT('',(-0.055,0.026,-0.045));
#2743=CARTESIAN_POINT('',(-0.145,0.026,-0.075));
#2744=CARTESIAN_POINT('',(-0.145,0.026,0.045));
#2745=CARTESIAN_POINT('',(0.2,0.026,0.045));
#2746=CARTESIAN_POINT('',(-0.055,0.026,0.045));
#2747=CARTESIAN_POINT('',(-0.055,0.026,-0.075));
#2748=CARTESIAN_POINT('',(0.2,0.026,0.075));
#2749=CARTESIAN_POINT('',(0.05,0.026,0.075));
#2750=CARTESIAN_POINT('',(0.05,0.009,0.075));
#2751=CARTESIAN_POINT('',(0.15,0.026,0.075));
#2752=CARTESIAN_POINT('',(0.15,0.009,0.075));
#2753=CARTESIAN_POINT('',(0.2,0.009,0.075));
#2754=CARTESIAN_POINT('',(0.2,0.009,0.084));
#2755=CARTESIAN_POINT('',(0.05,0.009,0.084));
#2756=CARTESIAN_POINT('',(0.15,0.009,0.084));
#2757=CARTESIAN_POINT('',(-0.055,-0.03,-0.045));
#2758=CARTESIAN_POINT('',(-0.055,-0.03,-0.045));
#2759=CARTESIAN_POINT('',(-0.055,0.321,-0.045));
#2760=CARTESIAN_POINT('',(-0.055,0.321,-0.045));
#2761=CARTESIAN_POINT('',(-0.145,0.321,-0.045));
#2762=CARTESIAN_POINT('',(-0.145,-0.03,-0.045));
#2763=CARTESIAN_POINT('',(-0.145,-0.03,-0.045));
#2764=CARTESIAN_POINT('',(-0.145,0.321,-0.045));
#2765=CARTESIAN_POINT('',(-0.145,0.321,0.045));
#2766=CARTESIAN_POINT('',(-0.145,-0.03,0.045));
#2767=CARTESIAN_POINT('',(-0.145,-0.03,0.045));
#2768=CARTESIAN_POINT('',(-0.145,0.321,0.045));
#2769=CARTESIAN_POINT('',(-0.055,0.321,0.045));
#2770=CARTESIAN_POINT('',(-0.055,-0.03,0.045));
#2771=CARTESIAN_POINT('',(-0.055,-0.03,0.045));
#2772=CARTESIAN_POINT('',(-0.055,0.321,0.045));
#2773=CARTESIAN_POINT('',(0.,0.321,0.));
#2774=CARTESIAN_POINT('',(0.145,-0.03,-0.045));
#2775=CARTESIAN_POINT('',(0.145,-0.03,-0.045));
#2776=CARTESIAN_POINT('',(0.145,0.321,-0.045));
#2777=CARTESIAN_POINT('',(0.145,0.321,-0.045));
#2778=CARTESIAN_POINT('',(0.055,0.321,-0.045));
#2779=CARTESIAN_POINT('',(0.055,-0.03,-0.045));
#2780=CARTESIAN_POINT('',(0.055,-0.03,-0.045));
#2781=CARTESIAN_POINT('',(0.055,0.321,-0.045));
#2782=CARTESIAN_POINT('',(0.055,0.321,0.045));
#2783=CARTESIAN_POINT('',(0.055,-0.03,0.045));
#2784=CARTESIAN_POINT('',(0.055,-0.03,0.045));
#2785=CARTESIAN_POINT('',(0.055,0.321,0.045));
#2786=CARTESIAN_POINT('',(0.145,0.321,0.045));
#2787=CARTESIAN_POINT('',(0.145,-0.03,0.045));
#2788=CARTESIAN_POINT('',(0.145,-0.03,0.045));
#2789=CARTESIAN_POINT('',(0.145,0.321,0.045));
#2790=CARTESIAN_POINT('',(0.2,0.321,0.));
#2791=CARTESIAN_POINT('',(-0.15,-0.017,-0.1));
#2792=CARTESIAN_POINT('',(-0.15,-0.017,-0.1));
#2793=CARTESIAN_POINT('',(0.15,0.026,-0.1));
#2794=CARTESIAN_POINT('',(0.05,-0.017,-0.1));
#2795=CARTESIAN_POINT('',(-0.05,0.026,-0.1));
#2796=CARTESIAN_POINT('',(0.15,0.026,-0.1));
#2797=CARTESIAN_POINT('',(-0.05,0.026,-0.1));
#2798=CARTESIAN_POINT('',(0.05,-0.017,-0.1));
#2799=CARTESIAN_POINT('',(0.,0.017,0.));
#2800=CARTESIAN_POINT('',(0.19,0.,0.));
#2801=CARTESIAN_POINT('',(0.19,0.036,-0.0665));
#2802=CARTESIAN_POINT('',(0.19,0.036,-0.0665));
#2803=CARTESIAN_POINT('',(0.19,0.0450000000000008,-0.0665));
#2804=CARTESIAN_POINT('',(0.19,0.0450000000000009,-3.84166124109044E-18));
#2805=CARTESIAN_POINT('',(0.19,0.0450000000000009,0.0665));
#2806=CARTESIAN_POINT('',(0.19,0.302,0.0665));
#2807=CARTESIAN_POINT('',(0.19,0.036,0.0665));
#2808=CARTESIAN_POINT('',(0.19,0.036,0.0665));
#2809=CARTESIAN_POINT('',(0.19,0.036,0.0575));
#2810=CARTESIAN_POINT('',(0.19,0.036,0.0575));
#2811=CARTESIAN_POINT('',(0.19,0.035,0.0575));
#2812=CARTESIAN_POINT('',(0.19,0.035,0.));
#2813=CARTESIAN_POINT('',(0.19,0.035,0.0395));
#2814=CARTESIAN_POINT('',(0.19,-0.102,0.0395));
#2815=CARTESIAN_POINT('',(0.19,0.036,0.0395));
#2816=CARTESIAN_POINT('',(0.19,0.036,0.0395));
#2817=CARTESIAN_POINT('',(0.19,0.036,-0.0395));
#2818=CARTESIAN_POINT('',(0.19,0.036,-0.0395));
#2819=CARTESIAN_POINT('',(0.19,0.035,-0.0395));
#2820=CARTESIAN_POINT('',(0.19,0.035,0.));
#2821=CARTESIAN_POINT('',(0.19,0.035,-0.0575));
#2822=CARTESIAN_POINT('',(0.19,-0.102,-0.0575));
#2823=CARTESIAN_POINT('',(0.19,0.036,-0.0575));
#2824=CARTESIAN_POINT('',(0.19,0.036,-0.0575));
#2825=CARTESIAN_POINT('',(-0.19,0.,0.));
#2826=CARTESIAN_POINT('',(-0.19,0.0450000000000009,-3.84166124109044E-18));
#2827=CARTESIAN_POINT('',(-0.19,0.0450000000000008,-0.0665));
#2828=CARTESIAN_POINT('',(-0.19,0.0450000000000009,0.0665));
#2829=CARTESIAN_POINT('',(-0.19,0.036,-0.0665));
#2830=CARTESIAN_POINT('',(-0.19,0.036,-0.0665));
#2831=CARTESIAN_POINT('',(-0.19,0.036,-0.0575));
#2832=CARTESIAN_POINT('',(-0.19,0.036,-0.0575));
#2833=CARTESIAN_POINT('',(-0.19,-0.102,-0.0575));
#2834=CARTESIAN_POINT('',(-0.19,0.035,-0.0575));
#2835=CARTESIAN_POINT('',(-0.19,0.035,0.));
#2836=CARTESIAN_POINT('',(-0.19,0.035,-0.0395));
#2837=CARTESIAN_POINT('',(-0.19,0.036,-0.0395));
#2838=CARTESIAN_POINT('',(-0.19,0.036,-0.0395));
#2839=CARTESIAN_POINT('',(-0.19,0.036,0.0395));
#2840=CARTESIAN_POINT('',(-0.19,0.036,0.0395));
#2841=CARTESIAN_POINT('',(-0.19,-0.102,0.0395));
#2842=CARTESIAN_POINT('',(-0.19,0.035,0.0395));
#2843=CARTESIAN_POINT('',(-0.19,0.035,0.));
#2844=CARTESIAN_POINT('',(-0.19,0.035,0.0575));
#2845=CARTESIAN_POINT('',(-0.19,0.036,0.0575));
#2846=CARTESIAN_POINT('',(-0.19,0.036,0.0575));
#2847=CARTESIAN_POINT('',(-0.19,0.036,0.0665));
#2848=CARTESIAN_POINT('',(-0.19,0.036,0.0665));
#2849=CARTESIAN_POINT('',(-0.19,0.302,0.0665));
#2850=CARTESIAN_POINT('',(0.19,0.302,0.0665));
#2851=CARTESIAN_POINT('',(0.19,0.0450000000000009,0.0665));
#2852=CARTESIAN_POINT('',(0.19,0.036,0.0665));
#2853=CARTESIAN_POINT('',(0.19,0.036,-0.0665));
#2854=CARTESIAN_POINT('',(0.19,0.0450000000000008,-0.0665));
#2855=CARTESIAN_POINT('',(0.19,0.036,-0.0665));
#2856=CARTESIAN_POINT('',(-0.06625,0.351,-0.02025));
#2857=CARTESIAN_POINT('',(-0.06625,0.0450000000000009,-0.0309357554644748));
#2858=CARTESIAN_POINT('',(-0.144435755464475,0.0450000000000009,-0.0309357554644748));
#2859=CARTESIAN_POINT('',(-0.0555642445355252,0.0450000000000008,-0.0309357554644748));
#2860=CARTESIAN_POINT('',(-0.133667886708195,0.353351417022022,-0.020167886708195));
#2861=CARTESIAN_POINT('',(-0.144750042389901,0.0359999999999999,-0.0312500423899005));
#2862=CARTESIAN_POINT('',(0.19,0.036,-0.0312500423899005));
#2863=CARTESIAN_POINT('',(-0.0552499576100995,0.036,-0.0312500423899005));
#2864=CARTESIAN_POINT('',(-0.066299267975083,0.352410850213213,-0.020200732024917));
#2865=CARTESIAN_POINT('',(-0.13375,0.351,-0.02025));
#2866=CARTESIAN_POINT('',(-0.144435755464475,0.0450000000000009,-0.02025));
#2867=CARTESIAN_POINT('',(-0.144435755464475,0.0450000000000008,0.0309357554644748));
#2868=CARTESIAN_POINT('',(-0.133700732024917,0.352410850213213,0.020200732024917));
#2869=CARTESIAN_POINT('',(-0.1447500423899,0.036,0.0312500423899005));
#2870=CARTESIAN_POINT('',(-0.144750042389901,0.036,0.0395));
#2871=CARTESIAN_POINT('',(-0.13375,0.351,0.02025));
#2872=CARTESIAN_POINT('',(-0.13375,0.0450000000000009,0.0309357554644748));
#2873=CARTESIAN_POINT('',(-0.0555642445355252,0.0450000000000009,0.0309357554644748));
#2874=CARTESIAN_POINT('',(-0.066332113291805,0.353351417022022,0.020167886708195));
#2875=CARTESIAN_POINT('',(-0.0552499576100995,0.0359999999999999,0.0312500423899005));
#2876=CARTESIAN_POINT('',(0.19,0.036,0.0312500423899005));
#2877=CARTESIAN_POINT('',(-0.06625,0.351,0.02025));
#2878=CARTESIAN_POINT('',(-0.0555642445355252,0.0450000000000009,0.02025));
#2879=CARTESIAN_POINT('',(-0.0552499576100995,0.036,0.0395));
#2880=CARTESIAN_POINT('',(0.13375,0.351,-0.02025));
#2881=CARTESIAN_POINT('',(0.13375,0.0450000000000009,-0.0309357554644748));
#2882=CARTESIAN_POINT('',(0.0555642445355252,0.0450000000000009,-0.0309357554644748));
#2883=CARTESIAN_POINT('',(0.144435755464475,0.0450000000000008,-0.0309357554644748));
#2884=CARTESIAN_POINT('',(0.066332113291805,0.353351417022022,-0.020167886708195));
#2885=CARTESIAN_POINT('',(0.0552499576100995,0.0359999999999999,-0.0312500423899005));
#2886=CARTESIAN_POINT('',(0.19,0.036,-0.0312500423899005));
#2887=CARTESIAN_POINT('',(0.144750042389901,0.036,-0.0312500423899005));
#2888=CARTESIAN_POINT('',(0.133700732024917,0.352410850213213,-0.020200732024917));
#2889=CARTESIAN_POINT('',(0.06625,0.351,-0.02025));
#2890=CARTESIAN_POINT('',(0.0555642445355252,0.0450000000000009,-0.02025));
#2891=CARTESIAN_POINT('',(0.0555642445355252,0.0450000000000008,0.0309357554644748));
#2892=CARTESIAN_POINT('',(0.066299267975083,0.352410850213213,0.020200732024917));
#2893=CARTESIAN_POINT('',(0.0552499576100995,0.036,0.0312500423899005));
#2894=CARTESIAN_POINT('',(0.0552499576100995,0.036,0.0395));
#2895=CARTESIAN_POINT('',(0.06625,0.351,0.02025));
#2896=CARTESIAN_POINT('',(0.06625,0.0450000000000009,0.0309357554644748));
#2897=CARTESIAN_POINT('',(0.144435755464475,0.0450000000000009,0.0309357554644748));
#2898=CARTESIAN_POINT('',(0.133667886708195,0.353351417022022,0.020167886708195));
#2899=CARTESIAN_POINT('',(0.144750042389901,0.0359999999999999,0.0312500423899005));
#2900=CARTESIAN_POINT('',(0.19,0.036,0.0312500423899005));
#2901=CARTESIAN_POINT('',(0.13375,0.351,0.02025));
#2902=CARTESIAN_POINT('',(0.144435755464475,0.0450000000000009,0.02025));
#2903=CARTESIAN_POINT('',(0.144750042389901,0.036,0.0395));
#2904=CARTESIAN_POINT('',(0.19,0.036,0.0575));
#2905=CARTESIAN_POINT('',(0.19,0.035,0.0575));
#2906=CARTESIAN_POINT('',(0.116,0.035,0.0575));
#2907=CARTESIAN_POINT('',(0.19,0.036,0.0575));
#2908=CARTESIAN_POINT('',(0.19,0.035,0.0575));
#2909=CARTESIAN_POINT('',(-0.129,0.035,0.0575));
#2910=CARTESIAN_POINT('',(-0.129,0.036,0.0575));
#2911=CARTESIAN_POINT('',(-0.129,-0.102,0.0575));
#2912=CARTESIAN_POINT('',(0.19,-0.102,0.0575));
#2913=CARTESIAN_POINT('',(-0.084,-0.102,0.0575));
#2914=CARTESIAN_POINT('',(-0.084,0.036,0.0575));
#2915=CARTESIAN_POINT('',(-0.084,0.035,0.0575));
#2916=CARTESIAN_POINT('',(0.19,0.035,0.0575));
#2917=CARTESIAN_POINT('',(0.071,0.035,0.0575));
#2918=CARTESIAN_POINT('',(0.071,0.036,0.0575));
#2919=CARTESIAN_POINT('',(0.071,-0.102,0.0575));
#2920=CARTESIAN_POINT('',(0.19,-0.102,0.0575));
#2921=CARTESIAN_POINT('',(0.116,-0.102,0.0575));
#2922=CARTESIAN_POINT('',(0.116,0.036,0.0575));
#2923=CARTESIAN_POINT('',(0.19,-0.102,0.0575));
#2924=CARTESIAN_POINT('',(0.116,-0.102,0.102));
#2925=CARTESIAN_POINT('',(0.116,-0.102,0.0395));
#2926=CARTESIAN_POINT('',(0.071,-0.102,0.102));
#2927=CARTESIAN_POINT('',(0.071,-0.102,0.0395));
#2928=CARTESIAN_POINT('',(0.19,-0.102,0.0395));
#2929=CARTESIAN_POINT('',(0.19,-0.102,0.0575));
#2930=CARTESIAN_POINT('',(-0.084,-0.102,0.102));
#2931=CARTESIAN_POINT('',(-0.084,-0.102,0.0395));
#2932=CARTESIAN_POINT('',(-0.129,-0.102,0.102));
#2933=CARTESIAN_POINT('',(-0.129,-0.102,0.0395));
#2934=CARTESIAN_POINT('',(0.19,-0.102,0.0395));
#2935=CARTESIAN_POINT('',(0.19,-0.102,0.0395));
#2936=CARTESIAN_POINT('',(0.19,0.035,0.0395));
#2937=CARTESIAN_POINT('',(0.116,0.035,0.0395));
#2938=CARTESIAN_POINT('',(0.116,-0.102,0.0395));
#2939=CARTESIAN_POINT('',(0.071,-0.102,0.0395));
#2940=CARTESIAN_POINT('',(0.071,0.035,0.0395));
#2941=CARTESIAN_POINT('',(0.19,0.035,0.0395));
#2942=CARTESIAN_POINT('',(-0.084,0.035,0.0395));
#2943=CARTESIAN_POINT('',(-0.084,-0.102,0.0395));
#2944=CARTESIAN_POINT('',(-0.129,-0.102,0.0395));
#2945=CARTESIAN_POINT('',(-0.129,0.035,0.0395));
#2946=CARTESIAN_POINT('',(0.19,0.035,0.0395));
#2947=CARTESIAN_POINT('',(0.19,0.036,0.0395));
#2948=CARTESIAN_POINT('',(0.19,0.036,-0.0395));
#2949=CARTESIAN_POINT('',(0.19,0.035,-0.0395));
#2950=CARTESIAN_POINT('',(0.116,0.035,-0.0395));
#2951=CARTESIAN_POINT('',(0.19,0.036,-0.0395));
#2952=CARTESIAN_POINT('',(0.19,0.035,-0.0395));
#2953=CARTESIAN_POINT('',(-0.129,0.035,-0.0395));
#2954=CARTESIAN_POINT('',(-0.129,0.036,-0.0395));
#2955=CARTESIAN_POINT('',(-0.129,-0.102,-0.0395));
#2956=CARTESIAN_POINT('',(0.19,-0.102,-0.0395));
#2957=CARTESIAN_POINT('',(-0.084,-0.102,-0.0395));
#2958=CARTESIAN_POINT('',(-0.084,0.036,-0.0395));
#2959=CARTESIAN_POINT('',(-0.084,0.035,-0.0395));
#2960=CARTESIAN_POINT('',(0.19,0.035,-0.0395));
#2961=CARTESIAN_POINT('',(0.071,0.035,-0.0395));
#2962=CARTESIAN_POINT('',(0.071,0.036,-0.0395));
#2963=CARTESIAN_POINT('',(0.071,-0.102,-0.0395));
#2964=CARTESIAN_POINT('',(0.19,-0.102,-0.0395));
#2965=CARTESIAN_POINT('',(0.116,-0.102,-0.0395));
#2966=CARTESIAN_POINT('',(0.116,0.036,-0.0395));
#2967=CARTESIAN_POINT('',(0.19,-0.102,-0.0395));
#2968=CARTESIAN_POINT('',(0.116,-0.102,0.102));
#2969=CARTESIAN_POINT('',(0.116,-0.102,-0.0575));
#2970=CARTESIAN_POINT('',(0.071,-0.102,0.102));
#2971=CARTESIAN_POINT('',(0.071,-0.102,-0.0575));
#2972=CARTESIAN_POINT('',(0.19,-0.102,-0.0575));
#2973=CARTESIAN_POINT('',(0.19,-0.102,-0.0395));
#2974=CARTESIAN_POINT('',(-0.084,-0.102,0.102));
#2975=CARTESIAN_POINT('',(-0.084,-0.102,-0.0575));
#2976=CARTESIAN_POINT('',(-0.129,-0.102,0.102));
#2977=CARTESIAN_POINT('',(-0.129,-0.102,-0.0575));
#2978=CARTESIAN_POINT('',(0.19,-0.102,-0.0575));
#2979=CARTESIAN_POINT('',(0.19,-0.102,-0.0575));
#2980=CARTESIAN_POINT('',(0.19,0.035,-0.0575));
#2981=CARTESIAN_POINT('',(0.116,0.035,-0.0575));
#2982=CARTESIAN_POINT('',(0.116,-0.102,-0.0575));
#2983=CARTESIAN_POINT('',(0.071,-0.102,-0.0575));
#2984=CARTESIAN_POINT('',(0.071,0.035,-0.0575));
#2985=CARTESIAN_POINT('',(0.19,0.035,-0.0575));
#2986=CARTESIAN_POINT('',(-0.084,0.035,-0.0575));
#2987=CARTESIAN_POINT('',(-0.084,-0.102,-0.0575));
#2988=CARTESIAN_POINT('',(-0.129,-0.102,-0.0575));
#2989=CARTESIAN_POINT('',(-0.129,0.035,-0.0575));
#2990=CARTESIAN_POINT('',(0.19,0.035,-0.0575));
#2991=CARTESIAN_POINT('',(0.19,0.036,-0.0575));
#2992=CARTESIAN_POINT('',(0.19,0.036,0.0665));
#2993=CARTESIAN_POINT('',(0.19,0.036,0.0395));
#2994=CARTESIAN_POINT('',(0.19,0.036,-0.0575));
#2995=CARTESIAN_POINT('',(-0.129,0.035,0.102));
#2996=CARTESIAN_POINT('',(-0.129,0.035,0.102));
#2997=CARTESIAN_POINT('',(-0.129,-0.102,0.102));
#2998=CARTESIAN_POINT('',(-0.129,0.035,0.102));
#2999=CARTESIAN_POINT('',(-0.129,0.035,0.102));
#3000=CARTESIAN_POINT('',(-0.129,-0.102,0.102));
#3001=CARTESIAN_POINT('',(0.271,0.035,0.102));
#3002=CARTESIAN_POINT('',(0.116,0.035,0.102));
#3003=CARTESIAN_POINT('',(0.116,0.035,0.102));
#3004=CARTESIAN_POINT('',(0.271,0.035,0.102));
#3005=CARTESIAN_POINT('',(0.116,0.035,0.102));
#3006=CARTESIAN_POINT('',(0.116,0.035,0.102));
#3007=CARTESIAN_POINT('',(-0.084,0.035,0.102));
#3008=CARTESIAN_POINT('',(-0.084,0.035,0.102));
#3009=CARTESIAN_POINT('',(0.071,0.035,0.102));
#3010=CARTESIAN_POINT('',(0.071,0.035,0.102));
#3011=CARTESIAN_POINT('',(0.071,-0.102,0.102));
#3012=CARTESIAN_POINT('',(0.071,-0.102,0.102));
#3013=CARTESIAN_POINT('',(0.071,0.035,0.102));
#3014=CARTESIAN_POINT('',(0.071,0.035,0.102));
#3015=CARTESIAN_POINT('',(-0.084,0.035,0.102));
#3016=CARTESIAN_POINT('',(-0.084,0.035,0.102));
#3017=CARTESIAN_POINT('',(0.2,0.0450000000000017,10.));
#3018=CARTESIAN_POINT('',(0.,0.017,0.));
#3019=CARTESIAN_POINT('',(0.19,0.,0.));
#3020=CARTESIAN_POINT('',(0.19,0.302,0.0665));
#3021=CARTESIAN_POINT('',(0.19,0.302,0.0665));
#3022=CARTESIAN_POINT('',(0.19,0.0450000000000008,0.0665));
#3023=CARTESIAN_POINT('',(0.19,0.0450000000000009,3.84166124109044E-18));
#3024=CARTESIAN_POINT('',(0.19,0.0450000000000009,-0.0665));
#3025=CARTESIAN_POINT('',(0.19,0.036,-0.0665));
#3026=CARTESIAN_POINT('',(0.19,0.302,-0.0665));
#3027=CARTESIAN_POINT('',(0.19,0.302,-0.0665));
#3028=CARTESIAN_POINT('',(-0.19,0.,0.));
#3029=CARTESIAN_POINT('',(-0.19,0.0450000000000009,3.84166124109044E-18));
#3030=CARTESIAN_POINT('',(-0.19,0.0450000000000008,0.0665));
#3031=CARTESIAN_POINT('',(-0.19,0.0450000000000009,-0.0665));
#3032=CARTESIAN_POINT('',(-0.19,0.302,0.0665));
#3033=CARTESIAN_POINT('',(-0.19,0.302,0.0665));
#3034=CARTESIAN_POINT('',(-0.19,0.302,-0.0665));
#3035=CARTESIAN_POINT('',(-0.19,0.302,-0.0665));
#3036=CARTESIAN_POINT('',(-0.19,0.036,-0.0665));
#3037=CARTESIAN_POINT('',(0.19,0.302,0.0665));
#3038=CARTESIAN_POINT('',(0.19,0.0450000000000009,0.0665));
#3039=CARTESIAN_POINT('',(0.19,0.302,0.0665));
#3040=CARTESIAN_POINT('',(0.19,0.036,-0.0665));
#3041=CARTESIAN_POINT('',(0.19,0.0450000000000009,-0.0665));
#3042=CARTESIAN_POINT('',(0.19,0.302,-0.0665));
#3043=CARTESIAN_POINT('',(-0.06625,0.351,-0.02025));
#3044=CARTESIAN_POINT('',(-0.06625,0.0450000000000009,-0.0309357554644748));
#3045=CARTESIAN_POINT('',(-0.0555642445355252,0.0450000000000008,-0.0309357554644748));
#3046=CARTESIAN_POINT('',(-0.144435755464475,0.0450000000000009,-0.0309357554644748));
#3047=CARTESIAN_POINT('',(-0.066299267975083,0.352410850213213,-0.020200732024917));
#3048=CARTESIAN_POINT('',(-0.0645388822949044,0.302,-0.0219611177050956));
#3049=CARTESIAN_POINT('',(0.19,0.302,-0.0219611177050956));
#3050=CARTESIAN_POINT('',(-0.135461117705096,0.302,-0.0219611177050956));
#3051=CARTESIAN_POINT('',(-0.133667886708195,0.353351417022022,-0.020167886708195));
#3052=CARTESIAN_POINT('',(-0.13375,0.351,-0.02025));
#3053=CARTESIAN_POINT('',(-0.144435755464475,0.0450000000000009,-0.02025));
#3054=CARTESIAN_POINT('',(-0.144435755464475,0.0450000000000008,0.0309357554644748));
#3055=CARTESIAN_POINT('',(-0.135461117705096,0.302,-0.0665));
#3056=CARTESIAN_POINT('',(-0.135461117705096,0.302,0.0219611177050956));
#3057=CARTESIAN_POINT('',(-0.133700732024917,0.352410850213213,0.020200732024917));
#3058=CARTESIAN_POINT('',(-0.13375,0.351,0.02025));
#3059=CARTESIAN_POINT('',(-0.13375,0.0450000000000009,0.0309357554644748));
#3060=CARTESIAN_POINT('',(-0.0555642445355252,0.0450000000000009,0.0309357554644748));
#3061=CARTESIAN_POINT('',(0.19,0.302,0.0219611177050956));
#3062=CARTESIAN_POINT('',(-0.0645388822949044,0.302,0.0219611177050956));
#3063=CARTESIAN_POINT('',(-0.066332113291805,0.353351417022022,0.020167886708195));
#3064=CARTESIAN_POINT('',(-0.06625,0.351,0.02025));
#3065=CARTESIAN_POINT('',(-0.0555642445355252,0.0450000000000009,0.02025));
#3066=CARTESIAN_POINT('',(-0.0645388822949043,0.302,-0.0665));
#3067=CARTESIAN_POINT('',(0.13375,0.351,-0.02025));
#3068=CARTESIAN_POINT('',(0.13375,0.0450000000000009,-0.0309357554644748));
#3069=CARTESIAN_POINT('',(0.144435755464475,0.0450000000000008,-0.0309357554644748));
#3070=CARTESIAN_POINT('',(0.0555642445355252,0.0450000000000009,-0.0309357554644748));
#3071=CARTESIAN_POINT('',(0.133700732024917,0.352410850213213,-0.020200732024917));
#3072=CARTESIAN_POINT('',(0.135461117705096,0.302,-0.0219611177050956));
#3073=CARTESIAN_POINT('',(0.19,0.302,-0.0219611177050956));
#3074=CARTESIAN_POINT('',(0.0645388822949044,0.302,-0.0219611177050956));
#3075=CARTESIAN_POINT('',(0.066332113291805,0.353351417022022,-0.020167886708195));
#3076=CARTESIAN_POINT('',(0.06625,0.351,-0.02025));
#3077=CARTESIAN_POINT('',(0.0555642445355252,0.0450000000000009,-0.02025));
#3078=CARTESIAN_POINT('',(0.0555642445355252,0.0450000000000008,0.0309357554644748));
#3079=CARTESIAN_POINT('',(0.0645388822949044,0.302,-0.0665));
#3080=CARTESIAN_POINT('',(0.0645388822949044,0.302,0.0219611177050956));
#3081=CARTESIAN_POINT('',(0.066299267975083,0.352410850213213,0.020200732024917));
#3082=CARTESIAN_POINT('',(0.06625,0.351,0.02025));
#3083=CARTESIAN_POINT('',(0.06625,0.0450000000000009,0.0309357554644748));
#3084=CARTESIAN_POINT('',(0.144435755464475,0.0450000000000009,0.0309357554644748));
#3085=CARTESIAN_POINT('',(0.19,0.302,0.0219611177050956));
#3086=CARTESIAN_POINT('',(0.135461117705096,0.302,0.0219611177050956));
#3087=CARTESIAN_POINT('',(0.133667886708195,0.353351417022022,0.020167886708195));
#3088=CARTESIAN_POINT('',(0.13375,0.351,0.02025));
#3089=CARTESIAN_POINT('',(0.144435755464475,0.0450000000000009,0.02025));
#3090=CARTESIAN_POINT('',(0.135461117705096,0.302,-0.0665));
#3091=CARTESIAN_POINT('',(0.19,0.302,-0.0665));
#3092=CARTESIAN_POINT('',(0.2,0.0450000000000017,-10.));
#3093=CARTESIAN_POINT('',(0.,0.017,-5.51091059616309E-18));
#3094=MECHANICAL_DESIGN_GEOMETRIC_PRESENTATION_REPRESENTATION('',(#1940,
#1941,#1942),#3095);
#3095=(
GEOMETRIC_REPRESENTATION_CONTEXT(3)
GLOBAL_UNCERTAINTY_ASSIGNED_CONTEXT((#3099))
GLOBAL_UNIT_ASSIGNED_CONTEXT((#3105,#3104,#3103))
REPRESENTATION_CONTEXT('HPF-02-01-T-S','TOP_LEVEL_ASSEMBLY_PART')
);
#3096=(
GEOMETRIC_REPRESENTATION_CONTEXT(3)
GLOBAL_UNCERTAINTY_ASSIGNED_CONTEXT((#3100))
GLOBAL_UNIT_ASSIGNED_CONTEXT((#3105,#3104,#3103))
REPRESENTATION_CONTEXT('HPF-102--S_socket','COMPONENT_PART')
);
#3097=(
GEOMETRIC_REPRESENTATION_CONTEXT(3)
GLOBAL_UNCERTAINTY_ASSIGNED_CONTEXT((#3101))
GLOBAL_UNIT_ASSIGNED_CONTEXT((#3105,#3104,#3103))
REPRESENTATION_CONTEXT('C-130-01-02-T-S','COMPONENT_PART')
);
#3098=(
GEOMETRIC_REPRESENTATION_CONTEXT(3)
GLOBAL_UNCERTAINTY_ASSIGNED_CONTEXT((#3102))
GLOBAL_UNIT_ASSIGNED_CONTEXT((#3105,#3104,#3103))
REPRESENTATION_CONTEXT('C-130-01-02-T-S2','COMPONENT_PART')
);
#3099=UNCERTAINTY_MEASURE_WITH_UNIT(LENGTH_MEASURE(3.93700787401575E-7),
#3105,'DISTANCE_ACCURACY_VALUE','Maximum Tolerance applied to model');
#3100=UNCERTAINTY_MEASURE_WITH_UNIT(LENGTH_MEASURE(3.93700787401575E-7),
#3105,'DISTANCE_ACCURACY_VALUE','Maximum Tolerance applied to model');
#3101=UNCERTAINTY_MEASURE_WITH_UNIT(LENGTH_MEASURE(3.93700787401575E-7),
#3105,'DISTANCE_ACCURACY_VALUE','Maximum Tolerance applied to model');
#3102=UNCERTAINTY_MEASURE_WITH_UNIT(LENGTH_MEASURE(3.93700787401575E-7),
#3105,'DISTANCE_ACCURACY_VALUE','Maximum Tolerance applied to model');
#3103=(
NAMED_UNIT(*)
SI_UNIT($,.STERADIAN.)
SOLID_ANGLE_UNIT()
);
#3104=(
NAMED_UNIT(*)
PLANE_ANGLE_UNIT()
SI_UNIT($,.RADIAN.)
);
#3105=(
CONVERSION_BASED_UNIT('INCH',#3107)
LENGTH_UNIT()
NAMED_UNIT(#3106)
);
#3106=DIMENSIONAL_EXPONENTS(1.,0.,0.,0.,0.,0.,0.);
#3107=LENGTH_MEASURE_WITH_UNIT(LENGTH_MEASURE(25.4),#3108);
#3108=(
LENGTH_UNIT()
NAMED_UNIT(*)
SI_UNIT(.MILLI.,.METRE.)
);
#3109=PRODUCT_DEFINITION_SHAPE('','',#3116);
#3110=PRODUCT_DEFINITION_SHAPE('','',#3117);
#3111=PRODUCT_DEFINITION_SHAPE(' ','NAUO PRDDFN',#22);
#3112=PRODUCT_DEFINITION_SHAPE('','',#3118);
#3113=PRODUCT_DEFINITION_SHAPE(' ','NAUO PRDDFN',#23);
#3114=PRODUCT_DEFINITION_SHAPE('','',#3119);
#3115=PRODUCT_DEFINITION_SHAPE(' ','NAUO PRDDFN',#24);
#3116=PRODUCT_DEFINITION('','',#3124,#3120);
#3117=PRODUCT_DEFINITION('','',#3125,#3121);
#3118=PRODUCT_DEFINITION('','',#3126,#3122);
#3119=PRODUCT_DEFINITION('','',#3127,#3123);
#3120=PRODUCT_DEFINITION_CONTEXT('',#3145,'design');
#3121=PRODUCT_DEFINITION_CONTEXT('',#3145,'design');
#3122=PRODUCT_DEFINITION_CONTEXT('',#3145,'design');
#3123=PRODUCT_DEFINITION_CONTEXT('',#3145,'design');
#3124=PRODUCT_DEFINITION_FORMATION_WITH_SPECIFIED_SOURCE('','',#3132,
 .NOT_KNOWN.);
#3125=PRODUCT_DEFINITION_FORMATION_WITH_SPECIFIED_SOURCE('','',#3133,
 .NOT_KNOWN.);
#3126=PRODUCT_DEFINITION_FORMATION_WITH_SPECIFIED_SOURCE('','',#3134,
 .NOT_KNOWN.);
#3127=PRODUCT_DEFINITION_FORMATION_WITH_SPECIFIED_SOURCE('','',#3135,
 .NOT_KNOWN.);
#3128=PRODUCT_RELATED_PRODUCT_CATEGORY('','',(#3132));
#3129=PRODUCT_RELATED_PRODUCT_CATEGORY('','',(#3133));
#3130=PRODUCT_RELATED_PRODUCT_CATEGORY('','',(#3134));
#3131=PRODUCT_RELATED_PRODUCT_CATEGORY('','',(#3135));
#3132=PRODUCT('HPF-02-01-T-S','HPF-02-01-T-S','HPF-02-01-T-S',(#3140));
#3133=PRODUCT('HPF-102--S_socket','HPF-102--S_socket',
'HPF-102--S_socket',(#3141));
#3134=PRODUCT('C-130-01-02-T-S','C-130-01-02-T-S','C-130-01-02-T-S',(#3142));
#3135=PRODUCT('C-130-01-02-T-S2','C-130-01-02-T-S2','C-130-01-02-T-S2',
(#3143));
#3136=PRODUCT_CATEGORY('','');
#3137=PRODUCT_CATEGORY('','');
#3138=PRODUCT_CATEGORY('','');
#3139=PRODUCT_CATEGORY('','');
#3140=PRODUCT_CONTEXT('',#3145,'mechanical');
#3141=PRODUCT_CONTEXT('',#3145,'mechanical');
#3142=PRODUCT_CONTEXT('',#3145,'mechanical');
#3143=PRODUCT_CONTEXT('',#3145,'mechanical');
#3144=APPLICATION_PROTOCOL_DEFINITION('international standard',
'automotive_design',2010,#3145);
#3145=APPLICATION_CONTEXT(
'core data for automotive mechanical design processes');
ENDSEC;
END-ISO-10303-21;
