DEBUG:KiBot 1.9.2 verbose level: 0 started on 2026-08-19 00:44:10.743577 (kibot - __main__.py:724)
DEBUG:Filtering warnings we always get on CI/CD (kibot - __main__.py:638)
DEBUG:Command line options: {'--banner': None,
 '--board-file': None,
 '--cli-order': False,
 '--config-outs': False,
 '--copy-and-expand': False,
 '--copy-options': False,
 '--define': [],
 '--defs-from-env': False,
 '--defs-from-project': False,
 '--dont-stop': False,
 '--dry': False,
 '--example': False,
 '--fail-on-ignored': False,
 '--fail-on-warnings': False,
 '--global-redef': ['variant=PRELIMINARY'],
 '--gui': False,
 '--gui-inject': None,
 '--help': False,
 '--help-banners': False,
 '--help-dependencies': False,
 '--help-errors': False,
 '--help-filters': False,
 '--help-global-options': False,
 '--help-list-offsets': False,
 '--help-list-outputs': False,
 '--help-list-rotations': False,
 '--help-output': None,
 '--help-outputs': False,
 '--help-preflights': False,
 '--help-variants': False,
 '--internal-check': False,
 '--invert-sel': False,
 '--json': False,
 '--keep-temporals': False,
 '--list': False,
 '--list-variants': False,
 '--log': 'kibot_run_notes.log',
 '--makefile': None,
 '--markdown': False,
 '--no-auto-download': False,
 '--no-priority': False,
 '--no-warn': None,
 '--only-groups': False,
 '--only-names': False,
 '--only-pre': False,
 '--out-dir': '.',
 '--output-name-first': False,
 '--plot-config': 'kibot_yaml/kibot_main.yaml',
 '--quick-start': False,
 '--quiet': False,
 '--rst': False,
 '--schematic': None,
 '--skip-pre': 'all',
 '--start': '.',
 '--stop-on-warnings': False,
 '--sub-pcbs': False,
 '--type': [],
 '--variant': [],
 '--verbose': 0,
 '--version': False,
 '--warn-all': False,
 '--warn-ci-cd': False,
 'TARGET': ['notes']} (kibot - __main__.py:729)
DEBUG:Start of initialization (kibot - __main__.py:732)
DEBUG:Detected KiCad v9.0.7 (9.0.7+1 90000070) (kibot - __main__.py:534)
DEBUG:KiCad config path /github/home/.config/kicad/9.0 (kibot - __main__.py:594)
DEBUG:Command line arguments:
['/usr/local/bin/kibot', '-c', 'kibot_yaml/kibot_main.yaml', '-d', '.', '-s', 'all', '-g', 'variant=PRELIMINARY', '--log', 'kibot_run_notes.log', 'notes'] (kibot - __main__.py:644)
DEBUG:Command line parsed:
{'--banner': None,
 '--board-file': None,
 '--cli-order': False,
 '--config-outs': False,
 '--copy-and-expand': False,
 '--copy-options': False,
 '--define': [],
 '--defs-from-env': False,
 '--defs-from-project': False,
 '--dont-stop': False,
 '--dry': False,
 '--example': False,
 '--fail-on-ignored': False,
 '--fail-on-warnings': False,
 '--global-redef': ['variant=PRELIMINARY'],
 '--gui': False,
 '--gui-inject': None,
 '--help': False,
 '--help-banners': False,
 '--help-dependencies': False,
 '--help-errors': False,
 '--help-filters': False,
 '--help-global-options': False,
 '--help-list-offsets': False,
 '--help-list-outputs': False,
 '--help-list-rotations': False,
 '--help-output': None,
 '--help-outputs': False,
 '--help-preflights': False,
 '--help-variants': False,
 '--internal-check': False,
 '--invert-sel': False,
 '--json': False,
 '--keep-temporals': False,
 '--list': False,
 '--list-variants': False,
 '--log': 'kibot_run_notes.log',
 '--makefile': None,
 '--markdown': False,
 '--no-auto-download': False,
 '--no-priority': False,
 '--no-warn': None,
 '--only-groups': False,
 '--only-names': False,
 '--only-pre': False,
 '--out-dir': '.',
 '--output-name-first': False,
 '--plot-config': 'kibot_yaml/kibot_main.yaml',
 '--quick-start': False,
 '--quiet': False,
 '--rst': False,
 '--schematic': None,
 '--skip-pre': 'all',
 '--start': '.',
 '--stop-on-warnings': False,
 '--sub-pcbs': False,
 '--type': [],
 '--variant': [],
 '--verbose': 0,
 '--version': False,
 '--warn-all': False,
 '--warn-ci-cd': False,
 'TARGET': ['notes']} (kibot - __main__.py:645)
DEBUG:- Processing dependencies for `global` (kibot - dep_downloader.py:1090)
DEBUG: - Data: {'Dependencies': [{'name': 'Colorama', 'python_module': True, 'role': 'Get color messages in a portable way', 'debian': 'python3-colorama', 'arch': 'python-colorama'}, {'name': 'Requests', 'python_module': True, 'role': 'mandatory', 'debian': 'python3-requests', 'arch': 'python-requests'}, {'name': 'PyYAML', 'python_module': True, 'debian': 'python3-yaml', 'arch': 'python-yaml', 'module_name': 'yaml', 'role': 'mandatory'}, {'name': 'KiCad Automation tools', 'github': 'INTI-CMNB/KiAuto', 'command': 'pcbnew_do', 'pypi': 'kiauto', 'downloader': 'pytool', 'id': 'KiAuto'}, {'name': 'Git', 'url': 'https://git-scm.com/', 'downloader': 'git', 'debian': 'git', 'arch': 'git'}, {'name': 'RSVG tools', 'url': 'https://gitlab.gnome.org/GNOME/librsvg', 'debian': 'librsvg2-bin', 'arch': 'librsvg', 'command': 'rsvg-convert', 'downloader': 'rsvg', 'id': 'RSVG', 'tests': [{'command': ['convert', '-list', 'font'], 'search': 'Helvetica', 'error': 'Missing Helvetica font, try installing Ghostscript fonts'}]}, {'name': 'Ghostscript', 'url': 'https://www.ghostscript.com/', 'url_down': 'https://github.com/ArtifexSoftware/ghostpdl-downloads/releases', 'debian': 'ghostscript', 'arch': 'ghostscript', 'command': 'gs', 'downloader': 'gs'}, {'name': 'ImageMagick', 'url': 'https://imagemagick.org/', 'url_down': 'https://imagemagick.org/script/download.php', 'command': 'convert', 'downloader': 'convert', 'debian': 'imagemagick', 'arch': 'imagemagick', 'extra_arch': ['gsfonts'], 'extra_checks': ['check_imagick_policy']}, {'name': 'KiCost', 'github': 'hildogjr/KiCost', 'pypi': 'KiCost', 'downloader': 'pytool'}, {'name': 'LXML', 'python_module': True, 'debian': 'python3-lxml', 'arch': 'python-lxml', 'downloader': 'python'}, {'name': 'KiKit', 'github': 'INTI-CMNB/KiKit', 'pypi': 'KiKit', 'downloader': 'pytool', 'version_k6': '1.5.0', 'version_k7': '1.6.0', 'version_k9': '1.7.0', 'version_k10': '1.8.0'}, {'from': 'KiKit', 'role': 'Separate multiboard projects'}, {'name': 'Xvfbwrapper', 'python_module': True, 'debian': 'python3-xvfbwrapper', 'arch': 'python-xvfbwrapper', 'downloader': 'python'}, {'name': 'Xvfb', 'url': 'https://www.x.org', 'command': 'xvfb-run', 'debian': 'xvfb', 'arch': 'xorg-server-xvfb', 'no_cmd_line_version': True}, {'name': 'Bash', 'url': 'https://www.gnu.org/software/bash/', 'debian': 'bash', 'arch': 'bash'}, {'name': 'Blender', 'url': 'https://www.blender.org/', 'debian': 'blender', 'arch': 'blender'}, {'name': 'Lark', 'python_module': True, 'role': 'mandatory', 'debian': 'python3-lark', 'arch': 'python-lark'}, {'name': 'ZStd', 'python_module': True, 'debian': 'python3-zstd', 'arch': 'python-zstd', 'downloader': 'python', 'role': 'Copy embedded files from the schematic to the KiCad cache'}]} (kibot - dep_downloader.py:1091)
DEBUG: - Registering dep {'name': 'Colorama', 'python_module': True, 'role': 'Get color messages in a portable way', 'debian': 'python3-colorama', 'arch': 'python-colorama'} (kibot - dep_downloader.py:1102)
DEBUG: - Registering dep {'name': 'Requests', 'python_module': True, 'role': 'mandatory', 'debian': 'python3-requests', 'arch': 'python-requests'} (kibot - dep_downloader.py:1102)
DEBUG: - Registering dep {'name': 'PyYAML', 'python_module': True, 'debian': 'python3-yaml', 'arch': 'python-yaml', 'module_name': 'yaml', 'role': 'mandatory'} (kibot - dep_downloader.py:1102)
DEBUG: - Registering base dep {'name': 'KiCad Automation tools', 'github': 'INTI-CMNB/KiAuto', 'command': 'pcbnew_do', 'pypi': 'kiauto', 'downloader': 'pytool', 'id': 'KiAuto'} (kibot - dep_downloader.py:1105)
DEBUG: - Registering base dep {'name': 'Git', 'url': 'https://git-scm.com/', 'downloader': 'git', 'debian': 'git', 'arch': 'git'} (kibot - dep_downloader.py:1105)
DEBUG: - Registering base dep {'name': 'RSVG tools', 'url': 'https://gitlab.gnome.org/GNOME/librsvg', 'debian': 'librsvg2-bin', 'arch': 'librsvg', 'command': 'rsvg-convert', 'downloader': 'rsvg', 'id': 'RSVG', 'tests': [{'command': ['convert', '-list', 'font'], 'search': 'Helvetica', 'error': 'Missing Helvetica font, try installing Ghostscript fonts'}]} (kibot - dep_downloader.py:1105)
DEBUG: - Registering base dep {'name': 'Ghostscript', 'url': 'https://www.ghostscript.com/', 'url_down': 'https://github.com/ArtifexSoftware/ghostpdl-downloads/releases', 'debian': 'ghostscript', 'arch': 'ghostscript', 'command': 'gs', 'downloader': 'gs'} (kibot - dep_downloader.py:1105)
DEBUG: - Registering base dep {'name': 'ImageMagick', 'url': 'https://imagemagick.org/', 'url_down': 'https://imagemagick.org/script/download.php', 'command': 'convert', 'downloader': 'convert', 'debian': 'imagemagick', 'arch': 'imagemagick', 'extra_arch': ['gsfonts'], 'extra_checks': ['check_imagick_policy']} (kibot - dep_downloader.py:1105)
DEBUG: - Registering base dep {'name': 'KiCost', 'github': 'hildogjr/KiCost', 'pypi': 'KiCost', 'downloader': 'pytool'} (kibot - dep_downloader.py:1105)
DEBUG: - Registering base dep {'name': 'LXML', 'python_module': True, 'debian': 'python3-lxml', 'arch': 'python-lxml', 'downloader': 'python'} (kibot - dep_downloader.py:1105)
DEBUG: - Registering base dep {'name': 'KiKit', 'github': 'INTI-CMNB/KiKit', 'pypi': 'KiKit', 'downloader': 'pytool', 'version_k6': '1.5.0', 'version_k7': '1.6.0', 'version_k9': '1.7.0', 'version_k10': '1.8.0'} (kibot - dep_downloader.py:1105)
DEBUG: - Registering dep {'from': 'KiKit', 'role': 'Separate multiboard projects'} (kibot - dep_downloader.py:1102)
DEBUG: - Dep after applying from KiKit: {'name': 'KiKit', 'github': 'INTI-CMNB/KiKit', 'pypi': 'KiKit', 'downloader': 'pytool', 'version_k6': '1.5.0', 'version_k7': '1.6.0', 'version_k9': '1.7.0', 'version_k10': '1.8.0', 'from': 'KiKit', 'role': 'Separate multiboard projects'} (kibot - dep_downloader.py:1029)
DEBUG: - Registering base dep {'name': 'Xvfbwrapper', 'python_module': True, 'debian': 'python3-xvfbwrapper', 'arch': 'python-xvfbwrapper', 'downloader': 'python'} (kibot - dep_downloader.py:1105)
DEBUG: - Registering base dep {'name': 'Xvfb', 'url': 'https://www.x.org', 'command': 'xvfb-run', 'debian': 'xvfb', 'arch': 'xorg-server-xvfb', 'no_cmd_line_version': True} (kibot - dep_downloader.py:1105)
DEBUG: - Registering base dep {'name': 'Bash', 'url': 'https://www.gnu.org/software/bash/', 'debian': 'bash', 'arch': 'bash'} (kibot - dep_downloader.py:1105)
DEBUG: - Registering base dep {'name': 'Blender', 'url': 'https://www.blender.org/', 'debian': 'blender', 'arch': 'blender'} (kibot - dep_downloader.py:1105)
DEBUG: - Registering dep {'name': 'Lark', 'python_module': True, 'role': 'mandatory', 'debian': 'python3-lark', 'arch': 'python-lark'} (kibot - dep_downloader.py:1102)
DEBUG: - Registering dep {'name': 'ZStd', 'python_module': True, 'debian': 'python3-zstd', 'arch': 'python-zstd', 'downloader': 'python', 'role': 'Copy embedded files from the schematic to the KiCad cache'} (kibot - dep_downloader.py:1102)
DEBUG:Importing from /usr/local/lib/python3.13/dist-packages/kibot (kibot - kiplot.py:85)
DEBUG:- Importing fil_alternatives (kibot - kiplot.py:93)
DEBUG:- Importing fil_base (kibot - kiplot.py:93)
DEBUG:- Importing fil_expand_text_vars (kibot - kiplot.py:93)
DEBUG:- Importing fil_field_modify (kibot - kiplot.py:93)
DEBUG:- Importing fil_field_rename (kibot - kiplot.py:93)
DEBUG:- Importing fil_generic (kibot - kiplot.py:93)
DEBUG:- Importing fil_rot_footprint (kibot - kiplot.py:93)
DEBUG:- Importing fil_separate_pins (kibot - kiplot.py:93)
DEBUG:- Importing fil_spec_to_field (kibot - kiplot.py:93)
DEBUG:- Importing fil_subparts (kibot - kiplot.py:93)
DEBUG:- Importing fil_urlify (kibot - kiplot.py:93)
DEBUG:- Importing fil_value_split (kibot - kiplot.py:93)
DEBUG:- Importing fil_var_rename (kibot - kiplot.py:93)
DEBUG:- Importing fil_var_rename_kicost (kibot - kiplot.py:93)
DEBUG:- Importing globals (kibot - kiplot.py:93)
DEBUG:- Importing out_any_diff (kibot - kiplot.py:93)
DEBUG:- Importing out_any_drill (kibot - kiplot.py:93)
DEBUG:- Importing out_any_layer (kibot - kiplot.py:93)
DEBUG:- Importing out_any_navigate_results (kibot - kiplot.py:93)
DEBUG:- Importing out_any_pcb_print (kibot - kiplot.py:93)
DEBUG:- Importing out_any_sch_print (kibot - kiplot.py:93)
DEBUG:- Importing out_any_stencil (kibot - kiplot.py:93)
DEBUG:- Importing out_base (kibot - kiplot.py:93)
DEBUG:- Importing out_base_3d (kibot - kiplot.py:93)
DEBUG:- Importing out_blender_export (kibot - kiplot.py:93)
DEBUG:- Processing dependencies for `out_blender_export` (kibot - dep_downloader.py:1090)
DEBUG: - Data: {'Dependencies': [{'from': 'Blender', 'role': 'mandatory', 'version': '3.4.0'}, {'from': 'ImageMagick', 'role': 'Automatically crop images'}]} (kibot - dep_downloader.py:1091)
DEBUG: - Registering dep {'from': 'Blender', 'role': 'mandatory', 'version': '3.4.0'} (kibot - dep_downloader.py:1102)
DEBUG: - Dep after applying from Blender: {'name': 'Blender', 'url': 'https://www.blender.org/', 'debian': 'blender', 'arch': 'blender', 'from': 'Blender', 'role': 'mandatory', 'version': '3.4.0'} (kibot - dep_downloader.py:1029)
DEBUG: - Registering dep {'from': 'ImageMagick', 'role': 'Automatically crop images'} (kibot - dep_downloader.py:1102)
DEBUG: - Dep after applying from ImageMagick: {'name': 'ImageMagick', 'url': 'https://imagemagick.org/', 'url_down': 'https://imagemagick.org/script/download.php', 'command': 'convert', 'downloader': 'convert', 'debian': 'imagemagick', 'arch': 'imagemagick', 'extra_arch': ['gsfonts'], 'extra_checks': ['check_imagick_policy'], 'from': 'ImageMagick', 'role': 'Automatically crop images'} (kibot - dep_downloader.py:1029)
DEBUG:- Importing out_boardview (kibot - kiplot.py:93)
DEBUG:- Importing out_bom (kibot - kiplot.py:93)
DEBUG:- Processing dependencies for `out_bom` (kibot - dep_downloader.py:1090)
DEBUG: - Data: {'Dependencies': [{'from': 'KiCost', 'role': 'Find components costs and specs', 'version': '1.1.8'}, {'from': 'RSVG', 'role': 'SVG logos for the BoM'}, {'name': 'XLSXWriter', 'role': 'Create XLSX files', 'python_module': True, 'debian': 'python3-xlsxwriter', 'arch': 'python-xlsxwriter', 'version': '1.1.2', 'downloader': 'python'}]} (kibot - dep_downloader.py:1091)
DEBUG: - Registering dep {'from': 'KiCost', 'role': 'Find components costs and specs', 'version': '1.1.8'} (kibot - dep_downloader.py:1102)
DEBUG: - Dep after applying from KiCost: {'name': 'KiCost', 'github': 'hildogjr/KiCost', 'pypi': 'KiCost', 'downloader': 'pytool', 'from': 'KiCost', 'role': 'Find components costs and specs', 'version': '1.1.8'} (kibot - dep_downloader.py:1029)
DEBUG: - Registering dep {'from': 'RSVG', 'role': 'SVG logos for the BoM'} (kibot - dep_downloader.py:1102)
DEBUG: - Dep after applying from RSVG: {'name': 'RSVG tools', 'url': 'https://gitlab.gnome.org/GNOME/librsvg', 'debian': 'librsvg2-bin', 'arch': 'librsvg', 'command': 'rsvg-convert', 'downloader': 'rsvg', 'id': 'RSVG', 'tests': [{'command': ['convert', '-list', 'font'], 'search': 'Helvetica', 'error': 'Missing Helvetica font, try installing Ghostscript fonts'}], 'from': 'RSVG', 'role': 'SVG logos for the BoM'} (kibot - dep_downloader.py:1029)
DEBUG: - Registering dep {'name': 'XLSXWriter', 'role': 'Create XLSX files', 'python_module': True, 'debian': 'python3-xlsxwriter', 'arch': 'python-xlsxwriter', 'version': '1.1.2', 'downloader': 'python'} (kibot - dep_downloader.py:1102)
DEBUG:- Importing out_bom_labels (kibot - kiplot.py:93)
DEBUG:- Processing dependencies for `out_bom_labels` (kibot - dep_downloader.py:1090)
DEBUG: - Data: {'Dependencies': [{'name': 'ReportLab', 'role': 'Create a PDF with BoM labels', 'python_module': True, 'debian': 'python3-reportlab', 'arch': 'python-reportlab', 'downloader': 'python'}]} (kibot - dep_downloader.py:1091)
DEBUG: - Registering dep {'name': 'ReportLab', 'role': 'Create a PDF with BoM labels', 'python_module': True, 'debian': 'python3-reportlab', 'arch': 'python-reportlab', 'downloader': 'python'} (kibot - dep_downloader.py:1102)
DEBUG:- Importing out_compress (kibot - kiplot.py:93)
DEBUG:- Processing dependencies for `out_compress` (kibot - dep_downloader.py:1090)
DEBUG: - Data: {'Dependencies': [{'name': 'RAR', 'url': 'https://www.rarlab.com/', 'url_down': 'https://www.rarlab.com/download.htm', 'help_option': '-?', 'downloader': 'rar', 'role': 'Compress in RAR format', 'debian': 'rar', 'arch': 'rar(AUR)'}]} (kibot - dep_downloader.py:1091)
DEBUG: - Registering dep {'name': 'RAR', 'url': 'https://www.rarlab.com/', 'url_down': 'https://www.rarlab.com/download.htm', 'help_option': '-?', 'downloader': 'rar', 'role': 'Compress in RAR format', 'debian': 'rar', 'arch': 'rar(AUR)'} (kibot - dep_downloader.py:1102)
DEBUG:- Importing out_copy_files (kibot - kiplot.py:93)
DEBUG:- Importing out_diff (kibot - kiplot.py:93)
DEBUG:- Processing dependencies for `out_diff` (kibot - dep_downloader.py:1090)
DEBUG: - Data: {'Dependencies': [{'name': 'KiCad PCB/SCH Diff', 'version': '2.5.3', 'version_k10': '2.6.0', 'role': 'mandatory', 'github': 'INTI-CMNB/KiDiff', 'command': 'kicad-diff.py', 'pypi': 'kidiff', 'downloader': 'pytool', 'id': 'KiDiff'}, {'from': 'Git', 'role': 'Compare with files in the repo'}, {'from': 'KiAuto', 'role': 'Compare schematics', 'version': '2.2.0', 'version_k7': '2.2.8', 'version_k8': '2.3.2', 'version_k9': '2.3.5', 'version_k10': '2.3.9'}]} (kibot - dep_downloader.py:1091)
DEBUG: - Registering dep {'name': 'KiCad PCB/SCH Diff', 'version': '2.5.3', 'version_k10': '2.6.0', 'role': 'mandatory', 'github': 'INTI-CMNB/KiDiff', 'command': 'kicad-diff.py', 'pypi': 'kidiff', 'downloader': 'pytool', 'id': 'KiDiff'} (kibot - dep_downloader.py:1102)
DEBUG: - Registering dep {'from': 'Git', 'role': 'Compare with files in the repo'} (kibot - dep_downloader.py:1102)
DEBUG: - Dep after applying from Git: {'name': 'Git', 'url': 'https://git-scm.com/', 'downloader': 'git', 'debian': 'git', 'arch': 'git', 'from': 'Git', 'role': 'Compare with files in the repo'} (kibot - dep_downloader.py:1029)
DEBUG: - Registering dep {'from': 'KiAuto', 'role': 'Compare schematics', 'version': '2.2.0', 'version_k7': '2.2.8', 'version_k8': '2.3.2', 'version_k9': '2.3.5', 'version_k10': '2.3.9'} (kibot - dep_downloader.py:1102)
DEBUG: - Dep after applying from KiAuto: {'name': 'KiCad Automation tools', 'github': 'INTI-CMNB/KiAuto', 'command': 'pcbnew_do', 'pypi': 'kiauto', 'downloader': 'pytool', 'id': 'KiAuto', 'from': 'KiAuto', 'role': 'Compare schematics', 'version': '2.2.0', 'version_k7': '2.2.8', 'version_k8': '2.3.2', 'version_k9': '2.3.5', 'version_k10': '2.3.9'} (kibot - dep_downloader.py:1029)
DEBUG:- Importing out_download_datasheets (kibot - kiplot.py:93)
DEBUG:- Processing dependencies for `out_download_datasheets` (kibot - dep_downloader.py:1090)
DEBUG: - Data: {'Dependencies': [{'name': 'Curl', 'role': 'Download datasheets', 'url': 'https://curl.se/', 'debian': 'curl', 'arch': 'curl'}]} (kibot - dep_downloader.py:1091)
DEBUG: - Registering dep {'name': 'Curl', 'role': 'Download datasheets', 'url': 'https://curl.se/', 'debian': 'curl', 'arch': 'curl'} (kibot - dep_downloader.py:1102)
DEBUG:- Importing out_dxf (kibot - kiplot.py:93)
DEBUG:- Importing out_dxf_sch_print (kibot - kiplot.py:93)
DEBUG:- Processing dependencies for `out_dxf_sch_print` (kibot - dep_downloader.py:1090)
DEBUG: - Data: {'Dependencies': [{'from': 'KiAuto', 'role': 'mandatory', 'command': 'eeschema_do', 'version': '2.3.6', 'version_k10': '2.3.9'}]} (kibot - dep_downloader.py:1091)
DEBUG: - Registering dep {'from': 'KiAuto', 'role': 'mandatory', 'command': 'eeschema_do', 'version': '2.3.6', 'version_k10': '2.3.9'} (kibot - dep_downloader.py:1102)
DEBUG: - Dep after applying from KiAuto: {'name': 'KiCad Automation tools', 'github': 'INTI-CMNB/KiAuto', 'command': 'eeschema_do', 'pypi': 'kiauto', 'downloader': 'pytool', 'id': 'KiAuto', 'from': 'KiAuto', 'role': 'mandatory', 'version': '2.3.6', 'version_k10': '2.3.9'} (kibot - dep_downloader.py:1029)
DEBUG:- Importing out_excellon (kibot - kiplot.py:93)
DEBUG:- Importing out_export_3d (kibot - kiplot.py:93)
DEBUG:- Importing out_gencad (kibot - kiplot.py:93)
DEBUG:- Processing dependencies for `out_gencad` (kibot - dep_downloader.py:1090)
DEBUG: - Data: {'Dependencies': [{'from': 'KiAuto', 'role': 'mandatory', 'version': '1.6.5', 'version_k7': '2.2.8', 'version_k8': '2.3.2', 'version_k9': '2.3.5', 'version_k10': '2.3.9'}]} (kibot - dep_downloader.py:1091)
DEBUG: - Registering dep {'from': 'KiAuto', 'role': 'mandatory', 'version': '1.6.5', 'version_k7': '2.2.8', 'version_k8': '2.3.2', 'version_k9': '2.3.5', 'version_k10': '2.3.9'} (kibot - dep_downloader.py:1102)
DEBUG: - Dep after applying from KiAuto: {'name': 'KiCad Automation tools', 'github': 'INTI-CMNB/KiAuto', 'command': 'pcbnew_do', 'pypi': 'kiauto', 'downloader': 'pytool', 'id': 'KiAuto', 'from': 'KiAuto', 'role': 'mandatory', 'version': '1.6.5', 'version_k7': '2.2.8', 'version_k8': '2.3.2', 'version_k9': '2.3.5', 'version_k10': '2.3.9'} (kibot - dep_downloader.py:1029)
DEBUG:- Importing out_gerb_drill (kibot - kiplot.py:93)
DEBUG:- Importing out_gerber (kibot - kiplot.py:93)
DEBUG:- Importing out_hpgl (kibot - kiplot.py:93)
DEBUG:- Importing out_hpgl_sch_print (kibot - kiplot.py:93)
DEBUG:- Processing dependencies for `out_hpgl_sch_print` (kibot - dep_downloader.py:1090)
DEBUG: - Data: {'Dependencies': [{'from': 'KiAuto', 'role': 'mandatory', 'command': 'eeschema_do', 'version': '2.3.6', 'version_k10': '2.3.9'}]} (kibot - dep_downloader.py:1091)
DEBUG: - Registering dep {'from': 'KiAuto', 'role': 'mandatory', 'command': 'eeschema_do', 'version': '2.3.6', 'version_k10': '2.3.9'} (kibot - dep_downloader.py:1102)
DEBUG: - Dep after applying from KiAuto: {'name': 'KiCad Automation tools', 'github': 'INTI-CMNB/KiAuto', 'command': 'eeschema_do', 'pypi': 'kiauto', 'downloader': 'pytool', 'id': 'KiAuto', 'from': 'KiAuto', 'role': 'mandatory', 'version': '2.3.6', 'version_k10': '2.3.9'} (kibot - dep_downloader.py:1029)
DEBUG:- Importing out_ibom (kibot - kiplot.py:93)
DEBUG:- Processing dependencies for `out_ibom` (kibot - dep_downloader.py:1090)
DEBUG: - Data: {'Dependencies': [{'name': 'Interactive HTML BoM', 'role': 'mandatory', 'github': 'INTI-CMNB/InteractiveHtmlBom', 'command': 'generate_interactive_bom.py', 'no_cmd_line_version_old': True, 'plugin_dirs': ['InteractiveHtmlBom', 'InteractiveHtmlBom/InteractiveHtmlBom', 'org_openscopeproject_InteractiveHtmlBom', 'org_openscopeproject_InteractiveHtmlBom/InteractiveHtmlBom'], 'version': '2.7.0', 'downloader': 'pytool', 'id': 'ibom'}]} (kibot - dep_downloader.py:1091)
DEBUG: - Registering dep {'name': 'Interactive HTML BoM', 'role': 'mandatory', 'github': 'INTI-CMNB/InteractiveHtmlBom', 'command': 'generate_interactive_bom.py', 'no_cmd_line_version_old': True, 'plugin_dirs': ['InteractiveHtmlBom', 'InteractiveHtmlBom/InteractiveHtmlBom', 'org_openscopeproject_InteractiveHtmlBom', 'org_openscopeproject_InteractiveHtmlBom/InteractiveHtmlBom'], 'version': '2.7.0', 'downloader': 'pytool', 'id': 'ibom'} (kibot - dep_downloader.py:1102)
DEBUG:- Importing out_info (kibot - kiplot.py:93)
DEBUG:- Processing dependencies for `out_info` (kibot - dep_downloader.py:1090)
DEBUG: - Data: {'Dependencies': [{'from': 'KiAuto', 'role': 'Show KiAuto installation information', 'version': '2.0.0', 'version_k7': '2.2.8', 'version_k8': '2.3.2', 'version_k9': '2.3.5', 'version_k10': '2.3.9'}]} (kibot - dep_downloader.py:1091)
DEBUG: - Registering dep {'from': 'KiAuto', 'role': 'Show KiAuto installation information', 'version': '2.0.0', 'version_k7': '2.2.8', 'version_k8': '2.3.2', 'version_k9': '2.3.5', 'version_k10': '2.3.9'} (kibot - dep_downloader.py:1102)
DEBUG: - Dep after applying from KiAuto: {'name': 'KiCad Automation tools', 'github': 'INTI-CMNB/KiAuto', 'command': 'pcbnew_do', 'pypi': 'kiauto', 'downloader': 'pytool', 'id': 'KiAuto', 'from': 'KiAuto', 'role': 'Show KiAuto installation information', 'version': '2.0.0', 'version_k7': '2.2.8', 'version_k8': '2.3.2', 'version_k9': '2.3.5', 'version_k10': '2.3.9'} (kibot - dep_downloader.py:1029)
DEBUG:- Importing out_ipc2581 (kibot - kiplot.py:93)
DEBUG:- Importing out_jobset (kibot - kiplot.py:93)
DEBUG:- Importing out_kibom (kibot - kiplot.py:93)
DEBUG:- Processing dependencies for `out_kibom` (kibot - dep_downloader.py:1090)
DEBUG: - Data: {'Dependencies': [{'name': 'KiBoM', 'role': 'mandatory', 'github': 'INTI-CMNB/KiBoM', 'command': 'KiBOM_CLI.py', 'version': '1.9.1', 'downloader': 'pytool'}]} (kibot - dep_downloader.py:1091)
DEBUG: - Registering dep {'name': 'KiBoM', 'role': 'mandatory', 'github': 'INTI-CMNB/KiBoM', 'command': 'KiBOM_CLI.py', 'version': '1.9.1', 'downloader': 'pytool'} (kibot - dep_downloader.py:1102)
DEBUG:- Importing out_kicad_site (kibot - kiplot.py:93)
DEBUG:- Importing out_kicanvas (kibot - kiplot.py:93)
DEBUG:- Importing out_kicost (kibot - kiplot.py:93)
DEBUG:- Processing dependencies for `out_kicost` (kibot - dep_downloader.py:1090)
DEBUG: - Data: {'Dependencies': [{'from': 'KiCost', 'role': 'mandatory', 'version': '1.1.7'}]} (kibot - dep_downloader.py:1091)
DEBUG: - Registering dep {'from': 'KiCost', 'role': 'mandatory', 'version': '1.1.7'} (kibot - dep_downloader.py:1102)
DEBUG: - Dep after applying from KiCost: {'name': 'KiCost', 'github': 'hildogjr/KiCost', 'pypi': 'KiCost', 'downloader': 'pytool', 'from': 'KiCost', 'role': 'mandatory', 'version': '1.1.7'} (kibot - dep_downloader.py:1029)
DEBUG:- Importing out_kikit_present (kibot - kiplot.py:93)
DEBUG:- Processing dependencies for `out_kikit_present` (kibot - dep_downloader.py:1090)
DEBUG: - Data: {'Dependencies': [{'name': 'markdown2', 'python_module': True, 'debian': 'python3-markdown2', 'arch': 'python-markdown2', 'role': 'mandatory'}, {'from': 'Git', 'role': 'Find commit hash and/or date'}]} (kibot - dep_downloader.py:1091)
DEBUG: - Registering dep {'name': 'markdown2', 'python_module': True, 'debian': 'python3-markdown2', 'arch': 'python-markdown2', 'role': 'mandatory'} (kibot - dep_downloader.py:1102)
DEBUG: - Registering dep {'from': 'Git', 'role': 'Find commit hash and/or date'} (kibot - dep_downloader.py:1102)
DEBUG: - Dep after applying from Git: {'name': 'Git', 'url': 'https://git-scm.com/', 'downloader': 'git', 'debian': 'git', 'arch': 'git', 'from': 'Git', 'role': 'Find commit hash and/or date'} (kibot - dep_downloader.py:1029)
DEBUG:- Importing out_kiri (kibot - kiplot.py:93)
DEBUG:- Processing dependencies for `out_kiri` (kibot - dep_downloader.py:1090)
DEBUG: - Data: {'Dependencies': [{'name': 'KiCad PCB/SCH Diff', 'version': '2.5.1', 'version_k10': '2.6.0', 'role': 'mandatory', 'github': 'INTI-CMNB/KiDiff', 'command': 'kicad-diff.py', 'pypi': 'kidiff', 'downloader': 'pytool', 'id': 'KiDiff'}, {'from': 'Git', 'role': 'Compare with files in the repo'}, {'from': 'KiAuto', 'role': 'Compare schematics', 'version': '2.2.0', 'version_k7': '2.2.8', 'version_k8': '2.3.2', 'version_k9': '2.3.5', 'version_k10': '2.3.9'}]} (kibot - dep_downloader.py:1091)
DEBUG: - Registering dep {'name': 'KiCad PCB/SCH Diff', 'version': '2.5.1', 'version_k10': '2.6.0', 'role': 'mandatory', 'github': 'INTI-CMNB/KiDiff', 'command': 'kicad-diff.py', 'pypi': 'kidiff', 'downloader': 'pytool', 'id': 'KiDiff'} (kibot - dep_downloader.py:1102)
DEBUG: - Registering dep {'from': 'Git', 'role': 'Compare with files in the repo'} (kibot - dep_downloader.py:1102)
DEBUG: - Dep after applying from Git: {'name': 'Git', 'url': 'https://git-scm.com/', 'downloader': 'git', 'debian': 'git', 'arch': 'git', 'from': 'Git', 'role': 'Compare with files in the repo'} (kibot - dep_downloader.py:1029)
DEBUG: - Registering dep {'from': 'KiAuto', 'role': 'Compare schematics', 'version': '2.2.0', 'version_k7': '2.2.8', 'version_k8': '2.3.2', 'version_k9': '2.3.5', 'version_k10': '2.3.9'} (kibot - dep_downloader.py:1102)
DEBUG: - Dep after applying from KiAuto: {'name': 'KiCad Automation tools', 'github': 'INTI-CMNB/KiAuto', 'command': 'pcbnew_do', 'pypi': 'kiauto', 'downloader': 'pytool', 'id': 'KiAuto', 'from': 'KiAuto', 'role': 'Compare schematics', 'version': '2.2.0', 'version_k7': '2.2.8', 'version_k8': '2.3.2', 'version_k9': '2.3.5', 'version_k10': '2.3.9'} (kibot - dep_downloader.py:1029)
DEBUG:- Importing out_navigate_results (kibot - kiplot.py:93)
DEBUG:- Processing dependencies for `out_navigate_results` (kibot - dep_downloader.py:1090)
DEBUG: - Data: {'Dependencies': [{'from': 'RSVG', 'role': 'Create outputs preview', 'id': 'rsvg1'}, {'from': 'RSVG', 'role': 'Create PNG icons', 'id': 'rsvg2'}, {'from': 'Ghostscript', 'role': 'Create outputs preview'}, {'from': 'ImageMagick', 'role': 'Create outputs preview'}, {'from': 'Git', 'role': 'Find origin url'}]} (kibot - dep_downloader.py:1091)
DEBUG: - Registering dep {'from': 'RSVG', 'role': 'Create outputs preview', 'id': 'rsvg1'} (kibot - dep_downloader.py:1102)
DEBUG: - Dep after applying from RSVG: {'name': 'RSVG tools', 'url': 'https://gitlab.gnome.org/GNOME/librsvg', 'debian': 'librsvg2-bin', 'arch': 'librsvg', 'command': 'rsvg-convert', 'downloader': 'rsvg', 'id': 'rsvg1', 'tests': [{'command': ['convert', '-list', 'font'], 'search': 'Helvetica', 'error': 'Missing Helvetica font, try installing Ghostscript fonts'}], 'from': 'RSVG', 'role': 'Create outputs preview'} (kibot - dep_downloader.py:1029)
DEBUG: - Registering dep {'from': 'RSVG', 'role': 'Create PNG icons', 'id': 'rsvg2'} (kibot - dep_downloader.py:1102)
DEBUG: - Dep after applying from RSVG: {'name': 'RSVG tools', 'url': 'https://gitlab.gnome.org/GNOME/librsvg', 'debian': 'librsvg2-bin', 'arch': 'librsvg', 'command': 'rsvg-convert', 'downloader': 'rsvg', 'id': 'rsvg2', 'tests': [{'command': ['convert', '-list', 'font'], 'search': 'Helvetica', 'error': 'Missing Helvetica font, try installing Ghostscript fonts'}], 'from': 'RSVG', 'role': 'Create PNG icons'} (kibot - dep_downloader.py:1029)
DEBUG: - Registering dep {'from': 'Ghostscript', 'role': 'Create outputs preview'} (kibot - dep_downloader.py:1102)
DEBUG: - Dep after applying from Ghostscript: {'name': 'Ghostscript', 'url': 'https://www.ghostscript.com/', 'url_down': 'https://github.com/ArtifexSoftware/ghostpdl-downloads/releases', 'debian': 'ghostscript', 'arch': 'ghostscript', 'command': 'gs', 'downloader': 'gs', 'from': 'Ghostscript', 'role': 'Create outputs preview'} (kibot - dep_downloader.py:1029)
DEBUG: - Registering dep {'from': 'ImageMagick', 'role': 'Create outputs preview'} (kibot - dep_downloader.py:1102)
DEBUG: - Dep after applying from ImageMagick: {'name': 'ImageMagick', 'url': 'https://imagemagick.org/', 'url_down': 'https://imagemagick.org/script/download.php', 'command': 'convert', 'downloader': 'convert', 'debian': 'imagemagick', 'arch': 'imagemagick', 'extra_arch': ['gsfonts'], 'extra_checks': ['check_imagick_policy'], 'from': 'ImageMagick', 'role': 'Create outputs preview'} (kibot - dep_downloader.py:1029)
DEBUG: - Registering dep {'from': 'Git', 'role': 'Find origin url'} (kibot - dep_downloader.py:1102)
DEBUG: - Dep after applying from Git: {'name': 'Git', 'url': 'https://git-scm.com/', 'downloader': 'git', 'debian': 'git', 'arch': 'git', 'from': 'Git', 'role': 'Find origin url'} (kibot - dep_downloader.py:1029)
DEBUG:- Importing out_navigate_results_rb (kibot - kiplot.py:93)
DEBUG:- Processing dependencies for `out_navigate_results_rb` (kibot - dep_downloader.py:1090)
DEBUG: - Data: {'Dependencies': [{'from': 'RSVG', 'role': 'Create outputs preview', 'id': 'rsvg1'}, {'from': 'RSVG', 'role': 'Create PNG icons', 'id': 'rsvg2'}, {'from': 'Ghostscript', 'role': 'Create outputs preview'}, {'from': 'ImageMagick', 'role': 'Create outputs preview'}, {'from': 'Git', 'role': 'Find origin url'}]} (kibot - dep_downloader.py:1091)
DEBUG: - Registering dep {'from': 'RSVG', 'role': 'Create outputs preview', 'id': 'rsvg1'} (kibot - dep_downloader.py:1102)
DEBUG: - Dep after applying from RSVG: {'name': 'RSVG tools', 'url': 'https://gitlab.gnome.org/GNOME/librsvg', 'debian': 'librsvg2-bin', 'arch': 'librsvg', 'command': 'rsvg-convert', 'downloader': 'rsvg', 'id': 'rsvg1', 'tests': [{'command': ['convert', '-list', 'font'], 'search': 'Helvetica', 'error': 'Missing Helvetica font, try installing Ghostscript fonts'}], 'from': 'RSVG', 'role': 'Create outputs preview'} (kibot - dep_downloader.py:1029)
DEBUG: - Registering dep {'from': 'RSVG', 'role': 'Create PNG icons', 'id': 'rsvg2'} (kibot - dep_downloader.py:1102)
DEBUG: - Dep after applying from RSVG: {'name': 'RSVG tools', 'url': 'https://gitlab.gnome.org/GNOME/librsvg', 'debian': 'librsvg2-bin', 'arch': 'librsvg', 'command': 'rsvg-convert', 'downloader': 'rsvg', 'id': 'rsvg2', 'tests': [{'command': ['convert', '-list', 'font'], 'search': 'Helvetica', 'error': 'Missing Helvetica font, try installing Ghostscript fonts'}], 'from': 'RSVG', 'role': 'Create PNG icons'} (kibot - dep_downloader.py:1029)
DEBUG: - Registering dep {'from': 'Ghostscript', 'role': 'Create outputs preview'} (kibot - dep_downloader.py:1102)
DEBUG: - Dep after applying from Ghostscript: {'name': 'Ghostscript', 'url': 'https://www.ghostscript.com/', 'url_down': 'https://github.com/ArtifexSoftware/ghostpdl-downloads/releases', 'debian': 'ghostscript', 'arch': 'ghostscript', 'command': 'gs', 'downloader': 'gs', 'from': 'Ghostscript', 'role': 'Create outputs preview'} (kibot - dep_downloader.py:1029)
DEBUG: - Registering dep {'from': 'ImageMagick', 'role': 'Create outputs preview'} (kibot - dep_downloader.py:1102)
DEBUG: - Dep after applying from ImageMagick: {'name': 'ImageMagick', 'url': 'https://imagemagick.org/', 'url_down': 'https://imagemagick.org/script/download.php', 'command': 'convert', 'downloader': 'convert', 'debian': 'imagemagick', 'arch': 'imagemagick', 'extra_arch': ['gsfonts'], 'extra_checks': ['check_imagick_policy'], 'from': 'ImageMagick', 'role': 'Create outputs preview'} (kibot - dep_downloader.py:1029)
DEBUG: - Registering dep {'from': 'Git', 'role': 'Find origin url'} (kibot - dep_downloader.py:1102)
DEBUG: - Dep after applying from Git: {'name': 'Git', 'url': 'https://git-scm.com/', 'downloader': 'git', 'debian': 'git', 'arch': 'git', 'from': 'Git', 'role': 'Find origin url'} (kibot - dep_downloader.py:1029)
DEBUG:- Importing out_netlist (kibot - kiplot.py:93)
DEBUG:- Processing dependencies for `out_netlist` (kibot - dep_downloader.py:1090)
DEBUG: - Data: {'Dependencies': [{'from': 'KiAuto', 'role': 'mandatory', 'command': 'eeschema_do', 'version': '2.0.0', 'version_k7': '2.2.8', 'version_k8': '2.3.2', 'version_k9': '2.3.5', 'version_k10': '2.3.9'}]} (kibot - dep_downloader.py:1091)
DEBUG: - Registering dep {'from': 'KiAuto', 'role': 'mandatory', 'command': 'eeschema_do', 'version': '2.0.0', 'version_k7': '2.2.8', 'version_k8': '2.3.2', 'version_k9': '2.3.5', 'version_k10': '2.3.9'} (kibot - dep_downloader.py:1102)
DEBUG: - Dep after applying from KiAuto: {'name': 'KiCad Automation tools', 'github': 'INTI-CMNB/KiAuto', 'command': 'eeschema_do', 'pypi': 'kiauto', 'downloader': 'pytool', 'id': 'KiAuto', 'from': 'KiAuto', 'role': 'mandatory', 'version': '2.0.0', 'version_k7': '2.2.8', 'version_k8': '2.3.2', 'version_k9': '2.3.5', 'version_k10': '2.3.9'} (kibot - dep_downloader.py:1029)
DEBUG:- Importing out_odb (kibot - kiplot.py:93)
DEBUG:- Importing out_panelize (kibot - kiplot.py:93)
DEBUG:- Processing dependencies for `out_panelize` (kibot - dep_downloader.py:1090)
DEBUG: - Data: {'Dependencies': [{'from': 'KiKit', 'role': 'mandatory', 'version': '1.5.1'}]} (kibot - dep_downloader.py:1091)
DEBUG: - Registering dep {'from': 'KiKit', 'role': 'mandatory', 'version': '1.5.1'} (kibot - dep_downloader.py:1102)
DEBUG: - Dep after applying from KiKit: {'name': 'KiKit', 'github': 'INTI-CMNB/KiKit', 'pypi': 'KiKit', 'downloader': 'pytool', 'version_k6': '1.5.0', 'version_k7': '1.6.0', 'version_k9': '1.7.0', 'version_k10': '1.8.0', 'from': 'KiKit', 'role': 'mandatory', 'version': '1.5.1'} (kibot - dep_downloader.py:1029)
DEBUG:- Importing out_pcb2blender_tools (kibot - kiplot.py:93)
DEBUG:- Importing out_pcb_print (kibot - kiplot.py:93)
DEBUG:- Processing dependencies for `out_pcb_print` (kibot - dep_downloader.py:1090)
DEBUG: - Data: {'Dependencies': [{'from': 'RSVG', 'role': 'Create PDF, PNG, PS and EPS formats', 'id': 'rsvg1'}, {'from': 'Ghostscript', 'role': 'Create PNG, PS and EPS formats'}, {'from': 'ImageMagick', 'role': 'Create monochrome prints and scaled PNG files'}, {'from': 'KiAuto', 'command': 'pcbnew_do', 'role': 'Print the page frame in GUI mode', 'version': '1.6.7', 'version_k7': '2.2.8', 'version_k8': '2.3.2', 'version_k9': '2.3.5', 'version_k10': '2.3.9'}, {'from': 'LXML', 'role': 'mandatory'}]} (kibot - dep_downloader.py:1091)
DEBUG: - Registering dep {'from': 'RSVG', 'role': 'Create PDF, PNG, PS and EPS formats', 'id': 'rsvg1'} (kibot - dep_downloader.py:1102)
DEBUG: - Dep after applying from RSVG: {'name': 'RSVG tools', 'url': 'https://gitlab.gnome.org/GNOME/librsvg', 'debian': 'librsvg2-bin', 'arch': 'librsvg', 'command': 'rsvg-convert', 'downloader': 'rsvg', 'id': 'rsvg1', 'tests': [{'command': ['convert', '-list', 'font'], 'search': 'Helvetica', 'error': 'Missing Helvetica font, try installing Ghostscript fonts'}], 'from': 'RSVG', 'role': 'Create PDF, PNG, PS and EPS formats'} (kibot - dep_downloader.py:1029)
DEBUG: - Registering dep {'from': 'Ghostscript', 'role': 'Create PNG, PS and EPS formats'} (kibot - dep_downloader.py:1102)
DEBUG: - Dep after applying from Ghostscript: {'name': 'Ghostscript', 'url': 'https://www.ghostscript.com/', 'url_down': 'https://github.com/ArtifexSoftware/ghostpdl-downloads/releases', 'debian': 'ghostscript', 'arch': 'ghostscript', 'command': 'gs', 'downloader': 'gs', 'from': 'Ghostscript', 'role': 'Create PNG, PS and EPS formats'} (kibot - dep_downloader.py:1029)
DEBUG: - Registering dep {'from': 'ImageMagick', 'role': 'Create monochrome prints and scaled PNG files'} (kibot - dep_downloader.py:1102)
DEBUG: - Dep after applying from ImageMagick: {'name': 'ImageMagick', 'url': 'https://imagemagick.org/', 'url_down': 'https://imagemagick.org/script/download.php', 'command': 'convert', 'downloader': 'convert', 'debian': 'imagemagick', 'arch': 'imagemagick', 'extra_arch': ['gsfonts'], 'extra_checks': ['check_imagick_policy'], 'from': 'ImageMagick', 'role': 'Create monochrome prints and scaled PNG files'} (kibot - dep_downloader.py:1029)
DEBUG: - Registering dep {'from': 'KiAuto', 'command': 'pcbnew_do', 'role': 'Print the page frame in GUI mode', 'version': '1.6.7', 'version_k7': '2.2.8', 'version_k8': '2.3.2', 'version_k9': '2.3.5', 'version_k10': '2.3.9'} (kibot - dep_downloader.py:1102)
DEBUG: - Dep after applying from KiAuto: {'name': 'KiCad Automation tools', 'github': 'INTI-CMNB/KiAuto', 'command': 'pcbnew_do', 'pypi': 'kiauto', 'downloader': 'pytool', 'id': 'KiAuto', 'from': 'KiAuto', 'role': 'Print the page frame in GUI mode', 'version': '1.6.7', 'version_k7': '2.2.8', 'version_k8': '2.3.2', 'version_k9': '2.3.5', 'version_k10': '2.3.9'} (kibot - dep_downloader.py:1029)
DEBUG: - Registering dep {'from': 'LXML', 'role': 'mandatory'} (kibot - dep_downloader.py:1102)
DEBUG: - Dep after applying from LXML: {'name': 'LXML', 'python_module': True, 'debian': 'python3-lxml', 'arch': 'python-lxml', 'downloader': 'python', 'from': 'LXML', 'role': 'mandatory'} (kibot - dep_downloader.py:1029)
DEBUG:- Importing out_pcb_stats (kibot - kiplot.py:93)
DEBUG:- Importing out_pcb_variant (kibot - kiplot.py:93)
DEBUG:- Importing out_pcbdraw (kibot - kiplot.py:93)
DEBUG:- Processing dependencies for `out_pcbdraw` (kibot - dep_downloader.py:1090)
DEBUG: - Data: {'Dependencies': [{'from': 'RSVG', 'role': 'Create PNG, JPG and BMP images'}, {'from': 'ImageMagick', 'role': 'Create JPG and BMP images'}, {'from': 'LXML', 'role': 'mandatory'}, {'name': 'numpy', 'python_module': True, 'debian': 'python3-numpy', 'arch': 'python-numpy', 'downloader': 'python', 'role': 'Automatically adjust SVG margin'}]} (kibot - dep_downloader.py:1091)
DEBUG: - Registering dep {'from': 'RSVG', 'role': 'Create PNG, JPG and BMP images'} (kibot - dep_downloader.py:1102)
DEBUG: - Dep after applying from RSVG: {'name': 'RSVG tools', 'url': 'https://gitlab.gnome.org/GNOME/librsvg', 'debian': 'librsvg2-bin', 'arch': 'librsvg', 'command': 'rsvg-convert', 'downloader': 'rsvg', 'id': 'RSVG', 'tests': [{'command': ['convert', '-list', 'font'], 'search': 'Helvetica', 'error': 'Missing Helvetica font, try installing Ghostscript fonts'}], 'from': 'RSVG', 'role': 'Create PNG, JPG and BMP images'} (kibot - dep_downloader.py:1029)
DEBUG: - Registering dep {'from': 'ImageMagick', 'role': 'Create JPG and BMP images'} (kibot - dep_downloader.py:1102)
DEBUG: - Dep after applying from ImageMagick: {'name': 'ImageMagick', 'url': 'https://imagemagick.org/', 'url_down': 'https://imagemagick.org/script/download.php', 'command': 'convert', 'downloader': 'convert', 'debian': 'imagemagick', 'arch': 'imagemagick', 'extra_arch': ['gsfonts'], 'extra_checks': ['check_imagick_policy'], 'from': 'ImageMagick', 'role': 'Create JPG and BMP images'} (kibot - dep_downloader.py:1029)
DEBUG: - Registering dep {'from': 'LXML', 'role': 'mandatory'} (kibot - dep_downloader.py:1102)
DEBUG: - Dep after applying from LXML: {'name': 'LXML', 'python_module': True, 'debian': 'python3-lxml', 'arch': 'python-lxml', 'downloader': 'python', 'from': 'LXML', 'role': 'mandatory'} (kibot - dep_downloader.py:1029)
DEBUG: - Registering dep {'name': 'numpy', 'python_module': True, 'debian': 'python3-numpy', 'arch': 'python-numpy', 'downloader': 'python', 'role': 'Automatically adjust SVG margin'} (kibot - dep_downloader.py:1102)
DEBUG:- Importing out_pdf (kibot - kiplot.py:93)
DEBUG:- Importing out_pdf_pcb_print (kibot - kiplot.py:93)
DEBUG:- Processing dependencies for `out_pdf_pcb_print` (kibot - dep_downloader.py:1090)
DEBUG: - Data: {'Dependencies': [{'from': 'KiAuto', 'role': 'mandatory', 'version': '1.6.7', 'version_k7': '2.2.8', 'version_k8': '2.3.2', 'version_k9': '2.3.5', 'version_k10': '2.3.9'}]} (kibot - dep_downloader.py:1091)
DEBUG: - Registering dep {'from': 'KiAuto', 'role': 'mandatory', 'version': '1.6.7', 'version_k7': '2.2.8', 'version_k8': '2.3.2', 'version_k9': '2.3.5', 'version_k10': '2.3.9'} (kibot - dep_downloader.py:1102)
DEBUG: - Dep after applying from KiAuto: {'name': 'KiCad Automation tools', 'github': 'INTI-CMNB/KiAuto', 'command': 'pcbnew_do', 'pypi': 'kiauto', 'downloader': 'pytool', 'id': 'KiAuto', 'from': 'KiAuto', 'role': 'mandatory', 'version': '1.6.7', 'version_k7': '2.2.8', 'version_k8': '2.3.2', 'version_k9': '2.3.5', 'version_k10': '2.3.9'} (kibot - dep_downloader.py:1029)
DEBUG:- Importing out_pdf_sch_print (kibot - kiplot.py:93)
DEBUG:- Processing dependencies for `out_pdf_sch_print` (kibot - dep_downloader.py:1090)
DEBUG: - Data: {'Dependencies': [{'from': 'KiAuto', 'role': 'mandatory', 'command': 'eeschema_do', 'version': '2.3.6', 'version_k10': '2.3.9'}]} (kibot - dep_downloader.py:1091)
DEBUG: - Registering dep {'from': 'KiAuto', 'role': 'mandatory', 'command': 'eeschema_do', 'version': '2.3.6', 'version_k10': '2.3.9'} (kibot - dep_downloader.py:1102)
DEBUG: - Dep after applying from KiAuto: {'name': 'KiCad Automation tools', 'github': 'INTI-CMNB/KiAuto', 'command': 'eeschema_do', 'pypi': 'kiauto', 'downloader': 'pytool', 'id': 'KiAuto', 'from': 'KiAuto', 'role': 'mandatory', 'version': '2.3.6', 'version_k10': '2.3.9'} (kibot - dep_downloader.py:1029)
DEBUG:- Importing out_pdfunite (kibot - kiplot.py:93)
DEBUG:- Importing out_populate (kibot - kiplot.py:93)
DEBUG:- Importing out_position (kibot - kiplot.py:93)
DEBUG:- Importing out_ps (kibot - kiplot.py:93)
DEBUG:- Importing out_ps_sch_print (kibot - kiplot.py:93)
DEBUG:- Processing dependencies for `out_ps_sch_print` (kibot - dep_downloader.py:1090)
DEBUG: - Data: {'Dependencies': [{'from': 'KiAuto', 'role': 'mandatory', 'command': 'eeschema_do', 'version': '2.3.6', 'version_k10': '2.3.9'}]} (kibot - dep_downloader.py:1091)
DEBUG: - Registering dep {'from': 'KiAuto', 'role': 'mandatory', 'command': 'eeschema_do', 'version': '2.3.6', 'version_k10': '2.3.9'} (kibot - dep_downloader.py:1102)
DEBUG: - Dep after applying from KiAuto: {'name': 'KiCad Automation tools', 'github': 'INTI-CMNB/KiAuto', 'command': 'eeschema_do', 'pypi': 'kiauto', 'downloader': 'pytool', 'id': 'KiAuto', 'from': 'KiAuto', 'role': 'mandatory', 'version': '2.3.6', 'version_k10': '2.3.9'} (kibot - dep_downloader.py:1029)
DEBUG:- Importing out_qr_lib (kibot - kiplot.py:93)
DEBUG:- Processing dependencies for `out_qr_lib` (kibot - dep_downloader.py:1090)
DEBUG: - Data: {'Dependencies': [{'name': 'QRCodeGen', 'role': 'mandatory', 'python_module': True, 'downloader': 'python', 'debian': 'python3-qrcodegen'}]} (kibot - dep_downloader.py:1091)
DEBUG: - Registering dep {'name': 'QRCodeGen', 'role': 'mandatory', 'python_module': True, 'downloader': 'python', 'debian': 'python3-qrcodegen'} (kibot - dep_downloader.py:1102)
DEBUG:- Importing out_render_3d (kibot - kiplot.py:93)
DEBUG:- Processing dependencies for `out_render_3d` (kibot - dep_downloader.py:1090)
DEBUG: - Data: {'Dependencies': [{'from': 'KiAuto', 'role': 'mandatory', 'version': '2.3.1', 'version_k8': '2.3.2', 'version_k9': '2.3.5', 'version_k10': '2.3.8'}, {'from': 'ImageMagick', 'role': 'Automatically crop images'}]} (kibot - dep_downloader.py:1091)
DEBUG: - Registering dep {'from': 'KiAuto', 'role': 'mandatory', 'version': '2.3.1', 'version_k8': '2.3.2', 'version_k9': '2.3.5', 'version_k10': '2.3.8'} (kibot - dep_downloader.py:1102)
DEBUG: - Dep after applying from KiAuto: {'name': 'KiCad Automation tools', 'github': 'INTI-CMNB/KiAuto', 'command': 'pcbnew_do', 'pypi': 'kiauto', 'downloader': 'pytool', 'id': 'KiAuto', 'from': 'KiAuto', 'role': 'mandatory', 'version': '2.3.1', 'version_k8': '2.3.2', 'version_k9': '2.3.5', 'version_k10': '2.3.8'} (kibot - dep_downloader.py:1029)
DEBUG: - Registering dep {'from': 'ImageMagick', 'role': 'Automatically crop images'} (kibot - dep_downloader.py:1102)
DEBUG: - Dep after applying from ImageMagick: {'name': 'ImageMagick', 'url': 'https://imagemagick.org/', 'url_down': 'https://imagemagick.org/script/download.php', 'command': 'convert', 'downloader': 'convert', 'debian': 'imagemagick', 'arch': 'imagemagick', 'extra_arch': ['gsfonts'], 'extra_checks': ['check_imagick_policy'], 'from': 'ImageMagick', 'role': 'Automatically crop images'} (kibot - dep_downloader.py:1029)
DEBUG:- Importing out_report (kibot - kiplot.py:93)
DEBUG:- Processing dependencies for `out_report` (kibot - dep_downloader.py:1090)
DEBUG: - Data: {'Dependencies': [{'name': 'Pandoc', 'role': 'Create PDF/ODF/DOCX files', 'url': 'https://pandoc.org/', 'url_down': 'https://github.com/jgm/pandoc/releases', 'debian': 'pandoc', 'arch': 'pandoc', 'extra_deb': ['texlive', 'texlive-latex-base', 'texlive-latex-recommended'], 'extra_arch': ['texlive-core'], 'comments': 'In CI/CD environments: the `kicad_auto_test` docker image contains it.'}]} (kibot - dep_downloader.py:1091)
DEBUG: - Registering dep {'name': 'Pandoc', 'role': 'Create PDF/ODF/DOCX files', 'url': 'https://pandoc.org/', 'url_down': 'https://github.com/jgm/pandoc/releases', 'debian': 'pandoc', 'arch': 'pandoc', 'extra_deb': ['texlive', 'texlive-latex-base', 'texlive-latex-recommended'], 'extra_arch': ['texlive-core'], 'comments': 'In CI/CD environments: the `kicad_auto_test` docker image contains it.'} (kibot - dep_downloader.py:1102)
DEBUG:- Importing out_sch_variant (kibot - kiplot.py:93)
DEBUG:- Importing out_stencil_3d (kibot - kiplot.py:93)
DEBUG:- Processing dependencies for `out_stencil_3d` (kibot - dep_downloader.py:1090)
DEBUG: - Data: {'Dependencies': [{'from': 'KiKit', 'role': 'mandatory'}, {'name': 'OpenSCAD', 'url': 'https://openscad.org/', 'url_down': 'https://openscad.org/downloads.html', 'command': 'openscad', 'debian': 'openscad', 'arch': 'openscad', 'role': 'mandatory'}, {'from': 'Xvfbwrapper', 'role': 'mandatory'}, {'from': 'Xvfb', 'role': 'mandatory'}]} (kibot - dep_downloader.py:1091)
DEBUG: - Registering dep {'from': 'KiKit', 'role': 'mandatory'} (kibot - dep_downloader.py:1102)
DEBUG: - Dep after applying from KiKit: {'name': 'KiKit', 'github': 'INTI-CMNB/KiKit', 'pypi': 'KiKit', 'downloader': 'pytool', 'version_k6': '1.5.0', 'version_k7': '1.6.0', 'version_k9': '1.7.0', 'version_k10': '1.8.0', 'from': 'KiKit', 'role': 'mandatory'} (kibot - dep_downloader.py:1029)
DEBUG: - Registering dep {'name': 'OpenSCAD', 'url': 'https://openscad.org/', 'url_down': 'https://openscad.org/downloads.html', 'command': 'openscad', 'debian': 'openscad', 'arch': 'openscad', 'role': 'mandatory'} (kibot - dep_downloader.py:1102)
DEBUG: - Registering dep {'from': 'Xvfbwrapper', 'role': 'mandatory'} (kibot - dep_downloader.py:1102)
DEBUG: - Dep after applying from Xvfbwrapper: {'name': 'Xvfbwrapper', 'python_module': True, 'debian': 'python3-xvfbwrapper', 'arch': 'python-xvfbwrapper', 'downloader': 'python', 'from': 'Xvfbwrapper', 'role': 'mandatory'} (kibot - dep_downloader.py:1029)
DEBUG: - Registering dep {'from': 'Xvfb', 'role': 'mandatory'} (kibot - dep_downloader.py:1102)
DEBUG: - Dep after applying from Xvfb: {'name': 'Xvfb', 'url': 'https://www.x.org', 'command': 'xvfb-run', 'debian': 'xvfb', 'arch': 'xorg-server-xvfb', 'no_cmd_line_version': True, 'from': 'Xvfb', 'role': 'mandatory'} (kibot - dep_downloader.py:1029)
DEBUG:- Importing out_stencil_for_jig (kibot - kiplot.py:93)
DEBUG:- Processing dependencies for `out_stencil_for_jig` (kibot - dep_downloader.py:1090)
DEBUG: - Data: {'Dependencies': [{'from': 'KiKit', 'role': 'mandatory'}, {'name': 'OpenSCAD', 'url': 'https://openscad.org/', 'url_down': 'https://openscad.org/downloads.html', 'command': 'openscad', 'debian': 'openscad', 'arch': 'openscad', 'role': 'mandatory'}, {'from': 'Xvfbwrapper', 'role': 'mandatory'}, {'from': 'Xvfb', 'role': 'mandatory'}]} (kibot - dep_downloader.py:1091)
DEBUG: - Registering dep {'from': 'KiKit', 'role': 'mandatory'} (kibot - dep_downloader.py:1102)
DEBUG: - Dep after applying from KiKit: {'name': 'KiKit', 'github': 'INTI-CMNB/KiKit', 'pypi': 'KiKit', 'downloader': 'pytool', 'version_k6': '1.5.0', 'version_k7': '1.6.0', 'version_k9': '1.7.0', 'version_k10': '1.8.0', 'from': 'KiKit', 'role': 'mandatory'} (kibot - dep_downloader.py:1029)
DEBUG: - Registering dep {'name': 'OpenSCAD', 'url': 'https://openscad.org/', 'url_down': 'https://openscad.org/downloads.html', 'command': 'openscad', 'debian': 'openscad', 'arch': 'openscad', 'role': 'mandatory'} (kibot - dep_downloader.py:1102)
DEBUG: - Registering dep {'from': 'Xvfbwrapper', 'role': 'mandatory'} (kibot - dep_downloader.py:1102)
DEBUG: - Dep after applying from Xvfbwrapper: {'name': 'Xvfbwrapper', 'python_module': True, 'debian': 'python3-xvfbwrapper', 'arch': 'python-xvfbwrapper', 'downloader': 'python', 'from': 'Xvfbwrapper', 'role': 'mandatory'} (kibot - dep_downloader.py:1029)
DEBUG: - Registering dep {'from': 'Xvfb', 'role': 'mandatory'} (kibot - dep_downloader.py:1102)
DEBUG: - Dep after applying from Xvfb: {'name': 'Xvfb', 'url': 'https://www.x.org', 'command': 'xvfb-run', 'debian': 'xvfb', 'arch': 'xorg-server-xvfb', 'no_cmd_line_version': True, 'from': 'Xvfb', 'role': 'mandatory'} (kibot - dep_downloader.py:1029)
DEBUG:- Importing out_step (kibot - kiplot.py:93)
DEBUG:- Processing dependencies for `out_step` (kibot - dep_downloader.py:1090)
DEBUG: - Data: {'Dependencies': [{'from': 'KiAuto', 'role': 'mandatory', 'version': '1.6.1', 'version_k7': '2.2.8', 'version_k8': '2.3.2', 'version_k9': '2.3.5', 'version_k10': '2.3.9', 'command': 'kicad2step_do'}]} (kibot - dep_downloader.py:1091)
DEBUG: - Registering dep {'from': 'KiAuto', 'role': 'mandatory', 'version': '1.6.1', 'version_k7': '2.2.8', 'version_k8': '2.3.2', 'version_k9': '2.3.5', 'version_k10': '2.3.9', 'command': 'kicad2step_do'} (kibot - dep_downloader.py:1102)
DEBUG: - Dep after applying from KiAuto: {'name': 'KiCad Automation tools', 'github': 'INTI-CMNB/KiAuto', 'command': 'kicad2step_do', 'pypi': 'kiauto', 'downloader': 'pytool', 'id': 'KiAuto', 'from': 'KiAuto', 'role': 'mandatory', 'version': '1.6.1', 'version_k7': '2.2.8', 'version_k8': '2.3.2', 'version_k9': '2.3.5', 'version_k10': '2.3.9'} (kibot - dep_downloader.py:1029)
DEBUG:- Importing out_svg (kibot - kiplot.py:93)
DEBUG:- Importing out_svg_pcb_print (kibot - kiplot.py:93)
DEBUG:- Processing dependencies for `out_svg_pcb_print` (kibot - dep_downloader.py:1090)
DEBUG: - Data: {'Dependencies': [{'from': 'KiAuto', 'role': 'mandatory', 'version': '1.6.7', 'version_k7': '2.2.8', 'version_k8': '2.3.2', 'version_k9': '2.3.5', 'version_k10': '2.3.9'}]} (kibot - dep_downloader.py:1091)
DEBUG: - Registering dep {'from': 'KiAuto', 'role': 'mandatory', 'version': '1.6.7', 'version_k7': '2.2.8', 'version_k8': '2.3.2', 'version_k9': '2.3.5', 'version_k10': '2.3.9'} (kibot - dep_downloader.py:1102)
DEBUG: - Dep after applying from KiAuto: {'name': 'KiCad Automation tools', 'github': 'INTI-CMNB/KiAuto', 'command': 'pcbnew_do', 'pypi': 'kiauto', 'downloader': 'pytool', 'id': 'KiAuto', 'from': 'KiAuto', 'role': 'mandatory', 'version': '1.6.7', 'version_k7': '2.2.8', 'version_k8': '2.3.2', 'version_k9': '2.3.5', 'version_k10': '2.3.9'} (kibot - dep_downloader.py:1029)
DEBUG:- Importing out_svg_sch_print (kibot - kiplot.py:93)
DEBUG:- Processing dependencies for `out_svg_sch_print` (kibot - dep_downloader.py:1090)
DEBUG: - Data: {'Dependencies': [{'from': 'KiAuto', 'role': 'mandatory', 'command': 'eeschema_do', 'version': '2.3.6', 'version_k10': '2.3.9'}]} (kibot - dep_downloader.py:1091)
DEBUG: - Registering dep {'from': 'KiAuto', 'role': 'mandatory', 'command': 'eeschema_do', 'version': '2.3.6', 'version_k10': '2.3.9'} (kibot - dep_downloader.py:1102)
DEBUG: - Dep after applying from KiAuto: {'name': 'KiCad Automation tools', 'github': 'INTI-CMNB/KiAuto', 'command': 'eeschema_do', 'pypi': 'kiauto', 'downloader': 'pytool', 'id': 'KiAuto', 'from': 'KiAuto', 'role': 'mandatory', 'version': '2.3.6', 'version_k10': '2.3.9'} (kibot - dep_downloader.py:1029)
DEBUG:- Importing out_vrml (kibot - kiplot.py:93)
DEBUG:- Processing dependencies for `out_vrml` (kibot - dep_downloader.py:1090)
DEBUG: - Data: {'Dependencies': [{'from': 'KiAuto', 'role': 'mandatory', 'version': '2.1.0', 'version_k7': '2.2.8', 'version_k8': '2.3.2', 'version_k9': '2.3.5', 'version_k10': '2.3.9'}]} (kibot - dep_downloader.py:1091)
DEBUG: - Registering dep {'from': 'KiAuto', 'role': 'mandatory', 'version': '2.1.0', 'version_k7': '2.2.8', 'version_k8': '2.3.2', 'version_k9': '2.3.5', 'version_k10': '2.3.9'} (kibot - dep_downloader.py:1102)
DEBUG: - Dep after applying from KiAuto: {'name': 'KiCad Automation tools', 'github': 'INTI-CMNB/KiAuto', 'command': 'pcbnew_do', 'pypi': 'kiauto', 'downloader': 'pytool', 'id': 'KiAuto', 'from': 'KiAuto', 'role': 'mandatory', 'version': '2.1.0', 'version_k7': '2.2.8', 'version_k8': '2.3.2', 'version_k9': '2.3.5', 'version_k10': '2.3.9'} (kibot - dep_downloader.py:1029)
DEBUG:- Importing pre_annotate_pcb (kibot - kiplot.py:93)
DEBUG:- Importing pre_annotate_power (kibot - kiplot.py:93)
DEBUG:- Importing pre_any_replace (kibot - kiplot.py:93)
DEBUG:- Importing pre_any_xrc (kibot - kiplot.py:93)
DEBUG:- Importing pre_base (kibot - kiplot.py:93)
DEBUG:- Importing pre_check_fields (kibot - kiplot.py:93)
DEBUG:- Importing pre_check_zone_fills (kibot - kiplot.py:93)
DEBUG:- Importing pre_consolidate_pcbs (kibot - kiplot.py:93)
DEBUG:- Importing pre_convert_pcb (kibot - kiplot.py:93)
DEBUG:- Processing dependencies for `pre_convert_pcb` (kibot - dep_downloader.py:1090)
DEBUG: - Data: {'Dependencies': [{'from': 'KiAuto', 'role': 'mandatory', 'version': '2.3.2', 'version_k9': '2.3.5', 'version_k10': '2.3.9'}]} (kibot - dep_downloader.py:1091)
DEBUG: - Registering dep {'from': 'KiAuto', 'role': 'mandatory', 'version': '2.3.2', 'version_k9': '2.3.5', 'version_k10': '2.3.9'} (kibot - dep_downloader.py:1102)
DEBUG: - Dep after applying from KiAuto: {'name': 'KiCad Automation tools', 'github': 'INTI-CMNB/KiAuto', 'command': 'pcbnew_do', 'pypi': 'kiauto', 'downloader': 'pytool', 'id': 'KiAuto', 'from': 'KiAuto', 'role': 'mandatory', 'version': '2.3.2', 'version_k9': '2.3.5', 'version_k10': '2.3.9'} (kibot - dep_downloader.py:1029)
DEBUG:- Importing pre_draw_fancy_stackup (kibot - kiplot.py:93)
DEBUG:- Importing pre_draw_stackup (kibot - kiplot.py:93)
DEBUG:- Importing pre_drc (kibot - kiplot.py:93)
DEBUG:- Importing pre_erc (kibot - kiplot.py:93)
DEBUG:- Importing pre_erc_warnings (kibot - kiplot.py:93)
DEBUG:- Importing pre_fill_zones (kibot - kiplot.py:93)
DEBUG:- Importing pre_filters (kibot - kiplot.py:93)
DEBUG:- Importing pre_ignore_unconnected (kibot - kiplot.py:93)
DEBUG:- Importing pre_include_table (kibot - kiplot.py:93)
DEBUG:- Importing pre_pcb_replace (kibot - kiplot.py:93)
DEBUG:- Processing dependencies for `pre_pcb_replace` (kibot - dep_downloader.py:1090)
DEBUG: - Data: {'Dependencies': [{'from': 'Git', 'role': 'Find commit hash and/or date'}, {'from': 'Bash', 'role': 'Run external commands to create replacement text'}]} (kibot - dep_downloader.py:1091)
DEBUG: - Registering dep {'from': 'Git', 'role': 'Find commit hash and/or date'} (kibot - dep_downloader.py:1102)
DEBUG: - Dep after applying from Git: {'name': 'Git', 'url': 'https://git-scm.com/', 'downloader': 'git', 'debian': 'git', 'arch': 'git', 'from': 'Git', 'role': 'Find commit hash and/or date'} (kibot - dep_downloader.py:1029)
DEBUG: - Registering dep {'from': 'Bash', 'role': 'Run external commands to create replacement text'} (kibot - dep_downloader.py:1102)
DEBUG: - Dep after applying from Bash: {'name': 'Bash', 'url': 'https://www.gnu.org/software/bash/', 'debian': 'bash', 'arch': 'bash', 'from': 'Bash', 'role': 'Run external commands to create replacement text'} (kibot - dep_downloader.py:1029)
DEBUG:- Importing pre_run_drc (kibot - kiplot.py:93)
DEBUG:- Processing dependencies for `pre_run_drc` (kibot - dep_downloader.py:1090)
DEBUG: - Data: {'Dependencies': [{'from': 'KiAuto', 'role': 'mandatory', 'version': '2.0.0', 'version_k7': '2.2.8', 'version_k8': '2.3.2', 'version_k9': '2.3.5', 'version_k10': '2.3.9'}]} (kibot - dep_downloader.py:1091)
DEBUG: - Registering dep {'from': 'KiAuto', 'role': 'mandatory', 'version': '2.0.0', 'version_k7': '2.2.8', 'version_k8': '2.3.2', 'version_k9': '2.3.5', 'version_k10': '2.3.9'} (kibot - dep_downloader.py:1102)
DEBUG: - Dep after applying from KiAuto: {'name': 'KiCad Automation tools', 'github': 'INTI-CMNB/KiAuto', 'command': 'pcbnew_do', 'pypi': 'kiauto', 'downloader': 'pytool', 'id': 'KiAuto', 'from': 'KiAuto', 'role': 'mandatory', 'version': '2.0.0', 'version_k7': '2.2.8', 'version_k8': '2.3.2', 'version_k9': '2.3.5', 'version_k10': '2.3.9'} (kibot - dep_downloader.py:1029)
DEBUG:- Importing pre_run_erc (kibot - kiplot.py:93)
DEBUG:- Processing dependencies for `pre_run_erc` (kibot - dep_downloader.py:1090)
DEBUG: - Data: {'Dependencies': [{'from': 'KiAuto', 'role': 'mandatory', 'command': 'eeschema_do', 'version': '2.2.1', 'version_k7': '2.2.8', 'version_k8': '2.3.2', 'version_k9': '2.3.5', 'version_k10': '2.3.9'}]} (kibot - dep_downloader.py:1091)
DEBUG: - Registering dep {'from': 'KiAuto', 'role': 'mandatory', 'command': 'eeschema_do', 'version': '2.2.1', 'version_k7': '2.2.8', 'version_k8': '2.3.2', 'version_k9': '2.3.5', 'version_k10': '2.3.9'} (kibot - dep_downloader.py:1102)
DEBUG: - Dep after applying from KiAuto: {'name': 'KiCad Automation tools', 'github': 'INTI-CMNB/KiAuto', 'command': 'eeschema_do', 'pypi': 'kiauto', 'downloader': 'pytool', 'id': 'KiAuto', 'from': 'KiAuto', 'role': 'mandatory', 'version': '2.2.1', 'version_k7': '2.2.8', 'version_k8': '2.3.2', 'version_k9': '2.3.5', 'version_k10': '2.3.9'} (kibot - dep_downloader.py:1029)
DEBUG:- Importing pre_sch_replace (kibot - kiplot.py:93)
DEBUG:- Processing dependencies for `pre_sch_replace` (kibot - dep_downloader.py:1090)
DEBUG: - Data: {'Dependencies': [{'from': 'Git', 'role': 'Find commit hash and/or date'}, {'from': 'Bash', 'role': 'Run external commands to create replacement text'}]} (kibot - dep_downloader.py:1091)
DEBUG: - Registering dep {'from': 'Git', 'role': 'Find commit hash and/or date'} (kibot - dep_downloader.py:1102)
DEBUG: - Dep after applying from Git: {'name': 'Git', 'url': 'https://git-scm.com/', 'downloader': 'git', 'debian': 'git', 'arch': 'git', 'from': 'Git', 'role': 'Find commit hash and/or date'} (kibot - dep_downloader.py:1029)
DEBUG: - Registering dep {'from': 'Bash', 'role': 'Run external commands to create replacement text'} (kibot - dep_downloader.py:1102)
DEBUG: - Dep after applying from Bash: {'name': 'Bash', 'url': 'https://www.gnu.org/software/bash/', 'debian': 'bash', 'arch': 'bash', 'from': 'Bash', 'role': 'Run external commands to create replacement text'} (kibot - dep_downloader.py:1029)
DEBUG:- Importing pre_set_text_variables (kibot - kiplot.py:93)
DEBUG:- Processing dependencies for `pre_set_text_variables` (kibot - dep_downloader.py:1090)
DEBUG: - Data: {'Dependencies': [{'from': 'Git', 'role': 'Find commit hash and/or date'}, {'from': 'Bash', 'role': 'Run external commands to create replacement text'}]} (kibot - dep_downloader.py:1091)
DEBUG: - Registering dep {'from': 'Git', 'role': 'Find commit hash and/or date'} (kibot - dep_downloader.py:1102)
DEBUG: - Dep after applying from Git: {'name': 'Git', 'url': 'https://git-scm.com/', 'downloader': 'git', 'debian': 'git', 'arch': 'git', 'from': 'Git', 'role': 'Find commit hash and/or date'} (kibot - dep_downloader.py:1029)
DEBUG: - Registering dep {'from': 'Bash', 'role': 'Run external commands to create replacement text'} (kibot - dep_downloader.py:1102)
DEBUG: - Dep after applying from Bash: {'name': 'Bash', 'url': 'https://www.gnu.org/software/bash/', 'debian': 'bash', 'arch': 'bash', 'from': 'Bash', 'role': 'Run external commands to create replacement text'} (kibot - dep_downloader.py:1029)
DEBUG:- Importing pre_update_footprint (kibot - kiplot.py:93)
DEBUG:- Importing pre_update_pcb_characteristics (kibot - kiplot.py:93)
DEBUG:- Importing pre_update_qr (kibot - kiplot.py:93)
DEBUG:- Importing pre_update_stackup (kibot - kiplot.py:93)
DEBUG:- Importing pre_update_xml (kibot - kiplot.py:93)
DEBUG:- Processing dependencies for `pre_update_xml` (kibot - dep_downloader.py:1090)
DEBUG: - Data: {'Dependencies': [{'from': 'KiAuto', 'role': 'mandatory', 'command': 'eeschema_do', 'version': '1.5.4', 'version_k7': '2.2.8', 'version_k8': '2.3.2', 'version_k9': '2.3.5', 'version_k10': '2.3.9'}]} (kibot - dep_downloader.py:1091)
DEBUG: - Registering dep {'from': 'KiAuto', 'role': 'mandatory', 'command': 'eeschema_do', 'version': '1.5.4', 'version_k7': '2.2.8', 'version_k8': '2.3.2', 'version_k9': '2.3.5', 'version_k10': '2.3.9'} (kibot - dep_downloader.py:1102)
DEBUG: - Dep after applying from KiAuto: {'name': 'KiCad Automation tools', 'github': 'INTI-CMNB/KiAuto', 'command': 'eeschema_do', 'pypi': 'kiauto', 'downloader': 'pytool', 'id': 'KiAuto', 'from': 'KiAuto', 'role': 'mandatory', 'version': '1.5.4', 'version_k7': '2.2.8', 'version_k8': '2.3.2', 'version_k9': '2.3.5', 'version_k10': '2.3.9'} (kibot - dep_downloader.py:1029)
DEBUG:- Importing var_base (kibot - kiplot.py:93)
DEBUG:- Importing var_ibom (kibot - kiplot.py:93)
DEBUG:- Importing var_kibom (kibot - kiplot.py:93)
DEBUG:- Importing var_kicad (kibot - kiplot.py:93)
DEBUG:- Importing var_kicost (kibot - kiplot.py:93)
DEBUG:Deactivating macros (kibot - kiplot.py:119)
DEBUG:End of initialization (kibot - __main__.py:738)
CI/CD environment detected
DEBUG:Using configuration file: `kibot_yaml/kibot_main.yaml` (kibot - __main__.py:290)
DEBUG:Silly warning: (W044) More than one SCH file found in `.`.
  Using ./proalbmlb.kicad_sch if you want to use another use -e option. (kibot - log.py:135)
DEBUG:Using schematic: `/github/workspace/proalbmlb.kicad_sch` (kibot - kiplot.py:1147)
DEBUG:Real schematic name: `/github/workspace/proalbmlb.kicad_sch` (kibot - kiplot.py:1148)
DEBUG:Using PCB: `/github/workspace/proalbmlb.kicad_pcb` (kibot - kiplot.py:1178)
DEBUG:Real PCB name: `/github/workspace/proalbmlb.kicad_pcb` (kibot - kiplot.py:1179)
DEBUG:Starting to load the configuration (kibot - __main__.py:816)
DEBUG:Found local definitions (kibot - config_reader.py:653)
DEBUG:- Local definitions: {'PROJECT_NAME': 'ALB/MLB test', 'BOARD_NAME': 'alb_mlb test', 'COMPANY': 'General Atomics EMS', 'DESIGNER': 'Marcus Reighter', 'LOGO': 'Logos/Logo.png', 'GIT_URL': 'https://github.com/emptyd0nkey/albmlb', 'CHECK_ZONE_FILLS': True, 'STACKUP_TABLE_NOTE': 'external layer thicknesses are specified after plating', 'MPN_FIELD': 'Manufacturer Part Number', 'MAN_FIELD': 'Manufacturer', 'GROUP_ROUND_SLOTS': True, 'GROUP_PTH_NPTH': 'no', 'GROUP_PTH_NPTH_DRL': False, 'PLOT_REFS': True, 'COLOR_THEME': 'Altium_Theme', 'SHEET_WKS': '${KIPRJMOD}/Templates/KDT_Template_PCB_GIT_A4.kicad_wks', 'FAB_SCALING': 1, 'ASSEMBLY_SCALING': 1, 'EXCLUDE_REFS': '[MB*]', '3D_VIEWER_ROT_X': 2, '3D_VIEWER_ROT_Y': -1, '3D_VIEWER_ROT_Z': 1, '3D_VIEWER_ZOOM': -1, 'KEY_COLOR': '#00FF00', 'OUTPUT_DIR': './', 'REPORT_DIR': 'Reports', 'SCHEMATIC_DIR': 'Schematic', 'MANUFACTURING_DIR': 'Manufacturing', 'ASSEMBLY_DIR': '@MANUFACTURING_DIR@/Assembly', 'FABRICATION_DIR': '@MANUFACTURING_DIR@/Fabrication', 'GERBERS_DIR': '@FABRICATION_DIR@/Gerbers', 'FAB_DRILL_TABLES_DIR': '@FABRICATION_DIR@/Drill Tables', 'TESTING_DIR': 'Testing', 'TESTPOINTS_DIR': '@TESTING_DIR@/Testpoints', 'IMAGES_DIR': 'Images', '3D_DIR': '3D', 'RESOURCES_DIR': 'kibot_resources', 'REPORT_TEMPLATE_DIR': '@RESOURCES_DIR@/templates', 'SCRIPTS_DIR': '@RESOURCES_DIR@/scripts', 'LAYER_TITLE_PAGE': 'TitlePage', 'LAYER_DNP_TOP': 'F.DNP', 'LAYER_DNP_BOTTOM': 'B.DNP', 'LAYER_DRILL_MAP': 'DrillMap', 'LAYER_TP_LIST_TOP': 'F.TestPointList', 'LAYER_TP_LIST_BOTTOM': 'B.TestPointList', 'LAYER_ASSEMBLY_TEXT_TOP': 'F.AssemblyText', 'LAYER_ASSEMBLY_TEXT_BOTTOM': 'B.AssemblyText', 'LAYER_DNP_CROSS_TOP': 'F.DNP', 'LAYER_DNP_CROSS_BOTTOM': 'B.DNP', 'FILT_FIELD_RENAME': 'field_rename', 'FILT_TP_ONLY': 'only_testpoints', 'FILT_TP_EXCLUDE': 'exclude_testpoints', 'FILT_TP_TOP_ONLY': 'only_testpoints_top', 'FILT_TP_BOTTOM_ONLY': 'only_testpoints_bottom', 'SCH_VARIANT_OUTPUT': 'value_split', 'NETLIST_OUTPUT': 'netlist', 'GERBER_OUTPUT': 'gbr_gerbers', 'ODB_OUTPUT': 'zip_odb', 'EXCELLON_DRILL_OUTPUT': 'drl_excellon', 'PDF_DRILL_MAP_OUTPUT': 'pdf_drill_map', 'DXF_DRILL_MAP_OUTPUT': 'dxf_drill_map', 'CSV_DRILL_TABLE_OUTPUT': 'csv_drill_table', 'CSV_POS_OUTPUT': 'csv_position', 'CSV_TP_OUTPUT': 'csv_testpoints', 'CSV_TP_TOP_OUTPUT': 'csv_testpoints_top', 'CSV_TP_BOTTOM_OUTPUT': 'csv_testpoints_bottom', 'CSV_BOM_OUTPUT': 'csv_bom', 'XLSX_BOM_OUTPUT': 'xlsx_bom', 'HTML_IBOM_OUTPUT': 'html_bom_interactive', 'HTML_BOM_OUTPUT': 'html_bom', 'CSV_COMP_COUNT_OUPUT': 'csv_comp_count', 'CSV_IMPEDANCE_TABLE_OUTPUT': 'csv_impedance_table', 'TXT_FAB_NOTES_OUTPUT': 'txt_fabrication_notes', 'TXT_ASSEMBLY_NOTES_OUTPUT': 'txt_assembly_notes', 'PNG_3D_VIEWER_TOP': 'png_3d_viewer_top', 'PNG_3D_VIEWER_BOTTOM': 'png_3d_viewer_bottom', 'PNG_3D_VIEWER_ANGLED_TOP': 'png_3d_viewer_angled_top', 'PNG_3D_VIEWER_ANGLED_BOTTOM': 'png_3d_viewer_angled_bottom', 'STEP_OUTPUT': 'step', 'BLENDER_OUTPUT': 'blender', 'PDF_SCHEMATIC_OUTPUT': 'pdf_schematic', 'PDF_FABRICATION_OUTPUT': 'pdf_fabrication', 'PDF_ASSEMBLY_OUTPUT': 'pdf_assembly', 'ZIP_COMPRESS_FAB_OUTPUT': 'zip_compress_fab', 'HTML_KICANVAS_OUTPUT': 'html_kicanvas', 'HTML_KIRI_OUTPUT': 'html_kiri', 'MD_README_OUTPUT': 'md_readme', 'HTML_NAV_RES_OUTPUT': 'html_navigate_results'} (kibot - config_reader.py:663)
DEBUG:- Current definitions: {} (kibot - config_reader.py:664)
DEBUG:- Updated definitions: {'PROJECT_NAME': 'ALB/MLB test', 'BOARD_NAME': 'alb_mlb test', 'COMPANY': 'General Atomics EMS', 'DESIGNER': 'Marcus Reighter', 'LOGO': 'Logos/Logo.png', 'GIT_URL': 'https://github.com/emptyd0nkey/albmlb', 'CHECK_ZONE_FILLS': True, 'STACKUP_TABLE_NOTE': 'external layer thicknesses are specified after plating', 'MPN_FIELD': 'Manufacturer Part Number', 'MAN_FIELD': 'Manufacturer', 'GROUP_ROUND_SLOTS': True, 'GROUP_PTH_NPTH': 'no', 'GROUP_PTH_NPTH_DRL': False, 'PLOT_REFS': True, 'COLOR_THEME': 'Altium_Theme', 'SHEET_WKS': '${KIPRJMOD}/Templates/KDT_Template_PCB_GIT_A4.kicad_wks', 'FAB_SCALING': 1, 'ASSEMBLY_SCALING': 1, 'EXCLUDE_REFS': '[MB*]', '3D_VIEWER_ROT_X': 2, '3D_VIEWER_ROT_Y': -1, '3D_VIEWER_ROT_Z': 1, '3D_VIEWER_ZOOM': -1, 'KEY_COLOR': '#00FF00', 'OUTPUT_DIR': './', 'REPORT_DIR': 'Reports', 'SCHEMATIC_DIR': 'Schematic', 'MANUFACTURING_DIR': 'Manufacturing', 'ASSEMBLY_DIR': '@MANUFACTURING_DIR@/Assembly', 'FABRICATION_DIR': '@MANUFACTURING_DIR@/Fabrication', 'GERBERS_DIR': '@FABRICATION_DIR@/Gerbers', 'FAB_DRILL_TABLES_DIR': '@FABRICATION_DIR@/Drill Tables', 'TESTING_DIR': 'Testing', 'TESTPOINTS_DIR': '@TESTING_DIR@/Testpoints', 'IMAGES_DIR': 'Images', '3D_DIR': '3D', 'RESOURCES_DIR': 'kibot_resources', 'REPORT_TEMPLATE_DIR': '@RESOURCES_DIR@/templates', 'SCRIPTS_DIR': '@RESOURCES_DIR@/scripts', 'LAYER_TITLE_PAGE': 'TitlePage', 'LAYER_DNP_TOP': 'F.DNP', 'LAYER_DNP_BOTTOM': 'B.DNP', 'LAYER_DRILL_MAP': 'DrillMap', 'LAYER_TP_LIST_TOP': 'F.TestPointList', 'LAYER_TP_LIST_BOTTOM': 'B.TestPointList', 'LAYER_ASSEMBLY_TEXT_TOP': 'F.AssemblyText', 'LAYER_ASSEMBLY_TEXT_BOTTOM': 'B.AssemblyText', 'LAYER_DNP_CROSS_TOP': 'F.DNP', 'LAYER_DNP_CROSS_BOTTOM': 'B.DNP', 'FILT_FIELD_RENAME': 'field_rename', 'FILT_TP_ONLY': 'only_testpoints', 'FILT_TP_EXCLUDE': 'exclude_testpoints', 'FILT_TP_TOP_ONLY': 'only_testpoints_top', 'FILT_TP_BOTTOM_ONLY': 'only_testpoints_bottom', 'SCH_VARIANT_OUTPUT': 'value_split', 'NETLIST_OUTPUT': 'netlist', 'GERBER_OUTPUT': 'gbr_gerbers', 'ODB_OUTPUT': 'zip_odb', 'EXCELLON_DRILL_OUTPUT': 'drl_excellon', 'PDF_DRILL_MAP_OUTPUT': 'pdf_drill_map', 'DXF_DRILL_MAP_OUTPUT': 'dxf_drill_map', 'CSV_DRILL_TABLE_OUTPUT': 'csv_drill_table', 'CSV_POS_OUTPUT': 'csv_position', 'CSV_TP_OUTPUT': 'csv_testpoints', 'CSV_TP_TOP_OUTPUT': 'csv_testpoints_top', 'CSV_TP_BOTTOM_OUTPUT': 'csv_testpoints_bottom', 'CSV_BOM_OUTPUT': 'csv_bom', 'XLSX_BOM_OUTPUT': 'xlsx_bom', 'HTML_IBOM_OUTPUT': 'html_bom_interactive', 'HTML_BOM_OUTPUT': 'html_bom', 'CSV_COMP_COUNT_OUPUT': 'csv_comp_count', 'CSV_IMPEDANCE_TABLE_OUTPUT': 'csv_impedance_table', 'TXT_FAB_NOTES_OUTPUT': 'txt_fabrication_notes', 'TXT_ASSEMBLY_NOTES_OUTPUT': 'txt_assembly_notes', 'PNG_3D_VIEWER_TOP': 'png_3d_viewer_top', 'PNG_3D_VIEWER_BOTTOM': 'png_3d_viewer_bottom', 'PNG_3D_VIEWER_ANGLED_TOP': 'png_3d_viewer_angled_top', 'PNG_3D_VIEWER_ANGLED_BOTTOM': 'png_3d_viewer_angled_bottom', 'STEP_OUTPUT': 'step', 'BLENDER_OUTPUT': 'blender', 'PDF_SCHEMATIC_OUTPUT': 'pdf_schematic', 'PDF_FABRICATION_OUTPUT': 'pdf_fabrication', 'PDF_ASSEMBLY_OUTPUT': 'pdf_assembly', 'ZIP_COMPRESS_FAB_OUTPUT': 'zip_compress_fab', 'HTML_KICANVAS_OUTPUT': 'html_kicanvas', 'HTML_KIRI_OUTPUT': 'html_kiri', 'MD_README_OUTPUT': 'md_readme', 'HTML_NAV_RES_OUTPUT': 'html_navigate_results'} (kibot - config_reader.py:667)
DEBUG:Applying preprocessor definitions (kibot - config_reader.py:672)
DEBUG:- Applying CLI definitions: {} (kibot - config_reader.py:679)
DEBUG:- Applying collected definitions: {'PROJECT_NAME': 'ALB/MLB test', 'BOARD_NAME': 'alb_mlb test', 'COMPANY': 'General Atomics EMS', 'DESIGNER': 'Marcus Reighter', 'LOGO': 'Logos/Logo.png', 'GIT_URL': 'https://github.com/emptyd0nkey/albmlb', 'CHECK_ZONE_FILLS': True, 'STACKUP_TABLE_NOTE': 'external layer thicknesses are specified after plating', 'MPN_FIELD': 'Manufacturer Part Number', 'MAN_FIELD': 'Manufacturer', 'GROUP_ROUND_SLOTS': True, 'GROUP_PTH_NPTH': 'no', 'GROUP_PTH_NPTH_DRL': False, 'PLOT_REFS': True, 'COLOR_THEME': 'Altium_Theme', 'SHEET_WKS': '${KIPRJMOD}/Templates/KDT_Template_PCB_GIT_A4.kicad_wks', 'FAB_SCALING': 1, 'ASSEMBLY_SCALING': 1, 'EXCLUDE_REFS': '[MB*]', '3D_VIEWER_ROT_X': 2, '3D_VIEWER_ROT_Y': -1, '3D_VIEWER_ROT_Z': 1, '3D_VIEWER_ZOOM': -1, 'KEY_COLOR': '#00FF00', 'OUTPUT_DIR': './', 'REPORT_DIR': 'Reports', 'SCHEMATIC_DIR': 'Schematic', 'MANUFACTURING_DIR': 'Manufacturing', 'ASSEMBLY_DIR': '@MANUFACTURING_DIR@/Assembly', 'FABRICATION_DIR': '@MANUFACTURING_DIR@/Fabrication', 'GERBERS_DIR': '@FABRICATION_DIR@/Gerbers', 'FAB_DRILL_TABLES_DIR': '@FABRICATION_DIR@/Drill Tables', 'TESTING_DIR': 'Testing', 'TESTPOINTS_DIR': '@TESTING_DIR@/Testpoints', 'IMAGES_DIR': 'Images', '3D_DIR': '3D', 'RESOURCES_DIR': 'kibot_resources', 'REPORT_TEMPLATE_DIR': '@RESOURCES_DIR@/templates', 'SCRIPTS_DIR': '@RESOURCES_DIR@/scripts', 'LAYER_TITLE_PAGE': 'TitlePage', 'LAYER_DNP_TOP': 'F.DNP', 'LAYER_DNP_BOTTOM': 'B.DNP', 'LAYER_DRILL_MAP': 'DrillMap', 'LAYER_TP_LIST_TOP': 'F.TestPointList', 'LAYER_TP_LIST_BOTTOM': 'B.TestPointList', 'LAYER_ASSEMBLY_TEXT_TOP': 'F.AssemblyText', 'LAYER_ASSEMBLY_TEXT_BOTTOM': 'B.AssemblyText', 'LAYER_DNP_CROSS_TOP': 'F.DNP', 'LAYER_DNP_CROSS_BOTTOM': 'B.DNP', 'FILT_FIELD_RENAME': 'field_rename', 'FILT_TP_ONLY': 'only_testpoints', 'FILT_TP_EXCLUDE': 'exclude_testpoints', 'FILT_TP_TOP_ONLY': 'only_testpoints_top', 'FILT_TP_BOTTOM_ONLY': 'only_testpoints_bottom', 'SCH_VARIANT_OUTPUT': 'value_split', 'NETLIST_OUTPUT': 'netlist', 'GERBER_OUTPUT': 'gbr_gerbers', 'ODB_OUTPUT': 'zip_odb', 'EXCELLON_DRILL_OUTPUT': 'drl_excellon', 'PDF_DRILL_MAP_OUTPUT': 'pdf_drill_map', 'DXF_DRILL_MAP_OUTPUT': 'dxf_drill_map', 'CSV_DRILL_TABLE_OUTPUT': 'csv_drill_table', 'CSV_POS_OUTPUT': 'csv_position', 'CSV_TP_OUTPUT': 'csv_testpoints', 'CSV_TP_TOP_OUTPUT': 'csv_testpoints_top', 'CSV_TP_BOTTOM_OUTPUT': 'csv_testpoints_bottom', 'CSV_BOM_OUTPUT': 'csv_bom', 'XLSX_BOM_OUTPUT': 'xlsx_bom', 'HTML_IBOM_OUTPUT': 'html_bom_interactive', 'HTML_BOM_OUTPUT': 'html_bom', 'CSV_COMP_COUNT_OUPUT': 'csv_comp_count', 'CSV_IMPEDANCE_TABLE_OUTPUT': 'csv_impedance_table', 'TXT_FAB_NOTES_OUTPUT': 'txt_fabrication_notes', 'TXT_ASSEMBLY_NOTES_OUTPUT': 'txt_assembly_notes', 'PNG_3D_VIEWER_TOP': 'png_3d_viewer_top', 'PNG_3D_VIEWER_BOTTOM': 'png_3d_viewer_bottom', 'PNG_3D_VIEWER_ANGLED_TOP': 'png_3d_viewer_angled_top', 'PNG_3D_VIEWER_ANGLED_BOTTOM': 'png_3d_viewer_angled_bottom', 'STEP_OUTPUT': 'step', 'BLENDER_OUTPUT': 'blender', 'PDF_SCHEMATIC_OUTPUT': 'pdf_schematic', 'PDF_FABRICATION_OUTPUT': 'pdf_fabrication', 'PDF_ASSEMBLY_OUTPUT': 'pdf_assembly', 'ZIP_COMPRESS_FAB_OUTPUT': 'zip_compress_fab', 'HTML_KICANVAS_OUTPUT': 'html_kicanvas', 'HTML_KIRI_OUTPUT': 'html_kiri', 'MD_README_OUTPUT': 'md_readme', 'HTML_NAV_RES_OUTPUT': 'html_navigate_results'} (kibot - config_reader.py:682)
DEBUG:- Replacing @PROJECT_NAME@ -> ALB/MLB test (<class 'str'>) (kibot - config_reader.py:80)
DEBUG:- Replacing @BOARD_NAME@ -> alb_mlb test (<class 'str'>) (kibot - config_reader.py:80)
DEBUG:- Replacing @COMPANY@ -> General Atomics EMS (<class 'str'>) (kibot - config_reader.py:80)
DEBUG:- Replacing @DESIGNER@ -> Marcus Reighter (<class 'str'>) (kibot - config_reader.py:80)
DEBUG:- Replacing @LOGO@ -> Logos/Logo.png (<class 'str'>) (kibot - config_reader.py:80)
DEBUG:- Replacing @GIT_URL@ -> https://github.com/emptyd0nkey/albmlb (<class 'str'>) (kibot - config_reader.py:80)
DEBUG:- Replacing @CHECK_ZONE_FILLS@ -> true (<class 'str'>) (kibot - config_reader.py:80)
DEBUG:- Replacing @STACKUP_TABLE_NOTE@ -> external layer thicknesses are specified after plating (<class 'str'>) (kibot - config_reader.py:80)
DEBUG:- Replacing @MPN_FIELD@ -> Manufacturer Part Number (<class 'str'>) (kibot - config_reader.py:80)
DEBUG:- Replacing @MAN_FIELD@ -> Manufacturer (<class 'str'>) (kibot - config_reader.py:80)
DEBUG:- Replacing @GROUP_ROUND_SLOTS@ -> true (<class 'str'>) (kibot - config_reader.py:80)
DEBUG:- Replacing @GROUP_PTH_NPTH@ -> no (<class 'str'>) (kibot - config_reader.py:80)
DEBUG:- Replacing @GROUP_PTH_NPTH_DRL@ -> false (<class 'str'>) (kibot - config_reader.py:80)
DEBUG:- Replacing @PLOT_REFS@ -> true (<class 'str'>) (kibot - config_reader.py:80)
DEBUG:- Replacing @COLOR_THEME@ -> Altium_Theme (<class 'str'>) (kibot - config_reader.py:80)
DEBUG:- Replacing @SHEET_WKS@ -> ${KIPRJMOD}/Templates/KDT_Template_PCB_GIT_A4.kicad_wks (<class 'str'>) (kibot - config_reader.py:80)
DEBUG:- Replacing @FAB_SCALING@ -> 1 (<class 'str'>) (kibot - config_reader.py:80)
DEBUG:- Replacing @ASSEMBLY_SCALING@ -> 1 (<class 'str'>) (kibot - config_reader.py:80)
DEBUG:- Replacing @EXCLUDE_REFS@ -> [MB*] (<class 'str'>) (kibot - config_reader.py:80)
DEBUG:- Replacing @3D_VIEWER_ROT_X@ -> 2 (<class 'str'>) (kibot - config_reader.py:80)
DEBUG:- Replacing @3D_VIEWER_ROT_Y@ -> -1 (<class 'str'>) (kibot - config_reader.py:80)
DEBUG:- Replacing @3D_VIEWER_ROT_Z@ -> 1 (<class 'str'>) (kibot - config_reader.py:80)
DEBUG:- Replacing @3D_VIEWER_ZOOM@ -> -1 (<class 'str'>) (kibot - config_reader.py:80)
DEBUG:- Replacing @KEY_COLOR@ -> #00FF00 (<class 'str'>) (kibot - config_reader.py:80)
DEBUG:- Replacing @OUTPUT_DIR@ -> ./ (<class 'str'>) (kibot - config_reader.py:80)
DEBUG:- Replacing @REPORT_DIR@ -> Reports (<class 'str'>) (kibot - config_reader.py:80)
DEBUG:- Replacing @SCHEMATIC_DIR@ -> Schematic (<class 'str'>) (kibot - config_reader.py:80)
DEBUG:- Replacing @ASSEMBLY_DIR@ -> @MANUFACTURING_DIR@/Assembly (<class 'str'>) (kibot - config_reader.py:80)
DEBUG:- Replacing @FABRICATION_DIR@ -> @MANUFACTURING_DIR@/Fabrication (<class 'str'>) (kibot - config_reader.py:80)
DEBUG:- Replacing @GERBERS_DIR@ -> @FABRICATION_DIR@/Gerbers (<class 'str'>) (kibot - config_reader.py:80)
DEBUG:- Replacing @FAB_DRILL_TABLES_DIR@ -> @FABRICATION_DIR@/Drill Tables (<class 'str'>) (kibot - config_reader.py:80)
DEBUG:- Replacing @TESTPOINTS_DIR@ -> @TESTING_DIR@/Testpoints (<class 'str'>) (kibot - config_reader.py:80)
DEBUG:- Replacing @IMAGES_DIR@ -> Images (<class 'str'>) (kibot - config_reader.py:80)
DEBUG:- Replacing @3D_DIR@ -> 3D (<class 'str'>) (kibot - config_reader.py:80)
DEBUG:- Replacing @REPORT_TEMPLATE_DIR@ -> @RESOURCES_DIR@/templates (<class 'str'>) (kibot - config_reader.py:80)
DEBUG:- Replacing @SCRIPTS_DIR@ -> @RESOURCES_DIR@/scripts (<class 'str'>) (kibot - config_reader.py:80)
DEBUG:- Replacing @LAYER_TITLE_PAGE@ -> TitlePage (<class 'str'>) (kibot - config_reader.py:80)
DEBUG:- Replacing @LAYER_DNP_TOP@ -> F.DNP (<class 'str'>) (kibot - config_reader.py:80)
DEBUG:- Replacing @LAYER_DNP_BOTTOM@ -> B.DNP (<class 'str'>) (kibot - config_reader.py:80)
DEBUG:- Replacing @LAYER_DRILL_MAP@ -> DrillMap (<class 'str'>) (kibot - config_reader.py:80)
DEBUG:- Replacing @LAYER_TP_LIST_TOP@ -> F.TestPointList (<class 'str'>) (kibot - config_reader.py:80)
DEBUG:- Replacing @LAYER_TP_LIST_BOTTOM@ -> B.TestPointList (<class 'str'>) (kibot - config_reader.py:80)
DEBUG:- Replacing @LAYER_ASSEMBLY_TEXT_TOP@ -> F.AssemblyText (<class 'str'>) (kibot - config_reader.py:80)
DEBUG:- Replacing @LAYER_ASSEMBLY_TEXT_BOTTOM@ -> B.AssemblyText (<class 'str'>) (kibot - config_reader.py:80)
DEBUG:- Replacing @LAYER_DNP_CROSS_TOP@ -> F.DNP (<class 'str'>) (kibot - config_reader.py:80)
DEBUG:- Replacing @LAYER_DNP_CROSS_BOTTOM@ -> B.DNP (<class 'str'>) (kibot - config_reader.py:80)
DEBUG:- Replacing @FILT_FIELD_RENAME@ -> field_rename (<class 'str'>) (kibot - config_reader.py:80)
DEBUG:- Replacing @FILT_TP_ONLY@ -> only_testpoints (<class 'str'>) (kibot - config_reader.py:80)
DEBUG:- Replacing @FILT_TP_EXCLUDE@ -> exclude_testpoints (<class 'str'>) (kibot - config_reader.py:80)
DEBUG:- Replacing @FILT_TP_TOP_ONLY@ -> only_testpoints_top (<class 'str'>) (kibot - config_reader.py:80)
DEBUG:- Replacing @FILT_TP_BOTTOM_ONLY@ -> only_testpoints_bottom (<class 'str'>) (kibot - config_reader.py:80)
DEBUG:- Replacing @SCH_VARIANT_OUTPUT@ -> value_split (<class 'str'>) (kibot - config_reader.py:80)
DEBUG:- Replacing @NETLIST_OUTPUT@ -> netlist (<class 'str'>) (kibot - config_reader.py:80)
DEBUG:- Replacing @GERBER_OUTPUT@ -> gbr_gerbers (<class 'str'>) (kibot - config_reader.py:80)
DEBUG:- Replacing @ODB_OUTPUT@ -> zip_odb (<class 'str'>) (kibot - config_reader.py:80)
DEBUG:- Replacing @EXCELLON_DRILL_OUTPUT@ -> drl_excellon (<class 'str'>) (kibot - config_reader.py:80)
DEBUG:- Replacing @PDF_DRILL_MAP_OUTPUT@ -> pdf_drill_map (<class 'str'>) (kibot - config_reader.py:80)
DEBUG:- Replacing @DXF_DRILL_MAP_OUTPUT@ -> dxf_drill_map (<class 'str'>) (kibot - config_reader.py:80)
DEBUG:- Replacing @CSV_DRILL_TABLE_OUTPUT@ -> csv_drill_table (<class 'str'>) (kibot - config_reader.py:80)
DEBUG:- Replacing @CSV_POS_OUTPUT@ -> csv_position (<class 'str'>) (kibot - config_reader.py:80)
DEBUG:- Replacing @CSV_TP_OUTPUT@ -> csv_testpoints (<class 'str'>) (kibot - config_reader.py:80)
DEBUG:- Replacing @CSV_TP_TOP_OUTPUT@ -> csv_testpoints_top (<class 'str'>) (kibot - config_reader.py:80)
DEBUG:- Replacing @CSV_TP_BOTTOM_OUTPUT@ -> csv_testpoints_bottom (<class 'str'>) (kibot - config_reader.py:80)
DEBUG:- Replacing @CSV_BOM_OUTPUT@ -> csv_bom (<class 'str'>) (kibot - config_reader.py:80)
DEBUG:- Replacing @XLSX_BOM_OUTPUT@ -> xlsx_bom (<class 'str'>) (kibot - config_reader.py:80)
DEBUG:- Replacing @HTML_IBOM_OUTPUT@ -> html_bom_interactive (<class 'str'>) (kibot - config_reader.py:80)
DEBUG:- Replacing @HTML_BOM_OUTPUT@ -> html_bom (<class 'str'>) (kibot - config_reader.py:80)
DEBUG:- Replacing @CSV_COMP_COUNT_OUPUT@ -> csv_comp_count (<class 'str'>) (kibot - config_reader.py:80)
DEBUG:- Replacing @CSV_IMPEDANCE_TABLE_OUTPUT@ -> csv_impedance_table (<class 'str'>) (kibot - config_reader.py:80)
DEBUG:- Replacing @TXT_FAB_NOTES_OUTPUT@ -> txt_fabrication_notes (<class 'str'>) (kibot - config_reader.py:80)
DEBUG:- Replacing @TXT_ASSEMBLY_NOTES_OUTPUT@ -> txt_assembly_notes (<class 'str'>) (kibot - config_reader.py:80)
DEBUG:- Replacing @PNG_3D_VIEWER_TOP@ -> png_3d_viewer_top (<class 'str'>) (kibot - config_reader.py:80)
DEBUG:- Replacing @PNG_3D_VIEWER_BOTTOM@ -> png_3d_viewer_bottom (<class 'str'>) (kibot - config_reader.py:80)
DEBUG:- Replacing @PNG_3D_VIEWER_ANGLED_TOP@ -> png_3d_viewer_angled_top (<class 'str'>) (kibot - config_reader.py:80)
DEBUG:- Replacing @PNG_3D_VIEWER_ANGLED_BOTTOM@ -> png_3d_viewer_angled_bottom (<class 'str'>) (kibot - config_reader.py:80)
DEBUG:- Replacing @STEP_OUTPUT@ -> step (<class 'str'>) (kibot - config_reader.py:80)
DEBUG:- Replacing @BLENDER_OUTPUT@ -> blender (<class 'str'>) (kibot - config_reader.py:80)
DEBUG:- Replacing @PDF_SCHEMATIC_OUTPUT@ -> pdf_schematic (<class 'str'>) (kibot - config_reader.py:80)
DEBUG:- Replacing @PDF_FABRICATION_OUTPUT@ -> pdf_fabrication (<class 'str'>) (kibot - config_reader.py:80)
DEBUG:- Replacing @PDF_ASSEMBLY_OUTPUT@ -> pdf_assembly (<class 'str'>) (kibot - config_reader.py:80)
DEBUG:- Replacing @ZIP_COMPRESS_FAB_OUTPUT@ -> zip_compress_fab (<class 'str'>) (kibot - config_reader.py:80)
DEBUG:- Replacing @HTML_KICANVAS_OUTPUT@ -> html_kicanvas (<class 'str'>) (kibot - config_reader.py:80)
DEBUG:- Replacing @HTML_KIRI_OUTPUT@ -> html_kiri (<class 'str'>) (kibot - config_reader.py:80)
DEBUG:- Replacing @MD_README_OUTPUT@ -> md_readme (<class 'str'>) (kibot - config_reader.py:80)
DEBUG:- Replacing @HTML_NAV_RES_OUTPUT@ -> html_navigate_results (<class 'str'>) (kibot - config_reader.py:80)
DEBUG:- Applying CLI definitions: {} (kibot - config_reader.py:679)
DEBUG:- Applying collected definitions: {'PROJECT_NAME': 'ALB/MLB test', 'BOARD_NAME': 'alb_mlb test', 'COMPANY': 'General Atomics EMS', 'DESIGNER': 'Marcus Reighter', 'LOGO': 'Logos/Logo.png', 'GIT_URL': 'https://github.com/emptyd0nkey/albmlb', 'CHECK_ZONE_FILLS': True, 'STACKUP_TABLE_NOTE': 'external layer thicknesses are specified after plating', 'MPN_FIELD': 'Manufacturer Part Number', 'MAN_FIELD': 'Manufacturer', 'GROUP_ROUND_SLOTS': True, 'GROUP_PTH_NPTH': 'no', 'GROUP_PTH_NPTH_DRL': False, 'PLOT_REFS': True, 'COLOR_THEME': 'Altium_Theme', 'SHEET_WKS': '${KIPRJMOD}/Templates/KDT_Template_PCB_GIT_A4.kicad_wks', 'FAB_SCALING': 1, 'ASSEMBLY_SCALING': 1, 'EXCLUDE_REFS': '[MB*]', '3D_VIEWER_ROT_X': 2, '3D_VIEWER_ROT_Y': -1, '3D_VIEWER_ROT_Z': 1, '3D_VIEWER_ZOOM': -1, 'KEY_COLOR': '#00FF00', 'OUTPUT_DIR': './', 'REPORT_DIR': 'Reports', 'SCHEMATIC_DIR': 'Schematic', 'MANUFACTURING_DIR': 'Manufacturing', 'ASSEMBLY_DIR': '@MANUFACTURING_DIR@/Assembly', 'FABRICATION_DIR': '@MANUFACTURING_DIR@/Fabrication', 'GERBERS_DIR': '@FABRICATION_DIR@/Gerbers', 'FAB_DRILL_TABLES_DIR': '@FABRICATION_DIR@/Drill Tables', 'TESTING_DIR': 'Testing', 'TESTPOINTS_DIR': '@TESTING_DIR@/Testpoints', 'IMAGES_DIR': 'Images', '3D_DIR': '3D', 'RESOURCES_DIR': 'kibot_resources', 'REPORT_TEMPLATE_DIR': '@RESOURCES_DIR@/templates', 'SCRIPTS_DIR': '@RESOURCES_DIR@/scripts', 'LAYER_TITLE_PAGE': 'TitlePage', 'LAYER_DNP_TOP': 'F.DNP', 'LAYER_DNP_BOTTOM': 'B.DNP', 'LAYER_DRILL_MAP': 'DrillMap', 'LAYER_TP_LIST_TOP': 'F.TestPointList', 'LAYER_TP_LIST_BOTTOM': 'B.TestPointList', 'LAYER_ASSEMBLY_TEXT_TOP': 'F.AssemblyText', 'LAYER_ASSEMBLY_TEXT_BOTTOM': 'B.AssemblyText', 'LAYER_DNP_CROSS_TOP': 'F.DNP', 'LAYER_DNP_CROSS_BOTTOM': 'B.DNP', 'FILT_FIELD_RENAME': 'field_rename', 'FILT_TP_ONLY': 'only_testpoints', 'FILT_TP_EXCLUDE': 'exclude_testpoints', 'FILT_TP_TOP_ONLY': 'only_testpoints_top', 'FILT_TP_BOTTOM_ONLY': 'only_testpoints_bottom', 'SCH_VARIANT_OUTPUT': 'value_split', 'NETLIST_OUTPUT': 'netlist', 'GERBER_OUTPUT': 'gbr_gerbers', 'ODB_OUTPUT': 'zip_odb', 'EXCELLON_DRILL_OUTPUT': 'drl_excellon', 'PDF_DRILL_MAP_OUTPUT': 'pdf_drill_map', 'DXF_DRILL_MAP_OUTPUT': 'dxf_drill_map', 'CSV_DRILL_TABLE_OUTPUT': 'csv_drill_table', 'CSV_POS_OUTPUT': 'csv_position', 'CSV_TP_OUTPUT': 'csv_testpoints', 'CSV_TP_TOP_OUTPUT': 'csv_testpoints_top', 'CSV_TP_BOTTOM_OUTPUT': 'csv_testpoints_bottom', 'CSV_BOM_OUTPUT': 'csv_bom', 'XLSX_BOM_OUTPUT': 'xlsx_bom', 'HTML_IBOM_OUTPUT': 'html_bom_interactive', 'HTML_BOM_OUTPUT': 'html_bom', 'CSV_COMP_COUNT_OUPUT': 'csv_comp_count', 'CSV_IMPEDANCE_TABLE_OUTPUT': 'csv_impedance_table', 'TXT_FAB_NOTES_OUTPUT': 'txt_fabrication_notes', 'TXT_ASSEMBLY_NOTES_OUTPUT': 'txt_assembly_notes', 'PNG_3D_VIEWER_TOP': 'png_3d_viewer_top', 'PNG_3D_VIEWER_BOTTOM': 'png_3d_viewer_bottom', 'PNG_3D_VIEWER_ANGLED_TOP': 'png_3d_viewer_angled_top', 'PNG_3D_VIEWER_ANGLED_BOTTOM': 'png_3d_viewer_angled_bottom', 'STEP_OUTPUT': 'step', 'BLENDER_OUTPUT': 'blender', 'PDF_SCHEMATIC_OUTPUT': 'pdf_schematic', 'PDF_FABRICATION_OUTPUT': 'pdf_fabrication', 'PDF_ASSEMBLY_OUTPUT': 'pdf_assembly', 'ZIP_COMPRESS_FAB_OUTPUT': 'zip_compress_fab', 'HTML_KICANVAS_OUTPUT': 'html_kicanvas', 'HTML_KIRI_OUTPUT': 'html_kiri', 'MD_README_OUTPUT': 'md_readme', 'HTML_NAV_RES_OUTPUT': 'html_navigate_results'} (kibot - config_reader.py:682)
DEBUG:- Replacing @MANUFACTURING_DIR@ -> Manufacturing (<class 'str'>) (kibot - config_reader.py:80)
DEBUG:- Replacing @FABRICATION_DIR@ -> @MANUFACTURING_DIR@/Fabrication (<class 'str'>) (kibot - config_reader.py:80)
DEBUG:- Replacing @TESTING_DIR@ -> Testing (<class 'str'>) (kibot - config_reader.py:80)
DEBUG:- Replacing @RESOURCES_DIR@ -> kibot_resources (<class 'str'>) (kibot - config_reader.py:80)
DEBUG:- Applying CLI definitions: {} (kibot - config_reader.py:679)
DEBUG:- Applying collected definitions: {'PROJECT_NAME': 'ALB/MLB test', 'BOARD_NAME': 'alb_mlb test', 'COMPANY': 'General Atomics EMS', 'DESIGNER': 'Marcus Reighter', 'LOGO': 'Logos/Logo.png', 'GIT_URL': 'https://github.com/emptyd0nkey/albmlb', 'CHECK_ZONE_FILLS': True, 'STACKUP_TABLE_NOTE': 'external layer thicknesses are specified after plating', 'MPN_FIELD': 'Manufacturer Part Number', 'MAN_FIELD': 'Manufacturer', 'GROUP_ROUND_SLOTS': True, 'GROUP_PTH_NPTH': 'no', 'GROUP_PTH_NPTH_DRL': False, 'PLOT_REFS': True, 'COLOR_THEME': 'Altium_Theme', 'SHEET_WKS': '${KIPRJMOD}/Templates/KDT_Template_PCB_GIT_A4.kicad_wks', 'FAB_SCALING': 1, 'ASSEMBLY_SCALING': 1, 'EXCLUDE_REFS': '[MB*]', '3D_VIEWER_ROT_X': 2, '3D_VIEWER_ROT_Y': -1, '3D_VIEWER_ROT_Z': 1, '3D_VIEWER_ZOOM': -1, 'KEY_COLOR': '#00FF00', 'OUTPUT_DIR': './', 'REPORT_DIR': 'Reports', 'SCHEMATIC_DIR': 'Schematic', 'MANUFACTURING_DIR': 'Manufacturing', 'ASSEMBLY_DIR': '@MANUFACTURING_DIR@/Assembly', 'FABRICATION_DIR': '@MANUFACTURING_DIR@/Fabrication', 'GERBERS_DIR': '@FABRICATION_DIR@/Gerbers', 'FAB_DRILL_TABLES_DIR': '@FABRICATION_DIR@/Drill Tables', 'TESTING_DIR': 'Testing', 'TESTPOINTS_DIR': '@TESTING_DIR@/Testpoints', 'IMAGES_DIR': 'Images', '3D_DIR': '3D', 'RESOURCES_DIR': 'kibot_resources', 'REPORT_TEMPLATE_DIR': '@RESOURCES_DIR@/templates', 'SCRIPTS_DIR': '@RESOURCES_DIR@/scripts', 'LAYER_TITLE_PAGE': 'TitlePage', 'LAYER_DNP_TOP': 'F.DNP', 'LAYER_DNP_BOTTOM': 'B.DNP', 'LAYER_DRILL_MAP': 'DrillMap', 'LAYER_TP_LIST_TOP': 'F.TestPointList', 'LAYER_TP_LIST_BOTTOM': 'B.TestPointList', 'LAYER_ASSEMBLY_TEXT_TOP': 'F.AssemblyText', 'LAYER_ASSEMBLY_TEXT_BOTTOM': 'B.AssemblyText', 'LAYER_DNP_CROSS_TOP': 'F.DNP', 'LAYER_DNP_CROSS_BOTTOM': 'B.DNP', 'FILT_FIELD_RENAME': 'field_rename', 'FILT_TP_ONLY': 'only_testpoints', 'FILT_TP_EXCLUDE': 'exclude_testpoints', 'FILT_TP_TOP_ONLY': 'only_testpoints_top', 'FILT_TP_BOTTOM_ONLY': 'only_testpoints_bottom', 'SCH_VARIANT_OUTPUT': 'value_split', 'NETLIST_OUTPUT': 'netlist', 'GERBER_OUTPUT': 'gbr_gerbers', 'ODB_OUTPUT': 'zip_odb', 'EXCELLON_DRILL_OUTPUT': 'drl_excellon', 'PDF_DRILL_MAP_OUTPUT': 'pdf_drill_map', 'DXF_DRILL_MAP_OUTPUT': 'dxf_drill_map', 'CSV_DRILL_TABLE_OUTPUT': 'csv_drill_table', 'CSV_POS_OUTPUT': 'csv_position', 'CSV_TP_OUTPUT': 'csv_testpoints', 'CSV_TP_TOP_OUTPUT': 'csv_testpoints_top', 'CSV_TP_BOTTOM_OUTPUT': 'csv_testpoints_bottom', 'CSV_BOM_OUTPUT': 'csv_bom', 'XLSX_BOM_OUTPUT': 'xlsx_bom', 'HTML_IBOM_OUTPUT': 'html_bom_interactive', 'HTML_BOM_OUTPUT': 'html_bom', 'CSV_COMP_COUNT_OUPUT': 'csv_comp_count', 'CSV_IMPEDANCE_TABLE_OUTPUT': 'csv_impedance_table', 'TXT_FAB_NOTES_OUTPUT': 'txt_fabrication_notes', 'TXT_ASSEMBLY_NOTES_OUTPUT': 'txt_assembly_notes', 'PNG_3D_VIEWER_TOP': 'png_3d_viewer_top', 'PNG_3D_VIEWER_BOTTOM': 'png_3d_viewer_bottom', 'PNG_3D_VIEWER_ANGLED_TOP': 'png_3d_viewer_angled_top', 'PNG_3D_VIEWER_ANGLED_BOTTOM': 'png_3d_viewer_angled_bottom', 'STEP_OUTPUT': 'step', 'BLENDER_OUTPUT': 'blender', 'PDF_SCHEMATIC_OUTPUT': 'pdf_schematic', 'PDF_FABRICATION_OUTPUT': 'pdf_fabrication', 'PDF_ASSEMBLY_OUTPUT': 'pdf_assembly', 'ZIP_COMPRESS_FAB_OUTPUT': 'zip_compress_fab', 'HTML_KICANVAS_OUTPUT': 'html_kicanvas', 'HTML_KIRI_OUTPUT': 'html_kiri', 'MD_README_OUTPUT': 'md_readme', 'HTML_NAV_RES_OUTPUT': 'html_navigate_results'} (kibot - config_reader.py:682)
DEBUG:- Replacing @MANUFACTURING_DIR@ -> Manufacturing (<class 'str'>) (kibot - config_reader.py:80)
DEBUG:- Applying CLI definitions: {} (kibot - config_reader.py:679)
DEBUG:- Applying collected definitions: {'PROJECT_NAME': 'ALB/MLB test', 'BOARD_NAME': 'alb_mlb test', 'COMPANY': 'General Atomics EMS', 'DESIGNER': 'Marcus Reighter', 'LOGO': 'Logos/Logo.png', 'GIT_URL': 'https://github.com/emptyd0nkey/albmlb', 'CHECK_ZONE_FILLS': True, 'STACKUP_TABLE_NOTE': 'external layer thicknesses are specified after plating', 'MPN_FIELD': 'Manufacturer Part Number', 'MAN_FIELD': 'Manufacturer', 'GROUP_ROUND_SLOTS': True, 'GROUP_PTH_NPTH': 'no', 'GROUP_PTH_NPTH_DRL': False, 'PLOT_REFS': True, 'COLOR_THEME': 'Altium_Theme', 'SHEET_WKS': '${KIPRJMOD}/Templates/KDT_Template_PCB_GIT_A4.kicad_wks', 'FAB_SCALING': 1, 'ASSEMBLY_SCALING': 1, 'EXCLUDE_REFS': '[MB*]', '3D_VIEWER_ROT_X': 2, '3D_VIEWER_ROT_Y': -1, '3D_VIEWER_ROT_Z': 1, '3D_VIEWER_ZOOM': -1, 'KEY_COLOR': '#00FF00', 'OUTPUT_DIR': './', 'REPORT_DIR': 'Reports', 'SCHEMATIC_DIR': 'Schematic', 'MANUFACTURING_DIR': 'Manufacturing', 'ASSEMBLY_DIR': '@MANUFACTURING_DIR@/Assembly', 'FABRICATION_DIR': '@MANUFACTURING_DIR@/Fabrication', 'GERBERS_DIR': '@FABRICATION_DIR@/Gerbers', 'FAB_DRILL_TABLES_DIR': '@FABRICATION_DIR@/Drill Tables', 'TESTING_DIR': 'Testing', 'TESTPOINTS_DIR': '@TESTING_DIR@/Testpoints', 'IMAGES_DIR': 'Images', '3D_DIR': '3D', 'RESOURCES_DIR': 'kibot_resources', 'REPORT_TEMPLATE_DIR': '@RESOURCES_DIR@/templates', 'SCRIPTS_DIR': '@RESOURCES_DIR@/scripts', 'LAYER_TITLE_PAGE': 'TitlePage', 'LAYER_DNP_TOP': 'F.DNP', 'LAYER_DNP_BOTTOM': 'B.DNP', 'LAYER_DRILL_MAP': 'DrillMap', 'LAYER_TP_LIST_TOP': 'F.TestPointList', 'LAYER_TP_LIST_BOTTOM': 'B.TestPointList', 'LAYER_ASSEMBLY_TEXT_TOP': 'F.AssemblyText', 'LAYER_ASSEMBLY_TEXT_BOTTOM': 'B.AssemblyText', 'LAYER_DNP_CROSS_TOP': 'F.DNP', 'LAYER_DNP_CROSS_BOTTOM': 'B.DNP', 'FILT_FIELD_RENAME': 'field_rename', 'FILT_TP_ONLY': 'only_testpoints', 'FILT_TP_EXCLUDE': 'exclude_testpoints', 'FILT_TP_TOP_ONLY': 'only_testpoints_top', 'FILT_TP_BOTTOM_ONLY': 'only_testpoints_bottom', 'SCH_VARIANT_OUTPUT': 'value_split', 'NETLIST_OUTPUT': 'netlist', 'GERBER_OUTPUT': 'gbr_gerbers', 'ODB_OUTPUT': 'zip_odb', 'EXCELLON_DRILL_OUTPUT': 'drl_excellon', 'PDF_DRILL_MAP_OUTPUT': 'pdf_drill_map', 'DXF_DRILL_MAP_OUTPUT': 'dxf_drill_map', 'CSV_DRILL_TABLE_OUTPUT': 'csv_drill_table', 'CSV_POS_OUTPUT': 'csv_position', 'CSV_TP_OUTPUT': 'csv_testpoints', 'CSV_TP_TOP_OUTPUT': 'csv_testpoints_top', 'CSV_TP_BOTTOM_OUTPUT': 'csv_testpoints_bottom', 'CSV_BOM_OUTPUT': 'csv_bom', 'XLSX_BOM_OUTPUT': 'xlsx_bom', 'HTML_IBOM_OUTPUT': 'html_bom_interactive', 'HTML_BOM_OUTPUT': 'html_bom', 'CSV_COMP_COUNT_OUPUT': 'csv_comp_count', 'CSV_IMPEDANCE_TABLE_OUTPUT': 'csv_impedance_table', 'TXT_FAB_NOTES_OUTPUT': 'txt_fabrication_notes', 'TXT_ASSEMBLY_NOTES_OUTPUT': 'txt_assembly_notes', 'PNG_3D_VIEWER_TOP': 'png_3d_viewer_top', 'PNG_3D_VIEWER_BOTTOM': 'png_3d_viewer_bottom', 'PNG_3D_VIEWER_ANGLED_TOP': 'png_3d_viewer_angled_top', 'PNG_3D_VIEWER_ANGLED_BOTTOM': 'png_3d_viewer_angled_bottom', 'STEP_OUTPUT': 'step', 'BLENDER_OUTPUT': 'blender', 'PDF_SCHEMATIC_OUTPUT': 'pdf_schematic', 'PDF_FABRICATION_OUTPUT': 'pdf_fabrication', 'PDF_ASSEMBLY_OUTPUT': 'pdf_assembly', 'ZIP_COMPRESS_FAB_OUTPUT': 'zip_compress_fab', 'HTML_KICANVAS_OUTPUT': 'html_kicanvas', 'HTML_KIRI_OUTPUT': 'html_kiri', 'MD_README_OUTPUT': 'md_readme', 'HTML_NAV_RES_OUTPUT': 'html_navigate_results'} (kibot - config_reader.py:682)
DEBUG:YAML after expanding definitions:
# KiBot configuration file for KDT_Hierarchical Template
# KiCad 8.0

kibot:
  version: 1

variants:

  # Project variants

  - name: 'DRAFT'
    comment: "Very early stage of schematic, ignore details."
    type: kibom
    variant: DRAFT
    exclude_filter: '_null'

  - name: 'PRELIMINARY'
    comment: "Close to final schematic."
    type: kibom
    variant: PRELIMINARY
    exclude_filter: '_null'

  - name: 'CHECKED'
    comment: "There shouldn't be any mistakes. Contact the engineer if you find any."
    type: kibom
    variant: CHECKED
    exclude_filter: '_null'
    
  - name: 'RELEASED'
    comment: "A board with this schematic has been sent to production."
    type: kibom
    variant: RELEASED
    exclude_filter: '_null'

  # Assembly variants (are executed with the same flags as RELEASED)

  # - name: 'EXAMPLE'
  #   comment: 'Example'
  #   type: kibom
  #   file_id: _(EXAMPLE)
  #   variant: EXAMPLE
  #   exclude_filter: '_null'

  # - name: 'NONE'
  #   comment: 'None'
  #   type: kibom
  #   file_id: _(NONE)
  #   variant: NONE
  #   exclude_filter: '_null'

groups:

  - name: all_group
    outputs:
      - netlist
      - bom
      - 3d
      - fab
      - assembly
      - pdf_schematic
      - md_readme
      # - html_kicanvas # Very experimental, we exclude it for now
      - html_kiri
      - html_navigate_results

  - name: all_group_k9
    outputs:
      - netlist
      - bom
      - 3d
      - fab_k9
      - assembly
      - pdf_schematic
      - md_readme
      # - html_kicanvas # Very experimental, we exclude it for now
      - html_kiri
      - html_navigate_results

  - name: draft_group
    outputs:
      - netlist
      - pdf_schematic
      - csv_bom
      - html_bom

  - name: fab
    outputs:
      - tables
      - gbr_gerbers
      - drl_excellon
      # - dxf_drill_map
      - pdf_drill_map
      - pdf_fabrication
      - zip_compress_fab

  - name: fab_k9
    outputs:
      - tables
      - gbr_gerbers
      - zip_odb
      - drl_excellon
      # - dxf_drill_map
      - pdf_drill_map
      - pdf_fabrication
      - zip_compress_fab

  - name: assembly
    outputs:
      - 3d_render
      - csv_position
      - pdf_assembly

  - name: 3d_render
    outputs:
      - png_3d_viewer_top
      - png_3d_viewer_bottom
      - png_3d_viewer_angled_top
      - png_3d_viewer_angled_bottom

  - name: bom
    outputs:
      - csv_bom
      # - xlsx_bom
      - html_bom_interactive
      - html_bom

  - name: tables
    outputs:
      - csv_comp_count
      - csv_impedance_table
      - csv_drill_table
      - testpoints
      - notes

  - name: testpoints
    outputs:
      - csv_testpoints
      - csv_testpoints_top
      - csv_testpoints_bottom

  - name: notes
    outputs:
      - txt_fabrication_notes
      - txt_assembly_notes

  - name: 3d
    outputs:
      - step
      # - blender # looks kinda bad

import:

  # Global parameters ==========================================================
  
  - file: kibot_globals.yaml
    definitions:
      OUTPUT_DIR: ./
      LAYER_DNP_TOP: F.DNP
      LAYER_DNP_BOTTOM: B.DNP

  # Filters ====================================================================
  
  - file: kibot_filt_field_rename.yaml
    definitions:
      NAME: field_rename
      COMMENT: Rename fields
      MPN_FIELD: Manufacturer Part Number
      MAN_FIELD: Manufacturer

  - file: kibot_filt_testpoints.yaml
    definitions:
      NAME: only_testpoints
      COMMENT: Include only testpoints

  - file: kibot_filt_exclude_testpoints.yaml
    definitions:
      NAME: exclude_testpoints
      COMMENT: Exclude only testpoints
    
  - file: kibot_filt_testpoints.yaml
    definitions:
      NAME: only_testpoints_top
      COMMENT: Select only top testpoints
      EXCLUDE_BOTTOM: true
      EXCLUDE_REFS: "[MB*]"

  - file: kibot_filt_testpoints.yaml
    definitions:
      NAME: only_testpoints_bottom
      COMMENT: Select only bottom testpoints
      EXCLUDE_TOP: true
      EXCLUDE_REFS: "[MB*]"

  # Preflights =================================================================

  # Set text variables
  - file: kibot_pre_set_text_variables.yaml
    definitions:
      PROJECT_NAME: ALB/MLB test
      BOARD_NAME: alb_mlb test
      COMPANY: General Atomics EMS
      DESIGNER: Marcus Reighter
      SCRIPTS_DIR: kibot_resources/scripts
      FABRICATION_DIR: Manufacturing/Fabrication
      ASSEMBLY_DIR: Manufacturing/Assembly

  # Generate ERC Report
  - file: kibot_pre_erc_report.yaml
    definitions:
      DIR: Reports

  # Generate DRC Report
  - file: kibot_pre_drc_report.yaml
    definitions:
      CHECK_ZONE_FILLS: true
      DIR: Reports

  # Draw stackup table in PCB. Needs gerber output
  - file: kibot_pre_draw_stackup.yaml
    definitions:
      GERBER_OUTPUT: gbr_gerbers
      NOTE: external layer thicknesses are specified after plating

  # Include tables in PCB for testpoint lists
  # - file: kibot_pre_include_table.yaml
  #   definitions:
  #     NAME_TP_TOP: csv_testpoints_top
  #     NAME_TP_BOTTOM: csv_testpoints_bottom
  #     NAME_COMP_COUNT: csv_comp_count
  #     NAME_IMPEDANCE_TABLE: csv_impedance_table

# Generated outputs ============================================================

  # Schematic variant with split fields ----------------------------------------
  # - file: kibot_out_sch_variant.yaml
  #   definitions:
  #     NAME: value_split
  #     COMMENT: Split component Value field of components
  #     DIR: 'Schematic/value_split'

  # Netlist --------------------------------------------------------------------
  - file: kibot_out_netlist.yaml
    definitions:
      NAME: netlist
      COMMENT: Schematic netlist in KiCad format

  # Generic manufacturing outputs ==============================================

  # Gerbers --------------------------------------------------------------------
  - file: kibot_out_gerber.yaml
    definitions:
      NAME: gbr_gerbers
      COMMENT: Gerbers in GBR format
      DIR: Manufacturing/Fabrication/Gerbers
      PLOT_REFS: true

  # ODB++ ----------------------------------------------------------------------
  - file: kibot_out_odb.yaml
    definitions:
      NAME: zip_odb
      COMMENT: ODB++ in ZIP format
      DIR: Manufacturing/Fabrication

  # Drill files
  - file: kibot_out_excellon_drill.yaml
    definitions:
      NAME: drl_excellon
      COMMENT: Drill in Excellon format
      DIR: Manufacturing/Fabrication/Gerbers

  # Drill Map (PDF)
  - file: kibot_out_excellon_drill.yaml
    definitions:
      NAME: pdf_drill_map
      COMMENT: Drill Map in PDF format
      DIR: Manufacturing/Fabrication/Gerbers
      GENERATE_DRILL: false
      PTH_NPTH: false
      MAP_FORMAT: pdf

  # Drill Map (DXF)
  # - file: kibot_out_excellon_drill.yaml
  #   definitions:
  #     NAME: dxf_drill_map
  #     COMMENT: Drill Map in DXF format
  #     DIR: Manufacturing/Fabrication/Gerbers
  #     GENERATE_DRILL: false
  #     PTH_NPTH: false
  #     MAP_FORMAT: dxf

  # Drill Table (CSV)
  - file: kibot_out_csv_drill_table.yaml
    definitions:
      NAME: csv_drill_table
      COMMENT: Drill Table in CSV format
      DIR: Manufacturing/Fabrication/Drill Tables
      PTH_NPTH: 'no'
      GROUP_ROUND_SLOTS: true

  # Position file --------------------------------------------------------------

  - file: kibot_out_csv_pos.yaml
    definitions:
      NAME: csv_position
      COMMENT: Position file in CSV format
      DIR: Manufacturing/Assembly

  # Manufacturer-specific manufacturing outputs ================================

  # Testpoint lists ------------------------------------------------------------
  - file: kibot_out_csv_testpoints.yaml
    definitions:
      NAME: csv_testpoints
      COMMENT: Testpoint report in CSV format
      DIR: Testing/Testpoints
      EXCLUDE_FILTER: only_testpoints

  - file: kibot_out_csv_testpoints_simple.yaml
    definitions:
      NAME: csv_testpoints_top
      COMMENT: Top testpoint report in CSV format
      DIR: Testing/Testpoints
      SUFFIX: -top
      EXCLUDE_FILTER: only_testpoints_top

  - file: kibot_out_csv_testpoints_simple.yaml
    definitions:
      NAME: csv_testpoints_bottom
      COMMENT: Bottom testpoint report in CSV format
      DIR: Testing/Testpoints
      SUFFIX: -bottom
      EXCLUDE_FILTER: only_testpoints_bottom

  # CSV Bill of Materials (BoM) ------------------------------------------------
  - file: kibot_out_csv_bom.yaml
    definitions:
      NAME: csv_bom
      COMMENT: Bill of Materials in CSV format
      DIR: Manufacturing/Assembly
      MPN_FIELD: Manufacturer Part Number
      MAN_FIELD: Manufacturer

  - file: kibot_out_html_bom.yaml
    definitions:
      NAME: html_bom
      COMMENT: Bill of Materials in HTML format
      DIR: Manufacturing/Assembly
      MPN_FIELD: Manufacturer Part Number
      MAN_FIELD: Manufacturer

  # XLSX Bill of Materials (BoM)
  - file: kibot_out_xlsx_bom.yaml
    definitions:
      NAME: xlsx_bom
      COMMENT: Bill of Materials in XLSX format
      DIR: Manufacturing/Assembly
      FILT_PRE_TRANSFORM: field_rename

  # Interactive HTML BOM. Needs netlist.
  - file: kibot_out_html_ibom.yaml
    definitions:
      NAME: html_bom_interactive
      COMMENT: Interactive BOM in HTML format
      DIR: Manufacturing/Assembly
      EXCLUDE_FILTER: exclude_testpoints
      TITLE: alb_mlb test Assembly
      MPN_FIELD: Manufacturer Part Number

  # CSV components count report ------------------------------------------------
  - file: kibot_out_csv_report.yaml
    definitions:
      NAME: csv_comp_count
      COMMENT: Component report (count) in CSV format
      DIR: Manufacturing/Assembly
      OUTPUT_ID: components_count
      TEMPLATE: total_components

  # CSV Impedance/Transmission line table
  - file: kibot_out_csv_report.yaml
    definitions:
      NAME: csv_impedance_table
      COMMENT: Impedance table in CSV format
      DIR: Manufacturing/Fabrication
      OUTPUT_ID: impedance_table
      TEMPLATE: kibot_resources/templates/impedance_table.txt

  # TXT fabrication notes ------------------------------------------------------
  - file: kibot_out_txt_report.yaml
    definitions:
      NAME: txt_fabrication_notes
      COMMENT: Fabrication notes in TXT format
      DIR: Manufacturing/Fabrication
      OUTPUT_ID: fabrication_notes
      TEMPLATE: kibot_resources/templates/fabrication_notes.txt

  # TXT assembly notes
  - file: kibot_out_txt_report.yaml
    definitions:
      NAME: txt_assembly_notes
      COMMENT: Assembly notes in TXT format
      DIR: Manufacturing/Assembly
      OUTPUT_ID: assembly_notes
      TEMPLATE: kibot_resources/templates/assembly_notes.txt

  # PNG 3D Viewer renders ------------------------------------------------------
  - file: kibot_out_png_3d_viewer.yaml
    definitions:
      NAME: png_3d_viewer_top
      COMMENT: Top 3D viewer PCB render in PNG format
      DIR: Images
      SUFFIX: top
      VIEW: top
      KEY_COLOR: '#00FF00'

  - file: kibot_out_png_3d_viewer.yaml
    definitions:
      NAME: png_3d_viewer_bottom
      COMMENT: Bottom 3D viewer PCB render in PNG format
      DIR: Images
      SUFFIX: bottom
      VIEW: bottom
      KEY_COLOR: '#00FF00'

  - file: kibot_out_png_3d_viewer.yaml
    definitions:
      NAME: png_3d_viewer_angled_top
      COMMENT: Top (angled) 3D viewer PCB render in PNG format
      DIR: Images
      SUFFIX: angled_top
      VIEW: top
      ROTATE_X: 2
      ROTATE_Y: -1
      ROTATE_Z: 1
      ZOOM: -1
      KEY_COLOR: '#00FF00'

  - file: kibot_out_png_3d_viewer.yaml
    definitions:
      NAME: png_3d_viewer_angled_bottom
      COMMENT: Bottom (angled) 3D viewer PCB render in PNG format
      DIR: Images
      SUFFIX: angled_bottom
      VIEW: bottom
      ROTATE_X: 2
      ROTATE_Y: -1
      ROTATE_Z: -1
      ZOOM: -1
      KEY_COLOR: '#00FF00'

  # STEP file ------------------------------------------------------------------
  - file: kibot_out_step.yaml
    definitions:
      NAME: step
      COMMENT: PCB 3D model in STEP format
      DIR: 3D
      
  # - file: kibot_out_blender.yaml
  #   definitions:
  #     NAME: blender
  #     COMMENT: PCB 3D model in PCB3D Blender format
  #     DIR: Images

  # Schematic in PDF format ----------------------------------------------------
  - file: kibot_out_pdf_schematic.yaml
    definitions:
      NAME: pdf_schematic
      COMMENT: Schematic in PDF format
      COLOR_THEME: Altium_Theme
      DIR: Schematic
      DEFAULT_FONT: 'Times New Roman'

  # Fabrication Document in PDF format
  - file: kibot_out_pdf_fabrication.yaml
    definitions:
      NAME: pdf_fabrication
      COMMENT: Fabrication document in PDF format
      DIR: Manufacturing/Fabrication
      COLOR_THEME: Altium_Theme
      SHEET_WKS: ${KIPRJMOD}/Templates/KDT_Template_PCB_GIT_A4.kicad_wks
      SCALING: 1
      PTH_NPTH: 'no'
      GROUP_ROUND_SLOTS: true
      FAB_EXCLUDE_FILTER: only_testpoints
      LAYER_DRILL_MAP: DrillMap
      LAYER_TP_LIST_TOP: F.TestPointList
      LAYER_TP_LIST_BOTTOM: B.TestPointList
      NAME_TP_TOP: csv_testpoints_top
      NAME_TP_BOTTOM: csv_testpoints_bottom
      NAME_IMPEDANCE_TABLE: csv_impedance_table
      NAME_DRILL_TABLE: csv_drill_table

  # Assembly Document in PDF format
  - file: kibot_out_pdf_assembly.yaml
    definitions:
      NAME: pdf_assembly
      COMMENT: Assembly document in PDF format
      DIR: Manufacturing/Assembly
      COLOR_THEME: Altium_Theme
      SHEET_WKS: ${KIPRJMOD}/Templates/KDT_Template_PCB_GIT_A4.kicad_wks
      SCALING: 1
      FAB_EXCLUDE_FILTER: exclude_testpoints
      LAYER_TITLE_PAGE: TitlePage
      LAYER_ASSEMBLY_TEXT_TOP: F.AssemblyText
      LAYER_ASSEMBLY_TEXT_BOTTOM: B.AssemblyText
      LAYER_DNP_CROSS_TOP: F.DNP
      LAYER_DNP_CROSS_BOTTOM: B.DNP
      NAME_COMP_COUNT: csv_comp_count

  # Compress fabrication files into ZIP archive --------------------------------
  - file: kibot_out_compress_fab.yaml
    definitions:
      NAME: zip_compress_fab
      COMMENT: Generates a ZIP file with gerbers, drill and fabrication document
      DIR: Manufacturing/Fabrication
      GERBER_OUTPUT: gbr_gerbers
      DRILL_MAP_OUTPUT: pdf_drill_map
      DRILL_OUTPUT: drl_excellon
      FABRICATION_OUTPUT: pdf_fabrication

  # Generate webpage for exploring PCB/SCH files
  - file: kibot_out_html_kicanvas.yaml
    definitions:
      NAME: html_kicanvas
      COMMENT: KiCanvas webpage
      DIR: KiCanvas

  # Generate webpage with diffs between commits
  - file: kibot_out_html_kiri.yaml
    definitions:
      NAME: html_kiri
      COMMENT: KiRI webpage
      DIR: KiRI

  # README.md file generation
  - file: kibot_out_md_report.yaml
    definitions:
      NAME: md_readme
      COMMENT: README file in Markdown format
      DIR: ./
      CATEGORY: '.'
      OUTPUT_NAME: README
      TEMPLATE: kibot_resources/templates/readme.txt

  - file: kibot_out_navigate_results.yaml
    definitions:
      NAME: html_navigate_results
      COMMENT: Results webpage in HTML format
      DIR: HTML
      TITLE: alb_mlb test
      LOGO: Logos/Logo.png
      LOGO_URL: https://github.com/emptyd0nkey/albmlb

# ==============================================================================

 (kibot - config_reader.py:688)
DEBUG:Parsing imports: [{'file': 'kibot_globals.yaml', 'definitions': {'OUTPUT_DIR': './', 'LAYER_DNP_TOP': 'F.DNP', 'LAYER_DNP_BOTTOM': 'B.DNP'}}, {'file': 'kibot_filt_field_rename.yaml', 'definitions': {'NAME': 'field_rename', 'COMMENT': 'Rename fields', 'MPN_FIELD': 'Manufacturer Part Number', 'MAN_FIELD': 'Manufacturer'}}, {'file': 'kibot_filt_testpoints.yaml', 'definitions': {'NAME': 'only_testpoints', 'COMMENT': 'Include only testpoints'}}, {'file': 'kibot_filt_exclude_testpoints.yaml', 'definitions': {'NAME': 'exclude_testpoints', 'COMMENT': 'Exclude only testpoints'}}, {'file': 'kibot_filt_testpoints.yaml', 'definitions': {'NAME': 'only_testpoints_top', 'COMMENT': 'Select only top testpoints', 'EXCLUDE_BOTTOM': True, 'EXCLUDE_REFS': '[MB*]'}}, {'file': 'kibot_filt_testpoints.yaml', 'definitions': {'NAME': 'only_testpoints_bottom', 'COMMENT': 'Select only bottom testpoints', 'EXCLUDE_TOP': True, 'EXCLUDE_REFS': '[MB*]'}}, {'file': 'kibot_pre_set_text_variables.yaml', 'definitions': {'PROJECT_NAME': 'ALB/MLB test', 'BOARD_NAME': 'alb_mlb test', 'COMPANY': 'General Atomics EMS', 'DESIGNER': 'Marcus Reighter', 'SCRIPTS_DIR': 'kibot_resources/scripts', 'FABRICATION_DIR': 'Manufacturing/Fabrication', 'ASSEMBLY_DIR': 'Manufacturing/Assembly'}}, {'file': 'kibot_pre_erc_report.yaml', 'definitions': {'DIR': 'Reports'}}, {'file': 'kibot_pre_drc_report.yaml', 'definitions': {'CHECK_ZONE_FILLS': True, 'DIR': 'Reports'}}, {'file': 'kibot_pre_draw_stackup.yaml', 'definitions': {'GERBER_OUTPUT': 'gbr_gerbers', 'NOTE': 'external layer thicknesses are specified after plating'}}, {'file': 'kibot_out_netlist.yaml', 'definitions': {'NAME': 'netlist', 'COMMENT': 'Schematic netlist in KiCad format'}}, {'file': 'kibot_out_gerber.yaml', 'definitions': {'NAME': 'gbr_gerbers', 'COMMENT': 'Gerbers in GBR format', 'DIR': 'Manufacturing/Fabrication/Gerbers', 'PLOT_REFS': True}}, {'file': 'kibot_out_odb.yaml', 'definitions': {'NAME': 'zip_odb', 'COMMENT': 'ODB++ in ZIP format', 'DIR': 'Manufacturing/Fabrication'}}, {'file': 'kibot_out_excellon_drill.yaml', 'definitions': {'NAME': 'drl_excellon', 'COMMENT': 'Drill in Excellon format', 'DIR': 'Manufacturing/Fabrication/Gerbers'}}, {'file': 'kibot_out_excellon_drill.yaml', 'definitions': {'NAME': 'pdf_drill_map', 'COMMENT': 'Drill Map in PDF format', 'DIR': 'Manufacturing/Fabrication/Gerbers', 'GENERATE_DRILL': False, 'PTH_NPTH': False, 'MAP_FORMAT': 'pdf'}}, {'file': 'kibot_out_csv_drill_table.yaml', 'definitions': {'NAME': 'csv_drill_table', 'COMMENT': 'Drill Table in CSV format', 'DIR': 'Manufacturing/Fabrication/Drill Tables', 'PTH_NPTH': 'no', 'GROUP_ROUND_SLOTS': True}}, {'file': 'kibot_out_csv_pos.yaml', 'definitions': {'NAME': 'csv_position', 'COMMENT': 'Position file in CSV format', 'DIR': 'Manufacturing/Assembly'}}, {'file': 'kibot_out_csv_testpoints.yaml', 'definitions': {'NAME': 'csv_testpoints', 'COMMENT': 'Testpoint report in CSV format', 'DIR': 'Testing/Testpoints', 'EXCLUDE_FILTER': 'only_testpoints'}}, {'file': 'kibot_out_csv_testpoints_simple.yaml', 'definitions': {'NAME': 'csv_testpoints_top', 'COMMENT': 'Top testpoint report in CSV format', 'DIR': 'Testing/Testpoints', 'SUFFIX': '-top', 'EXCLUDE_FILTER': 'only_testpoints_top'}}, {'file': 'kibot_out_csv_testpoints_simple.yaml', 'definitions': {'NAME': 'csv_testpoints_bottom', 'COMMENT': 'Bottom testpoint report in CSV format', 'DIR': 'Testing/Testpoints', 'SUFFIX': '-bottom', 'EXCLUDE_FILTER': 'only_testpoints_bottom'}}, {'file': 'kibot_out_csv_bom.yaml', 'definitions': {'NAME': 'csv_bom', 'COMMENT': 'Bill of Materials in CSV format', 'DIR': 'Manufacturing/Assembly', 'MPN_FIELD': 'Manufacturer Part Number', 'MAN_FIELD': 'Manufacturer'}}, {'file': 'kibot_out_html_bom.yaml', 'definitions': {'NAME': 'html_bom', 'COMMENT': 'Bill of Materials in HTML format', 'DIR': 'Manufacturing/Assembly', 'MPN_FIELD': 'Manufacturer Part Number', 'MAN_FIELD': 'Manufacturer'}}, {'file': 'kibot_out_xlsx_bom.yaml', 'definitions': {'NAME': 'xlsx_bom', 'COMMENT': 'Bill of Materials in XLSX format', 'DIR': 'Manufacturing/Assembly', 'FILT_PRE_TRANSFORM': 'field_rename'}}, {'file': 'kibot_out_html_ibom.yaml', 'definitions': {'NAME': 'html_bom_interactive', 'COMMENT': 'Interactive BOM in HTML format', 'DIR': 'Manufacturing/Assembly', 'EXCLUDE_FILTER': 'exclude_testpoints', 'TITLE': 'alb_mlb test Assembly', 'MPN_FIELD': 'Manufacturer Part Number'}}, {'file': 'kibot_out_csv_report.yaml', 'definitions': {'NAME': 'csv_comp_count', 'COMMENT': 'Component report (count) in CSV format', 'DIR': 'Manufacturing/Assembly', 'OUTPUT_ID': 'components_count', 'TEMPLATE': 'total_components'}}, {'file': 'kibot_out_csv_report.yaml', 'definitions': {'NAME': 'csv_impedance_table', 'COMMENT': 'Impedance table in CSV format', 'DIR': 'Manufacturing/Fabrication', 'OUTPUT_ID': 'impedance_table', 'TEMPLATE': 'kibot_resources/templates/impedance_table.txt'}}, {'file': 'kibot_out_txt_report.yaml', 'definitions': {'NAME': 'txt_fabrication_notes', 'COMMENT': 'Fabrication notes in TXT format', 'DIR': 'Manufacturing/Fabrication', 'OUTPUT_ID': 'fabrication_notes', 'TEMPLATE': 'kibot_resources/templates/fabrication_notes.txt'}}, {'file': 'kibot_out_txt_report.yaml', 'definitions': {'NAME': 'txt_assembly_notes', 'COMMENT': 'Assembly notes in TXT format', 'DIR': 'Manufacturing/Assembly', 'OUTPUT_ID': 'assembly_notes', 'TEMPLATE': 'kibot_resources/templates/assembly_notes.txt'}}, {'file': 'kibot_out_png_3d_viewer.yaml', 'definitions': {'NAME': 'png_3d_viewer_top', 'COMMENT': 'Top 3D viewer PCB render in PNG format', 'DIR': 'Images', 'SUFFIX': 'top', 'VIEW': 'top', 'KEY_COLOR': '#00FF00'}}, {'file': 'kibot_out_png_3d_viewer.yaml', 'definitions': {'NAME': 'png_3d_viewer_bottom', 'COMMENT': 'Bottom 3D viewer PCB render in PNG format', 'DIR': 'Images', 'SUFFIX': 'bottom', 'VIEW': 'bottom', 'KEY_COLOR': '#00FF00'}}, {'file': 'kibot_out_png_3d_viewer.yaml', 'definitions': {'NAME': 'png_3d_viewer_angled_top', 'COMMENT': 'Top (angled) 3D viewer PCB render in PNG format', 'DIR': 'Images', 'SUFFIX': 'angled_top', 'VIEW': 'top', 'ROTATE_X': 2, 'ROTATE_Y': -1, 'ROTATE_Z': 1, 'ZOOM': -1, 'KEY_COLOR': '#00FF00'}}, {'file': 'kibot_out_png_3d_viewer.yaml', 'definitions': {'NAME': 'png_3d_viewer_angled_bottom', 'COMMENT': 'Bottom (angled) 3D viewer PCB render in PNG format', 'DIR': 'Images', 'SUFFIX': 'angled_bottom', 'VIEW': 'bottom', 'ROTATE_X': 2, 'ROTATE_Y': -1, 'ROTATE_Z': -1, 'ZOOM': -1, 'KEY_COLOR': '#00FF00'}}, {'file': 'kibot_out_step.yaml', 'definitions': {'NAME': 'step', 'COMMENT': 'PCB 3D model in STEP format', 'DIR': '3D'}}, {'file': 'kibot_out_pdf_schematic.yaml', 'definitions': {'NAME': 'pdf_schematic', 'COMMENT': 'Schematic in PDF format', 'COLOR_THEME': 'Altium_Theme', 'DIR': 'Schematic', 'DEFAULT_FONT': 'Times New Roman'}}, {'file': 'kibot_out_pdf_fabrication.yaml', 'definitions': {'NAME': 'pdf_fabrication', 'COMMENT': 'Fabrication document in PDF format', 'DIR': 'Manufacturing/Fabrication', 'COLOR_THEME': 'Altium_Theme', 'SHEET_WKS': '${KIPRJMOD}/Templates/KDT_Template_PCB_GIT_A4.kicad_wks', 'SCALING': 1, 'PTH_NPTH': 'no', 'GROUP_ROUND_SLOTS': True, 'FAB_EXCLUDE_FILTER': 'only_testpoints', 'LAYER_DRILL_MAP': 'DrillMap', 'LAYER_TP_LIST_TOP': 'F.TestPointList', 'LAYER_TP_LIST_BOTTOM': 'B.TestPointList', 'NAME_TP_TOP': 'csv_testpoints_top', 'NAME_TP_BOTTOM': 'csv_testpoints_bottom', 'NAME_IMPEDANCE_TABLE': 'csv_impedance_table', 'NAME_DRILL_TABLE': 'csv_drill_table'}}, {'file': 'kibot_out_pdf_assembly.yaml', 'definitions': {'NAME': 'pdf_assembly', 'COMMENT': 'Assembly document in PDF format', 'DIR': 'Manufacturing/Assembly', 'COLOR_THEME': 'Altium_Theme', 'SHEET_WKS': '${KIPRJMOD}/Templates/KDT_Template_PCB_GIT_A4.kicad_wks', 'SCALING': 1, 'FAB_EXCLUDE_FILTER': 'exclude_testpoints', 'LAYER_TITLE_PAGE': 'TitlePage', 'LAYER_ASSEMBLY_TEXT_TOP': 'F.AssemblyText', 'LAYER_ASSEMBLY_TEXT_BOTTOM': 'B.AssemblyText', 'LAYER_DNP_CROSS_TOP': 'F.DNP', 'LAYER_DNP_CROSS_BOTTOM': 'B.DNP', 'NAME_COMP_COUNT': 'csv_comp_count'}}, {'file': 'kibot_out_compress_fab.yaml', 'definitions': {'NAME': 'zip_compress_fab', 'COMMENT': 'Generates a ZIP file with gerbers, drill and fabrication document', 'DIR': 'Manufacturing/Fabrication', 'GERBER_OUTPUT': 'gbr_gerbers', 'DRILL_MAP_OUTPUT': 'pdf_drill_map', 'DRILL_OUTPUT': 'drl_excellon', 'FABRICATION_OUTPUT': 'pdf_fabrication'}}, {'file': 'kibot_out_html_kicanvas.yaml', 'definitions': {'NAME': 'html_kicanvas', 'COMMENT': 'KiCanvas webpage', 'DIR': 'KiCanvas'}}, {'file': 'kibot_out_html_kiri.yaml', 'definitions': {'NAME': 'html_kiri', 'COMMENT': 'KiRI webpage', 'DIR': 'KiRI'}}, {'file': 'kibot_out_md_report.yaml', 'definitions': {'NAME': 'md_readme', 'COMMENT': 'README file in Markdown format', 'DIR': './', 'CATEGORY': '.', 'OUTPUT_NAME': 'README', 'TEMPLATE': 'kibot_resources/templates/readme.txt'}}, {'file': 'kibot_out_navigate_results.yaml', 'definitions': {'NAME': 'html_navigate_results', 'COMMENT': 'Results webpage in HTML format', 'DIR': 'HTML', 'TITLE': 'alb_mlb test', 'LOGO': 'Logos/Logo.png', 'LOGO_URL': 'https://github.com/emptyd0nkey/albmlb'}}] (kibot - config_reader.py:522)
DEBUG:Found local definitions (kibot - config_reader.py:653)
DEBUG:- Local definitions: {'OUTPUT_DIR': './', 'LAYER_DNP_TOP': 'F.DNP', 'LAYER_DNP_BOTTOM': 'B.DNP'} (kibot - config_reader.py:663)
DEBUG:- Current definitions: {'PROJECT_NAME': 'ALB/MLB test', 'BOARD_NAME': 'alb_mlb test', 'COMPANY': 'General Atomics EMS', 'DESIGNER': 'Marcus Reighter', 'LOGO': 'Logos/Logo.png', 'GIT_URL': 'https://github.com/emptyd0nkey/albmlb', 'CHECK_ZONE_FILLS': True, 'STACKUP_TABLE_NOTE': 'external layer thicknesses are specified after plating', 'MPN_FIELD': 'Manufacturer Part Number', 'MAN_FIELD': 'Manufacturer', 'GROUP_ROUND_SLOTS': True, 'GROUP_PTH_NPTH': 'no', 'GROUP_PTH_NPTH_DRL': False, 'PLOT_REFS': True, 'COLOR_THEME': 'Altium_Theme', 'SHEET_WKS': '${KIPRJMOD}/Templates/KDT_Template_PCB_GIT_A4.kicad_wks', 'FAB_SCALING': 1, 'ASSEMBLY_SCALING': 1, 'EXCLUDE_REFS': '[MB*]', '3D_VIEWER_ROT_X': 2, '3D_VIEWER_ROT_Y': -1, '3D_VIEWER_ROT_Z': 1, '3D_VIEWER_ZOOM': -1, 'KEY_COLOR': '#00FF00', 'OUTPUT_DIR': './', 'REPORT_DIR': 'Reports', 'SCHEMATIC_DIR': 'Schematic', 'MANUFACTURING_DIR': 'Manufacturing', 'ASSEMBLY_DIR': '@MANUFACTURING_DIR@/Assembly', 'FABRICATION_DIR': '@MANUFACTURING_DIR@/Fabrication', 'GERBERS_DIR': '@FABRICATION_DIR@/Gerbers', 'FAB_DRILL_TABLES_DIR': '@FABRICATION_DIR@/Drill Tables', 'TESTING_DIR': 'Testing', 'TESTPOINTS_DIR': '@TESTING_DIR@/Testpoints', 'IMAGES_DIR': 'Images', '3D_DIR': '3D', 'RESOURCES_DIR': 'kibot_resources', 'REPORT_TEMPLATE_DIR': '@RESOURCES_DIR@/templates', 'SCRIPTS_DIR': '@RESOURCES_DIR@/scripts', 'LAYER_TITLE_PAGE': 'TitlePage', 'LAYER_DNP_TOP': 'F.DNP', 'LAYER_DNP_BOTTOM': 'B.DNP', 'LAYER_DRILL_MAP': 'DrillMap', 'LAYER_TP_LIST_TOP': 'F.TestPointList', 'LAYER_TP_LIST_BOTTOM': 'B.TestPointList', 'LAYER_ASSEMBLY_TEXT_TOP': 'F.AssemblyText', 'LAYER_ASSEMBLY_TEXT_BOTTOM': 'B.AssemblyText', 'LAYER_DNP_CROSS_TOP': 'F.DNP', 'LAYER_DNP_CROSS_BOTTOM': 'B.DNP', 'FILT_FIELD_RENAME': 'field_rename', 'FILT_TP_ONLY': 'only_testpoints', 'FILT_TP_EXCLUDE': 'exclude_testpoints', 'FILT_TP_TOP_ONLY': 'only_testpoints_top', 'FILT_TP_BOTTOM_ONLY': 'only_testpoints_bottom', 'SCH_VARIANT_OUTPUT': 'value_split', 'NETLIST_OUTPUT': 'netlist', 'GERBER_OUTPUT': 'gbr_gerbers', 'ODB_OUTPUT': 'zip_odb', 'EXCELLON_DRILL_OUTPUT': 'drl_excellon', 'PDF_DRILL_MAP_OUTPUT': 'pdf_drill_map', 'DXF_DRILL_MAP_OUTPUT': 'dxf_drill_map', 'CSV_DRILL_TABLE_OUTPUT': 'csv_drill_table', 'CSV_POS_OUTPUT': 'csv_position', 'CSV_TP_OUTPUT': 'csv_testpoints', 'CSV_TP_TOP_OUTPUT': 'csv_testpoints_top', 'CSV_TP_BOTTOM_OUTPUT': 'csv_testpoints_bottom', 'CSV_BOM_OUTPUT': 'csv_bom', 'XLSX_BOM_OUTPUT': 'xlsx_bom', 'HTML_IBOM_OUTPUT': 'html_bom_interactive', 'HTML_BOM_OUTPUT': 'html_bom', 'CSV_COMP_COUNT_OUPUT': 'csv_comp_count', 'CSV_IMPEDANCE_TABLE_OUTPUT': 'csv_impedance_table', 'TXT_FAB_NOTES_OUTPUT': 'txt_fabrication_notes', 'TXT_ASSEMBLY_NOTES_OUTPUT': 'txt_assembly_notes', 'PNG_3D_VIEWER_TOP': 'png_3d_viewer_top', 'PNG_3D_VIEWER_BOTTOM': 'png_3d_viewer_bottom', 'PNG_3D_VIEWER_ANGLED_TOP': 'png_3d_viewer_angled_top', 'PNG_3D_VIEWER_ANGLED_BOTTOM': 'png_3d_viewer_angled_bottom', 'STEP_OUTPUT': 'step', 'BLENDER_OUTPUT': 'blender', 'PDF_SCHEMATIC_OUTPUT': 'pdf_schematic', 'PDF_FABRICATION_OUTPUT': 'pdf_fabrication', 'PDF_ASSEMBLY_OUTPUT': 'pdf_assembly', 'ZIP_COMPRESS_FAB_OUTPUT': 'zip_compress_fab', 'HTML_KICANVAS_OUTPUT': 'html_kicanvas', 'HTML_KIRI_OUTPUT': 'html_kiri', 'MD_README_OUTPUT': 'md_readme', 'HTML_NAV_RES_OUTPUT': 'html_navigate_results'} (kibot - config_reader.py:664)
DEBUG:- Updated definitions: {'OUTPUT_DIR': './', 'LAYER_DNP_TOP': 'F.DNP', 'LAYER_DNP_BOTTOM': 'B.DNP', 'PROJECT_NAME': 'ALB/MLB test', 'BOARD_NAME': 'alb_mlb test', 'COMPANY': 'General Atomics EMS', 'DESIGNER': 'Marcus Reighter', 'LOGO': 'Logos/Logo.png', 'GIT_URL': 'https://github.com/emptyd0nkey/albmlb', 'CHECK_ZONE_FILLS': True, 'STACKUP_TABLE_NOTE': 'external layer thicknesses are specified after plating', 'MPN_FIELD': 'Manufacturer Part Number', 'MAN_FIELD': 'Manufacturer', 'GROUP_ROUND_SLOTS': True, 'GROUP_PTH_NPTH': 'no', 'GROUP_PTH_NPTH_DRL': False, 'PLOT_REFS': True, 'COLOR_THEME': 'Altium_Theme', 'SHEET_WKS': '${KIPRJMOD}/Templates/KDT_Template_PCB_GIT_A4.kicad_wks', 'FAB_SCALING': 1, 'ASSEMBLY_SCALING': 1, 'EXCLUDE_REFS': '[MB*]', '3D_VIEWER_ROT_X': 2, '3D_VIEWER_ROT_Y': -1, '3D_VIEWER_ROT_Z': 1, '3D_VIEWER_ZOOM': -1, 'KEY_COLOR': '#00FF00', 'REPORT_DIR': 'Reports', 'SCHEMATIC_DIR': 'Schematic', 'MANUFACTURING_DIR': 'Manufacturing', 'ASSEMBLY_DIR': '@MANUFACTURING_DIR@/Assembly', 'FABRICATION_DIR': '@MANUFACTURING_DIR@/Fabrication', 'GERBERS_DIR': '@FABRICATION_DIR@/Gerbers', 'FAB_DRILL_TABLES_DIR': '@FABRICATION_DIR@/Drill Tables', 'TESTING_DIR': 'Testing', 'TESTPOINTS_DIR': '@TESTING_DIR@/Testpoints', 'IMAGES_DIR': 'Images', '3D_DIR': '3D', 'RESOURCES_DIR': 'kibot_resources', 'REPORT_TEMPLATE_DIR': '@RESOURCES_DIR@/templates', 'SCRIPTS_DIR': '@RESOURCES_DIR@/scripts', 'LAYER_TITLE_PAGE': 'TitlePage', 'LAYER_DRILL_MAP': 'DrillMap', 'LAYER_TP_LIST_TOP': 'F.TestPointList', 'LAYER_TP_LIST_BOTTOM': 'B.TestPointList', 'LAYER_ASSEMBLY_TEXT_TOP': 'F.AssemblyText', 'LAYER_ASSEMBLY_TEXT_BOTTOM': 'B.AssemblyText', 'LAYER_DNP_CROSS_TOP': 'F.DNP', 'LAYER_DNP_CROSS_BOTTOM': 'B.DNP', 'FILT_FIELD_RENAME': 'field_rename', 'FILT_TP_ONLY': 'only_testpoints', 'FILT_TP_EXCLUDE': 'exclude_testpoints', 'FILT_TP_TOP_ONLY': 'only_testpoints_top', 'FILT_TP_BOTTOM_ONLY': 'only_testpoints_bottom', 'SCH_VARIANT_OUTPUT': 'value_split', 'NETLIST_OUTPUT': 'netlist', 'GERBER_OUTPUT': 'gbr_gerbers', 'ODB_OUTPUT': 'zip_odb', 'EXCELLON_DRILL_OUTPUT': 'drl_excellon', 'PDF_DRILL_MAP_OUTPUT': 'pdf_drill_map', 'DXF_DRILL_MAP_OUTPUT': 'dxf_drill_map', 'CSV_DRILL_TABLE_OUTPUT': 'csv_drill_table', 'CSV_POS_OUTPUT': 'csv_position', 'CSV_TP_OUTPUT': 'csv_testpoints', 'CSV_TP_TOP_OUTPUT': 'csv_testpoints_top', 'CSV_TP_BOTTOM_OUTPUT': 'csv_testpoints_bottom', 'CSV_BOM_OUTPUT': 'csv_bom', 'XLSX_BOM_OUTPUT': 'xlsx_bom', 'HTML_IBOM_OUTPUT': 'html_bom_interactive', 'HTML_BOM_OUTPUT': 'html_bom', 'CSV_COMP_COUNT_OUPUT': 'csv_comp_count', 'CSV_IMPEDANCE_TABLE_OUTPUT': 'csv_impedance_table', 'TXT_FAB_NOTES_OUTPUT': 'txt_fabrication_notes', 'TXT_ASSEMBLY_NOTES_OUTPUT': 'txt_assembly_notes', 'PNG_3D_VIEWER_TOP': 'png_3d_viewer_top', 'PNG_3D_VIEWER_BOTTOM': 'png_3d_viewer_bottom', 'PNG_3D_VIEWER_ANGLED_TOP': 'png_3d_viewer_angled_top', 'PNG_3D_VIEWER_ANGLED_BOTTOM': 'png_3d_viewer_angled_bottom', 'STEP_OUTPUT': 'step', 'BLENDER_OUTPUT': 'blender', 'PDF_SCHEMATIC_OUTPUT': 'pdf_schematic', 'PDF_FABRICATION_OUTPUT': 'pdf_fabrication', 'PDF_ASSEMBLY_OUTPUT': 'pdf_assembly', 'ZIP_COMPRESS_FAB_OUTPUT': 'zip_compress_fab', 'HTML_KICANVAS_OUTPUT': 'html_kicanvas', 'HTML_KIRI_OUTPUT': 'html_kiri', 'MD_README_OUTPUT': 'md_readme', 'HTML_NAV_RES_OUTPUT': 'html_navigate_results'} (kibot - config_reader.py:667)
DEBUG:Applying preprocessor definitions (kibot - config_reader.py:672)
DEBUG:- Applying CLI definitions: {} (kibot - config_reader.py:679)
DEBUG:- Applying collected definitions: {'OUTPUT_DIR': './', 'LAYER_DNP_TOP': 'F.DNP', 'LAYER_DNP_BOTTOM': 'B.DNP', 'PROJECT_NAME': 'ALB/MLB test', 'BOARD_NAME': 'alb_mlb test', 'COMPANY': 'General Atomics EMS', 'DESIGNER': 'Marcus Reighter', 'LOGO': 'Logos/Logo.png', 'GIT_URL': 'https://github.com/emptyd0nkey/albmlb', 'CHECK_ZONE_FILLS': True, 'STACKUP_TABLE_NOTE': 'external layer thicknesses are specified after plating', 'MPN_FIELD': 'Manufacturer Part Number', 'MAN_FIELD': 'Manufacturer', 'GROUP_ROUND_SLOTS': True, 'GROUP_PTH_NPTH': 'no', 'GROUP_PTH_NPTH_DRL': False, 'PLOT_REFS': True, 'COLOR_THEME': 'Altium_Theme', 'SHEET_WKS': '${KIPRJMOD}/Templates/KDT_Template_PCB_GIT_A4.kicad_wks', 'FAB_SCALING': 1, 'ASSEMBLY_SCALING': 1, 'EXCLUDE_REFS': '[MB*]', '3D_VIEWER_ROT_X': 2, '3D_VIEWER_ROT_Y': -1, '3D_VIEWER_ROT_Z': 1, '3D_VIEWER_ZOOM': -1, 'KEY_COLOR': '#00FF00', 'REPORT_DIR': 'Reports', 'SCHEMATIC_DIR': 'Schematic', 'MANUFACTURING_DIR': 'Manufacturing', 'ASSEMBLY_DIR': '@MANUFACTURING_DIR@/Assembly', 'FABRICATION_DIR': '@MANUFACTURING_DIR@/Fabrication', 'GERBERS_DIR': '@FABRICATION_DIR@/Gerbers', 'FAB_DRILL_TABLES_DIR': '@FABRICATION_DIR@/Drill Tables', 'TESTING_DIR': 'Testing', 'TESTPOINTS_DIR': '@TESTING_DIR@/Testpoints', 'IMAGES_DIR': 'Images', '3D_DIR': '3D', 'RESOURCES_DIR': 'kibot_resources', 'REPORT_TEMPLATE_DIR': '@RESOURCES_DIR@/templates', 'SCRIPTS_DIR': '@RESOURCES_DIR@/scripts', 'LAYER_TITLE_PAGE': 'TitlePage', 'LAYER_DRILL_MAP': 'DrillMap', 'LAYER_TP_LIST_TOP': 'F.TestPointList', 'LAYER_TP_LIST_BOTTOM': 'B.TestPointList', 'LAYER_ASSEMBLY_TEXT_TOP': 'F.AssemblyText', 'LAYER_ASSEMBLY_TEXT_BOTTOM': 'B.AssemblyText', 'LAYER_DNP_CROSS_TOP': 'F.DNP', 'LAYER_DNP_CROSS_BOTTOM': 'B.DNP', 'FILT_FIELD_RENAME': 'field_rename', 'FILT_TP_ONLY': 'only_testpoints', 'FILT_TP_EXCLUDE': 'exclude_testpoints', 'FILT_TP_TOP_ONLY': 'only_testpoints_top', 'FILT_TP_BOTTOM_ONLY': 'only_testpoints_bottom', 'SCH_VARIANT_OUTPUT': 'value_split', 'NETLIST_OUTPUT': 'netlist', 'GERBER_OUTPUT': 'gbr_gerbers', 'ODB_OUTPUT': 'zip_odb', 'EXCELLON_DRILL_OUTPUT': 'drl_excellon', 'PDF_DRILL_MAP_OUTPUT': 'pdf_drill_map', 'DXF_DRILL_MAP_OUTPUT': 'dxf_drill_map', 'CSV_DRILL_TABLE_OUTPUT': 'csv_drill_table', 'CSV_POS_OUTPUT': 'csv_position', 'CSV_TP_OUTPUT': 'csv_testpoints', 'CSV_TP_TOP_OUTPUT': 'csv_testpoints_top', 'CSV_TP_BOTTOM_OUTPUT': 'csv_testpoints_bottom', 'CSV_BOM_OUTPUT': 'csv_bom', 'XLSX_BOM_OUTPUT': 'xlsx_bom', 'HTML_IBOM_OUTPUT': 'html_bom_interactive', 'HTML_BOM_OUTPUT': 'html_bom', 'CSV_COMP_COUNT_OUPUT': 'csv_comp_count', 'CSV_IMPEDANCE_TABLE_OUTPUT': 'csv_impedance_table', 'TXT_FAB_NOTES_OUTPUT': 'txt_fabrication_notes', 'TXT_ASSEMBLY_NOTES_OUTPUT': 'txt_assembly_notes', 'PNG_3D_VIEWER_TOP': 'png_3d_viewer_top', 'PNG_3D_VIEWER_BOTTOM': 'png_3d_viewer_bottom', 'PNG_3D_VIEWER_ANGLED_TOP': 'png_3d_viewer_angled_top', 'PNG_3D_VIEWER_ANGLED_BOTTOM': 'png_3d_viewer_angled_bottom', 'STEP_OUTPUT': 'step', 'BLENDER_OUTPUT': 'blender', 'PDF_SCHEMATIC_OUTPUT': 'pdf_schematic', 'PDF_FABRICATION_OUTPUT': 'pdf_fabrication', 'PDF_ASSEMBLY_OUTPUT': 'pdf_assembly', 'ZIP_COMPRESS_FAB_OUTPUT': 'zip_compress_fab', 'HTML_KICANVAS_OUTPUT': 'html_kicanvas', 'HTML_KIRI_OUTPUT': 'html_kiri', 'MD_README_OUTPUT': 'md_readme', 'HTML_NAV_RES_OUTPUT': 'html_navigate_results'} (kibot - config_reader.py:682)
DEBUG:- Replacing @OUTPUT_DIR@ -> ./ (<class 'str'>) (kibot - config_reader.py:80)
DEBUG:- Replacing @LAYER_DNP_TOP@ -> F.DNP (<class 'str'>) (kibot - config_reader.py:80)
DEBUG:- Replacing @LAYER_DNP_BOTTOM@ -> B.DNP (<class 'str'>) (kibot - config_reader.py:80)
DEBUG:- Applying CLI definitions: {} (kibot - config_reader.py:679)
DEBUG:- Applying collected definitions: {'OUTPUT_DIR': './', 'LAYER_DNP_TOP': 'F.DNP', 'LAYER_DNP_BOTTOM': 'B.DNP', 'PROJECT_NAME': 'ALB/MLB test', 'BOARD_NAME': 'alb_mlb test', 'COMPANY': 'General Atomics EMS', 'DESIGNER': 'Marcus Reighter', 'LOGO': 'Logos/Logo.png', 'GIT_URL': 'https://github.com/emptyd0nkey/albmlb', 'CHECK_ZONE_FILLS': True, 'STACKUP_TABLE_NOTE': 'external layer thicknesses are specified after plating', 'MPN_FIELD': 'Manufacturer Part Number', 'MAN_FIELD': 'Manufacturer', 'GROUP_ROUND_SLOTS': True, 'GROUP_PTH_NPTH': 'no', 'GROUP_PTH_NPTH_DRL': False, 'PLOT_REFS': True, 'COLOR_THEME': 'Altium_Theme', 'SHEET_WKS': '${KIPRJMOD}/Templates/KDT_Template_PCB_GIT_A4.kicad_wks', 'FAB_SCALING': 1, 'ASSEMBLY_SCALING': 1, 'EXCLUDE_REFS': '[MB*]', '3D_VIEWER_ROT_X': 2, '3D_VIEWER_ROT_Y': -1, '3D_VIEWER_ROT_Z': 1, '3D_VIEWER_ZOOM': -1, 'KEY_COLOR': '#00FF00', 'REPORT_DIR': 'Reports', 'SCHEMATIC_DIR': 'Schematic', 'MANUFACTURING_DIR': 'Manufacturing', 'ASSEMBLY_DIR': '@MANUFACTURING_DIR@/Assembly', 'FABRICATION_DIR': '@MANUFACTURING_DIR@/Fabrication', 'GERBERS_DIR': '@FABRICATION_DIR@/Gerbers', 'FAB_DRILL_TABLES_DIR': '@FABRICATION_DIR@/Drill Tables', 'TESTING_DIR': 'Testing', 'TESTPOINTS_DIR': '@TESTING_DIR@/Testpoints', 'IMAGES_DIR': 'Images', '3D_DIR': '3D', 'RESOURCES_DIR': 'kibot_resources', 'REPORT_TEMPLATE_DIR': '@RESOURCES_DIR@/templates', 'SCRIPTS_DIR': '@RESOURCES_DIR@/scripts', 'LAYER_TITLE_PAGE': 'TitlePage', 'LAYER_DRILL_MAP': 'DrillMap', 'LAYER_TP_LIST_TOP': 'F.TestPointList', 'LAYER_TP_LIST_BOTTOM': 'B.TestPointList', 'LAYER_ASSEMBLY_TEXT_TOP': 'F.AssemblyText', 'LAYER_ASSEMBLY_TEXT_BOTTOM': 'B.AssemblyText', 'LAYER_DNP_CROSS_TOP': 'F.DNP', 'LAYER_DNP_CROSS_BOTTOM': 'B.DNP', 'FILT_FIELD_RENAME': 'field_rename', 'FILT_TP_ONLY': 'only_testpoints', 'FILT_TP_EXCLUDE': 'exclude_testpoints', 'FILT_TP_TOP_ONLY': 'only_testpoints_top', 'FILT_TP_BOTTOM_ONLY': 'only_testpoints_bottom', 'SCH_VARIANT_OUTPUT': 'value_split', 'NETLIST_OUTPUT': 'netlist', 'GERBER_OUTPUT': 'gbr_gerbers', 'ODB_OUTPUT': 'zip_odb', 'EXCELLON_DRILL_OUTPUT': 'drl_excellon', 'PDF_DRILL_MAP_OUTPUT': 'pdf_drill_map', 'DXF_DRILL_MAP_OUTPUT': 'dxf_drill_map', 'CSV_DRILL_TABLE_OUTPUT': 'csv_drill_table', 'CSV_POS_OUTPUT': 'csv_position', 'CSV_TP_OUTPUT': 'csv_testpoints', 'CSV_TP_TOP_OUTPUT': 'csv_testpoints_top', 'CSV_TP_BOTTOM_OUTPUT': 'csv_testpoints_bottom', 'CSV_BOM_OUTPUT': 'csv_bom', 'XLSX_BOM_OUTPUT': 'xlsx_bom', 'HTML_IBOM_OUTPUT': 'html_bom_interactive', 'HTML_BOM_OUTPUT': 'html_bom', 'CSV_COMP_COUNT_OUPUT': 'csv_comp_count', 'CSV_IMPEDANCE_TABLE_OUTPUT': 'csv_impedance_table', 'TXT_FAB_NOTES_OUTPUT': 'txt_fabrication_notes', 'TXT_ASSEMBLY_NOTES_OUTPUT': 'txt_assembly_notes', 'PNG_3D_VIEWER_TOP': 'png_3d_viewer_top', 'PNG_3D_VIEWER_BOTTOM': 'png_3d_viewer_bottom', 'PNG_3D_VIEWER_ANGLED_TOP': 'png_3d_viewer_angled_top', 'PNG_3D_VIEWER_ANGLED_BOTTOM': 'png_3d_viewer_angled_bottom', 'STEP_OUTPUT': 'step', 'BLENDER_OUTPUT': 'blender', 'PDF_SCHEMATIC_OUTPUT': 'pdf_schematic', 'PDF_FABRICATION_OUTPUT': 'pdf_fabrication', 'PDF_ASSEMBLY_OUTPUT': 'pdf_assembly', 'ZIP_COMPRESS_FAB_OUTPUT': 'zip_compress_fab', 'HTML_KICANVAS_OUTPUT': 'html_kicanvas', 'HTML_KIRI_OUTPUT': 'html_kiri', 'MD_README_OUTPUT': 'md_readme', 'HTML_NAV_RES_OUTPUT': 'html_navigate_results'} (kibot - config_reader.py:682)
DEBUG:YAML after expanding definitions:
# KiBot Globals
# https://kibot.readthedocs.io/en/latest/configuration/global.html

kibot:
  version: 1

global:
  out_dir: './'
  dnp_cross_top_layer: 'F.DNP'
  dnp_cross_bottom_layer: 'B.DNP'
  disable_kicad_cross_on_fab: true
  extra_pth_drill: 0 # for annular ring computation.
  filters:
    # 'KiCad config without environment.vars section'
    - number: 9
    # 'Unable to find KiCad 3D models'
    - number: 10
    # 'Malformed value'
    - number: 20
    # 'More than one SCH file found in ...'
    - number: 44
    # Invalid column name
    - number: 62
    # 3D models downloaded or cached
    - number: 98
    # 'Avoid adding extra information in the component value, use separated fields'
    - number: 133
    # 'This output depends on KiCad version, use blender_export instead'
    - number: 143
    # 'Not including component <ref> in filters because it has a malformed reference'
    - number: 147
    # 'No output to handle <output>'
    - number: 168
    # 'Please only use simple data types for definitions'
    - number: 172
    # Can't enable <distributor> without a key
    - number: 1008

 (kibot - config_reader.py:688)
DEBUG:Globals loaded from `kibot_yaml/kibot_globals.yaml`: dict_keys(['out_dir', 'dnp_cross_top_layer', 'dnp_cross_bottom_layer', 'disable_kicad_cross_on_fab', 'extra_pth_drill', 'filters']) (kibot - config_reader.py:482)
DEBUG:Found local definitions (kibot - config_reader.py:653)
DEBUG:- Local definitions: {'COMMENT': 'Rename fields', 'NAME': 'field_rename', 'MPN_FIELD': 'Manufacturer Part Number', 'MAN_FIELD': 'Manufacturer'} (kibot - config_reader.py:663)
DEBUG:- Current definitions: {'PROJECT_NAME': 'ALB/MLB test', 'BOARD_NAME': 'alb_mlb test', 'COMPANY': 'General Atomics EMS', 'DESIGNER': 'Marcus Reighter', 'LOGO': 'Logos/Logo.png', 'GIT_URL': 'https://github.com/emptyd0nkey/albmlb', 'CHECK_ZONE_FILLS': True, 'STACKUP_TABLE_NOTE': 'external layer thicknesses are specified after plating', 'MPN_FIELD': 'Manufacturer Part Number', 'MAN_FIELD': 'Manufacturer', 'GROUP_ROUND_SLOTS': True, 'GROUP_PTH_NPTH': 'no', 'GROUP_PTH_NPTH_DRL': False, 'PLOT_REFS': True, 'COLOR_THEME': 'Altium_Theme', 'SHEET_WKS': '${KIPRJMOD}/Templates/KDT_Template_PCB_GIT_A4.kicad_wks', 'FAB_SCALING': 1, 'ASSEMBLY_SCALING': 1, 'EXCLUDE_REFS': '[MB*]', '3D_VIEWER_ROT_X': 2, '3D_VIEWER_ROT_Y': -1, '3D_VIEWER_ROT_Z': 1, '3D_VIEWER_ZOOM': -1, 'KEY_COLOR': '#00FF00', 'OUTPUT_DIR': './', 'REPORT_DIR': 'Reports', 'SCHEMATIC_DIR': 'Schematic', 'MANUFACTURING_DIR': 'Manufacturing', 'ASSEMBLY_DIR': '@MANUFACTURING_DIR@/Assembly', 'FABRICATION_DIR': '@MANUFACTURING_DIR@/Fabrication', 'GERBERS_DIR': '@FABRICATION_DIR@/Gerbers', 'FAB_DRILL_TABLES_DIR': '@FABRICATION_DIR@/Drill Tables', 'TESTING_DIR': 'Testing', 'TESTPOINTS_DIR': '@TESTING_DIR@/Testpoints', 'IMAGES_DIR': 'Images', '3D_DIR': '3D', 'RESOURCES_DIR': 'kibot_resources', 'REPORT_TEMPLATE_DIR': '@RESOURCES_DIR@/templates', 'SCRIPTS_DIR': '@RESOURCES_DIR@/scripts', 'LAYER_TITLE_PAGE': 'TitlePage', 'LAYER_DNP_TOP': 'F.DNP', 'LAYER_DNP_BOTTOM': 'B.DNP', 'LAYER_DRILL_MAP': 'DrillMap', 'LAYER_TP_LIST_TOP': 'F.TestPointList', 'LAYER_TP_LIST_BOTTOM': 'B.TestPointList', 'LAYER_ASSEMBLY_TEXT_TOP': 'F.AssemblyText', 'LAYER_ASSEMBLY_TEXT_BOTTOM': 'B.AssemblyText', 'LAYER_DNP_CROSS_TOP': 'F.DNP', 'LAYER_DNP_CROSS_BOTTOM': 'B.DNP', 'FILT_FIELD_RENAME': 'field_rename', 'FILT_TP_ONLY': 'only_testpoints', 'FILT_TP_EXCLUDE': 'exclude_testpoints', 'FILT_TP_TOP_ONLY': 'only_testpoints_top', 'FILT_TP_BOTTOM_ONLY': 'only_testpoints_bottom', 'SCH_VARIANT_OUTPUT': 'value_split', 'NETLIST_OUTPUT': 'netlist', 'GERBER_OUTPUT': 'gbr_gerbers', 'ODB_OUTPUT': 'zip_odb', 'EXCELLON_DRILL_OUTPUT': 'drl_excellon', 'PDF_DRILL_MAP_OUTPUT': 'pdf_drill_map', 'DXF_DRILL_MAP_OUTPUT': 'dxf_drill_map', 'CSV_DRILL_TABLE_OUTPUT': 'csv_drill_table', 'CSV_POS_OUTPUT': 'csv_position', 'CSV_TP_OUTPUT': 'csv_testpoints', 'CSV_TP_TOP_OUTPUT': 'csv_testpoints_top', 'CSV_TP_BOTTOM_OUTPUT': 'csv_testpoints_bottom', 'CSV_BOM_OUTPUT': 'csv_bom', 'XLSX_BOM_OUTPUT': 'xlsx_bom', 'HTML_IBOM_OUTPUT': 'html_bom_interactive', 'HTML_BOM_OUTPUT': 'html_bom', 'CSV_COMP_COUNT_OUPUT': 'csv_comp_count', 'CSV_IMPEDANCE_TABLE_OUTPUT': 'csv_impedance_table', 'TXT_FAB_NOTES_OUTPUT': 'txt_fabrication_notes', 'TXT_ASSEMBLY_NOTES_OUTPUT': 'txt_assembly_notes', 'PNG_3D_VIEWER_TOP': 'png_3d_viewer_top', 'PNG_3D_VIEWER_BOTTOM': 'png_3d_viewer_bottom', 'PNG_3D_VIEWER_ANGLED_TOP': 'png_3d_viewer_angled_top', 'PNG_3D_VIEWER_ANGLED_BOTTOM': 'png_3d_viewer_angled_bottom', 'STEP_OUTPUT': 'step', 'BLENDER_OUTPUT': 'blender', 'PDF_SCHEMATIC_OUTPUT': 'pdf_schematic', 'PDF_FABRICATION_OUTPUT': 'pdf_fabrication', 'PDF_ASSEMBLY_OUTPUT': 'pdf_assembly', 'ZIP_COMPRESS_FAB_OUTPUT': 'zip_compress_fab', 'HTML_KICANVAS_OUTPUT': 'html_kicanvas', 'HTML_KIRI_OUTPUT': 'html_kiri', 'MD_README_OUTPUT': 'md_readme', 'HTML_NAV_RES_OUTPUT': 'html_navigate_results', 'NAME': 'field_rename', 'COMMENT': 'Rename fields'} (kibot - config_reader.py:664)
DEBUG:- Updated definitions: {'COMMENT': 'Rename fields', 'NAME': 'field_rename', 'MPN_FIELD': 'Manufacturer Part Number', 'MAN_FIELD': 'Manufacturer', 'PROJECT_NAME': 'ALB/MLB test', 'BOARD_NAME': 'alb_mlb test', 'COMPANY': 'General Atomics EMS', 'DESIGNER': 'Marcus Reighter', 'LOGO': 'Logos/Logo.png', 'GIT_URL': 'https://github.com/emptyd0nkey/albmlb', 'CHECK_ZONE_FILLS': True, 'STACKUP_TABLE_NOTE': 'external layer thicknesses are specified after plating', 'GROUP_ROUND_SLOTS': True, 'GROUP_PTH_NPTH': 'no', 'GROUP_PTH_NPTH_DRL': False, 'PLOT_REFS': True, 'COLOR_THEME': 'Altium_Theme', 'SHEET_WKS': '${KIPRJMOD}/Templates/KDT_Template_PCB_GIT_A4.kicad_wks', 'FAB_SCALING': 1, 'ASSEMBLY_SCALING': 1, 'EXCLUDE_REFS': '[MB*]', '3D_VIEWER_ROT_X': 2, '3D_VIEWER_ROT_Y': -1, '3D_VIEWER_ROT_Z': 1, '3D_VIEWER_ZOOM': -1, 'KEY_COLOR': '#00FF00', 'OUTPUT_DIR': './', 'REPORT_DIR': 'Reports', 'SCHEMATIC_DIR': 'Schematic', 'MANUFACTURING_DIR': 'Manufacturing', 'ASSEMBLY_DIR': '@MANUFACTURING_DIR@/Assembly', 'FABRICATION_DIR': '@MANUFACTURING_DIR@/Fabrication', 'GERBERS_DIR': '@FABRICATION_DIR@/Gerbers', 'FAB_DRILL_TABLES_DIR': '@FABRICATION_DIR@/Drill Tables', 'TESTING_DIR': 'Testing', 'TESTPOINTS_DIR': '@TESTING_DIR@/Testpoints', 'IMAGES_DIR': 'Images', '3D_DIR': '3D', 'RESOURCES_DIR': 'kibot_resources', 'REPORT_TEMPLATE_DIR': '@RESOURCES_DIR@/templates', 'SCRIPTS_DIR': '@RESOURCES_DIR@/scripts', 'LAYER_TITLE_PAGE': 'TitlePage', 'LAYER_DNP_TOP': 'F.DNP', 'LAYER_DNP_BOTTOM': 'B.DNP', 'LAYER_DRILL_MAP': 'DrillMap', 'LAYER_TP_LIST_TOP': 'F.TestPointList', 'LAYER_TP_LIST_BOTTOM': 'B.TestPointList', 'LAYER_ASSEMBLY_TEXT_TOP': 'F.AssemblyText', 'LAYER_ASSEMBLY_TEXT_BOTTOM': 'B.AssemblyText', 'LAYER_DNP_CROSS_TOP': 'F.DNP', 'LAYER_DNP_CROSS_BOTTOM': 'B.DNP', 'FILT_FIELD_RENAME': 'field_rename', 'FILT_TP_ONLY': 'only_testpoints', 'FILT_TP_EXCLUDE': 'exclude_testpoints', 'FILT_TP_TOP_ONLY': 'only_testpoints_top', 'FILT_TP_BOTTOM_ONLY': 'only_testpoints_bottom', 'SCH_VARIANT_OUTPUT': 'value_split', 'NETLIST_OUTPUT': 'netlist', 'GERBER_OUTPUT': 'gbr_gerbers', 'ODB_OUTPUT': 'zip_odb', 'EXCELLON_DRILL_OUTPUT': 'drl_excellon', 'PDF_DRILL_MAP_OUTPUT': 'pdf_drill_map', 'DXF_DRILL_MAP_OUTPUT': 'dxf_drill_map', 'CSV_DRILL_TABLE_OUTPUT': 'csv_drill_table', 'CSV_POS_OUTPUT': 'csv_position', 'CSV_TP_OUTPUT': 'csv_testpoints', 'CSV_TP_TOP_OUTPUT': 'csv_testpoints_top', 'CSV_TP_BOTTOM_OUTPUT': 'csv_testpoints_bottom', 'CSV_BOM_OUTPUT': 'csv_bom', 'XLSX_BOM_OUTPUT': 'xlsx_bom', 'HTML_IBOM_OUTPUT': 'html_bom_interactive', 'HTML_BOM_OUTPUT': 'html_bom', 'CSV_COMP_COUNT_OUPUT': 'csv_comp_count', 'CSV_IMPEDANCE_TABLE_OUTPUT': 'csv_impedance_table', 'TXT_FAB_NOTES_OUTPUT': 'txt_fabrication_notes', 'TXT_ASSEMBLY_NOTES_OUTPUT': 'txt_assembly_notes', 'PNG_3D_VIEWER_TOP': 'png_3d_viewer_top', 'PNG_3D_VIEWER_BOTTOM': 'png_3d_viewer_bottom', 'PNG_3D_VIEWER_ANGLED_TOP': 'png_3d_viewer_angled_top', 'PNG_3D_VIEWER_ANGLED_BOTTOM': 'png_3d_viewer_angled_bottom', 'STEP_OUTPUT': 'step', 'BLENDER_OUTPUT': 'blender', 'PDF_SCHEMATIC_OUTPUT': 'pdf_schematic', 'PDF_FABRICATION_OUTPUT': 'pdf_fabrication', 'PDF_ASSEMBLY_OUTPUT': 'pdf_assembly', 'ZIP_COMPRESS_FAB_OUTPUT': 'zip_compress_fab', 'HTML_KICANVAS_OUTPUT': 'html_kicanvas', 'HTML_KIRI_OUTPUT': 'html_kiri', 'MD_README_OUTPUT': 'md_readme', 'HTML_NAV_RES_OUTPUT': 'html_navigate_results'} (kibot - config_reader.py:667)
DEBUG:Applying preprocessor definitions (kibot - config_reader.py:672)
DEBUG:- Applying CLI definitions: {} (kibot - config_reader.py:679)
DEBUG:- Applying collected definitions: {'COMMENT': 'Rename fields', 'NAME': 'field_rename', 'MPN_FIELD': 'Manufacturer Part Number', 'MAN_FIELD': 'Manufacturer', 'PROJECT_NAME': 'ALB/MLB test', 'BOARD_NAME': 'alb_mlb test', 'COMPANY': 'General Atomics EMS', 'DESIGNER': 'Marcus Reighter', 'LOGO': 'Logos/Logo.png', 'GIT_URL': 'https://github.com/emptyd0nkey/albmlb', 'CHECK_ZONE_FILLS': True, 'STACKUP_TABLE_NOTE': 'external layer thicknesses are specified after plating', 'GROUP_ROUND_SLOTS': True, 'GROUP_PTH_NPTH': 'no', 'GROUP_PTH_NPTH_DRL': False, 'PLOT_REFS': True, 'COLOR_THEME': 'Altium_Theme', 'SHEET_WKS': '${KIPRJMOD}/Templates/KDT_Template_PCB_GIT_A4.kicad_wks', 'FAB_SCALING': 1, 'ASSEMBLY_SCALING': 1, 'EXCLUDE_REFS': '[MB*]', '3D_VIEWER_ROT_X': 2, '3D_VIEWER_ROT_Y': -1, '3D_VIEWER_ROT_Z': 1, '3D_VIEWER_ZOOM': -1, 'KEY_COLOR': '#00FF00', 'OUTPUT_DIR': './', 'REPORT_DIR': 'Reports', 'SCHEMATIC_DIR': 'Schematic', 'MANUFACTURING_DIR': 'Manufacturing', 'ASSEMBLY_DIR': '@MANUFACTURING_DIR@/Assembly', 'FABRICATION_DIR': '@MANUFACTURING_DIR@/Fabrication', 'GERBERS_DIR': '@FABRICATION_DIR@/Gerbers', 'FAB_DRILL_TABLES_DIR': '@FABRICATION_DIR@/Drill Tables', 'TESTING_DIR': 'Testing', 'TESTPOINTS_DIR': '@TESTING_DIR@/Testpoints', 'IMAGES_DIR': 'Images', '3D_DIR': '3D', 'RESOURCES_DIR': 'kibot_resources', 'REPORT_TEMPLATE_DIR': '@RESOURCES_DIR@/templates', 'SCRIPTS_DIR': '@RESOURCES_DIR@/scripts', 'LAYER_TITLE_PAGE': 'TitlePage', 'LAYER_DNP_TOP': 'F.DNP', 'LAYER_DNP_BOTTOM': 'B.DNP', 'LAYER_DRILL_MAP': 'DrillMap', 'LAYER_TP_LIST_TOP': 'F.TestPointList', 'LAYER_TP_LIST_BOTTOM': 'B.TestPointList', 'LAYER_ASSEMBLY_TEXT_TOP': 'F.AssemblyText', 'LAYER_ASSEMBLY_TEXT_BOTTOM': 'B.AssemblyText', 'LAYER_DNP_CROSS_TOP': 'F.DNP', 'LAYER_DNP_CROSS_BOTTOM': 'B.DNP', 'FILT_FIELD_RENAME': 'field_rename', 'FILT_TP_ONLY': 'only_testpoints', 'FILT_TP_EXCLUDE': 'exclude_testpoints', 'FILT_TP_TOP_ONLY': 'only_testpoints_top', 'FILT_TP_BOTTOM_ONLY': 'only_testpoints_bottom', 'SCH_VARIANT_OUTPUT': 'value_split', 'NETLIST_OUTPUT': 'netlist', 'GERBER_OUTPUT': 'gbr_gerbers', 'ODB_OUTPUT': 'zip_odb', 'EXCELLON_DRILL_OUTPUT': 'drl_excellon', 'PDF_DRILL_MAP_OUTPUT': 'pdf_drill_map', 'DXF_DRILL_MAP_OUTPUT': 'dxf_drill_map', 'CSV_DRILL_TABLE_OUTPUT': 'csv_drill_table', 'CSV_POS_OUTPUT': 'csv_position', 'CSV_TP_OUTPUT': 'csv_testpoints', 'CSV_TP_TOP_OUTPUT': 'csv_testpoints_top', 'CSV_TP_BOTTOM_OUTPUT': 'csv_testpoints_bottom', 'CSV_BOM_OUTPUT': 'csv_bom', 'XLSX_BOM_OUTPUT': 'xlsx_bom', 'HTML_IBOM_OUTPUT': 'html_bom_interactive', 'HTML_BOM_OUTPUT': 'html_bom', 'CSV_COMP_COUNT_OUPUT': 'csv_comp_count', 'CSV_IMPEDANCE_TABLE_OUTPUT': 'csv_impedance_table', 'TXT_FAB_NOTES_OUTPUT': 'txt_fabrication_notes', 'TXT_ASSEMBLY_NOTES_OUTPUT': 'txt_assembly_notes', 'PNG_3D_VIEWER_TOP': 'png_3d_viewer_top', 'PNG_3D_VIEWER_BOTTOM': 'png_3d_viewer_bottom', 'PNG_3D_VIEWER_ANGLED_TOP': 'png_3d_viewer_angled_top', 'PNG_3D_VIEWER_ANGLED_BOTTOM': 'png_3d_viewer_angled_bottom', 'STEP_OUTPUT': 'step', 'BLENDER_OUTPUT': 'blender', 'PDF_SCHEMATIC_OUTPUT': 'pdf_schematic', 'PDF_FABRICATION_OUTPUT': 'pdf_fabrication', 'PDF_ASSEMBLY_OUTPUT': 'pdf_assembly', 'ZIP_COMPRESS_FAB_OUTPUT': 'zip_compress_fab', 'HTML_KICANVAS_OUTPUT': 'html_kicanvas', 'HTML_KIRI_OUTPUT': 'html_kiri', 'MD_README_OUTPUT': 'md_readme', 'HTML_NAV_RES_OUTPUT': 'html_navigate_results'} (kibot - config_reader.py:682)
DEBUG:- Replacing @COMMENT@ -> Rename fields (<class 'str'>) (kibot - config_reader.py:80)
DEBUG:- Replacing @NAME@ -> field_rename (<class 'str'>) (kibot - config_reader.py:80)
DEBUG:- Replacing @MPN_FIELD@ -> Manufacturer Part Number (<class 'str'>) (kibot - config_reader.py:80)
DEBUG:- Replacing @MAN_FIELD@ -> Manufacturer (<class 'str'>) (kibot - config_reader.py:80)
DEBUG:- Applying CLI definitions: {} (kibot - config_reader.py:679)
DEBUG:- Applying collected definitions: {'COMMENT': 'Rename fields', 'NAME': 'field_rename', 'MPN_FIELD': 'Manufacturer Part Number', 'MAN_FIELD': 'Manufacturer', 'PROJECT_NAME': 'ALB/MLB test', 'BOARD_NAME': 'alb_mlb test', 'COMPANY': 'General Atomics EMS', 'DESIGNER': 'Marcus Reighter', 'LOGO': 'Logos/Logo.png', 'GIT_URL': 'https://github.com/emptyd0nkey/albmlb', 'CHECK_ZONE_FILLS': True, 'STACKUP_TABLE_NOTE': 'external layer thicknesses are specified after plating', 'GROUP_ROUND_SLOTS': True, 'GROUP_PTH_NPTH': 'no', 'GROUP_PTH_NPTH_DRL': False, 'PLOT_REFS': True, 'COLOR_THEME': 'Altium_Theme', 'SHEET_WKS': '${KIPRJMOD}/Templates/KDT_Template_PCB_GIT_A4.kicad_wks', 'FAB_SCALING': 1, 'ASSEMBLY_SCALING': 1, 'EXCLUDE_REFS': '[MB*]', '3D_VIEWER_ROT_X': 2, '3D_VIEWER_ROT_Y': -1, '3D_VIEWER_ROT_Z': 1, '3D_VIEWER_ZOOM': -1, 'KEY_COLOR': '#00FF00', 'OUTPUT_DIR': './', 'REPORT_DIR': 'Reports', 'SCHEMATIC_DIR': 'Schematic', 'MANUFACTURING_DIR': 'Manufacturing', 'ASSEMBLY_DIR': '@MANUFACTURING_DIR@/Assembly', 'FABRICATION_DIR': '@MANUFACTURING_DIR@/Fabrication', 'GERBERS_DIR': '@FABRICATION_DIR@/Gerbers', 'FAB_DRILL_TABLES_DIR': '@FABRICATION_DIR@/Drill Tables', 'TESTING_DIR': 'Testing', 'TESTPOINTS_DIR': '@TESTING_DIR@/Testpoints', 'IMAGES_DIR': 'Images', '3D_DIR': '3D', 'RESOURCES_DIR': 'kibot_resources', 'REPORT_TEMPLATE_DIR': '@RESOURCES_DIR@/templates', 'SCRIPTS_DIR': '@RESOURCES_DIR@/scripts', 'LAYER_TITLE_PAGE': 'TitlePage', 'LAYER_DNP_TOP': 'F.DNP', 'LAYER_DNP_BOTTOM': 'B.DNP', 'LAYER_DRILL_MAP': 'DrillMap', 'LAYER_TP_LIST_TOP': 'F.TestPointList', 'LAYER_TP_LIST_BOTTOM': 'B.TestPointList', 'LAYER_ASSEMBLY_TEXT_TOP': 'F.AssemblyText', 'LAYER_ASSEMBLY_TEXT_BOTTOM': 'B.AssemblyText', 'LAYER_DNP_CROSS_TOP': 'F.DNP', 'LAYER_DNP_CROSS_BOTTOM': 'B.DNP', 'FILT_FIELD_RENAME': 'field_rename', 'FILT_TP_ONLY': 'only_testpoints', 'FILT_TP_EXCLUDE': 'exclude_testpoints', 'FILT_TP_TOP_ONLY': 'only_testpoints_top', 'FILT_TP_BOTTOM_ONLY': 'only_testpoints_bottom', 'SCH_VARIANT_OUTPUT': 'value_split', 'NETLIST_OUTPUT': 'netlist', 'GERBER_OUTPUT': 'gbr_gerbers', 'ODB_OUTPUT': 'zip_odb', 'EXCELLON_DRILL_OUTPUT': 'drl_excellon', 'PDF_DRILL_MAP_OUTPUT': 'pdf_drill_map', 'DXF_DRILL_MAP_OUTPUT': 'dxf_drill_map', 'CSV_DRILL_TABLE_OUTPUT': 'csv_drill_table', 'CSV_POS_OUTPUT': 'csv_position', 'CSV_TP_OUTPUT': 'csv_testpoints', 'CSV_TP_TOP_OUTPUT': 'csv_testpoints_top', 'CSV_TP_BOTTOM_OUTPUT': 'csv_testpoints_bottom', 'CSV_BOM_OUTPUT': 'csv_bom', 'XLSX_BOM_OUTPUT': 'xlsx_bom', 'HTML_IBOM_OUTPUT': 'html_bom_interactive', 'HTML_BOM_OUTPUT': 'html_bom', 'CSV_COMP_COUNT_OUPUT': 'csv_comp_count', 'CSV_IMPEDANCE_TABLE_OUTPUT': 'csv_impedance_table', 'TXT_FAB_NOTES_OUTPUT': 'txt_fabrication_notes', 'TXT_ASSEMBLY_NOTES_OUTPUT': 'txt_assembly_notes', 'PNG_3D_VIEWER_TOP': 'png_3d_viewer_top', 'PNG_3D_VIEWER_BOTTOM': 'png_3d_viewer_bottom', 'PNG_3D_VIEWER_ANGLED_TOP': 'png_3d_viewer_angled_top', 'PNG_3D_VIEWER_ANGLED_BOTTOM': 'png_3d_viewer_angled_bottom', 'STEP_OUTPUT': 'step', 'BLENDER_OUTPUT': 'blender', 'PDF_SCHEMATIC_OUTPUT': 'pdf_schematic', 'PDF_FABRICATION_OUTPUT': 'pdf_fabrication', 'PDF_ASSEMBLY_OUTPUT': 'pdf_assembly', 'ZIP_COMPRESS_FAB_OUTPUT': 'zip_compress_fab', 'HTML_KICANVAS_OUTPUT': 'html_kicanvas', 'HTML_KIRI_OUTPUT': 'html_kiri', 'MD_README_OUTPUT': 'md_readme', 'HTML_NAV_RES_OUTPUT': 'html_navigate_results'} (kibot - config_reader.py:682)
DEBUG:YAML after expanding definitions:
# KiBot Filter for renaming Manufacturer Part Number field

kibot:
  version: 1

filters:
  - name: 'field_rename'
    comment: 'Rename fields'
    type: field_rename
    rename:
      - field: 'Manufacturer Part Number'
        name: manf#
      - field: 'Manufacturer'
        name: manf

 (kibot - config_reader.py:688)
DEBUG:Parsing filter `field_rename` (field_rename) (kibot - config_reader.py:254)
DEBUG:Filters loaded from `kibot_yaml/kibot_filt_field_rename.yaml`: dict_keys(['field_rename']) (kibot - config_reader.py:410)
DEBUG:Found local definitions (kibot - config_reader.py:653)
DEBUG:- Local definitions: {'COMMENT': 'Select only testpoints', 'NAME': 'only_testpoints', 'EXCLUDE_TOP': False, 'EXCLUDE_BOTTOM': False, 'EXCLUDE_REFS': '[MB*]'} (kibot - config_reader.py:663)
DEBUG:- Current definitions: {'PROJECT_NAME': 'ALB/MLB test', 'BOARD_NAME': 'alb_mlb test', 'COMPANY': 'General Atomics EMS', 'DESIGNER': 'Marcus Reighter', 'LOGO': 'Logos/Logo.png', 'GIT_URL': 'https://github.com/emptyd0nkey/albmlb', 'CHECK_ZONE_FILLS': True, 'STACKUP_TABLE_NOTE': 'external layer thicknesses are specified after plating', 'MPN_FIELD': 'Manufacturer Part Number', 'MAN_FIELD': 'Manufacturer', 'GROUP_ROUND_SLOTS': True, 'GROUP_PTH_NPTH': 'no', 'GROUP_PTH_NPTH_DRL': False, 'PLOT_REFS': True, 'COLOR_THEME': 'Altium_Theme', 'SHEET_WKS': '${KIPRJMOD}/Templates/KDT_Template_PCB_GIT_A4.kicad_wks', 'FAB_SCALING': 1, 'ASSEMBLY_SCALING': 1, 'EXCLUDE_REFS': '[MB*]', '3D_VIEWER_ROT_X': 2, '3D_VIEWER_ROT_Y': -1, '3D_VIEWER_ROT_Z': 1, '3D_VIEWER_ZOOM': -1, 'KEY_COLOR': '#00FF00', 'OUTPUT_DIR': './', 'REPORT_DIR': 'Reports', 'SCHEMATIC_DIR': 'Schematic', 'MANUFACTURING_DIR': 'Manufacturing', 'ASSEMBLY_DIR': '@MANUFACTURING_DIR@/Assembly', 'FABRICATION_DIR': '@MANUFACTURING_DIR@/Fabrication', 'GERBERS_DIR': '@FABRICATION_DIR@/Gerbers', 'FAB_DRILL_TABLES_DIR': '@FABRICATION_DIR@/Drill Tables', 'TESTING_DIR': 'Testing', 'TESTPOINTS_DIR': '@TESTING_DIR@/Testpoints', 'IMAGES_DIR': 'Images', '3D_DIR': '3D', 'RESOURCES_DIR': 'kibot_resources', 'REPORT_TEMPLATE_DIR': '@RESOURCES_DIR@/templates', 'SCRIPTS_DIR': '@RESOURCES_DIR@/scripts', 'LAYER_TITLE_PAGE': 'TitlePage', 'LAYER_DNP_TOP': 'F.DNP', 'LAYER_DNP_BOTTOM': 'B.DNP', 'LAYER_DRILL_MAP': 'DrillMap', 'LAYER_TP_LIST_TOP': 'F.TestPointList', 'LAYER_TP_LIST_BOTTOM': 'B.TestPointList', 'LAYER_ASSEMBLY_TEXT_TOP': 'F.AssemblyText', 'LAYER_ASSEMBLY_TEXT_BOTTOM': 'B.AssemblyText', 'LAYER_DNP_CROSS_TOP': 'F.DNP', 'LAYER_DNP_CROSS_BOTTOM': 'B.DNP', 'FILT_FIELD_RENAME': 'field_rename', 'FILT_TP_ONLY': 'only_testpoints', 'FILT_TP_EXCLUDE': 'exclude_testpoints', 'FILT_TP_TOP_ONLY': 'only_testpoints_top', 'FILT_TP_BOTTOM_ONLY': 'only_testpoints_bottom', 'SCH_VARIANT_OUTPUT': 'value_split', 'NETLIST_OUTPUT': 'netlist', 'GERBER_OUTPUT': 'gbr_gerbers', 'ODB_OUTPUT': 'zip_odb', 'EXCELLON_DRILL_OUTPUT': 'drl_excellon', 'PDF_DRILL_MAP_OUTPUT': 'pdf_drill_map', 'DXF_DRILL_MAP_OUTPUT': 'dxf_drill_map', 'CSV_DRILL_TABLE_OUTPUT': 'csv_drill_table', 'CSV_POS_OUTPUT': 'csv_position', 'CSV_TP_OUTPUT': 'csv_testpoints', 'CSV_TP_TOP_OUTPUT': 'csv_testpoints_top', 'CSV_TP_BOTTOM_OUTPUT': 'csv_testpoints_bottom', 'CSV_BOM_OUTPUT': 'csv_bom', 'XLSX_BOM_OUTPUT': 'xlsx_bom', 'HTML_IBOM_OUTPUT': 'html_bom_interactive', 'HTML_BOM_OUTPUT': 'html_bom', 'CSV_COMP_COUNT_OUPUT': 'csv_comp_count', 'CSV_IMPEDANCE_TABLE_OUTPUT': 'csv_impedance_table', 'TXT_FAB_NOTES_OUTPUT': 'txt_fabrication_notes', 'TXT_ASSEMBLY_NOTES_OUTPUT': 'txt_assembly_notes', 'PNG_3D_VIEWER_TOP': 'png_3d_viewer_top', 'PNG_3D_VIEWER_BOTTOM': 'png_3d_viewer_bottom', 'PNG_3D_VIEWER_ANGLED_TOP': 'png_3d_viewer_angled_top', 'PNG_3D_VIEWER_ANGLED_BOTTOM': 'png_3d_viewer_angled_bottom', 'STEP_OUTPUT': 'step', 'BLENDER_OUTPUT': 'blender', 'PDF_SCHEMATIC_OUTPUT': 'pdf_schematic', 'PDF_FABRICATION_OUTPUT': 'pdf_fabrication', 'PDF_ASSEMBLY_OUTPUT': 'pdf_assembly', 'ZIP_COMPRESS_FAB_OUTPUT': 'zip_compress_fab', 'HTML_KICANVAS_OUTPUT': 'html_kicanvas', 'HTML_KIRI_OUTPUT': 'html_kiri', 'MD_README_OUTPUT': 'md_readme', 'HTML_NAV_RES_OUTPUT': 'html_navigate_results', 'NAME': 'only_testpoints', 'COMMENT': 'Include only testpoints'} (kibot - config_reader.py:664)
DEBUG:- Updated definitions: {'COMMENT': 'Include only testpoints', 'NAME': 'only_testpoints', 'EXCLUDE_TOP': False, 'EXCLUDE_BOTTOM': False, 'EXCLUDE_REFS': '[MB*]', 'PROJECT_NAME': 'ALB/MLB test', 'BOARD_NAME': 'alb_mlb test', 'COMPANY': 'General Atomics EMS', 'DESIGNER': 'Marcus Reighter', 'LOGO': 'Logos/Logo.png', 'GIT_URL': 'https://github.com/emptyd0nkey/albmlb', 'CHECK_ZONE_FILLS': True, 'STACKUP_TABLE_NOTE': 'external layer thicknesses are specified after plating', 'MPN_FIELD': 'Manufacturer Part Number', 'MAN_FIELD': 'Manufacturer', 'GROUP_ROUND_SLOTS': True, 'GROUP_PTH_NPTH': 'no', 'GROUP_PTH_NPTH_DRL': False, 'PLOT_REFS': True, 'COLOR_THEME': 'Altium_Theme', 'SHEET_WKS': '${KIPRJMOD}/Templates/KDT_Template_PCB_GIT_A4.kicad_wks', 'FAB_SCALING': 1, 'ASSEMBLY_SCALING': 1, '3D_VIEWER_ROT_X': 2, '3D_VIEWER_ROT_Y': -1, '3D_VIEWER_ROT_Z': 1, '3D_VIEWER_ZOOM': -1, 'KEY_COLOR': '#00FF00', 'OUTPUT_DIR': './', 'REPORT_DIR': 'Reports', 'SCHEMATIC_DIR': 'Schematic', 'MANUFACTURING_DIR': 'Manufacturing', 'ASSEMBLY_DIR': '@MANUFACTURING_DIR@/Assembly', 'FABRICATION_DIR': '@MANUFACTURING_DIR@/Fabrication', 'GERBERS_DIR': '@FABRICATION_DIR@/Gerbers', 'FAB_DRILL_TABLES_DIR': '@FABRICATION_DIR@/Drill Tables', 'TESTING_DIR': 'Testing', 'TESTPOINTS_DIR': '@TESTING_DIR@/Testpoints', 'IMAGES_DIR': 'Images', '3D_DIR': '3D', 'RESOURCES_DIR': 'kibot_resources', 'REPORT_TEMPLATE_DIR': '@RESOURCES_DIR@/templates', 'SCRIPTS_DIR': '@RESOURCES_DIR@/scripts', 'LAYER_TITLE_PAGE': 'TitlePage', 'LAYER_DNP_TOP': 'F.DNP', 'LAYER_DNP_BOTTOM': 'B.DNP', 'LAYER_DRILL_MAP': 'DrillMap', 'LAYER_TP_LIST_TOP': 'F.TestPointList', 'LAYER_TP_LIST_BOTTOM': 'B.TestPointList', 'LAYER_ASSEMBLY_TEXT_TOP': 'F.AssemblyText', 'LAYER_ASSEMBLY_TEXT_BOTTOM': 'B.AssemblyText', 'LAYER_DNP_CROSS_TOP': 'F.DNP', 'LAYER_DNP_CROSS_BOTTOM': 'B.DNP', 'FILT_FIELD_RENAME': 'field_rename', 'FILT_TP_ONLY': 'only_testpoints', 'FILT_TP_EXCLUDE': 'exclude_testpoints', 'FILT_TP_TOP_ONLY': 'only_testpoints_top', 'FILT_TP_BOTTOM_ONLY': 'only_testpoints_bottom', 'SCH_VARIANT_OUTPUT': 'value_split', 'NETLIST_OUTPUT': 'netlist', 'GERBER_OUTPUT': 'gbr_gerbers', 'ODB_OUTPUT': 'zip_odb', 'EXCELLON_DRILL_OUTPUT': 'drl_excellon', 'PDF_DRILL_MAP_OUTPUT': 'pdf_drill_map', 'DXF_DRILL_MAP_OUTPUT': 'dxf_drill_map', 'CSV_DRILL_TABLE_OUTPUT': 'csv_drill_table', 'CSV_POS_OUTPUT': 'csv_position', 'CSV_TP_OUTPUT': 'csv_testpoints', 'CSV_TP_TOP_OUTPUT': 'csv_testpoints_top', 'CSV_TP_BOTTOM_OUTPUT': 'csv_testpoints_bottom', 'CSV_BOM_OUTPUT': 'csv_bom', 'XLSX_BOM_OUTPUT': 'xlsx_bom', 'HTML_IBOM_OUTPUT': 'html_bom_interactive', 'HTML_BOM_OUTPUT': 'html_bom', 'CSV_COMP_COUNT_OUPUT': 'csv_comp_count', 'CSV_IMPEDANCE_TABLE_OUTPUT': 'csv_impedance_table', 'TXT_FAB_NOTES_OUTPUT': 'txt_fabrication_notes', 'TXT_ASSEMBLY_NOTES_OUTPUT': 'txt_assembly_notes', 'PNG_3D_VIEWER_TOP': 'png_3d_viewer_top', 'PNG_3D_VIEWER_BOTTOM': 'png_3d_viewer_bottom', 'PNG_3D_VIEWER_ANGLED_TOP': 'png_3d_viewer_angled_top', 'PNG_3D_VIEWER_ANGLED_BOTTOM': 'png_3d_viewer_angled_bottom', 'STEP_OUTPUT': 'step', 'BLENDER_OUTPUT': 'blender', 'PDF_SCHEMATIC_OUTPUT': 'pdf_schematic', 'PDF_FABRICATION_OUTPUT': 'pdf_fabrication', 'PDF_ASSEMBLY_OUTPUT': 'pdf_assembly', 'ZIP_COMPRESS_FAB_OUTPUT': 'zip_compress_fab', 'HTML_KICANVAS_OUTPUT': 'html_kicanvas', 'HTML_KIRI_OUTPUT': 'html_kiri', 'MD_README_OUTPUT': 'md_readme', 'HTML_NAV_RES_OUTPUT': 'html_navigate_results'} (kibot - config_reader.py:667)
DEBUG:Applying preprocessor definitions (kibot - config_reader.py:672)
DEBUG:- Applying CLI definitions: {} (kibot - config_reader.py:679)
DEBUG:- Applying collected definitions: {'COMMENT': 'Include only testpoints', 'NAME': 'only_testpoints', 'EXCLUDE_TOP': False, 'EXCLUDE_BOTTOM': False, 'EXCLUDE_REFS': '[MB*]', 'PROJECT_NAME': 'ALB/MLB test', 'BOARD_NAME': 'alb_mlb test', 'COMPANY': 'General Atomics EMS', 'DESIGNER': 'Marcus Reighter', 'LOGO': 'Logos/Logo.png', 'GIT_URL': 'https://github.com/emptyd0nkey/albmlb', 'CHECK_ZONE_FILLS': True, 'STACKUP_TABLE_NOTE': 'external layer thicknesses are specified after plating', 'MPN_FIELD': 'Manufacturer Part Number', 'MAN_FIELD': 'Manufacturer', 'GROUP_ROUND_SLOTS': True, 'GROUP_PTH_NPTH': 'no', 'GROUP_PTH_NPTH_DRL': False, 'PLOT_REFS': True, 'COLOR_THEME': 'Altium_Theme', 'SHEET_WKS': '${KIPRJMOD}/Templates/KDT_Template_PCB_GIT_A4.kicad_wks', 'FAB_SCALING': 1, 'ASSEMBLY_SCALING': 1, '3D_VIEWER_ROT_X': 2, '3D_VIEWER_ROT_Y': -1, '3D_VIEWER_ROT_Z': 1, '3D_VIEWER_ZOOM': -1, 'KEY_COLOR': '#00FF00', 'OUTPUT_DIR': './', 'REPORT_DIR': 'Reports', 'SCHEMATIC_DIR': 'Schematic', 'MANUFACTURING_DIR': 'Manufacturing', 'ASSEMBLY_DIR': '@MANUFACTURING_DIR@/Assembly', 'FABRICATION_DIR': '@MANUFACTURING_DIR@/Fabrication', 'GERBERS_DIR': '@FABRICATION_DIR@/Gerbers', 'FAB_DRILL_TABLES_DIR': '@FABRICATION_DIR@/Drill Tables', 'TESTING_DIR': 'Testing', 'TESTPOINTS_DIR': '@TESTING_DIR@/Testpoints', 'IMAGES_DIR': 'Images', '3D_DIR': '3D', 'RESOURCES_DIR': 'kibot_resources', 'REPORT_TEMPLATE_DIR': '@RESOURCES_DIR@/templates', 'SCRIPTS_DIR': '@RESOURCES_DIR@/scripts', 'LAYER_TITLE_PAGE': 'TitlePage', 'LAYER_DNP_TOP': 'F.DNP', 'LAYER_DNP_BOTTOM': 'B.DNP', 'LAYER_DRILL_MAP': 'DrillMap', 'LAYER_TP_LIST_TOP': 'F.TestPointList', 'LAYER_TP_LIST_BOTTOM': 'B.TestPointList', 'LAYER_ASSEMBLY_TEXT_TOP': 'F.AssemblyText', 'LAYER_ASSEMBLY_TEXT_BOTTOM': 'B.AssemblyText', 'LAYER_DNP_CROSS_TOP': 'F.DNP', 'LAYER_DNP_CROSS_BOTTOM': 'B.DNP', 'FILT_FIELD_RENAME': 'field_rename', 'FILT_TP_ONLY': 'only_testpoints', 'FILT_TP_EXCLUDE': 'exclude_testpoints', 'FILT_TP_TOP_ONLY': 'only_testpoints_top', 'FILT_TP_BOTTOM_ONLY': 'only_testpoints_bottom', 'SCH_VARIANT_OUTPUT': 'value_split', 'NETLIST_OUTPUT': 'netlist', 'GERBER_OUTPUT': 'gbr_gerbers', 'ODB_OUTPUT': 'zip_odb', 'EXCELLON_DRILL_OUTPUT': 'drl_excellon', 'PDF_DRILL_MAP_OUTPUT': 'pdf_drill_map', 'DXF_DRILL_MAP_OUTPUT': 'dxf_drill_map', 'CSV_DRILL_TABLE_OUTPUT': 'csv_drill_table', 'CSV_POS_OUTPUT': 'csv_position', 'CSV_TP_OUTPUT': 'csv_testpoints', 'CSV_TP_TOP_OUTPUT': 'csv_testpoints_top', 'CSV_TP_BOTTOM_OUTPUT': 'csv_testpoints_bottom', 'CSV_BOM_OUTPUT': 'csv_bom', 'XLSX_BOM_OUTPUT': 'xlsx_bom', 'HTML_IBOM_OUTPUT': 'html_bom_interactive', 'HTML_BOM_OUTPUT': 'html_bom', 'CSV_COMP_COUNT_OUPUT': 'csv_comp_count', 'CSV_IMPEDANCE_TABLE_OUTPUT': 'csv_impedance_table', 'TXT_FAB_NOTES_OUTPUT': 'txt_fabrication_notes', 'TXT_ASSEMBLY_NOTES_OUTPUT': 'txt_assembly_notes', 'PNG_3D_VIEWER_TOP': 'png_3d_viewer_top', 'PNG_3D_VIEWER_BOTTOM': 'png_3d_viewer_bottom', 'PNG_3D_VIEWER_ANGLED_TOP': 'png_3d_viewer_angled_top', 'PNG_3D_VIEWER_ANGLED_BOTTOM': 'png_3d_viewer_angled_bottom', 'STEP_OUTPUT': 'step', 'BLENDER_OUTPUT': 'blender', 'PDF_SCHEMATIC_OUTPUT': 'pdf_schematic', 'PDF_FABRICATION_OUTPUT': 'pdf_fabrication', 'PDF_ASSEMBLY_OUTPUT': 'pdf_assembly', 'ZIP_COMPRESS_FAB_OUTPUT': 'zip_compress_fab', 'HTML_KICANVAS_OUTPUT': 'html_kicanvas', 'HTML_KIRI_OUTPUT': 'html_kiri', 'MD_README_OUTPUT': 'md_readme', 'HTML_NAV_RES_OUTPUT': 'html_navigate_results'} (kibot - config_reader.py:682)
DEBUG:- Replacing @COMMENT@ -> Include only testpoints (<class 'str'>) (kibot - config_reader.py:80)
DEBUG:- Replacing @NAME@ -> only_testpoints (<class 'str'>) (kibot - config_reader.py:80)
DEBUG:- Replacing @EXCLUDE_TOP@ -> false (<class 'str'>) (kibot - config_reader.py:80)
DEBUG:- Replacing @EXCLUDE_BOTTOM@ -> false (<class 'str'>) (kibot - config_reader.py:80)
DEBUG:- Replacing @EXCLUDE_REFS@ -> [MB*] (<class 'str'>) (kibot - config_reader.py:80)
DEBUG:- Applying CLI definitions: {} (kibot - config_reader.py:679)
DEBUG:- Applying collected definitions: {'COMMENT': 'Include only testpoints', 'NAME': 'only_testpoints', 'EXCLUDE_TOP': False, 'EXCLUDE_BOTTOM': False, 'EXCLUDE_REFS': '[MB*]', 'PROJECT_NAME': 'ALB/MLB test', 'BOARD_NAME': 'alb_mlb test', 'COMPANY': 'General Atomics EMS', 'DESIGNER': 'Marcus Reighter', 'LOGO': 'Logos/Logo.png', 'GIT_URL': 'https://github.com/emptyd0nkey/albmlb', 'CHECK_ZONE_FILLS': True, 'STACKUP_TABLE_NOTE': 'external layer thicknesses are specified after plating', 'MPN_FIELD': 'Manufacturer Part Number', 'MAN_FIELD': 'Manufacturer', 'GROUP_ROUND_SLOTS': True, 'GROUP_PTH_NPTH': 'no', 'GROUP_PTH_NPTH_DRL': False, 'PLOT_REFS': True, 'COLOR_THEME': 'Altium_Theme', 'SHEET_WKS': '${KIPRJMOD}/Templates/KDT_Template_PCB_GIT_A4.kicad_wks', 'FAB_SCALING': 1, 'ASSEMBLY_SCALING': 1, '3D_VIEWER_ROT_X': 2, '3D_VIEWER_ROT_Y': -1, '3D_VIEWER_ROT_Z': 1, '3D_VIEWER_ZOOM': -1, 'KEY_COLOR': '#00FF00', 'OUTPUT_DIR': './', 'REPORT_DIR': 'Reports', 'SCHEMATIC_DIR': 'Schematic', 'MANUFACTURING_DIR': 'Manufacturing', 'ASSEMBLY_DIR': '@MANUFACTURING_DIR@/Assembly', 'FABRICATION_DIR': '@MANUFACTURING_DIR@/Fabrication', 'GERBERS_DIR': '@FABRICATION_DIR@/Gerbers', 'FAB_DRILL_TABLES_DIR': '@FABRICATION_DIR@/Drill Tables', 'TESTING_DIR': 'Testing', 'TESTPOINTS_DIR': '@TESTING_DIR@/Testpoints', 'IMAGES_DIR': 'Images', '3D_DIR': '3D', 'RESOURCES_DIR': 'kibot_resources', 'REPORT_TEMPLATE_DIR': '@RESOURCES_DIR@/templates', 'SCRIPTS_DIR': '@RESOURCES_DIR@/scripts', 'LAYER_TITLE_PAGE': 'TitlePage', 'LAYER_DNP_TOP': 'F.DNP', 'LAYER_DNP_BOTTOM': 'B.DNP', 'LAYER_DRILL_MAP': 'DrillMap', 'LAYER_TP_LIST_TOP': 'F.TestPointList', 'LAYER_TP_LIST_BOTTOM': 'B.TestPointList', 'LAYER_ASSEMBLY_TEXT_TOP': 'F.AssemblyText', 'LAYER_ASSEMBLY_TEXT_BOTTOM': 'B.AssemblyText', 'LAYER_DNP_CROSS_TOP': 'F.DNP', 'LAYER_DNP_CROSS_BOTTOM': 'B.DNP', 'FILT_FIELD_RENAME': 'field_rename', 'FILT_TP_ONLY': 'only_testpoints', 'FILT_TP_EXCLUDE': 'exclude_testpoints', 'FILT_TP_TOP_ONLY': 'only_testpoints_top', 'FILT_TP_BOTTOM_ONLY': 'only_testpoints_bottom', 'SCH_VARIANT_OUTPUT': 'value_split', 'NETLIST_OUTPUT': 'netlist', 'GERBER_OUTPUT': 'gbr_gerbers', 'ODB_OUTPUT': 'zip_odb', 'EXCELLON_DRILL_OUTPUT': 'drl_excellon', 'PDF_DRILL_MAP_OUTPUT': 'pdf_drill_map', 'DXF_DRILL_MAP_OUTPUT': 'dxf_drill_map', 'CSV_DRILL_TABLE_OUTPUT': 'csv_drill_table', 'CSV_POS_OUTPUT': 'csv_position', 'CSV_TP_OUTPUT': 'csv_testpoints', 'CSV_TP_TOP_OUTPUT': 'csv_testpoints_top', 'CSV_TP_BOTTOM_OUTPUT': 'csv_testpoints_bottom', 'CSV_BOM_OUTPUT': 'csv_bom', 'XLSX_BOM_OUTPUT': 'xlsx_bom', 'HTML_IBOM_OUTPUT': 'html_bom_interactive', 'HTML_BOM_OUTPUT': 'html_bom', 'CSV_COMP_COUNT_OUPUT': 'csv_comp_count', 'CSV_IMPEDANCE_TABLE_OUTPUT': 'csv_impedance_table', 'TXT_FAB_NOTES_OUTPUT': 'txt_fabrication_notes', 'TXT_ASSEMBLY_NOTES_OUTPUT': 'txt_assembly_notes', 'PNG_3D_VIEWER_TOP': 'png_3d_viewer_top', 'PNG_3D_VIEWER_BOTTOM': 'png_3d_viewer_bottom', 'PNG_3D_VIEWER_ANGLED_TOP': 'png_3d_viewer_angled_top', 'PNG_3D_VIEWER_ANGLED_BOTTOM': 'png_3d_viewer_angled_bottom', 'STEP_OUTPUT': 'step', 'BLENDER_OUTPUT': 'blender', 'PDF_SCHEMATIC_OUTPUT': 'pdf_schematic', 'PDF_FABRICATION_OUTPUT': 'pdf_fabrication', 'PDF_ASSEMBLY_OUTPUT': 'pdf_assembly', 'ZIP_COMPRESS_FAB_OUTPUT': 'zip_compress_fab', 'HTML_KICANVAS_OUTPUT': 'html_kicanvas', 'HTML_KIRI_OUTPUT': 'html_kiri', 'MD_README_OUTPUT': 'md_readme', 'HTML_NAV_RES_OUTPUT': 'html_navigate_results'} (kibot - config_reader.py:682)
DEBUG:YAML after expanding definitions:
# KiBot Filter for testpoints
# These filters are used for multiple outputs to highlight testpoints
# or generate testpoint lists for top and bottom layers

kibot:
  version: 1

filters:
  - name: 'only_testpoints'
    comment: 'Include only testpoints'
    type: generic
    exclude_top: false
    exclude_bottom: false
    include_only:
      - column: Reference
        regex: "TP"
    exclude_refs: [MB*]

 (kibot - config_reader.py:688)
DEBUG:Parsing filter `only_testpoints` (generic) (kibot - config_reader.py:254)
DEBUG:Configuring from default: exclude_any -> [] (kibot - optionable.py:377)
DEBUG:Configuring from default: keys -> ['dnf_list'] (kibot - optionable.py:377)
DEBUG:Filters loaded from `kibot_yaml/kibot_filt_testpoints.yaml`: dict_keys(['only_testpoints']) (kibot - config_reader.py:410)
DEBUG:Found local definitions (kibot - config_reader.py:653)
DEBUG:- Local definitions: {'COMMENT': 'Exclude only testpoints', 'NAME': 'exclude_testpoints'} (kibot - config_reader.py:663)
DEBUG:- Current definitions: {'PROJECT_NAME': 'ALB/MLB test', 'BOARD_NAME': 'alb_mlb test', 'COMPANY': 'General Atomics EMS', 'DESIGNER': 'Marcus Reighter', 'LOGO': 'Logos/Logo.png', 'GIT_URL': 'https://github.com/emptyd0nkey/albmlb', 'CHECK_ZONE_FILLS': True, 'STACKUP_TABLE_NOTE': 'external layer thicknesses are specified after plating', 'MPN_FIELD': 'Manufacturer Part Number', 'MAN_FIELD': 'Manufacturer', 'GROUP_ROUND_SLOTS': True, 'GROUP_PTH_NPTH': 'no', 'GROUP_PTH_NPTH_DRL': False, 'PLOT_REFS': True, 'COLOR_THEME': 'Altium_Theme', 'SHEET_WKS': '${KIPRJMOD}/Templates/KDT_Template_PCB_GIT_A4.kicad_wks', 'FAB_SCALING': 1, 'ASSEMBLY_SCALING': 1, 'EXCLUDE_REFS': '[MB*]', '3D_VIEWER_ROT_X': 2, '3D_VIEWER_ROT_Y': -1, '3D_VIEWER_ROT_Z': 1, '3D_VIEWER_ZOOM': -1, 'KEY_COLOR': '#00FF00', 'OUTPUT_DIR': './', 'REPORT_DIR': 'Reports', 'SCHEMATIC_DIR': 'Schematic', 'MANUFACTURING_DIR': 'Manufacturing', 'ASSEMBLY_DIR': '@MANUFACTURING_DIR@/Assembly', 'FABRICATION_DIR': '@MANUFACTURING_DIR@/Fabrication', 'GERBERS_DIR': '@FABRICATION_DIR@/Gerbers', 'FAB_DRILL_TABLES_DIR': '@FABRICATION_DIR@/Drill Tables', 'TESTING_DIR': 'Testing', 'TESTPOINTS_DIR': '@TESTING_DIR@/Testpoints', 'IMAGES_DIR': 'Images', '3D_DIR': '3D', 'RESOURCES_DIR': 'kibot_resources', 'REPORT_TEMPLATE_DIR': '@RESOURCES_DIR@/templates', 'SCRIPTS_DIR': '@RESOURCES_DIR@/scripts', 'LAYER_TITLE_PAGE': 'TitlePage', 'LAYER_DNP_TOP': 'F.DNP', 'LAYER_DNP_BOTTOM': 'B.DNP', 'LAYER_DRILL_MAP': 'DrillMap', 'LAYER_TP_LIST_TOP': 'F.TestPointList', 'LAYER_TP_LIST_BOTTOM': 'B.TestPointList', 'LAYER_ASSEMBLY_TEXT_TOP': 'F.AssemblyText', 'LAYER_ASSEMBLY_TEXT_BOTTOM': 'B.AssemblyText', 'LAYER_DNP_CROSS_TOP': 'F.DNP', 'LAYER_DNP_CROSS_BOTTOM': 'B.DNP', 'FILT_FIELD_RENAME': 'field_rename', 'FILT_TP_ONLY': 'only_testpoints', 'FILT_TP_EXCLUDE': 'exclude_testpoints', 'FILT_TP_TOP_ONLY': 'only_testpoints_top', 'FILT_TP_BOTTOM_ONLY': 'only_testpoints_bottom', 'SCH_VARIANT_OUTPUT': 'value_split', 'NETLIST_OUTPUT': 'netlist', 'GERBER_OUTPUT': 'gbr_gerbers', 'ODB_OUTPUT': 'zip_odb', 'EXCELLON_DRILL_OUTPUT': 'drl_excellon', 'PDF_DRILL_MAP_OUTPUT': 'pdf_drill_map', 'DXF_DRILL_MAP_OUTPUT': 'dxf_drill_map', 'CSV_DRILL_TABLE_OUTPUT': 'csv_drill_table', 'CSV_POS_OUTPUT': 'csv_position', 'CSV_TP_OUTPUT': 'csv_testpoints', 'CSV_TP_TOP_OUTPUT': 'csv_testpoints_top', 'CSV_TP_BOTTOM_OUTPUT': 'csv_testpoints_bottom', 'CSV_BOM_OUTPUT': 'csv_bom', 'XLSX_BOM_OUTPUT': 'xlsx_bom', 'HTML_IBOM_OUTPUT': 'html_bom_interactive', 'HTML_BOM_OUTPUT': 'html_bom', 'CSV_COMP_COUNT_OUPUT': 'csv_comp_count', 'CSV_IMPEDANCE_TABLE_OUTPUT': 'csv_impedance_table', 'TXT_FAB_NOTES_OUTPUT': 'txt_fabrication_notes', 'TXT_ASSEMBLY_NOTES_OUTPUT': 'txt_assembly_notes', 'PNG_3D_VIEWER_TOP': 'png_3d_viewer_top', 'PNG_3D_VIEWER_BOTTOM': 'png_3d_viewer_bottom', 'PNG_3D_VIEWER_ANGLED_TOP': 'png_3d_viewer_angled_top', 'PNG_3D_VIEWER_ANGLED_BOTTOM': 'png_3d_viewer_angled_bottom', 'STEP_OUTPUT': 'step', 'BLENDER_OUTPUT': 'blender', 'PDF_SCHEMATIC_OUTPUT': 'pdf_schematic', 'PDF_FABRICATION_OUTPUT': 'pdf_fabrication', 'PDF_ASSEMBLY_OUTPUT': 'pdf_assembly', 'ZIP_COMPRESS_FAB_OUTPUT': 'zip_compress_fab', 'HTML_KICANVAS_OUTPUT': 'html_kicanvas', 'HTML_KIRI_OUTPUT': 'html_kiri', 'MD_README_OUTPUT': 'md_readme', 'HTML_NAV_RES_OUTPUT': 'html_navigate_results', 'NAME': 'exclude_testpoints', 'COMMENT': 'Exclude only testpoints'} (kibot - config_reader.py:664)
DEBUG:- Updated definitions: {'COMMENT': 'Exclude only testpoints', 'NAME': 'exclude_testpoints', 'PROJECT_NAME': 'ALB/MLB test', 'BOARD_NAME': 'alb_mlb test', 'COMPANY': 'General Atomics EMS', 'DESIGNER': 'Marcus Reighter', 'LOGO': 'Logos/Logo.png', 'GIT_URL': 'https://github.com/emptyd0nkey/albmlb', 'CHECK_ZONE_FILLS': True, 'STACKUP_TABLE_NOTE': 'external layer thicknesses are specified after plating', 'MPN_FIELD': 'Manufacturer Part Number', 'MAN_FIELD': 'Manufacturer', 'GROUP_ROUND_SLOTS': True, 'GROUP_PTH_NPTH': 'no', 'GROUP_PTH_NPTH_DRL': False, 'PLOT_REFS': True, 'COLOR_THEME': 'Altium_Theme', 'SHEET_WKS': '${KIPRJMOD}/Templates/KDT_Template_PCB_GIT_A4.kicad_wks', 'FAB_SCALING': 1, 'ASSEMBLY_SCALING': 1, 'EXCLUDE_REFS': '[MB*]', '3D_VIEWER_ROT_X': 2, '3D_VIEWER_ROT_Y': -1, '3D_VIEWER_ROT_Z': 1, '3D_VIEWER_ZOOM': -1, 'KEY_COLOR': '#00FF00', 'OUTPUT_DIR': './', 'REPORT_DIR': 'Reports', 'SCHEMATIC_DIR': 'Schematic', 'MANUFACTURING_DIR': 'Manufacturing', 'ASSEMBLY_DIR': '@MANUFACTURING_DIR@/Assembly', 'FABRICATION_DIR': '@MANUFACTURING_DIR@/Fabrication', 'GERBERS_DIR': '@FABRICATION_DIR@/Gerbers', 'FAB_DRILL_TABLES_DIR': '@FABRICATION_DIR@/Drill Tables', 'TESTING_DIR': 'Testing', 'TESTPOINTS_DIR': '@TESTING_DIR@/Testpoints', 'IMAGES_DIR': 'Images', '3D_DIR': '3D', 'RESOURCES_DIR': 'kibot_resources', 'REPORT_TEMPLATE_DIR': '@RESOURCES_DIR@/templates', 'SCRIPTS_DIR': '@RESOURCES_DIR@/scripts', 'LAYER_TITLE_PAGE': 'TitlePage', 'LAYER_DNP_TOP': 'F.DNP', 'LAYER_DNP_BOTTOM': 'B.DNP', 'LAYER_DRILL_MAP': 'DrillMap', 'LAYER_TP_LIST_TOP': 'F.TestPointList', 'LAYER_TP_LIST_BOTTOM': 'B.TestPointList', 'LAYER_ASSEMBLY_TEXT_TOP': 'F.AssemblyText', 'LAYER_ASSEMBLY_TEXT_BOTTOM': 'B.AssemblyText', 'LAYER_DNP_CROSS_TOP': 'F.DNP', 'LAYER_DNP_CROSS_BOTTOM': 'B.DNP', 'FILT_FIELD_RENAME': 'field_rename', 'FILT_TP_ONLY': 'only_testpoints', 'FILT_TP_EXCLUDE': 'exclude_testpoints', 'FILT_TP_TOP_ONLY': 'only_testpoints_top', 'FILT_TP_BOTTOM_ONLY': 'only_testpoints_bottom', 'SCH_VARIANT_OUTPUT': 'value_split', 'NETLIST_OUTPUT': 'netlist', 'GERBER_OUTPUT': 'gbr_gerbers', 'ODB_OUTPUT': 'zip_odb', 'EXCELLON_DRILL_OUTPUT': 'drl_excellon', 'PDF_DRILL_MAP_OUTPUT': 'pdf_drill_map', 'DXF_DRILL_MAP_OUTPUT': 'dxf_drill_map', 'CSV_DRILL_TABLE_OUTPUT': 'csv_drill_table', 'CSV_POS_OUTPUT': 'csv_position', 'CSV_TP_OUTPUT': 'csv_testpoints', 'CSV_TP_TOP_OUTPUT': 'csv_testpoints_top', 'CSV_TP_BOTTOM_OUTPUT': 'csv_testpoints_bottom', 'CSV_BOM_OUTPUT': 'csv_bom', 'XLSX_BOM_OUTPUT': 'xlsx_bom', 'HTML_IBOM_OUTPUT': 'html_bom_interactive', 'HTML_BOM_OUTPUT': 'html_bom', 'CSV_COMP_COUNT_OUPUT': 'csv_comp_count', 'CSV_IMPEDANCE_TABLE_OUTPUT': 'csv_impedance_table', 'TXT_FAB_NOTES_OUTPUT': 'txt_fabrication_notes', 'TXT_ASSEMBLY_NOTES_OUTPUT': 'txt_assembly_notes', 'PNG_3D_VIEWER_TOP': 'png_3d_viewer_top', 'PNG_3D_VIEWER_BOTTOM': 'png_3d_viewer_bottom', 'PNG_3D_VIEWER_ANGLED_TOP': 'png_3d_viewer_angled_top', 'PNG_3D_VIEWER_ANGLED_BOTTOM': 'png_3d_viewer_angled_bottom', 'STEP_OUTPUT': 'step', 'BLENDER_OUTPUT': 'blender', 'PDF_SCHEMATIC_OUTPUT': 'pdf_schematic', 'PDF_FABRICATION_OUTPUT': 'pdf_fabrication', 'PDF_ASSEMBLY_OUTPUT': 'pdf_assembly', 'ZIP_COMPRESS_FAB_OUTPUT': 'zip_compress_fab', 'HTML_KICANVAS_OUTPUT': 'html_kicanvas', 'HTML_KIRI_OUTPUT': 'html_kiri', 'MD_README_OUTPUT': 'md_readme', 'HTML_NAV_RES_OUTPUT': 'html_navigate_results'} (kibot - config_reader.py:667)
DEBUG:Applying preprocessor definitions (kibot - config_reader.py:672)
DEBUG:- Applying CLI definitions: {} (kibot - config_reader.py:679)
DEBUG:- Applying collected definitions: {'COMMENT': 'Exclude only testpoints', 'NAME': 'exclude_testpoints', 'PROJECT_NAME': 'ALB/MLB test', 'BOARD_NAME': 'alb_mlb test', 'COMPANY': 'General Atomics EMS', 'DESIGNER': 'Marcus Reighter', 'LOGO': 'Logos/Logo.png', 'GIT_URL': 'https://github.com/emptyd0nkey/albmlb', 'CHECK_ZONE_FILLS': True, 'STACKUP_TABLE_NOTE': 'external layer thicknesses are specified after plating', 'MPN_FIELD': 'Manufacturer Part Number', 'MAN_FIELD': 'Manufacturer', 'GROUP_ROUND_SLOTS': True, 'GROUP_PTH_NPTH': 'no', 'GROUP_PTH_NPTH_DRL': False, 'PLOT_REFS': True, 'COLOR_THEME': 'Altium_Theme', 'SHEET_WKS': '${KIPRJMOD}/Templates/KDT_Template_PCB_GIT_A4.kicad_wks', 'FAB_SCALING': 1, 'ASSEMBLY_SCALING': 1, 'EXCLUDE_REFS': '[MB*]', '3D_VIEWER_ROT_X': 2, '3D_VIEWER_ROT_Y': -1, '3D_VIEWER_ROT_Z': 1, '3D_VIEWER_ZOOM': -1, 'KEY_COLOR': '#00FF00', 'OUTPUT_DIR': './', 'REPORT_DIR': 'Reports', 'SCHEMATIC_DIR': 'Schematic', 'MANUFACTURING_DIR': 'Manufacturing', 'ASSEMBLY_DIR': '@MANUFACTURING_DIR@/Assembly', 'FABRICATION_DIR': '@MANUFACTURING_DIR@/Fabrication', 'GERBERS_DIR': '@FABRICATION_DIR@/Gerbers', 'FAB_DRILL_TABLES_DIR': '@FABRICATION_DIR@/Drill Tables', 'TESTING_DIR': 'Testing', 'TESTPOINTS_DIR': '@TESTING_DIR@/Testpoints', 'IMAGES_DIR': 'Images', '3D_DIR': '3D', 'RESOURCES_DIR': 'kibot_resources', 'REPORT_TEMPLATE_DIR': '@RESOURCES_DIR@/templates', 'SCRIPTS_DIR': '@RESOURCES_DIR@/scripts', 'LAYER_TITLE_PAGE': 'TitlePage', 'LAYER_DNP_TOP': 'F.DNP', 'LAYER_DNP_BOTTOM': 'B.DNP', 'LAYER_DRILL_MAP': 'DrillMap', 'LAYER_TP_LIST_TOP': 'F.TestPointList', 'LAYER_TP_LIST_BOTTOM': 'B.TestPointList', 'LAYER_ASSEMBLY_TEXT_TOP': 'F.AssemblyText', 'LAYER_ASSEMBLY_TEXT_BOTTOM': 'B.AssemblyText', 'LAYER_DNP_CROSS_TOP': 'F.DNP', 'LAYER_DNP_CROSS_BOTTOM': 'B.DNP', 'FILT_FIELD_RENAME': 'field_rename', 'FILT_TP_ONLY': 'only_testpoints', 'FILT_TP_EXCLUDE': 'exclude_testpoints', 'FILT_TP_TOP_ONLY': 'only_testpoints_top', 'FILT_TP_BOTTOM_ONLY': 'only_testpoints_bottom', 'SCH_VARIANT_OUTPUT': 'value_split', 'NETLIST_OUTPUT': 'netlist', 'GERBER_OUTPUT': 'gbr_gerbers', 'ODB_OUTPUT': 'zip_odb', 'EXCELLON_DRILL_OUTPUT': 'drl_excellon', 'PDF_DRILL_MAP_OUTPUT': 'pdf_drill_map', 'DXF_DRILL_MAP_OUTPUT': 'dxf_drill_map', 'CSV_DRILL_TABLE_OUTPUT': 'csv_drill_table', 'CSV_POS_OUTPUT': 'csv_position', 'CSV_TP_OUTPUT': 'csv_testpoints', 'CSV_TP_TOP_OUTPUT': 'csv_testpoints_top', 'CSV_TP_BOTTOM_OUTPUT': 'csv_testpoints_bottom', 'CSV_BOM_OUTPUT': 'csv_bom', 'XLSX_BOM_OUTPUT': 'xlsx_bom', 'HTML_IBOM_OUTPUT': 'html_bom_interactive', 'HTML_BOM_OUTPUT': 'html_bom', 'CSV_COMP_COUNT_OUPUT': 'csv_comp_count', 'CSV_IMPEDANCE_TABLE_OUTPUT': 'csv_impedance_table', 'TXT_FAB_NOTES_OUTPUT': 'txt_fabrication_notes', 'TXT_ASSEMBLY_NOTES_OUTPUT': 'txt_assembly_notes', 'PNG_3D_VIEWER_TOP': 'png_3d_viewer_top', 'PNG_3D_VIEWER_BOTTOM': 'png_3d_viewer_bottom', 'PNG_3D_VIEWER_ANGLED_TOP': 'png_3d_viewer_angled_top', 'PNG_3D_VIEWER_ANGLED_BOTTOM': 'png_3d_viewer_angled_bottom', 'STEP_OUTPUT': 'step', 'BLENDER_OUTPUT': 'blender', 'PDF_SCHEMATIC_OUTPUT': 'pdf_schematic', 'PDF_FABRICATION_OUTPUT': 'pdf_fabrication', 'PDF_ASSEMBLY_OUTPUT': 'pdf_assembly', 'ZIP_COMPRESS_FAB_OUTPUT': 'zip_compress_fab', 'HTML_KICANVAS_OUTPUT': 'html_kicanvas', 'HTML_KIRI_OUTPUT': 'html_kiri', 'MD_README_OUTPUT': 'md_readme', 'HTML_NAV_RES_OUTPUT': 'html_navigate_results'} (kibot - config_reader.py:682)
DEBUG:- Replacing @COMMENT@ -> Exclude only testpoints (<class 'str'>) (kibot - config_reader.py:80)
DEBUG:- Replacing @NAME@ -> exclude_testpoints (<class 'str'>) (kibot - config_reader.py:80)
DEBUG:- Applying CLI definitions: {} (kibot - config_reader.py:679)
DEBUG:- Applying collected definitions: {'COMMENT': 'Exclude only testpoints', 'NAME': 'exclude_testpoints', 'PROJECT_NAME': 'ALB/MLB test', 'BOARD_NAME': 'alb_mlb test', 'COMPANY': 'General Atomics EMS', 'DESIGNER': 'Marcus Reighter', 'LOGO': 'Logos/Logo.png', 'GIT_URL': 'https://github.com/emptyd0nkey/albmlb', 'CHECK_ZONE_FILLS': True, 'STACKUP_TABLE_NOTE': 'external layer thicknesses are specified after plating', 'MPN_FIELD': 'Manufacturer Part Number', 'MAN_FIELD': 'Manufacturer', 'GROUP_ROUND_SLOTS': True, 'GROUP_PTH_NPTH': 'no', 'GROUP_PTH_NPTH_DRL': False, 'PLOT_REFS': True, 'COLOR_THEME': 'Altium_Theme', 'SHEET_WKS': '${KIPRJMOD}/Templates/KDT_Template_PCB_GIT_A4.kicad_wks', 'FAB_SCALING': 1, 'ASSEMBLY_SCALING': 1, 'EXCLUDE_REFS': '[MB*]', '3D_VIEWER_ROT_X': 2, '3D_VIEWER_ROT_Y': -1, '3D_VIEWER_ROT_Z': 1, '3D_VIEWER_ZOOM': -1, 'KEY_COLOR': '#00FF00', 'OUTPUT_DIR': './', 'REPORT_DIR': 'Reports', 'SCHEMATIC_DIR': 'Schematic', 'MANUFACTURING_DIR': 'Manufacturing', 'ASSEMBLY_DIR': '@MANUFACTURING_DIR@/Assembly', 'FABRICATION_DIR': '@MANUFACTURING_DIR@/Fabrication', 'GERBERS_DIR': '@FABRICATION_DIR@/Gerbers', 'FAB_DRILL_TABLES_DIR': '@FABRICATION_DIR@/Drill Tables', 'TESTING_DIR': 'Testing', 'TESTPOINTS_DIR': '@TESTING_DIR@/Testpoints', 'IMAGES_DIR': 'Images', '3D_DIR': '3D', 'RESOURCES_DIR': 'kibot_resources', 'REPORT_TEMPLATE_DIR': '@RESOURCES_DIR@/templates', 'SCRIPTS_DIR': '@RESOURCES_DIR@/scripts', 'LAYER_TITLE_PAGE': 'TitlePage', 'LAYER_DNP_TOP': 'F.DNP', 'LAYER_DNP_BOTTOM': 'B.DNP', 'LAYER_DRILL_MAP': 'DrillMap', 'LAYER_TP_LIST_TOP': 'F.TestPointList', 'LAYER_TP_LIST_BOTTOM': 'B.TestPointList', 'LAYER_ASSEMBLY_TEXT_TOP': 'F.AssemblyText', 'LAYER_ASSEMBLY_TEXT_BOTTOM': 'B.AssemblyText', 'LAYER_DNP_CROSS_TOP': 'F.DNP', 'LAYER_DNP_CROSS_BOTTOM': 'B.DNP', 'FILT_FIELD_RENAME': 'field_rename', 'FILT_TP_ONLY': 'only_testpoints', 'FILT_TP_EXCLUDE': 'exclude_testpoints', 'FILT_TP_TOP_ONLY': 'only_testpoints_top', 'FILT_TP_BOTTOM_ONLY': 'only_testpoints_bottom', 'SCH_VARIANT_OUTPUT': 'value_split', 'NETLIST_OUTPUT': 'netlist', 'GERBER_OUTPUT': 'gbr_gerbers', 'ODB_OUTPUT': 'zip_odb', 'EXCELLON_DRILL_OUTPUT': 'drl_excellon', 'PDF_DRILL_MAP_OUTPUT': 'pdf_drill_map', 'DXF_DRILL_MAP_OUTPUT': 'dxf_drill_map', 'CSV_DRILL_TABLE_OUTPUT': 'csv_drill_table', 'CSV_POS_OUTPUT': 'csv_position', 'CSV_TP_OUTPUT': 'csv_testpoints', 'CSV_TP_TOP_OUTPUT': 'csv_testpoints_top', 'CSV_TP_BOTTOM_OUTPUT': 'csv_testpoints_bottom', 'CSV_BOM_OUTPUT': 'csv_bom', 'XLSX_BOM_OUTPUT': 'xlsx_bom', 'HTML_IBOM_OUTPUT': 'html_bom_interactive', 'HTML_BOM_OUTPUT': 'html_bom', 'CSV_COMP_COUNT_OUPUT': 'csv_comp_count', 'CSV_IMPEDANCE_TABLE_OUTPUT': 'csv_impedance_table', 'TXT_FAB_NOTES_OUTPUT': 'txt_fabrication_notes', 'TXT_ASSEMBLY_NOTES_OUTPUT': 'txt_assembly_notes', 'PNG_3D_VIEWER_TOP': 'png_3d_viewer_top', 'PNG_3D_VIEWER_BOTTOM': 'png_3d_viewer_bottom', 'PNG_3D_VIEWER_ANGLED_TOP': 'png_3d_viewer_angled_top', 'PNG_3D_VIEWER_ANGLED_BOTTOM': 'png_3d_viewer_angled_bottom', 'STEP_OUTPUT': 'step', 'BLENDER_OUTPUT': 'blender', 'PDF_SCHEMATIC_OUTPUT': 'pdf_schematic', 'PDF_FABRICATION_OUTPUT': 'pdf_fabrication', 'PDF_ASSEMBLY_OUTPUT': 'pdf_assembly', 'ZIP_COMPRESS_FAB_OUTPUT': 'zip_compress_fab', 'HTML_KICANVAS_OUTPUT': 'html_kicanvas', 'HTML_KIRI_OUTPUT': 'html_kiri', 'MD_README_OUTPUT': 'md_readme', 'HTML_NAV_RES_OUTPUT': 'html_navigate_results'} (kibot - config_reader.py:682)
DEBUG:YAML after expanding definitions:
# KiBot Filter for excluding testpoints

kibot:
  version: 1

filters:
  - name: 'exclude_testpoints'
    comment: 'Exclude only testpoints'
    type: generic
    exclude_any:
      - column: Reference
        regex: "TP"

 (kibot - config_reader.py:688)
DEBUG:Parsing filter `exclude_testpoints` (generic) (kibot - config_reader.py:254)
DEBUG:Configuring from default: include_only -> [] (kibot - optionable.py:377)
DEBUG:Configuring from default: keys -> ['dnf_list'] (kibot - optionable.py:377)
DEBUG:Configuring from default: exclude_refs -> [] (kibot - optionable.py:377)
DEBUG:Filters loaded from `kibot_yaml/kibot_filt_exclude_testpoints.yaml`: dict_keys(['exclude_testpoints']) (kibot - config_reader.py:410)
DEBUG:Found local definitions (kibot - config_reader.py:653)
DEBUG:- Local definitions: {'COMMENT': 'Select only testpoints', 'NAME': 'only_testpoints', 'EXCLUDE_TOP': False, 'EXCLUDE_BOTTOM': False, 'EXCLUDE_REFS': '[MB*]'} (kibot - config_reader.py:663)
DEBUG:- Current definitions: {'PROJECT_NAME': 'ALB/MLB test', 'BOARD_NAME': 'alb_mlb test', 'COMPANY': 'General Atomics EMS', 'DESIGNER': 'Marcus Reighter', 'LOGO': 'Logos/Logo.png', 'GIT_URL': 'https://github.com/emptyd0nkey/albmlb', 'CHECK_ZONE_FILLS': True, 'STACKUP_TABLE_NOTE': 'external layer thicknesses are specified after plating', 'MPN_FIELD': 'Manufacturer Part Number', 'MAN_FIELD': 'Manufacturer', 'GROUP_ROUND_SLOTS': True, 'GROUP_PTH_NPTH': 'no', 'GROUP_PTH_NPTH_DRL': False, 'PLOT_REFS': True, 'COLOR_THEME': 'Altium_Theme', 'SHEET_WKS': '${KIPRJMOD}/Templates/KDT_Template_PCB_GIT_A4.kicad_wks', 'FAB_SCALING': 1, 'ASSEMBLY_SCALING': 1, 'EXCLUDE_REFS': '[MB*]', '3D_VIEWER_ROT_X': 2, '3D_VIEWER_ROT_Y': -1, '3D_VIEWER_ROT_Z': 1, '3D_VIEWER_ZOOM': -1, 'KEY_COLOR': '#00FF00', 'OUTPUT_DIR': './', 'REPORT_DIR': 'Reports', 'SCHEMATIC_DIR': 'Schematic', 'MANUFACTURING_DIR': 'Manufacturing', 'ASSEMBLY_DIR': '@MANUFACTURING_DIR@/Assembly', 'FABRICATION_DIR': '@MANUFACTURING_DIR@/Fabrication', 'GERBERS_DIR': '@FABRICATION_DIR@/Gerbers', 'FAB_DRILL_TABLES_DIR': '@FABRICATION_DIR@/Drill Tables', 'TESTING_DIR': 'Testing', 'TESTPOINTS_DIR': '@TESTING_DIR@/Testpoints', 'IMAGES_DIR': 'Images', '3D_DIR': '3D', 'RESOURCES_DIR': 'kibot_resources', 'REPORT_TEMPLATE_DIR': '@RESOURCES_DIR@/templates', 'SCRIPTS_DIR': '@RESOURCES_DIR@/scripts', 'LAYER_TITLE_PAGE': 'TitlePage', 'LAYER_DNP_TOP': 'F.DNP', 'LAYER_DNP_BOTTOM': 'B.DNP', 'LAYER_DRILL_MAP': 'DrillMap', 'LAYER_TP_LIST_TOP': 'F.TestPointList', 'LAYER_TP_LIST_BOTTOM': 'B.TestPointList', 'LAYER_ASSEMBLY_TEXT_TOP': 'F.AssemblyText', 'LAYER_ASSEMBLY_TEXT_BOTTOM': 'B.AssemblyText', 'LAYER_DNP_CROSS_TOP': 'F.DNP', 'LAYER_DNP_CROSS_BOTTOM': 'B.DNP', 'FILT_FIELD_RENAME': 'field_rename', 'FILT_TP_ONLY': 'only_testpoints', 'FILT_TP_EXCLUDE': 'exclude_testpoints', 'FILT_TP_TOP_ONLY': 'only_testpoints_top', 'FILT_TP_BOTTOM_ONLY': 'only_testpoints_bottom', 'SCH_VARIANT_OUTPUT': 'value_split', 'NETLIST_OUTPUT': 'netlist', 'GERBER_OUTPUT': 'gbr_gerbers', 'ODB_OUTPUT': 'zip_odb', 'EXCELLON_DRILL_OUTPUT': 'drl_excellon', 'PDF_DRILL_MAP_OUTPUT': 'pdf_drill_map', 'DXF_DRILL_MAP_OUTPUT': 'dxf_drill_map', 'CSV_DRILL_TABLE_OUTPUT': 'csv_drill_table', 'CSV_POS_OUTPUT': 'csv_position', 'CSV_TP_OUTPUT': 'csv_testpoints', 'CSV_TP_TOP_OUTPUT': 'csv_testpoints_top', 'CSV_TP_BOTTOM_OUTPUT': 'csv_testpoints_bottom', 'CSV_BOM_OUTPUT': 'csv_bom', 'XLSX_BOM_OUTPUT': 'xlsx_bom', 'HTML_IBOM_OUTPUT': 'html_bom_interactive', 'HTML_BOM_OUTPUT': 'html_bom', 'CSV_COMP_COUNT_OUPUT': 'csv_comp_count', 'CSV_IMPEDANCE_TABLE_OUTPUT': 'csv_impedance_table', 'TXT_FAB_NOTES_OUTPUT': 'txt_fabrication_notes', 'TXT_ASSEMBLY_NOTES_OUTPUT': 'txt_assembly_notes', 'PNG_3D_VIEWER_TOP': 'png_3d_viewer_top', 'PNG_3D_VIEWER_BOTTOM': 'png_3d_viewer_bottom', 'PNG_3D_VIEWER_ANGLED_TOP': 'png_3d_viewer_angled_top', 'PNG_3D_VIEWER_ANGLED_BOTTOM': 'png_3d_viewer_angled_bottom', 'STEP_OUTPUT': 'step', 'BLENDER_OUTPUT': 'blender', 'PDF_SCHEMATIC_OUTPUT': 'pdf_schematic', 'PDF_FABRICATION_OUTPUT': 'pdf_fabrication', 'PDF_ASSEMBLY_OUTPUT': 'pdf_assembly', 'ZIP_COMPRESS_FAB_OUTPUT': 'zip_compress_fab', 'HTML_KICANVAS_OUTPUT': 'html_kicanvas', 'HTML_KIRI_OUTPUT': 'html_kiri', 'MD_README_OUTPUT': 'md_readme', 'HTML_NAV_RES_OUTPUT': 'html_navigate_results', 'NAME': 'only_testpoints_top', 'COMMENT': 'Select only top testpoints', 'EXCLUDE_BOTTOM': True} (kibot - config_reader.py:664)
DEBUG:- Updated definitions: {'COMMENT': 'Select only top testpoints', 'NAME': 'only_testpoints_top', 'EXCLUDE_TOP': False, 'EXCLUDE_BOTTOM': True, 'EXCLUDE_REFS': '[MB*]', 'PROJECT_NAME': 'ALB/MLB test', 'BOARD_NAME': 'alb_mlb test', 'COMPANY': 'General Atomics EMS', 'DESIGNER': 'Marcus Reighter', 'LOGO': 'Logos/Logo.png', 'GIT_URL': 'https://github.com/emptyd0nkey/albmlb', 'CHECK_ZONE_FILLS': True, 'STACKUP_TABLE_NOTE': 'external layer thicknesses are specified after plating', 'MPN_FIELD': 'Manufacturer Part Number', 'MAN_FIELD': 'Manufacturer', 'GROUP_ROUND_SLOTS': True, 'GROUP_PTH_NPTH': 'no', 'GROUP_PTH_NPTH_DRL': False, 'PLOT_REFS': True, 'COLOR_THEME': 'Altium_Theme', 'SHEET_WKS': '${KIPRJMOD}/Templates/KDT_Template_PCB_GIT_A4.kicad_wks', 'FAB_SCALING': 1, 'ASSEMBLY_SCALING': 1, '3D_VIEWER_ROT_X': 2, '3D_VIEWER_ROT_Y': -1, '3D_VIEWER_ROT_Z': 1, '3D_VIEWER_ZOOM': -1, 'KEY_COLOR': '#00FF00', 'OUTPUT_DIR': './', 'REPORT_DIR': 'Reports', 'SCHEMATIC_DIR': 'Schematic', 'MANUFACTURING_DIR': 'Manufacturing', 'ASSEMBLY_DIR': '@MANUFACTURING_DIR@/Assembly', 'FABRICATION_DIR': '@MANUFACTURING_DIR@/Fabrication', 'GERBERS_DIR': '@FABRICATION_DIR@/Gerbers', 'FAB_DRILL_TABLES_DIR': '@FABRICATION_DIR@/Drill Tables', 'TESTING_DIR': 'Testing', 'TESTPOINTS_DIR': '@TESTING_DIR@/Testpoints', 'IMAGES_DIR': 'Images', '3D_DIR': '3D', 'RESOURCES_DIR': 'kibot_resources', 'REPORT_TEMPLATE_DIR': '@RESOURCES_DIR@/templates', 'SCRIPTS_DIR': '@RESOURCES_DIR@/scripts', 'LAYER_TITLE_PAGE': 'TitlePage', 'LAYER_DNP_TOP': 'F.DNP', 'LAYER_DNP_BOTTOM': 'B.DNP', 'LAYER_DRILL_MAP': 'DrillMap', 'LAYER_TP_LIST_TOP': 'F.TestPointList', 'LAYER_TP_LIST_BOTTOM': 'B.TestPointList', 'LAYER_ASSEMBLY_TEXT_TOP': 'F.AssemblyText', 'LAYER_ASSEMBLY_TEXT_BOTTOM': 'B.AssemblyText', 'LAYER_DNP_CROSS_TOP': 'F.DNP', 'LAYER_DNP_CROSS_BOTTOM': 'B.DNP', 'FILT_FIELD_RENAME': 'field_rename', 'FILT_TP_ONLY': 'only_testpoints', 'FILT_TP_EXCLUDE': 'exclude_testpoints', 'FILT_TP_TOP_ONLY': 'only_testpoints_top', 'FILT_TP_BOTTOM_ONLY': 'only_testpoints_bottom', 'SCH_VARIANT_OUTPUT': 'value_split', 'NETLIST_OUTPUT': 'netlist', 'GERBER_OUTPUT': 'gbr_gerbers', 'ODB_OUTPUT': 'zip_odb', 'EXCELLON_DRILL_OUTPUT': 'drl_excellon', 'PDF_DRILL_MAP_OUTPUT': 'pdf_drill_map', 'DXF_DRILL_MAP_OUTPUT': 'dxf_drill_map', 'CSV_DRILL_TABLE_OUTPUT': 'csv_drill_table', 'CSV_POS_OUTPUT': 'csv_position', 'CSV_TP_OUTPUT': 'csv_testpoints', 'CSV_TP_TOP_OUTPUT': 'csv_testpoints_top', 'CSV_TP_BOTTOM_OUTPUT': 'csv_testpoints_bottom', 'CSV_BOM_OUTPUT': 'csv_bom', 'XLSX_BOM_OUTPUT': 'xlsx_bom', 'HTML_IBOM_OUTPUT': 'html_bom_interactive', 'HTML_BOM_OUTPUT': 'html_bom', 'CSV_COMP_COUNT_OUPUT': 'csv_comp_count', 'CSV_IMPEDANCE_TABLE_OUTPUT': 'csv_impedance_table', 'TXT_FAB_NOTES_OUTPUT': 'txt_fabrication_notes', 'TXT_ASSEMBLY_NOTES_OUTPUT': 'txt_assembly_notes', 'PNG_3D_VIEWER_TOP': 'png_3d_viewer_top', 'PNG_3D_VIEWER_BOTTOM': 'png_3d_viewer_bottom', 'PNG_3D_VIEWER_ANGLED_TOP': 'png_3d_viewer_angled_top', 'PNG_3D_VIEWER_ANGLED_BOTTOM': 'png_3d_viewer_angled_bottom', 'STEP_OUTPUT': 'step', 'BLENDER_OUTPUT': 'blender', 'PDF_SCHEMATIC_OUTPUT': 'pdf_schematic', 'PDF_FABRICATION_OUTPUT': 'pdf_fabrication', 'PDF_ASSEMBLY_OUTPUT': 'pdf_assembly', 'ZIP_COMPRESS_FAB_OUTPUT': 'zip_compress_fab', 'HTML_KICANVAS_OUTPUT': 'html_kicanvas', 'HTML_KIRI_OUTPUT': 'html_kiri', 'MD_README_OUTPUT': 'md_readme', 'HTML_NAV_RES_OUTPUT': 'html_navigate_results'} (kibot - config_reader.py:667)
DEBUG:Applying preprocessor definitions (kibot - config_reader.py:672)
DEBUG:- Applying CLI definitions: {} (kibot - config_reader.py:679)
DEBUG:- Applying collected definitions: {'COMMENT': 'Select only top testpoints', 'NAME': 'only_testpoints_top', 'EXCLUDE_TOP': False, 'EXCLUDE_BOTTOM': True, 'EXCLUDE_REFS': '[MB*]', 'PROJECT_NAME': 'ALB/MLB test', 'BOARD_NAME': 'alb_mlb test', 'COMPANY': 'General Atomics EMS', 'DESIGNER': 'Marcus Reighter', 'LOGO': 'Logos/Logo.png', 'GIT_URL': 'https://github.com/emptyd0nkey/albmlb', 'CHECK_ZONE_FILLS': True, 'STACKUP_TABLE_NOTE': 'external layer thicknesses are specified after plating', 'MPN_FIELD': 'Manufacturer Part Number', 'MAN_FIELD': 'Manufacturer', 'GROUP_ROUND_SLOTS': True, 'GROUP_PTH_NPTH': 'no', 'GROUP_PTH_NPTH_DRL': False, 'PLOT_REFS': True, 'COLOR_THEME': 'Altium_Theme', 'SHEET_WKS': '${KIPRJMOD}/Templates/KDT_Template_PCB_GIT_A4.kicad_wks', 'FAB_SCALING': 1, 'ASSEMBLY_SCALING': 1, '3D_VIEWER_ROT_X': 2, '3D_VIEWER_ROT_Y': -1, '3D_VIEWER_ROT_Z': 1, '3D_VIEWER_ZOOM': -1, 'KEY_COLOR': '#00FF00', 'OUTPUT_DIR': './', 'REPORT_DIR': 'Reports', 'SCHEMATIC_DIR': 'Schematic', 'MANUFACTURING_DIR': 'Manufacturing', 'ASSEMBLY_DIR': '@MANUFACTURING_DIR@/Assembly', 'FABRICATION_DIR': '@MANUFACTURING_DIR@/Fabrication', 'GERBERS_DIR': '@FABRICATION_DIR@/Gerbers', 'FAB_DRILL_TABLES_DIR': '@FABRICATION_DIR@/Drill Tables', 'TESTING_DIR': 'Testing', 'TESTPOINTS_DIR': '@TESTING_DIR@/Testpoints', 'IMAGES_DIR': 'Images', '3D_DIR': '3D', 'RESOURCES_DIR': 'kibot_resources', 'REPORT_TEMPLATE_DIR': '@RESOURCES_DIR@/templates', 'SCRIPTS_DIR': '@RESOURCES_DIR@/scripts', 'LAYER_TITLE_PAGE': 'TitlePage', 'LAYER_DNP_TOP': 'F.DNP', 'LAYER_DNP_BOTTOM': 'B.DNP', 'LAYER_DRILL_MAP': 'DrillMap', 'LAYER_TP_LIST_TOP': 'F.TestPointList', 'LAYER_TP_LIST_BOTTOM': 'B.TestPointList', 'LAYER_ASSEMBLY_TEXT_TOP': 'F.AssemblyText', 'LAYER_ASSEMBLY_TEXT_BOTTOM': 'B.AssemblyText', 'LAYER_DNP_CROSS_TOP': 'F.DNP', 'LAYER_DNP_CROSS_BOTTOM': 'B.DNP', 'FILT_FIELD_RENAME': 'field_rename', 'FILT_TP_ONLY': 'only_testpoints', 'FILT_TP_EXCLUDE': 'exclude_testpoints', 'FILT_TP_TOP_ONLY': 'only_testpoints_top', 'FILT_TP_BOTTOM_ONLY': 'only_testpoints_bottom', 'SCH_VARIANT_OUTPUT': 'value_split', 'NETLIST_OUTPUT': 'netlist', 'GERBER_OUTPUT': 'gbr_gerbers', 'ODB_OUTPUT': 'zip_odb', 'EXCELLON_DRILL_OUTPUT': 'drl_excellon', 'PDF_DRILL_MAP_OUTPUT': 'pdf_drill_map', 'DXF_DRILL_MAP_OUTPUT': 'dxf_drill_map', 'CSV_DRILL_TABLE_OUTPUT': 'csv_drill_table', 'CSV_POS_OUTPUT': 'csv_position', 'CSV_TP_OUTPUT': 'csv_testpoints', 'CSV_TP_TOP_OUTPUT': 'csv_testpoints_top', 'CSV_TP_BOTTOM_OUTPUT': 'csv_testpoints_bottom', 'CSV_BOM_OUTPUT': 'csv_bom', 'XLSX_BOM_OUTPUT': 'xlsx_bom', 'HTML_IBOM_OUTPUT': 'html_bom_interactive', 'HTML_BOM_OUTPUT': 'html_bom', 'CSV_COMP_COUNT_OUPUT': 'csv_comp_count', 'CSV_IMPEDANCE_TABLE_OUTPUT': 'csv_impedance_table', 'TXT_FAB_NOTES_OUTPUT': 'txt_fabrication_notes', 'TXT_ASSEMBLY_NOTES_OUTPUT': 'txt_assembly_notes', 'PNG_3D_VIEWER_TOP': 'png_3d_viewer_top', 'PNG_3D_VIEWER_BOTTOM': 'png_3d_viewer_bottom', 'PNG_3D_VIEWER_ANGLED_TOP': 'png_3d_viewer_angled_top', 'PNG_3D_VIEWER_ANGLED_BOTTOM': 'png_3d_viewer_angled_bottom', 'STEP_OUTPUT': 'step', 'BLENDER_OUTPUT': 'blender', 'PDF_SCHEMATIC_OUTPUT': 'pdf_schematic', 'PDF_FABRICATION_OUTPUT': 'pdf_fabrication', 'PDF_ASSEMBLY_OUTPUT': 'pdf_assembly', 'ZIP_COMPRESS_FAB_OUTPUT': 'zip_compress_fab', 'HTML_KICANVAS_OUTPUT': 'html_kicanvas', 'HTML_KIRI_OUTPUT': 'html_kiri', 'MD_README_OUTPUT': 'md_readme', 'HTML_NAV_RES_OUTPUT': 'html_navigate_results'} (kibot - config_reader.py:682)
DEBUG:- Replacing @COMMENT@ -> Select only top testpoints (<class 'str'>) (kibot - config_reader.py:80)
DEBUG:- Replacing @NAME@ -> only_testpoints_top (<class 'str'>) (kibot - config_reader.py:80)
DEBUG:- Replacing @EXCLUDE_TOP@ -> false (<class 'str'>) (kibot - config_reader.py:80)
DEBUG:- Replacing @EXCLUDE_BOTTOM@ -> true (<class 'str'>) (kibot - config_reader.py:80)
DEBUG:- Replacing @EXCLUDE_REFS@ -> [MB*] (<class 'str'>) (kibot - config_reader.py:80)
DEBUG:- Applying CLI definitions: {} (kibot - config_reader.py:679)
DEBUG:- Applying collected definitions: {'COMMENT': 'Select only top testpoints', 'NAME': 'only_testpoints_top', 'EXCLUDE_TOP': False, 'EXCLUDE_BOTTOM': True, 'EXCLUDE_REFS': '[MB*]', 'PROJECT_NAME': 'ALB/MLB test', 'BOARD_NAME': 'alb_mlb test', 'COMPANY': 'General Atomics EMS', 'DESIGNER': 'Marcus Reighter', 'LOGO': 'Logos/Logo.png', 'GIT_URL': 'https://github.com/emptyd0nkey/albmlb', 'CHECK_ZONE_FILLS': True, 'STACKUP_TABLE_NOTE': 'external layer thicknesses are specified after plating', 'MPN_FIELD': 'Manufacturer Part Number', 'MAN_FIELD': 'Manufacturer', 'GROUP_ROUND_SLOTS': True, 'GROUP_PTH_NPTH': 'no', 'GROUP_PTH_NPTH_DRL': False, 'PLOT_REFS': True, 'COLOR_THEME': 'Altium_Theme', 'SHEET_WKS': '${KIPRJMOD}/Templates/KDT_Template_PCB_GIT_A4.kicad_wks', 'FAB_SCALING': 1, 'ASSEMBLY_SCALING': 1, '3D_VIEWER_ROT_X': 2, '3D_VIEWER_ROT_Y': -1, '3D_VIEWER_ROT_Z': 1, '3D_VIEWER_ZOOM': -1, 'KEY_COLOR': '#00FF00', 'OUTPUT_DIR': './', 'REPORT_DIR': 'Reports', 'SCHEMATIC_DIR': 'Schematic', 'MANUFACTURING_DIR': 'Manufacturing', 'ASSEMBLY_DIR': '@MANUFACTURING_DIR@/Assembly', 'FABRICATION_DIR': '@MANUFACTURING_DIR@/Fabrication', 'GERBERS_DIR': '@FABRICATION_DIR@/Gerbers', 'FAB_DRILL_TABLES_DIR': '@FABRICATION_DIR@/Drill Tables', 'TESTING_DIR': 'Testing', 'TESTPOINTS_DIR': '@TESTING_DIR@/Testpoints', 'IMAGES_DIR': 'Images', '3D_DIR': '3D', 'RESOURCES_DIR': 'kibot_resources', 'REPORT_TEMPLATE_DIR': '@RESOURCES_DIR@/templates', 'SCRIPTS_DIR': '@RESOURCES_DIR@/scripts', 'LAYER_TITLE_PAGE': 'TitlePage', 'LAYER_DNP_TOP': 'F.DNP', 'LAYER_DNP_BOTTOM': 'B.DNP', 'LAYER_DRILL_MAP': 'DrillMap', 'LAYER_TP_LIST_TOP': 'F.TestPointList', 'LAYER_TP_LIST_BOTTOM': 'B.TestPointList', 'LAYER_ASSEMBLY_TEXT_TOP': 'F.AssemblyText', 'LAYER_ASSEMBLY_TEXT_BOTTOM': 'B.AssemblyText', 'LAYER_DNP_CROSS_TOP': 'F.DNP', 'LAYER_DNP_CROSS_BOTTOM': 'B.DNP', 'FILT_FIELD_RENAME': 'field_rename', 'FILT_TP_ONLY': 'only_testpoints', 'FILT_TP_EXCLUDE': 'exclude_testpoints', 'FILT_TP_TOP_ONLY': 'only_testpoints_top', 'FILT_TP_BOTTOM_ONLY': 'only_testpoints_bottom', 'SCH_VARIANT_OUTPUT': 'value_split', 'NETLIST_OUTPUT': 'netlist', 'GERBER_OUTPUT': 'gbr_gerbers', 'ODB_OUTPUT': 'zip_odb', 'EXCELLON_DRILL_OUTPUT': 'drl_excellon', 'PDF_DRILL_MAP_OUTPUT': 'pdf_drill_map', 'DXF_DRILL_MAP_OUTPUT': 'dxf_drill_map', 'CSV_DRILL_TABLE_OUTPUT': 'csv_drill_table', 'CSV_POS_OUTPUT': 'csv_position', 'CSV_TP_OUTPUT': 'csv_testpoints', 'CSV_TP_TOP_OUTPUT': 'csv_testpoints_top', 'CSV_TP_BOTTOM_OUTPUT': 'csv_testpoints_bottom', 'CSV_BOM_OUTPUT': 'csv_bom', 'XLSX_BOM_OUTPUT': 'xlsx_bom', 'HTML_IBOM_OUTPUT': 'html_bom_interactive', 'HTML_BOM_OUTPUT': 'html_bom', 'CSV_COMP_COUNT_OUPUT': 'csv_comp_count', 'CSV_IMPEDANCE_TABLE_OUTPUT': 'csv_impedance_table', 'TXT_FAB_NOTES_OUTPUT': 'txt_fabrication_notes', 'TXT_ASSEMBLY_NOTES_OUTPUT': 'txt_assembly_notes', 'PNG_3D_VIEWER_TOP': 'png_3d_viewer_top', 'PNG_3D_VIEWER_BOTTOM': 'png_3d_viewer_bottom', 'PNG_3D_VIEWER_ANGLED_TOP': 'png_3d_viewer_angled_top', 'PNG_3D_VIEWER_ANGLED_BOTTOM': 'png_3d_viewer_angled_bottom', 'STEP_OUTPUT': 'step', 'BLENDER_OUTPUT': 'blender', 'PDF_SCHEMATIC_OUTPUT': 'pdf_schematic', 'PDF_FABRICATION_OUTPUT': 'pdf_fabrication', 'PDF_ASSEMBLY_OUTPUT': 'pdf_assembly', 'ZIP_COMPRESS_FAB_OUTPUT': 'zip_compress_fab', 'HTML_KICANVAS_OUTPUT': 'html_kicanvas', 'HTML_KIRI_OUTPUT': 'html_kiri', 'MD_README_OUTPUT': 'md_readme', 'HTML_NAV_RES_OUTPUT': 'html_navigate_results'} (kibot - config_reader.py:682)
DEBUG:YAML after expanding definitions:
# KiBot Filter for testpoints
# These filters are used for multiple outputs to highlight testpoints
# or generate testpoint lists for top and bottom layers

kibot:
  version: 1

filters:
  - name: 'only_testpoints_top'
    comment: 'Select only top testpoints'
    type: generic
    exclude_top: false
    exclude_bottom: true
    include_only:
      - column: Reference
        regex: "TP"
    exclude_refs: [MB*]

 (kibot - config_reader.py:688)
DEBUG:Parsing filter `only_testpoints_top` (generic) (kibot - config_reader.py:254)
DEBUG:Configuring from default: exclude_any -> [] (kibot - optionable.py:377)
DEBUG:Configuring from default: keys -> ['dnf_list'] (kibot - optionable.py:377)
DEBUG:Filters loaded from `kibot_yaml/kibot_filt_testpoints.yaml`: dict_keys(['only_testpoints_top']) (kibot - config_reader.py:410)
DEBUG:Found local definitions (kibot - config_reader.py:653)
DEBUG:- Local definitions: {'COMMENT': 'Select only testpoints', 'NAME': 'only_testpoints', 'EXCLUDE_TOP': False, 'EXCLUDE_BOTTOM': False, 'EXCLUDE_REFS': '[MB*]'} (kibot - config_reader.py:663)
DEBUG:- Current definitions: {'PROJECT_NAME': 'ALB/MLB test', 'BOARD_NAME': 'alb_mlb test', 'COMPANY': 'General Atomics EMS', 'DESIGNER': 'Marcus Reighter', 'LOGO': 'Logos/Logo.png', 'GIT_URL': 'https://github.com/emptyd0nkey/albmlb', 'CHECK_ZONE_FILLS': True, 'STACKUP_TABLE_NOTE': 'external layer thicknesses are specified after plating', 'MPN_FIELD': 'Manufacturer Part Number', 'MAN_FIELD': 'Manufacturer', 'GROUP_ROUND_SLOTS': True, 'GROUP_PTH_NPTH': 'no', 'GROUP_PTH_NPTH_DRL': False, 'PLOT_REFS': True, 'COLOR_THEME': 'Altium_Theme', 'SHEET_WKS': '${KIPRJMOD}/Templates/KDT_Template_PCB_GIT_A4.kicad_wks', 'FAB_SCALING': 1, 'ASSEMBLY_SCALING': 1, 'EXCLUDE_REFS': '[MB*]', '3D_VIEWER_ROT_X': 2, '3D_VIEWER_ROT_Y': -1, '3D_VIEWER_ROT_Z': 1, '3D_VIEWER_ZOOM': -1, 'KEY_COLOR': '#00FF00', 'OUTPUT_DIR': './', 'REPORT_DIR': 'Reports', 'SCHEMATIC_DIR': 'Schematic', 'MANUFACTURING_DIR': 'Manufacturing', 'ASSEMBLY_DIR': '@MANUFACTURING_DIR@/Assembly', 'FABRICATION_DIR': '@MANUFACTURING_DIR@/Fabrication', 'GERBERS_DIR': '@FABRICATION_DIR@/Gerbers', 'FAB_DRILL_TABLES_DIR': '@FABRICATION_DIR@/Drill Tables', 'TESTING_DIR': 'Testing', 'TESTPOINTS_DIR': '@TESTING_DIR@/Testpoints', 'IMAGES_DIR': 'Images', '3D_DIR': '3D', 'RESOURCES_DIR': 'kibot_resources', 'REPORT_TEMPLATE_DIR': '@RESOURCES_DIR@/templates', 'SCRIPTS_DIR': '@RESOURCES_DIR@/scripts', 'LAYER_TITLE_PAGE': 'TitlePage', 'LAYER_DNP_TOP': 'F.DNP', 'LAYER_DNP_BOTTOM': 'B.DNP', 'LAYER_DRILL_MAP': 'DrillMap', 'LAYER_TP_LIST_TOP': 'F.TestPointList', 'LAYER_TP_LIST_BOTTOM': 'B.TestPointList', 'LAYER_ASSEMBLY_TEXT_TOP': 'F.AssemblyText', 'LAYER_ASSEMBLY_TEXT_BOTTOM': 'B.AssemblyText', 'LAYER_DNP_CROSS_TOP': 'F.DNP', 'LAYER_DNP_CROSS_BOTTOM': 'B.DNP', 'FILT_FIELD_RENAME': 'field_rename', 'FILT_TP_ONLY': 'only_testpoints', 'FILT_TP_EXCLUDE': 'exclude_testpoints', 'FILT_TP_TOP_ONLY': 'only_testpoints_top', 'FILT_TP_BOTTOM_ONLY': 'only_testpoints_bottom', 'SCH_VARIANT_OUTPUT': 'value_split', 'NETLIST_OUTPUT': 'netlist', 'GERBER_OUTPUT': 'gbr_gerbers', 'ODB_OUTPUT': 'zip_odb', 'EXCELLON_DRILL_OUTPUT': 'drl_excellon', 'PDF_DRILL_MAP_OUTPUT': 'pdf_drill_map', 'DXF_DRILL_MAP_OUTPUT': 'dxf_drill_map', 'CSV_DRILL_TABLE_OUTPUT': 'csv_drill_table', 'CSV_POS_OUTPUT': 'csv_position', 'CSV_TP_OUTPUT': 'csv_testpoints', 'CSV_TP_TOP_OUTPUT': 'csv_testpoints_top', 'CSV_TP_BOTTOM_OUTPUT': 'csv_testpoints_bottom', 'CSV_BOM_OUTPUT': 'csv_bom', 'XLSX_BOM_OUTPUT': 'xlsx_bom', 'HTML_IBOM_OUTPUT': 'html_bom_interactive', 'HTML_BOM_OUTPUT': 'html_bom', 'CSV_COMP_COUNT_OUPUT': 'csv_comp_count', 'CSV_IMPEDANCE_TABLE_OUTPUT': 'csv_impedance_table', 'TXT_FAB_NOTES_OUTPUT': 'txt_fabrication_notes', 'TXT_ASSEMBLY_NOTES_OUTPUT': 'txt_assembly_notes', 'PNG_3D_VIEWER_TOP': 'png_3d_viewer_top', 'PNG_3D_VIEWER_BOTTOM': 'png_3d_viewer_bottom', 'PNG_3D_VIEWER_ANGLED_TOP': 'png_3d_viewer_angled_top', 'PNG_3D_VIEWER_ANGLED_BOTTOM': 'png_3d_viewer_angled_bottom', 'STEP_OUTPUT': 'step', 'BLENDER_OUTPUT': 'blender', 'PDF_SCHEMATIC_OUTPUT': 'pdf_schematic', 'PDF_FABRICATION_OUTPUT': 'pdf_fabrication', 'PDF_ASSEMBLY_OUTPUT': 'pdf_assembly', 'ZIP_COMPRESS_FAB_OUTPUT': 'zip_compress_fab', 'HTML_KICANVAS_OUTPUT': 'html_kicanvas', 'HTML_KIRI_OUTPUT': 'html_kiri', 'MD_README_OUTPUT': 'md_readme', 'HTML_NAV_RES_OUTPUT': 'html_navigate_results', 'NAME': 'only_testpoints_bottom', 'COMMENT': 'Select only bottom testpoints', 'EXCLUDE_TOP': True} (kibot - config_reader.py:664)
DEBUG:- Updated definitions: {'COMMENT': 'Select only bottom testpoints', 'NAME': 'only_testpoints_bottom', 'EXCLUDE_TOP': True, 'EXCLUDE_BOTTOM': False, 'EXCLUDE_REFS': '[MB*]', 'PROJECT_NAME': 'ALB/MLB test', 'BOARD_NAME': 'alb_mlb test', 'COMPANY': 'General Atomics EMS', 'DESIGNER': 'Marcus Reighter', 'LOGO': 'Logos/Logo.png', 'GIT_URL': 'https://github.com/emptyd0nkey/albmlb', 'CHECK_ZONE_FILLS': True, 'STACKUP_TABLE_NOTE': 'external layer thicknesses are specified after plating', 'MPN_FIELD': 'Manufacturer Part Number', 'MAN_FIELD': 'Manufacturer', 'GROUP_ROUND_SLOTS': True, 'GROUP_PTH_NPTH': 'no', 'GROUP_PTH_NPTH_DRL': False, 'PLOT_REFS': True, 'COLOR_THEME': 'Altium_Theme', 'SHEET_WKS': '${KIPRJMOD}/Templates/KDT_Template_PCB_GIT_A4.kicad_wks', 'FAB_SCALING': 1, 'ASSEMBLY_SCALING': 1, '3D_VIEWER_ROT_X': 2, '3D_VIEWER_ROT_Y': -1, '3D_VIEWER_ROT_Z': 1, '3D_VIEWER_ZOOM': -1, 'KEY_COLOR': '#00FF00', 'OUTPUT_DIR': './', 'REPORT_DIR': 'Reports', 'SCHEMATIC_DIR': 'Schematic', 'MANUFACTURING_DIR': 'Manufacturing', 'ASSEMBLY_DIR': '@MANUFACTURING_DIR@/Assembly', 'FABRICATION_DIR': '@MANUFACTURING_DIR@/Fabrication', 'GERBERS_DIR': '@FABRICATION_DIR@/Gerbers', 'FAB_DRILL_TABLES_DIR': '@FABRICATION_DIR@/Drill Tables', 'TESTING_DIR': 'Testing', 'TESTPOINTS_DIR': '@TESTING_DIR@/Testpoints', 'IMAGES_DIR': 'Images', '3D_DIR': '3D', 'RESOURCES_DIR': 'kibot_resources', 'REPORT_TEMPLATE_DIR': '@RESOURCES_DIR@/templates', 'SCRIPTS_DIR': '@RESOURCES_DIR@/scripts', 'LAYER_TITLE_PAGE': 'TitlePage', 'LAYER_DNP_TOP': 'F.DNP', 'LAYER_DNP_BOTTOM': 'B.DNP', 'LAYER_DRILL_MAP': 'DrillMap', 'LAYER_TP_LIST_TOP': 'F.TestPointList', 'LAYER_TP_LIST_BOTTOM': 'B.TestPointList', 'LAYER_ASSEMBLY_TEXT_TOP': 'F.AssemblyText', 'LAYER_ASSEMBLY_TEXT_BOTTOM': 'B.AssemblyText', 'LAYER_DNP_CROSS_TOP': 'F.DNP', 'LAYER_DNP_CROSS_BOTTOM': 'B.DNP', 'FILT_FIELD_RENAME': 'field_rename', 'FILT_TP_ONLY': 'only_testpoints', 'FILT_TP_EXCLUDE': 'exclude_testpoints', 'FILT_TP_TOP_ONLY': 'only_testpoints_top', 'FILT_TP_BOTTOM_ONLY': 'only_testpoints_bottom', 'SCH_VARIANT_OUTPUT': 'value_split', 'NETLIST_OUTPUT': 'netlist', 'GERBER_OUTPUT': 'gbr_gerbers', 'ODB_OUTPUT': 'zip_odb', 'EXCELLON_DRILL_OUTPUT': 'drl_excellon', 'PDF_DRILL_MAP_OUTPUT': 'pdf_drill_map', 'DXF_DRILL_MAP_OUTPUT': 'dxf_drill_map', 'CSV_DRILL_TABLE_OUTPUT': 'csv_drill_table', 'CSV_POS_OUTPUT': 'csv_position', 'CSV_TP_OUTPUT': 'csv_testpoints', 'CSV_TP_TOP_OUTPUT': 'csv_testpoints_top', 'CSV_TP_BOTTOM_OUTPUT': 'csv_testpoints_bottom', 'CSV_BOM_OUTPUT': 'csv_bom', 'XLSX_BOM_OUTPUT': 'xlsx_bom', 'HTML_IBOM_OUTPUT': 'html_bom_interactive', 'HTML_BOM_OUTPUT': 'html_bom', 'CSV_COMP_COUNT_OUPUT': 'csv_comp_count', 'CSV_IMPEDANCE_TABLE_OUTPUT': 'csv_impedance_table', 'TXT_FAB_NOTES_OUTPUT': 'txt_fabrication_notes', 'TXT_ASSEMBLY_NOTES_OUTPUT': 'txt_assembly_notes', 'PNG_3D_VIEWER_TOP': 'png_3d_viewer_top', 'PNG_3D_VIEWER_BOTTOM': 'png_3d_viewer_bottom', 'PNG_3D_VIEWER_ANGLED_TOP': 'png_3d_viewer_angled_top', 'PNG_3D_VIEWER_ANGLED_BOTTOM': 'png_3d_viewer_angled_bottom', 'STEP_OUTPUT': 'step', 'BLENDER_OUTPUT': 'blender', 'PDF_SCHEMATIC_OUTPUT': 'pdf_schematic', 'PDF_FABRICATION_OUTPUT': 'pdf_fabrication', 'PDF_ASSEMBLY_OUTPUT': 'pdf_assembly', 'ZIP_COMPRESS_FAB_OUTPUT': 'zip_compress_fab', 'HTML_KICANVAS_OUTPUT': 'html_kicanvas', 'HTML_KIRI_OUTPUT': 'html_kiri', 'MD_README_OUTPUT': 'md_readme', 'HTML_NAV_RES_OUTPUT': 'html_navigate_results'} (kibot - config_reader.py:667)
DEBUG:Applying preprocessor definitions (kibot - config_reader.py:672)
DEBUG:- Applying CLI definitions: {} (kibot - config_reader.py:679)
DEBUG:- Applying collected definitions: {'COMMENT': 'Select only bottom testpoints', 'NAME': 'only_testpoints_bottom', 'EXCLUDE_TOP': True, 'EXCLUDE_BOTTOM': False, 'EXCLUDE_REFS': '[MB*]', 'PROJECT_NAME': 'ALB/MLB test', 'BOARD_NAME': 'alb_mlb test', 'COMPANY': 'General Atomics EMS', 'DESIGNER': 'Marcus Reighter', 'LOGO': 'Logos/Logo.png', 'GIT_URL': 'https://github.com/emptyd0nkey/albmlb', 'CHECK_ZONE_FILLS': True, 'STACKUP_TABLE_NOTE': 'external layer thicknesses are specified after plating', 'MPN_FIELD': 'Manufacturer Part Number', 'MAN_FIELD': 'Manufacturer', 'GROUP_ROUND_SLOTS': True, 'GROUP_PTH_NPTH': 'no', 'GROUP_PTH_NPTH_DRL': False, 'PLOT_REFS': True, 'COLOR_THEME': 'Altium_Theme', 'SHEET_WKS': '${KIPRJMOD}/Templates/KDT_Template_PCB_GIT_A4.kicad_wks', 'FAB_SCALING': 1, 'ASSEMBLY_SCALING': 1, '3D_VIEWER_ROT_X': 2, '3D_VIEWER_ROT_Y': -1, '3D_VIEWER_ROT_Z': 1, '3D_VIEWER_ZOOM': -1, 'KEY_COLOR': '#00FF00', 'OUTPUT_DIR': './', 'REPORT_DIR': 'Reports', 'SCHEMATIC_DIR': 'Schematic', 'MANUFACTURING_DIR': 'Manufacturing', 'ASSEMBLY_DIR': '@MANUFACTURING_DIR@/Assembly', 'FABRICATION_DIR': '@MANUFACTURING_DIR@/Fabrication', 'GERBERS_DIR': '@FABRICATION_DIR@/Gerbers', 'FAB_DRILL_TABLES_DIR': '@FABRICATION_DIR@/Drill Tables', 'TESTING_DIR': 'Testing', 'TESTPOINTS_DIR': '@TESTING_DIR@/Testpoints', 'IMAGES_DIR': 'Images', '3D_DIR': '3D', 'RESOURCES_DIR': 'kibot_resources', 'REPORT_TEMPLATE_DIR': '@RESOURCES_DIR@/templates', 'SCRIPTS_DIR': '@RESOURCES_DIR@/scripts', 'LAYER_TITLE_PAGE': 'TitlePage', 'LAYER_DNP_TOP': 'F.DNP', 'LAYER_DNP_BOTTOM': 'B.DNP', 'LAYER_DRILL_MAP': 'DrillMap', 'LAYER_TP_LIST_TOP': 'F.TestPointList', 'LAYER_TP_LIST_BOTTOM': 'B.TestPointList', 'LAYER_ASSEMBLY_TEXT_TOP': 'F.AssemblyText', 'LAYER_ASSEMBLY_TEXT_BOTTOM': 'B.AssemblyText', 'LAYER_DNP_CROSS_TOP': 'F.DNP', 'LAYER_DNP_CROSS_BOTTOM': 'B.DNP', 'FILT_FIELD_RENAME': 'field_rename', 'FILT_TP_ONLY': 'only_testpoints', 'FILT_TP_EXCLUDE': 'exclude_testpoints', 'FILT_TP_TOP_ONLY': 'only_testpoints_top', 'FILT_TP_BOTTOM_ONLY': 'only_testpoints_bottom', 'SCH_VARIANT_OUTPUT': 'value_split', 'NETLIST_OUTPUT': 'netlist', 'GERBER_OUTPUT': 'gbr_gerbers', 'ODB_OUTPUT': 'zip_odb', 'EXCELLON_DRILL_OUTPUT': 'drl_excellon', 'PDF_DRILL_MAP_OUTPUT': 'pdf_drill_map', 'DXF_DRILL_MAP_OUTPUT': 'dxf_drill_map', 'CSV_DRILL_TABLE_OUTPUT': 'csv_drill_table', 'CSV_POS_OUTPUT': 'csv_position', 'CSV_TP_OUTPUT': 'csv_testpoints', 'CSV_TP_TOP_OUTPUT': 'csv_testpoints_top', 'CSV_TP_BOTTOM_OUTPUT': 'csv_testpoints_bottom', 'CSV_BOM_OUTPUT': 'csv_bom', 'XLSX_BOM_OUTPUT': 'xlsx_bom', 'HTML_IBOM_OUTPUT': 'html_bom_interactive', 'HTML_BOM_OUTPUT': 'html_bom', 'CSV_COMP_COUNT_OUPUT': 'csv_comp_count', 'CSV_IMPEDANCE_TABLE_OUTPUT': 'csv_impedance_table', 'TXT_FAB_NOTES_OUTPUT': 'txt_fabrication_notes', 'TXT_ASSEMBLY_NOTES_OUTPUT': 'txt_assembly_notes', 'PNG_3D_VIEWER_TOP': 'png_3d_viewer_top', 'PNG_3D_VIEWER_BOTTOM': 'png_3d_viewer_bottom', 'PNG_3D_VIEWER_ANGLED_TOP': 'png_3d_viewer_angled_top', 'PNG_3D_VIEWER_ANGLED_BOTTOM': 'png_3d_viewer_angled_bottom', 'STEP_OUTPUT': 'step', 'BLENDER_OUTPUT': 'blender', 'PDF_SCHEMATIC_OUTPUT': 'pdf_schematic', 'PDF_FABRICATION_OUTPUT': 'pdf_fabrication', 'PDF_ASSEMBLY_OUTPUT': 'pdf_assembly', 'ZIP_COMPRESS_FAB_OUTPUT': 'zip_compress_fab', 'HTML_KICANVAS_OUTPUT': 'html_kicanvas', 'HTML_KIRI_OUTPUT': 'html_kiri', 'MD_README_OUTPUT': 'md_readme', 'HTML_NAV_RES_OUTPUT': 'html_navigate_results'} (kibot - config_reader.py:682)
DEBUG:- Replacing @COMMENT@ -> Select only bottom testpoints (<class 'str'>) (kibot - config_reader.py:80)
DEBUG:- Replacing @NAME@ -> only_testpoints_bottom (<class 'str'>) (kibot - config_reader.py:80)
DEBUG:- Replacing @EXCLUDE_TOP@ -> true (<class 'str'>) (kibot - config_reader.py:80)
DEBUG:- Replacing @EXCLUDE_BOTTOM@ -> false (<class 'str'>) (kibot - config_reader.py:80)
DEBUG:- Replacing @EXCLUDE_REFS@ -> [MB*] (<class 'str'>) (kibot - config_reader.py:80)
DEBUG:- Applying CLI definitions: {} (kibot - config_reader.py:679)
DEBUG:- Applying collected definitions: {'COMMENT': 'Select only bottom testpoints', 'NAME': 'only_testpoints_bottom', 'EXCLUDE_TOP': True, 'EXCLUDE_BOTTOM': False, 'EXCLUDE_REFS': '[MB*]', 'PROJECT_NAME': 'ALB/MLB test', 'BOARD_NAME': 'alb_mlb test', 'COMPANY': 'General Atomics EMS', 'DESIGNER': 'Marcus Reighter', 'LOGO': 'Logos/Logo.png', 'GIT_URL': 'https://github.com/emptyd0nkey/albmlb', 'CHECK_ZONE_FILLS': True, 'STACKUP_TABLE_NOTE': 'external layer thicknesses are specified after plating', 'MPN_FIELD': 'Manufacturer Part Number', 'MAN_FIELD': 'Manufacturer', 'GROUP_ROUND_SLOTS': True, 'GROUP_PTH_NPTH': 'no', 'GROUP_PTH_NPTH_DRL': False, 'PLOT_REFS': True, 'COLOR_THEME': 'Altium_Theme', 'SHEET_WKS': '${KIPRJMOD}/Templates/KDT_Template_PCB_GIT_A4.kicad_wks', 'FAB_SCALING': 1, 'ASSEMBLY_SCALING': 1, '3D_VIEWER_ROT_X': 2, '3D_VIEWER_ROT_Y': -1, '3D_VIEWER_ROT_Z': 1, '3D_VIEWER_ZOOM': -1, 'KEY_COLOR': '#00FF00', 'OUTPUT_DIR': './', 'REPORT_DIR': 'Reports', 'SCHEMATIC_DIR': 'Schematic', 'MANUFACTURING_DIR': 'Manufacturing', 'ASSEMBLY_DIR': '@MANUFACTURING_DIR@/Assembly', 'FABRICATION_DIR': '@MANUFACTURING_DIR@/Fabrication', 'GERBERS_DIR': '@FABRICATION_DIR@/Gerbers', 'FAB_DRILL_TABLES_DIR': '@FABRICATION_DIR@/Drill Tables', 'TESTING_DIR': 'Testing', 'TESTPOINTS_DIR': '@TESTING_DIR@/Testpoints', 'IMAGES_DIR': 'Images', '3D_DIR': '3D', 'RESOURCES_DIR': 'kibot_resources', 'REPORT_TEMPLATE_DIR': '@RESOURCES_DIR@/templates', 'SCRIPTS_DIR': '@RESOURCES_DIR@/scripts', 'LAYER_TITLE_PAGE': 'TitlePage', 'LAYER_DNP_TOP': 'F.DNP', 'LAYER_DNP_BOTTOM': 'B.DNP', 'LAYER_DRILL_MAP': 'DrillMap', 'LAYER_TP_LIST_TOP': 'F.TestPointList', 'LAYER_TP_LIST_BOTTOM': 'B.TestPointList', 'LAYER_ASSEMBLY_TEXT_TOP': 'F.AssemblyText', 'LAYER_ASSEMBLY_TEXT_BOTTOM': 'B.AssemblyText', 'LAYER_DNP_CROSS_TOP': 'F.DNP', 'LAYER_DNP_CROSS_BOTTOM': 'B.DNP', 'FILT_FIELD_RENAME': 'field_rename', 'FILT_TP_ONLY': 'only_testpoints', 'FILT_TP_EXCLUDE': 'exclude_testpoints', 'FILT_TP_TOP_ONLY': 'only_testpoints_top', 'FILT_TP_BOTTOM_ONLY': 'only_testpoints_bottom', 'SCH_VARIANT_OUTPUT': 'value_split', 'NETLIST_OUTPUT': 'netlist', 'GERBER_OUTPUT': 'gbr_gerbers', 'ODB_OUTPUT': 'zip_odb', 'EXCELLON_DRILL_OUTPUT': 'drl_excellon', 'PDF_DRILL_MAP_OUTPUT': 'pdf_drill_map', 'DXF_DRILL_MAP_OUTPUT': 'dxf_drill_map', 'CSV_DRILL_TABLE_OUTPUT': 'csv_drill_table', 'CSV_POS_OUTPUT': 'csv_position', 'CSV_TP_OUTPUT': 'csv_testpoints', 'CSV_TP_TOP_OUTPUT': 'csv_testpoints_top', 'CSV_TP_BOTTOM_OUTPUT': 'csv_testpoints_bottom', 'CSV_BOM_OUTPUT': 'csv_bom', 'XLSX_BOM_OUTPUT': 'xlsx_bom', 'HTML_IBOM_OUTPUT': 'html_bom_interactive', 'HTML_BOM_OUTPUT': 'html_bom', 'CSV_COMP_COUNT_OUPUT': 'csv_comp_count', 'CSV_IMPEDANCE_TABLE_OUTPUT': 'csv_impedance_table', 'TXT_FAB_NOTES_OUTPUT': 'txt_fabrication_notes', 'TXT_ASSEMBLY_NOTES_OUTPUT': 'txt_assembly_notes', 'PNG_3D_VIEWER_TOP': 'png_3d_viewer_top', 'PNG_3D_VIEWER_BOTTOM': 'png_3d_viewer_bottom', 'PNG_3D_VIEWER_ANGLED_TOP': 'png_3d_viewer_angled_top', 'PNG_3D_VIEWER_ANGLED_BOTTOM': 'png_3d_viewer_angled_bottom', 'STEP_OUTPUT': 'step', 'BLENDER_OUTPUT': 'blender', 'PDF_SCHEMATIC_OUTPUT': 'pdf_schematic', 'PDF_FABRICATION_OUTPUT': 'pdf_fabrication', 'PDF_ASSEMBLY_OUTPUT': 'pdf_assembly', 'ZIP_COMPRESS_FAB_OUTPUT': 'zip_compress_fab', 'HTML_KICANVAS_OUTPUT': 'html_kicanvas', 'HTML_KIRI_OUTPUT': 'html_kiri', 'MD_README_OUTPUT': 'md_readme', 'HTML_NAV_RES_OUTPUT': 'html_navigate_results'} (kibot - config_reader.py:682)
DEBUG:YAML after expanding definitions:
# KiBot Filter for testpoints
# These filters are used for multiple outputs to highlight testpoints
# or generate testpoint lists for top and bottom layers

kibot:
  version: 1

filters:
  - name: 'only_testpoints_bottom'
    comment: 'Select only bottom testpoints'
    type: generic
    exclude_top: true
    exclude_bottom: false
    include_only:
      - column: Reference
        regex: "TP"
    exclude_refs: [MB*]

 (kibot - config_reader.py:688)
DEBUG:Parsing filter `only_testpoints_bottom` (generic) (kibot - config_reader.py:254)
DEBUG:Configuring from default: exclude_any -> [] (kibot - optionable.py:377)
DEBUG:Configuring from default: keys -> ['dnf_list'] (kibot - optionable.py:377)
DEBUG:Filters loaded from `kibot_yaml/kibot_filt_testpoints.yaml`: dict_keys(['only_testpoints_bottom']) (kibot - config_reader.py:410)
DEBUG:Found local definitions (kibot - config_reader.py:653)
DEBUG:- Local definitions: {'PROJECT_NAME': '', 'BOARD_NAME': '', 'COMPANY': '', 'DESIGNER': '', 'REVISION': '', 'RELEASE_DATE': '', 'RELEASE_DATE_NUM': '', 'GIT_URL': '', 'SHEET_NAME_VAR': 'SHEET_NAME_', 'RELEASE_TITLE_VAR': 'RELEASE_TITLE_', 'RELEASE_BODY_VAR': 'RELEASE_BODY_', 'SCRIPTS_DIR': 'kibot_resources/scripts', 'GET_SHEET_CMD': 'python3 @SCRIPTS_DIR@/get_sheet_title.py -f "${KIBOT_SCH_NAME%.kicad_sch}.xml" --dots-number 38 -p', 'GET_TITLE_CMD': 'python3 @SCRIPTS_DIR@/get_changelog.py -f CHANGELOG.md --title-only --version', 'GET_BODY_CMD': 'python3 @SCRIPTS_DIR@/get_changelog.py -f CHANGELOG.md --extra-spaces --separators 35 --version', 'FABRICATION_DIR': 'Manufacturing/Fabrication', 'ASSEMBLY_DIR': 'Manufacturing/Assembly'} (kibot - config_reader.py:663)
DEBUG:- Current definitions: {'PROJECT_NAME': 'ALB/MLB test', 'BOARD_NAME': 'alb_mlb test', 'COMPANY': 'General Atomics EMS', 'DESIGNER': 'Marcus Reighter', 'LOGO': 'Logos/Logo.png', 'GIT_URL': 'https://github.com/emptyd0nkey/albmlb', 'CHECK_ZONE_FILLS': True, 'STACKUP_TABLE_NOTE': 'external layer thicknesses are specified after plating', 'MPN_FIELD': 'Manufacturer Part Number', 'MAN_FIELD': 'Manufacturer', 'GROUP_ROUND_SLOTS': True, 'GROUP_PTH_NPTH': 'no', 'GROUP_PTH_NPTH_DRL': False, 'PLOT_REFS': True, 'COLOR_THEME': 'Altium_Theme', 'SHEET_WKS': '${KIPRJMOD}/Templates/KDT_Template_PCB_GIT_A4.kicad_wks', 'FAB_SCALING': 1, 'ASSEMBLY_SCALING': 1, 'EXCLUDE_REFS': '[MB*]', '3D_VIEWER_ROT_X': 2, '3D_VIEWER_ROT_Y': -1, '3D_VIEWER_ROT_Z': 1, '3D_VIEWER_ZOOM': -1, 'KEY_COLOR': '#00FF00', 'OUTPUT_DIR': './', 'REPORT_DIR': 'Reports', 'SCHEMATIC_DIR': 'Schematic', 'MANUFACTURING_DIR': 'Manufacturing', 'ASSEMBLY_DIR': 'Manufacturing/Assembly', 'FABRICATION_DIR': 'Manufacturing/Fabrication', 'GERBERS_DIR': '@FABRICATION_DIR@/Gerbers', 'FAB_DRILL_TABLES_DIR': '@FABRICATION_DIR@/Drill Tables', 'TESTING_DIR': 'Testing', 'TESTPOINTS_DIR': '@TESTING_DIR@/Testpoints', 'IMAGES_DIR': 'Images', '3D_DIR': '3D', 'RESOURCES_DIR': 'kibot_resources', 'REPORT_TEMPLATE_DIR': '@RESOURCES_DIR@/templates', 'SCRIPTS_DIR': 'kibot_resources/scripts', 'LAYER_TITLE_PAGE': 'TitlePage', 'LAYER_DNP_TOP': 'F.DNP', 'LAYER_DNP_BOTTOM': 'B.DNP', 'LAYER_DRILL_MAP': 'DrillMap', 'LAYER_TP_LIST_TOP': 'F.TestPointList', 'LAYER_TP_LIST_BOTTOM': 'B.TestPointList', 'LAYER_ASSEMBLY_TEXT_TOP': 'F.AssemblyText', 'LAYER_ASSEMBLY_TEXT_BOTTOM': 'B.AssemblyText', 'LAYER_DNP_CROSS_TOP': 'F.DNP', 'LAYER_DNP_CROSS_BOTTOM': 'B.DNP', 'FILT_FIELD_RENAME': 'field_rename', 'FILT_TP_ONLY': 'only_testpoints', 'FILT_TP_EXCLUDE': 'exclude_testpoints', 'FILT_TP_TOP_ONLY': 'only_testpoints_top', 'FILT_TP_BOTTOM_ONLY': 'only_testpoints_bottom', 'SCH_VARIANT_OUTPUT': 'value_split', 'NETLIST_OUTPUT': 'netlist', 'GERBER_OUTPUT': 'gbr_gerbers', 'ODB_OUTPUT': 'zip_odb', 'EXCELLON_DRILL_OUTPUT': 'drl_excellon', 'PDF_DRILL_MAP_OUTPUT': 'pdf_drill_map', 'DXF_DRILL_MAP_OUTPUT': 'dxf_drill_map', 'CSV_DRILL_TABLE_OUTPUT': 'csv_drill_table', 'CSV_POS_OUTPUT': 'csv_position', 'CSV_TP_OUTPUT': 'csv_testpoints', 'CSV_TP_TOP_OUTPUT': 'csv_testpoints_top', 'CSV_TP_BOTTOM_OUTPUT': 'csv_testpoints_bottom', 'CSV_BOM_OUTPUT': 'csv_bom', 'XLSX_BOM_OUTPUT': 'xlsx_bom', 'HTML_IBOM_OUTPUT': 'html_bom_interactive', 'HTML_BOM_OUTPUT': 'html_bom', 'CSV_COMP_COUNT_OUPUT': 'csv_comp_count', 'CSV_IMPEDANCE_TABLE_OUTPUT': 'csv_impedance_table', 'TXT_FAB_NOTES_OUTPUT': 'txt_fabrication_notes', 'TXT_ASSEMBLY_NOTES_OUTPUT': 'txt_assembly_notes', 'PNG_3D_VIEWER_TOP': 'png_3d_viewer_top', 'PNG_3D_VIEWER_BOTTOM': 'png_3d_viewer_bottom', 'PNG_3D_VIEWER_ANGLED_TOP': 'png_3d_viewer_angled_top', 'PNG_3D_VIEWER_ANGLED_BOTTOM': 'png_3d_viewer_angled_bottom', 'STEP_OUTPUT': 'step', 'BLENDER_OUTPUT': 'blender', 'PDF_SCHEMATIC_OUTPUT': 'pdf_schematic', 'PDF_FABRICATION_OUTPUT': 'pdf_fabrication', 'PDF_ASSEMBLY_OUTPUT': 'pdf_assembly', 'ZIP_COMPRESS_FAB_OUTPUT': 'zip_compress_fab', 'HTML_KICANVAS_OUTPUT': 'html_kicanvas', 'HTML_KIRI_OUTPUT': 'html_kiri', 'MD_README_OUTPUT': 'md_readme', 'HTML_NAV_RES_OUTPUT': 'html_navigate_results'} (kibot - config_reader.py:664)
DEBUG:- Updated definitions: {'PROJECT_NAME': 'ALB/MLB test', 'BOARD_NAME': 'alb_mlb test', 'COMPANY': 'General Atomics EMS', 'DESIGNER': 'Marcus Reighter', 'REVISION': '', 'RELEASE_DATE': '', 'RELEASE_DATE_NUM': '', 'GIT_URL': 'https://github.com/emptyd0nkey/albmlb', 'SHEET_NAME_VAR': 'SHEET_NAME_', 'RELEASE_TITLE_VAR': 'RELEASE_TITLE_', 'RELEASE_BODY_VAR': 'RELEASE_BODY_', 'SCRIPTS_DIR': 'kibot_resources/scripts', 'GET_SHEET_CMD': 'python3 @SCRIPTS_DIR@/get_sheet_title.py -f "${KIBOT_SCH_NAME%.kicad_sch}.xml" --dots-number 38 -p', 'GET_TITLE_CMD': 'python3 @SCRIPTS_DIR@/get_changelog.py -f CHANGELOG.md --title-only --version', 'GET_BODY_CMD': 'python3 @SCRIPTS_DIR@/get_changelog.py -f CHANGELOG.md --extra-spaces --separators 35 --version', 'FABRICATION_DIR': 'Manufacturing/Fabrication', 'ASSEMBLY_DIR': 'Manufacturing/Assembly', 'LOGO': 'Logos/Logo.png', 'CHECK_ZONE_FILLS': True, 'STACKUP_TABLE_NOTE': 'external layer thicknesses are specified after plating', 'MPN_FIELD': 'Manufacturer Part Number', 'MAN_FIELD': 'Manufacturer', 'GROUP_ROUND_SLOTS': True, 'GROUP_PTH_NPTH': 'no', 'GROUP_PTH_NPTH_DRL': False, 'PLOT_REFS': True, 'COLOR_THEME': 'Altium_Theme', 'SHEET_WKS': '${KIPRJMOD}/Templates/KDT_Template_PCB_GIT_A4.kicad_wks', 'FAB_SCALING': 1, 'ASSEMBLY_SCALING': 1, 'EXCLUDE_REFS': '[MB*]', '3D_VIEWER_ROT_X': 2, '3D_VIEWER_ROT_Y': -1, '3D_VIEWER_ROT_Z': 1, '3D_VIEWER_ZOOM': -1, 'KEY_COLOR': '#00FF00', 'OUTPUT_DIR': './', 'REPORT_DIR': 'Reports', 'SCHEMATIC_DIR': 'Schematic', 'MANUFACTURING_DIR': 'Manufacturing', 'GERBERS_DIR': '@FABRICATION_DIR@/Gerbers', 'FAB_DRILL_TABLES_DIR': '@FABRICATION_DIR@/Drill Tables', 'TESTING_DIR': 'Testing', 'TESTPOINTS_DIR': '@TESTING_DIR@/Testpoints', 'IMAGES_DIR': 'Images', '3D_DIR': '3D', 'RESOURCES_DIR': 'kibot_resources', 'REPORT_TEMPLATE_DIR': '@RESOURCES_DIR@/templates', 'LAYER_TITLE_PAGE': 'TitlePage', 'LAYER_DNP_TOP': 'F.DNP', 'LAYER_DNP_BOTTOM': 'B.DNP', 'LAYER_DRILL_MAP': 'DrillMap', 'LAYER_TP_LIST_TOP': 'F.TestPointList', 'LAYER_TP_LIST_BOTTOM': 'B.TestPointList', 'LAYER_ASSEMBLY_TEXT_TOP': 'F.AssemblyText', 'LAYER_ASSEMBLY_TEXT_BOTTOM': 'B.AssemblyText', 'LAYER_DNP_CROSS_TOP': 'F.DNP', 'LAYER_DNP_CROSS_BOTTOM': 'B.DNP', 'FILT_FIELD_RENAME': 'field_rename', 'FILT_TP_ONLY': 'only_testpoints', 'FILT_TP_EXCLUDE': 'exclude_testpoints', 'FILT_TP_TOP_ONLY': 'only_testpoints_top', 'FILT_TP_BOTTOM_ONLY': 'only_testpoints_bottom', 'SCH_VARIANT_OUTPUT': 'value_split', 'NETLIST_OUTPUT': 'netlist', 'GERBER_OUTPUT': 'gbr_gerbers', 'ODB_OUTPUT': 'zip_odb', 'EXCELLON_DRILL_OUTPUT': 'drl_excellon', 'PDF_DRILL_MAP_OUTPUT': 'pdf_drill_map', 'DXF_DRILL_MAP_OUTPUT': 'dxf_drill_map', 'CSV_DRILL_TABLE_OUTPUT': 'csv_drill_table', 'CSV_POS_OUTPUT': 'csv_position', 'CSV_TP_OUTPUT': 'csv_testpoints', 'CSV_TP_TOP_OUTPUT': 'csv_testpoints_top', 'CSV_TP_BOTTOM_OUTPUT': 'csv_testpoints_bottom', 'CSV_BOM_OUTPUT': 'csv_bom', 'XLSX_BOM_OUTPUT': 'xlsx_bom', 'HTML_IBOM_OUTPUT': 'html_bom_interactive', 'HTML_BOM_OUTPUT': 'html_bom', 'CSV_COMP_COUNT_OUPUT': 'csv_comp_count', 'CSV_IMPEDANCE_TABLE_OUTPUT': 'csv_impedance_table', 'TXT_FAB_NOTES_OUTPUT': 'txt_fabrication_notes', 'TXT_ASSEMBLY_NOTES_OUTPUT': 'txt_assembly_notes', 'PNG_3D_VIEWER_TOP': 'png_3d_viewer_top', 'PNG_3D_VIEWER_BOTTOM': 'png_3d_viewer_bottom', 'PNG_3D_VIEWER_ANGLED_TOP': 'png_3d_viewer_angled_top', 'PNG_3D_VIEWER_ANGLED_BOTTOM': 'png_3d_viewer_angled_bottom', 'STEP_OUTPUT': 'step', 'BLENDER_OUTPUT': 'blender', 'PDF_SCHEMATIC_OUTPUT': 'pdf_schematic', 'PDF_FABRICATION_OUTPUT': 'pdf_fabrication', 'PDF_ASSEMBLY_OUTPUT': 'pdf_assembly', 'ZIP_COMPRESS_FAB_OUTPUT': 'zip_compress_fab', 'HTML_KICANVAS_OUTPUT': 'html_kicanvas', 'HTML_KIRI_OUTPUT': 'html_kiri', 'MD_README_OUTPUT': 'md_readme', 'HTML_NAV_RES_OUTPUT': 'html_navigate_results'} (kibot - config_reader.py:667)
DEBUG:Applying preprocessor definitions (kibot - config_reader.py:672)
DEBUG:- Applying CLI definitions: {} (kibot - config_reader.py:679)
DEBUG:- Applying collected definitions: {'PROJECT_NAME': 'ALB/MLB test', 'BOARD_NAME': 'alb_mlb test', 'COMPANY': 'General Atomics EMS', 'DESIGNER': 'Marcus Reighter', 'REVISION': '', 'RELEASE_DATE': '', 'RELEASE_DATE_NUM': '', 'GIT_URL': 'https://github.com/emptyd0nkey/albmlb', 'SHEET_NAME_VAR': 'SHEET_NAME_', 'RELEASE_TITLE_VAR': 'RELEASE_TITLE_', 'RELEASE_BODY_VAR': 'RELEASE_BODY_', 'SCRIPTS_DIR': 'kibot_resources/scripts', 'GET_SHEET_CMD': 'python3 @SCRIPTS_DIR@/get_sheet_title.py -f "${KIBOT_SCH_NAME%.kicad_sch}.xml" --dots-number 38 -p', 'GET_TITLE_CMD': 'python3 @SCRIPTS_DIR@/get_changelog.py -f CHANGELOG.md --title-only --version', 'GET_BODY_CMD': 'python3 @SCRIPTS_DIR@/get_changelog.py -f CHANGELOG.md --extra-spaces --separators 35 --version', 'FABRICATION_DIR': 'Manufacturing/Fabrication', 'ASSEMBLY_DIR': 'Manufacturing/Assembly', 'LOGO': 'Logos/Logo.png', 'CHECK_ZONE_FILLS': True, 'STACKUP_TABLE_NOTE': 'external layer thicknesses are specified after plating', 'MPN_FIELD': 'Manufacturer Part Number', 'MAN_FIELD': 'Manufacturer', 'GROUP_ROUND_SLOTS': True, 'GROUP_PTH_NPTH': 'no', 'GROUP_PTH_NPTH_DRL': False, 'PLOT_REFS': True, 'COLOR_THEME': 'Altium_Theme', 'SHEET_WKS': '${KIPRJMOD}/Templates/KDT_Template_PCB_GIT_A4.kicad_wks', 'FAB_SCALING': 1, 'ASSEMBLY_SCALING': 1, 'EXCLUDE_REFS': '[MB*]', '3D_VIEWER_ROT_X': 2, '3D_VIEWER_ROT_Y': -1, '3D_VIEWER_ROT_Z': 1, '3D_VIEWER_ZOOM': -1, 'KEY_COLOR': '#00FF00', 'OUTPUT_DIR': './', 'REPORT_DIR': 'Reports', 'SCHEMATIC_DIR': 'Schematic', 'MANUFACTURING_DIR': 'Manufacturing', 'GERBERS_DIR': '@FABRICATION_DIR@/Gerbers', 'FAB_DRILL_TABLES_DIR': '@FABRICATION_DIR@/Drill Tables', 'TESTING_DIR': 'Testing', 'TESTPOINTS_DIR': '@TESTING_DIR@/Testpoints', 'IMAGES_DIR': 'Images', '3D_DIR': '3D', 'RESOURCES_DIR': 'kibot_resources', 'REPORT_TEMPLATE_DIR': '@RESOURCES_DIR@/templates', 'LAYER_TITLE_PAGE': 'TitlePage', 'LAYER_DNP_TOP': 'F.DNP', 'LAYER_DNP_BOTTOM': 'B.DNP', 'LAYER_DRILL_MAP': 'DrillMap', 'LAYER_TP_LIST_TOP': 'F.TestPointList', 'LAYER_TP_LIST_BOTTOM': 'B.TestPointList', 'LAYER_ASSEMBLY_TEXT_TOP': 'F.AssemblyText', 'LAYER_ASSEMBLY_TEXT_BOTTOM': 'B.AssemblyText', 'LAYER_DNP_CROSS_TOP': 'F.DNP', 'LAYER_DNP_CROSS_BOTTOM': 'B.DNP', 'FILT_FIELD_RENAME': 'field_rename', 'FILT_TP_ONLY': 'only_testpoints', 'FILT_TP_EXCLUDE': 'exclude_testpoints', 'FILT_TP_TOP_ONLY': 'only_testpoints_top', 'FILT_TP_BOTTOM_ONLY': 'only_testpoints_bottom', 'SCH_VARIANT_OUTPUT': 'value_split', 'NETLIST_OUTPUT': 'netlist', 'GERBER_OUTPUT': 'gbr_gerbers', 'ODB_OUTPUT': 'zip_odb', 'EXCELLON_DRILL_OUTPUT': 'drl_excellon', 'PDF_DRILL_MAP_OUTPUT': 'pdf_drill_map', 'DXF_DRILL_MAP_OUTPUT': 'dxf_drill_map', 'CSV_DRILL_TABLE_OUTPUT': 'csv_drill_table', 'CSV_POS_OUTPUT': 'csv_position', 'CSV_TP_OUTPUT': 'csv_testpoints', 'CSV_TP_TOP_OUTPUT': 'csv_testpoints_top', 'CSV_TP_BOTTOM_OUTPUT': 'csv_testpoints_bottom', 'CSV_BOM_OUTPUT': 'csv_bom', 'XLSX_BOM_OUTPUT': 'xlsx_bom', 'HTML_IBOM_OUTPUT': 'html_bom_interactive', 'HTML_BOM_OUTPUT': 'html_bom', 'CSV_COMP_COUNT_OUPUT': 'csv_comp_count', 'CSV_IMPEDANCE_TABLE_OUTPUT': 'csv_impedance_table', 'TXT_FAB_NOTES_OUTPUT': 'txt_fabrication_notes', 'TXT_ASSEMBLY_NOTES_OUTPUT': 'txt_assembly_notes', 'PNG_3D_VIEWER_TOP': 'png_3d_viewer_top', 'PNG_3D_VIEWER_BOTTOM': 'png_3d_viewer_bottom', 'PNG_3D_VIEWER_ANGLED_TOP': 'png_3d_viewer_angled_top', 'PNG_3D_VIEWER_ANGLED_BOTTOM': 'png_3d_viewer_angled_bottom', 'STEP_OUTPUT': 'step', 'BLENDER_OUTPUT': 'blender', 'PDF_SCHEMATIC_OUTPUT': 'pdf_schematic', 'PDF_FABRICATION_OUTPUT': 'pdf_fabrication', 'PDF_ASSEMBLY_OUTPUT': 'pdf_assembly', 'ZIP_COMPRESS_FAB_OUTPUT': 'zip_compress_fab', 'HTML_KICANVAS_OUTPUT': 'html_kicanvas', 'HTML_KIRI_OUTPUT': 'html_kiri', 'MD_README_OUTPUT': 'md_readme', 'HTML_NAV_RES_OUTPUT': 'html_navigate_results'} (kibot - config_reader.py:682)
DEBUG:- Replacing @PROJECT_NAME@ -> ALB/MLB test (<class 'str'>) (kibot - config_reader.py:80)
DEBUG:- Replacing @BOARD_NAME@ -> alb_mlb test (<class 'str'>) (kibot - config_reader.py:80)
DEBUG:- Replacing @COMPANY@ -> General Atomics EMS (<class 'str'>) (kibot - config_reader.py:80)
DEBUG:- Replacing @DESIGNER@ -> Marcus Reighter (<class 'str'>) (kibot - config_reader.py:80)
DEBUG:- Replacing @REVISION@ ->  (<class 'str'>) (kibot - config_reader.py:80)
DEBUG:- Replacing @GIT_URL@ -> https://github.com/emptyd0nkey/albmlb (<class 'str'>) (kibot - config_reader.py:80)
DEBUG:- Replacing @SHEET_NAME_VAR@ -> SHEET_NAME_ (<class 'str'>) (kibot - config_reader.py:80)
DEBUG:- Replacing @RELEASE_TITLE_VAR@ -> RELEASE_TITLE_ (<class 'str'>) (kibot - config_reader.py:80)
DEBUG:- Replacing @RELEASE_BODY_VAR@ -> RELEASE_BODY_ (<class 'str'>) (kibot - config_reader.py:80)
DEBUG:- Replacing @GET_SHEET_CMD@ -> python3 @SCRIPTS_DIR@/get_sheet_title.py -f "${KIBOT_SCH_NAME%.kicad_sch}.xml" --dots-number 38 -p (<class 'str'>) (kibot - config_reader.py:80)
DEBUG:- Replacing @GET_TITLE_CMD@ -> python3 @SCRIPTS_DIR@/get_changelog.py -f CHANGELOG.md --title-only --version (<class 'str'>) (kibot - config_reader.py:80)
DEBUG:- Replacing @GET_BODY_CMD@ -> python3 @SCRIPTS_DIR@/get_changelog.py -f CHANGELOG.md --extra-spaces --separators 35 --version (<class 'str'>) (kibot - config_reader.py:80)
DEBUG:- Replacing @FABRICATION_DIR@ -> Manufacturing/Fabrication (<class 'str'>) (kibot - config_reader.py:80)
DEBUG:- Replacing @ASSEMBLY_DIR@ -> Manufacturing/Assembly (<class 'str'>) (kibot - config_reader.py:80)
DEBUG:- Applying CLI definitions: {} (kibot - config_reader.py:679)
DEBUG:- Applying collected definitions: {'PROJECT_NAME': 'ALB/MLB test', 'BOARD_NAME': 'alb_mlb test', 'COMPANY': 'General Atomics EMS', 'DESIGNER': 'Marcus Reighter', 'REVISION': '', 'RELEASE_DATE': '', 'RELEASE_DATE_NUM': '', 'GIT_URL': 'https://github.com/emptyd0nkey/albmlb', 'SHEET_NAME_VAR': 'SHEET_NAME_', 'RELEASE_TITLE_VAR': 'RELEASE_TITLE_', 'RELEASE_BODY_VAR': 'RELEASE_BODY_', 'SCRIPTS_DIR': 'kibot_resources/scripts', 'GET_SHEET_CMD': 'python3 @SCRIPTS_DIR@/get_sheet_title.py -f "${KIBOT_SCH_NAME%.kicad_sch}.xml" --dots-number 38 -p', 'GET_TITLE_CMD': 'python3 @SCRIPTS_DIR@/get_changelog.py -f CHANGELOG.md --title-only --version', 'GET_BODY_CMD': 'python3 @SCRIPTS_DIR@/get_changelog.py -f CHANGELOG.md --extra-spaces --separators 35 --version', 'FABRICATION_DIR': 'Manufacturing/Fabrication', 'ASSEMBLY_DIR': 'Manufacturing/Assembly', 'LOGO': 'Logos/Logo.png', 'CHECK_ZONE_FILLS': True, 'STACKUP_TABLE_NOTE': 'external layer thicknesses are specified after plating', 'MPN_FIELD': 'Manufacturer Part Number', 'MAN_FIELD': 'Manufacturer', 'GROUP_ROUND_SLOTS': True, 'GROUP_PTH_NPTH': 'no', 'GROUP_PTH_NPTH_DRL': False, 'PLOT_REFS': True, 'COLOR_THEME': 'Altium_Theme', 'SHEET_WKS': '${KIPRJMOD}/Templates/KDT_Template_PCB_GIT_A4.kicad_wks', 'FAB_SCALING': 1, 'ASSEMBLY_SCALING': 1, 'EXCLUDE_REFS': '[MB*]', '3D_VIEWER_ROT_X': 2, '3D_VIEWER_ROT_Y': -1, '3D_VIEWER_ROT_Z': 1, '3D_VIEWER_ZOOM': -1, 'KEY_COLOR': '#00FF00', 'OUTPUT_DIR': './', 'REPORT_DIR': 'Reports', 'SCHEMATIC_DIR': 'Schematic', 'MANUFACTURING_DIR': 'Manufacturing', 'GERBERS_DIR': '@FABRICATION_DIR@/Gerbers', 'FAB_DRILL_TABLES_DIR': '@FABRICATION_DIR@/Drill Tables', 'TESTING_DIR': 'Testing', 'TESTPOINTS_DIR': '@TESTING_DIR@/Testpoints', 'IMAGES_DIR': 'Images', '3D_DIR': '3D', 'RESOURCES_DIR': 'kibot_resources', 'REPORT_TEMPLATE_DIR': '@RESOURCES_DIR@/templates', 'LAYER_TITLE_PAGE': 'TitlePage', 'LAYER_DNP_TOP': 'F.DNP', 'LAYER_DNP_BOTTOM': 'B.DNP', 'LAYER_DRILL_MAP': 'DrillMap', 'LAYER_TP_LIST_TOP': 'F.TestPointList', 'LAYER_TP_LIST_BOTTOM': 'B.TestPointList', 'LAYER_ASSEMBLY_TEXT_TOP': 'F.AssemblyText', 'LAYER_ASSEMBLY_TEXT_BOTTOM': 'B.AssemblyText', 'LAYER_DNP_CROSS_TOP': 'F.DNP', 'LAYER_DNP_CROSS_BOTTOM': 'B.DNP', 'FILT_FIELD_RENAME': 'field_rename', 'FILT_TP_ONLY': 'only_testpoints', 'FILT_TP_EXCLUDE': 'exclude_testpoints', 'FILT_TP_TOP_ONLY': 'only_testpoints_top', 'FILT_TP_BOTTOM_ONLY': 'only_testpoints_bottom', 'SCH_VARIANT_OUTPUT': 'value_split', 'NETLIST_OUTPUT': 'netlist', 'GERBER_OUTPUT': 'gbr_gerbers', 'ODB_OUTPUT': 'zip_odb', 'EXCELLON_DRILL_OUTPUT': 'drl_excellon', 'PDF_DRILL_MAP_OUTPUT': 'pdf_drill_map', 'DXF_DRILL_MAP_OUTPUT': 'dxf_drill_map', 'CSV_DRILL_TABLE_OUTPUT': 'csv_drill_table', 'CSV_POS_OUTPUT': 'csv_position', 'CSV_TP_OUTPUT': 'csv_testpoints', 'CSV_TP_TOP_OUTPUT': 'csv_testpoints_top', 'CSV_TP_BOTTOM_OUTPUT': 'csv_testpoints_bottom', 'CSV_BOM_OUTPUT': 'csv_bom', 'XLSX_BOM_OUTPUT': 'xlsx_bom', 'HTML_IBOM_OUTPUT': 'html_bom_interactive', 'HTML_BOM_OUTPUT': 'html_bom', 'CSV_COMP_COUNT_OUPUT': 'csv_comp_count', 'CSV_IMPEDANCE_TABLE_OUTPUT': 'csv_impedance_table', 'TXT_FAB_NOTES_OUTPUT': 'txt_fabrication_notes', 'TXT_ASSEMBLY_NOTES_OUTPUT': 'txt_assembly_notes', 'PNG_3D_VIEWER_TOP': 'png_3d_viewer_top', 'PNG_3D_VIEWER_BOTTOM': 'png_3d_viewer_bottom', 'PNG_3D_VIEWER_ANGLED_TOP': 'png_3d_viewer_angled_top', 'PNG_3D_VIEWER_ANGLED_BOTTOM': 'png_3d_viewer_angled_bottom', 'STEP_OUTPUT': 'step', 'BLENDER_OUTPUT': 'blender', 'PDF_SCHEMATIC_OUTPUT': 'pdf_schematic', 'PDF_FABRICATION_OUTPUT': 'pdf_fabrication', 'PDF_ASSEMBLY_OUTPUT': 'pdf_assembly', 'ZIP_COMPRESS_FAB_OUTPUT': 'zip_compress_fab', 'HTML_KICANVAS_OUTPUT': 'html_kicanvas', 'HTML_KIRI_OUTPUT': 'html_kiri', 'MD_README_OUTPUT': 'md_readme', 'HTML_NAV_RES_OUTPUT': 'html_navigate_results'} (kibot - config_reader.py:682)
DEBUG:- Replacing @SCRIPTS_DIR@ -> kibot_resources/scripts (<class 'str'>) (kibot - config_reader.py:80)
DEBUG:- Applying CLI definitions: {} (kibot - config_reader.py:679)
DEBUG:- Applying collected definitions: {'PROJECT_NAME': 'ALB/MLB test', 'BOARD_NAME': 'alb_mlb test', 'COMPANY': 'General Atomics EMS', 'DESIGNER': 'Marcus Reighter', 'REVISION': '', 'RELEASE_DATE': '', 'RELEASE_DATE_NUM': '', 'GIT_URL': 'https://github.com/emptyd0nkey/albmlb', 'SHEET_NAME_VAR': 'SHEET_NAME_', 'RELEASE_TITLE_VAR': 'RELEASE_TITLE_', 'RELEASE_BODY_VAR': 'RELEASE_BODY_', 'SCRIPTS_DIR': 'kibot_resources/scripts', 'GET_SHEET_CMD': 'python3 @SCRIPTS_DIR@/get_sheet_title.py -f "${KIBOT_SCH_NAME%.kicad_sch}.xml" --dots-number 38 -p', 'GET_TITLE_CMD': 'python3 @SCRIPTS_DIR@/get_changelog.py -f CHANGELOG.md --title-only --version', 'GET_BODY_CMD': 'python3 @SCRIPTS_DIR@/get_changelog.py -f CHANGELOG.md --extra-spaces --separators 35 --version', 'FABRICATION_DIR': 'Manufacturing/Fabrication', 'ASSEMBLY_DIR': 'Manufacturing/Assembly', 'LOGO': 'Logos/Logo.png', 'CHECK_ZONE_FILLS': True, 'STACKUP_TABLE_NOTE': 'external layer thicknesses are specified after plating', 'MPN_FIELD': 'Manufacturer Part Number', 'MAN_FIELD': 'Manufacturer', 'GROUP_ROUND_SLOTS': True, 'GROUP_PTH_NPTH': 'no', 'GROUP_PTH_NPTH_DRL': False, 'PLOT_REFS': True, 'COLOR_THEME': 'Altium_Theme', 'SHEET_WKS': '${KIPRJMOD}/Templates/KDT_Template_PCB_GIT_A4.kicad_wks', 'FAB_SCALING': 1, 'ASSEMBLY_SCALING': 1, 'EXCLUDE_REFS': '[MB*]', '3D_VIEWER_ROT_X': 2, '3D_VIEWER_ROT_Y': -1, '3D_VIEWER_ROT_Z': 1, '3D_VIEWER_ZOOM': -1, 'KEY_COLOR': '#00FF00', 'OUTPUT_DIR': './', 'REPORT_DIR': 'Reports', 'SCHEMATIC_DIR': 'Schematic', 'MANUFACTURING_DIR': 'Manufacturing', 'GERBERS_DIR': '@FABRICATION_DIR@/Gerbers', 'FAB_DRILL_TABLES_DIR': '@FABRICATION_DIR@/Drill Tables', 'TESTING_DIR': 'Testing', 'TESTPOINTS_DIR': '@TESTING_DIR@/Testpoints', 'IMAGES_DIR': 'Images', '3D_DIR': '3D', 'RESOURCES_DIR': 'kibot_resources', 'REPORT_TEMPLATE_DIR': '@RESOURCES_DIR@/templates', 'LAYER_TITLE_PAGE': 'TitlePage', 'LAYER_DNP_TOP': 'F.DNP', 'LAYER_DNP_BOTTOM': 'B.DNP', 'LAYER_DRILL_MAP': 'DrillMap', 'LAYER_TP_LIST_TOP': 'F.TestPointList', 'LAYER_TP_LIST_BOTTOM': 'B.TestPointList', 'LAYER_ASSEMBLY_TEXT_TOP': 'F.AssemblyText', 'LAYER_ASSEMBLY_TEXT_BOTTOM': 'B.AssemblyText', 'LAYER_DNP_CROSS_TOP': 'F.DNP', 'LAYER_DNP_CROSS_BOTTOM': 'B.DNP', 'FILT_FIELD_RENAME': 'field_rename', 'FILT_TP_ONLY': 'only_testpoints', 'FILT_TP_EXCLUDE': 'exclude_testpoints', 'FILT_TP_TOP_ONLY': 'only_testpoints_top', 'FILT_TP_BOTTOM_ONLY': 'only_testpoints_bottom', 'SCH_VARIANT_OUTPUT': 'value_split', 'NETLIST_OUTPUT': 'netlist', 'GERBER_OUTPUT': 'gbr_gerbers', 'ODB_OUTPUT': 'zip_odb', 'EXCELLON_DRILL_OUTPUT': 'drl_excellon', 'PDF_DRILL_MAP_OUTPUT': 'pdf_drill_map', 'DXF_DRILL_MAP_OUTPUT': 'dxf_drill_map', 'CSV_DRILL_TABLE_OUTPUT': 'csv_drill_table', 'CSV_POS_OUTPUT': 'csv_position', 'CSV_TP_OUTPUT': 'csv_testpoints', 'CSV_TP_TOP_OUTPUT': 'csv_testpoints_top', 'CSV_TP_BOTTOM_OUTPUT': 'csv_testpoints_bottom', 'CSV_BOM_OUTPUT': 'csv_bom', 'XLSX_BOM_OUTPUT': 'xlsx_bom', 'HTML_IBOM_OUTPUT': 'html_bom_interactive', 'HTML_BOM_OUTPUT': 'html_bom', 'CSV_COMP_COUNT_OUPUT': 'csv_comp_count', 'CSV_IMPEDANCE_TABLE_OUTPUT': 'csv_impedance_table', 'TXT_FAB_NOTES_OUTPUT': 'txt_fabrication_notes', 'TXT_ASSEMBLY_NOTES_OUTPUT': 'txt_assembly_notes', 'PNG_3D_VIEWER_TOP': 'png_3d_viewer_top', 'PNG_3D_VIEWER_BOTTOM': 'png_3d_viewer_bottom', 'PNG_3D_VIEWER_ANGLED_TOP': 'png_3d_viewer_angled_top', 'PNG_3D_VIEWER_ANGLED_BOTTOM': 'png_3d_viewer_angled_bottom', 'STEP_OUTPUT': 'step', 'BLENDER_OUTPUT': 'blender', 'PDF_SCHEMATIC_OUTPUT': 'pdf_schematic', 'PDF_FABRICATION_OUTPUT': 'pdf_fabrication', 'PDF_ASSEMBLY_OUTPUT': 'pdf_assembly', 'ZIP_COMPRESS_FAB_OUTPUT': 'zip_compress_fab', 'HTML_KICANVAS_OUTPUT': 'html_kicanvas', 'HTML_KIRI_OUTPUT': 'html_kiri', 'MD_README_OUTPUT': 'md_readme', 'HTML_NAV_RES_OUTPUT': 'html_navigate_results'} (kibot - config_reader.py:682)
DEBUG:YAML after expanding definitions:
# KiBot preflight for setting Text Variables
# https://kibot.readthedocs.io/en/latest/configuration/preflights/set_text_variables.html

kibot:
  version: 1

preflight:
  update_xml: true
  set_text_variables:

    # Git related information
    - variable: 'REVISION'
      # command: 'git describe --tags --abbrev=0 || echo ""'
      text: ''
    - variable: 'RELEASE_DATE'
      command: 'git log -1 --format="%ad" --date="format:%d-%b-%Y"'
    - variable: 'RELEASE_DATE_NUM'
      command: 'git log -1 --format="%ad" --date=short'
    - variable: 'GIT_HASH_SCH'
      command: 'git log -1 --format="%h" $KIBOT_SCH_NAME'
    - variable: 'GIT_HASH_PCB'
      command: 'git log -1 --format="%h" $KIBOT_PCB_NAME'
    - variable: 'GIT_URL'
      text: 'https://github.com/emptyd0nkey/albmlb'

    # Metadata
    - variable: 'PROJECT_NAME'
      text: 'ALB/MLB test'
    - variable: 'BOARD_NAME'
      text: 'alb_mlb test'
    - variable: 'COMPANY'
      text: 'General Atomics EMS'
    - variable: 'DESIGNER'
      text: 'Marcus Reighter'
    - variable: 'VARIANT'
      text: '%V'

    # Changelog
    # - variable: 'RELEASE_TITLE_1.0.0'
    #   command: 'python3 kibot_resources/scripts/get_changelog.py -f CHANGELOG.md --title-only --version 1.0.0'
    # - variable: 'RELEASE_BODY_1.0.0'
    #   command: 'python3 kibot_resources/scripts/get_changelog.py -f CHANGELOG.md --extra-spaces --separators 35 --version 1.0.0'

    # - variable: 'RELEASE_TITLE_1.0.1'
    #   command: 'python3 kibot_resources/scripts/get_changelog.py -f CHANGELOG.md --title-only --version 1.0.1'
    # - variable: 'RELEASE_BODY_1.0.1'
    #   command: 'python3 kibot_resources/scripts/get_changelog.py -f CHANGELOG.md --extra-spaces --separators 35 --version 1.0.1'

    # - variable: 'RELEASE_TITLE_1.0.2'
    #   command: 'python3 kibot_resources/scripts/get_changelog.py -f CHANGELOG.md --title-only --version 1.0.2'
    # - variable: 'RELEASE_BODY_1.0.2'
    #   command: 'python3 kibot_resources/scripts/get_changelog.py -f CHANGELOG.md --extra-spaces --separators 35 --version 1.0.2'

    # - variable: 'RELEASE_TITLE_1.1.0'
    #   command: 'python3 kibot_resources/scripts/get_changelog.py -f CHANGELOG.md --title-only --version 1.1.0'
    # - variable: 'RELEASE_BODY_1.1.0'
    #   command: 'python3 kibot_resources/scripts/get_changelog.py -f CHANGELOG.md --extra-spaces --separators 35 --version 1.1.0'

    # - variable: 'RELEASE_TITLE_1.1.1'
    #   command: 'python3 kibot_resources/scripts/get_changelog.py -f CHANGELOG.md --title-only --version 1.1.1'
    # - variable: 'RELEASE_BODY_1.1.1'
    #   command: 'python3 kibot_resources/scripts/get_changelog.py -f CHANGELOG.md --extra-spaces --separators 35 --version 1.1.1'

    - variable: 'RELEASE_TITLE_UNRELEASED'
      command: 'python3 kibot_resources/scripts/get_changelog.py -f CHANGELOG.md --title-only --version Unreleased'
    - variable: 'RELEASE_BODY_UNRELEASED'
      command: 'python3 kibot_resources/scripts/get_changelog.py -f CHANGELOG.md --extra-spaces --separators 35 --version Unreleased'

    # Fabrication notes
    - variable: 'FABRICATION_NOTES'
      expand_in_command: true
      command: '[ -f "Manufacturing/Fabrication/%f-fabrication_notes%v.txt" ] && cat "Manufacturing/Fabrication/%f-fabrication_notes%v.txt" || echo ""'


    # Fabrication notes
    - variable: 'ASSEMBLY_NOTES'
      expand_in_command: true
      command: '[ -f "Manufacturing/Assembly/%f-assembly_notes%v.txt" ] && cat "Manufacturing/Assembly/%f-assembly_notes%v.txt" || echo ""'

    # Page titles for automatic ToC
    - variable: 'SHEET_NAME_1'
      text: 'Cover Page'
    - variable: 'SHEET_NAME_2'
      command: 'python3 kibot_resources/scripts/get_sheet_title.py -f "${KIBOT_SCH_NAME%.kicad_sch}.xml" --dots-number 38 -p 2'
    - variable: 'SHEET_NAME_3'
      command: 'python3 kibot_resources/scripts/get_sheet_title.py -f "${KIBOT_SCH_NAME%.kicad_sch}.xml" --dots-number 38 -p 3'
    - variable: 'SHEET_NAME_4'
      command: 'python3 kibot_resources/scripts/get_sheet_title.py -f "${KIBOT_SCH_NAME%.kicad_sch}.xml" --dots-number 38 -p 4'
    - variable: 'SHEET_NAME_5'
      command: 'python3 kibot_resources/scripts/get_sheet_title.py -f "${KIBOT_SCH_NAME%.kicad_sch}.xml" --dots-number 38 -p 5'
    - variable: 'SHEET_NAME_6'
      command: 'python3 kibot_resources/scripts/get_sheet_title.py -f "${KIBOT_SCH_NAME%.kicad_sch}.xml" --dots-number 38 -p 6'
    - variable: 'SHEET_NAME_7'
      command: 'python3 kibot_resources/scripts/get_sheet_title.py -f "${KIBOT_SCH_NAME%.kicad_sch}.xml" --dots-number 38 -p 7'
    - variable: 'SHEET_NAME_8'
      command: 'python3 kibot_resources/scripts/get_sheet_title.py -f "${KIBOT_SCH_NAME%.kicad_sch}.xml" --dots-number 38 -p 8'
    - variable: 'SHEET_NAME_9'
      command: 'python3 kibot_resources/scripts/get_sheet_title.py -f "${KIBOT_SCH_NAME%.kicad_sch}.xml" --dots-number 38 -p 9'
    - variable: 'SHEET_NAME_10'
      command: 'python3 kibot_resources/scripts/get_sheet_title.py -f "${KIBOT_SCH_NAME%.kicad_sch}.xml" --dots-number 38 -p 10'
    - variable: 'SHEET_NAME_11'
      command: 'python3 kibot_resources/scripts/get_sheet_title.py -f "${KIBOT_SCH_NAME%.kicad_sch}.xml" --dots-number 38 -p 11'
    - variable: 'SHEET_NAME_12'
      command: 'python3 kibot_resources/scripts/get_sheet_title.py -f "${KIBOT_SCH_NAME%.kicad_sch}.xml" --dots-number 38 -p 12'
    - variable: 'SHEET_NAME_13'
      command: 'python3 kibot_resources/scripts/get_sheet_title.py -f "${KIBOT_SCH_NAME%.kicad_sch}.xml" --dots-number 38 -p 13'
    - variable: 'SHEET_NAME_14'
      command: 'python3 kibot_resources/scripts/get_sheet_title.py -f "${KIBOT_SCH_NAME%.kicad_sch}.xml" --dots-number 38 -p 14'
    - variable: 'SHEET_NAME_15'
      command: 'python3 kibot_resources/scripts/get_sheet_title.py -f "${KIBOT_SCH_NAME%.kicad_sch}.xml" --dots-number 38 -p 15'
    - variable: 'SHEET_NAME_16'
      command: 'python3 kibot_resources/scripts/get_sheet_title.py -f "${KIBOT_SCH_NAME%.kicad_sch}.xml" --dots-number 38 -p 16'
    - variable: 'SHEET_NAME_17'
      command: 'python3 kibot_resources/scripts/get_sheet_title.py -f "${KIBOT_SCH_NAME%.kicad_sch}.xml" --dots-number 38 -p 17'
    - variable: 'SHEET_NAME_18'
      command: 'python3 kibot_resources/scripts/get_sheet_title.py -f "${KIBOT_SCH_NAME%.kicad_sch}.xml" --dots-number 38 -p 18'
    - variable: 'SHEET_NAME_19'
      command: 'python3 kibot_resources/scripts/get_sheet_title.py -f "${KIBOT_SCH_NAME%.kicad_sch}.xml" --dots-number 38 -p 19'
    - variable: 'SHEET_NAME_20'
      command: 'python3 kibot_resources/scripts/get_sheet_title.py -f "${KIBOT_SCH_NAME%.kicad_sch}.xml" --dots-number 38 -p 20'
    - variable: 'SHEET_NAME_21'
      command: 'python3 kibot_resources/scripts/get_sheet_title.py -f "${KIBOT_SCH_NAME%.kicad_sch}.xml" --dots-number 38 -p 21'
    - variable: 'SHEET_NAME_22'
      command: 'python3 kibot_resources/scripts/get_sheet_title.py -f "${KIBOT_SCH_NAME%.kicad_sch}.xml" --dots-number 38 -p 22'
    - variable: 'SHEET_NAME_23'
      command: 'python3 kibot_resources/scripts/get_sheet_title.py -f "${KIBOT_SCH_NAME%.kicad_sch}.xml" --dots-number 38 -p 23'
    - variable: 'SHEET_NAME_24'
      command: 'python3 kibot_resources/scripts/get_sheet_title.py -f "${KIBOT_SCH_NAME%.kicad_sch}.xml" --dots-number 38 -p 24'
    - variable: 'SHEET_NAME_25'
      command: 'python3 kibot_resources/scripts/get_sheet_title.py -f "${KIBOT_SCH_NAME%.kicad_sch}.xml" --dots-number 38 -p 25'
    - variable: 'SHEET_NAME_26'
      command: 'python3 kibot_resources/scripts/get_sheet_title.py -f "${KIBOT_SCH_NAME%.kicad_sch}.xml" --dots-number 38 -p 26'
    - variable: 'SHEET_NAME_27'
      command: 'python3 kibot_resources/scripts/get_sheet_title.py -f "${KIBOT_SCH_NAME%.kicad_sch}.xml" --dots-number 38 -p 27'
    - variable: 'SHEET_NAME_28'
      command: 'python3 kibot_resources/scripts/get_sheet_title.py -f "${KIBOT_SCH_NAME%.kicad_sch}.xml" --dots-number 38 -p 28'
    - variable: 'SHEET_NAME_29'
      command: 'python3 kibot_resources/scripts/get_sheet_title.py -f "${KIBOT_SCH_NAME%.kicad_sch}.xml" --dots-number 38 -p 29'
    - variable: 'SHEET_NAME_30'
      command: 'python3 kibot_resources/scripts/get_sheet_title.py -f "${KIBOT_SCH_NAME%.kicad_sch}.xml" --dots-number 38 -p 30'
    - variable: 'SHEET_NAME_31'
      command: 'python3 kibot_resources/scripts/get_sheet_title.py -f "${KIBOT_SCH_NAME%.kicad_sch}.xml" --dots-number 38 -p 31'
    - variable: 'SHEET_NAME_32'
      command: 'python3 kibot_resources/scripts/get_sheet_title.py -f "${KIBOT_SCH_NAME%.kicad_sch}.xml" --dots-number 38 -p 32'
    - variable: 'SHEET_NAME_33'
      command: 'python3 kibot_resources/scripts/get_sheet_title.py -f "${KIBOT_SCH_NAME%.kicad_sch}.xml" --dots-number 38 -p 33'
    - variable: 'SHEET_NAME_34'
      command: 'python3 kibot_resources/scripts/get_sheet_title.py -f "${KIBOT_SCH_NAME%.kicad_sch}.xml" --dots-number 38 -p 34'
    - variable: 'SHEET_NAME_35'
      command: 'python3 kibot_resources/scripts/get_sheet_title.py -f "${KIBOT_SCH_NAME%.kicad_sch}.xml" --dots-number 38 -p 35'
    - variable: 'SHEET_NAME_36'
      command: 'python3 kibot_resources/scripts/get_sheet_title.py -f "${KIBOT_SCH_NAME%.kicad_sch}.xml" --dots-number 38 -p 36'
    - variable: 'SHEET_NAME_37'
      command: 'python3 kibot_resources/scripts/get_sheet_title.py -f "${KIBOT_SCH_NAME%.kicad_sch}.xml" --dots-number 38 -p 37'
    - variable: 'SHEET_NAME_38'
      command: 'python3 kibot_resources/scripts/get_sheet_title.py -f "${KIBOT_SCH_NAME%.kicad_sch}.xml" --dots-number 38 -p 38'
    - variable: 'SHEET_NAME_39'
      command: 'python3 kibot_resources/scripts/get_sheet_title.py -f "${KIBOT_SCH_NAME%.kicad_sch}.xml" --dots-number 38 -p 39'
    - variable: 'SHEET_NAME_40'
      command: 'python3 kibot_resources/scripts/get_sheet_title.py -f "${KIBOT_SCH_NAME%.kicad_sch}.xml" --dots-number 38 -p 40'

 (kibot - config_reader.py:688)
DEBUG:Parsing preflight options: {'update_xml': True, 'set_text_variables': [{'variable': 'REVISION', 'text': ''}, {'variable': 'RELEASE_DATE', 'command': 'git log -1 --format="%ad" --date="format:%d-%b-%Y"'}, {'variable': 'RELEASE_DATE_NUM', 'command': 'git log -1 --format="%ad" --date=short'}, {'variable': 'GIT_HASH_SCH', 'command': 'git log -1 --format="%h" $KIBOT_SCH_NAME'}, {'variable': 'GIT_HASH_PCB', 'command': 'git log -1 --format="%h" $KIBOT_PCB_NAME'}, {'variable': 'GIT_URL', 'text': 'https://github.com/emptyd0nkey/albmlb'}, {'variable': 'PROJECT_NAME', 'text': 'ALB/MLB test'}, {'variable': 'BOARD_NAME', 'text': 'alb_mlb test'}, {'variable': 'COMPANY', 'text': 'General Atomics EMS'}, {'variable': 'DESIGNER', 'text': 'Marcus Reighter'}, {'variable': 'VARIANT', 'text': '%V'}, {'variable': 'RELEASE_TITLE_UNRELEASED', 'command': 'python3 kibot_resources/scripts/get_changelog.py -f CHANGELOG.md --title-only --version Unreleased'}, {'variable': 'RELEASE_BODY_UNRELEASED', 'command': 'python3 kibot_resources/scripts/get_changelog.py -f CHANGELOG.md --extra-spaces --separators 35 --version Unreleased'}, {'variable': 'FABRICATION_NOTES', 'expand_in_command': True, 'command': '[ -f "Manufacturing/Fabrication/%f-fabrication_notes%v.txt" ] && cat "Manufacturing/Fabrication/%f-fabrication_notes%v.txt" || echo ""'}, {'variable': 'ASSEMBLY_NOTES', 'expand_in_command': True, 'command': '[ -f "Manufacturing/Assembly/%f-assembly_notes%v.txt" ] && cat "Manufacturing/Assembly/%f-assembly_notes%v.txt" || echo ""'}, {'variable': 'SHEET_NAME_1', 'text': 'Cover Page'}, {'variable': 'SHEET_NAME_2', 'command': 'python3 kibot_resources/scripts/get_sheet_title.py -f "${KIBOT_SCH_NAME%.kicad_sch}.xml" --dots-number 38 -p 2'}, {'variable': 'SHEET_NAME_3', 'command': 'python3 kibot_resources/scripts/get_sheet_title.py -f "${KIBOT_SCH_NAME%.kicad_sch}.xml" --dots-number 38 -p 3'}, {'variable': 'SHEET_NAME_4', 'command': 'python3 kibot_resources/scripts/get_sheet_title.py -f "${KIBOT_SCH_NAME%.kicad_sch}.xml" --dots-number 38 -p 4'}, {'variable': 'SHEET_NAME_5', 'command': 'python3 kibot_resources/scripts/get_sheet_title.py -f "${KIBOT_SCH_NAME%.kicad_sch}.xml" --dots-number 38 -p 5'}, {'variable': 'SHEET_NAME_6', 'command': 'python3 kibot_resources/scripts/get_sheet_title.py -f "${KIBOT_SCH_NAME%.kicad_sch}.xml" --dots-number 38 -p 6'}, {'variable': 'SHEET_NAME_7', 'command': 'python3 kibot_resources/scripts/get_sheet_title.py -f "${KIBOT_SCH_NAME%.kicad_sch}.xml" --dots-number 38 -p 7'}, {'variable': 'SHEET_NAME_8', 'command': 'python3 kibot_resources/scripts/get_sheet_title.py -f "${KIBOT_SCH_NAME%.kicad_sch}.xml" --dots-number 38 -p 8'}, {'variable': 'SHEET_NAME_9', 'command': 'python3 kibot_resources/scripts/get_sheet_title.py -f "${KIBOT_SCH_NAME%.kicad_sch}.xml" --dots-number 38 -p 9'}, {'variable': 'SHEET_NAME_10', 'command': 'python3 kibot_resources/scripts/get_sheet_title.py -f "${KIBOT_SCH_NAME%.kicad_sch}.xml" --dots-number 38 -p 10'}, {'variable': 'SHEET_NAME_11', 'command': 'python3 kibot_resources/scripts/get_sheet_title.py -f "${KIBOT_SCH_NAME%.kicad_sch}.xml" --dots-number 38 -p 11'}, {'variable': 'SHEET_NAME_12', 'command': 'python3 kibot_resources/scripts/get_sheet_title.py -f "${KIBOT_SCH_NAME%.kicad_sch}.xml" --dots-number 38 -p 12'}, {'variable': 'SHEET_NAME_13', 'command': 'python3 kibot_resources/scripts/get_sheet_title.py -f "${KIBOT_SCH_NAME%.kicad_sch}.xml" --dots-number 38 -p 13'}, {'variable': 'SHEET_NAME_14', 'command': 'python3 kibot_resources/scripts/get_sheet_title.py -f "${KIBOT_SCH_NAME%.kicad_sch}.xml" --dots-number 38 -p 14'}, {'variable': 'SHEET_NAME_15', 'command': 'python3 kibot_resources/scripts/get_sheet_title.py -f "${KIBOT_SCH_NAME%.kicad_sch}.xml" --dots-number 38 -p 15'}, {'variable': 'SHEET_NAME_16', 'command': 'python3 kibot_resources/scripts/get_sheet_title.py -f "${KIBOT_SCH_NAME%.kicad_sch}.xml" --dots-number 38 -p 16'}, {'variable': 'SHEET_NAME_17', 'command': 'python3 kibot_resources/scripts/get_sheet_title.py -f "${KIBOT_SCH_NAME%.kicad_sch}.xml" --dots-number 38 -p 17'}, {'variable': 'SHEET_NAME_18', 'command': 'python3 kibot_resources/scripts/get_sheet_title.py -f "${KIBOT_SCH_NAME%.kicad_sch}.xml" --dots-number 38 -p 18'}, {'variable': 'SHEET_NAME_19', 'command': 'python3 kibot_resources/scripts/get_sheet_title.py -f "${KIBOT_SCH_NAME%.kicad_sch}.xml" --dots-number 38 -p 19'}, {'variable': 'SHEET_NAME_20', 'command': 'python3 kibot_resources/scripts/get_sheet_title.py -f "${KIBOT_SCH_NAME%.kicad_sch}.xml" --dots-number 38 -p 20'}, {'variable': 'SHEET_NAME_21', 'command': 'python3 kibot_resources/scripts/get_sheet_title.py -f "${KIBOT_SCH_NAME%.kicad_sch}.xml" --dots-number 38 -p 21'}, {'variable': 'SHEET_NAME_22', 'command': 'python3 kibot_resources/scripts/get_sheet_title.py -f "${KIBOT_SCH_NAME%.kicad_sch}.xml" --dots-number 38 -p 22'}, {'variable': 'SHEET_NAME_23', 'command': 'python3 kibot_resources/scripts/get_sheet_title.py -f "${KIBOT_SCH_NAME%.kicad_sch}.xml" --dots-number 38 -p 23'}, {'variable': 'SHEET_NAME_24', 'command': 'python3 kibot_resources/scripts/get_sheet_title.py -f "${KIBOT_SCH_NAME%.kicad_sch}.xml" --dots-number 38 -p 24'}, {'variable': 'SHEET_NAME_25', 'command': 'python3 kibot_resources/scripts/get_sheet_title.py -f "${KIBOT_SCH_NAME%.kicad_sch}.xml" --dots-number 38 -p 25'}, {'variable': 'SHEET_NAME_26', 'command': 'python3 kibot_resources/scripts/get_sheet_title.py -f "${KIBOT_SCH_NAME%.kicad_sch}.xml" --dots-number 38 -p 26'}, {'variable': 'SHEET_NAME_27', 'command': 'python3 kibot_resources/scripts/get_sheet_title.py -f "${KIBOT_SCH_NAME%.kicad_sch}.xml" --dots-number 38 -p 27'}, {'variable': 'SHEET_NAME_28', 'command': 'python3 kibot_resources/scripts/get_sheet_title.py -f "${KIBOT_SCH_NAME%.kicad_sch}.xml" --dots-number 38 -p 28'}, {'variable': 'SHEET_NAME_29', 'command': 'python3 kibot_resources/scripts/get_sheet_title.py -f "${KIBOT_SCH_NAME%.kicad_sch}.xml" --dots-number 38 -p 29'}, {'variable': 'SHEET_NAME_30', 'command': 'python3 kibot_resources/scripts/get_sheet_title.py -f "${KIBOT_SCH_NAME%.kicad_sch}.xml" --dots-number 38 -p 30'}, {'variable': 'SHEET_NAME_31', 'command': 'python3 kibot_resources/scripts/get_sheet_title.py -f "${KIBOT_SCH_NAME%.kicad_sch}.xml" --dots-number 38 -p 31'}, {'variable': 'SHEET_NAME_32', 'command': 'python3 kibot_resources/scripts/get_sheet_title.py -f "${KIBOT_SCH_NAME%.kicad_sch}.xml" --dots-number 38 -p 32'}, {'variable': 'SHEET_NAME_33', 'command': 'python3 kibot_resources/scripts/get_sheet_title.py -f "${KIBOT_SCH_NAME%.kicad_sch}.xml" --dots-number 38 -p 33'}, {'variable': 'SHEET_NAME_34', 'command': 'python3 kibot_resources/scripts/get_sheet_title.py -f "${KIBOT_SCH_NAME%.kicad_sch}.xml" --dots-number 38 -p 34'}, {'variable': 'SHEET_NAME_35', 'command': 'python3 kibot_resources/scripts/get_sheet_title.py -f "${KIBOT_SCH_NAME%.kicad_sch}.xml" --dots-number 38 -p 35'}, {'variable': 'SHEET_NAME_36', 'command': 'python3 kibot_resources/scripts/get_sheet_title.py -f "${KIBOT_SCH_NAME%.kicad_sch}.xml" --dots-number 38 -p 36'}, {'variable': 'SHEET_NAME_37', 'command': 'python3 kibot_resources/scripts/get_sheet_title.py -f "${KIBOT_SCH_NAME%.kicad_sch}.xml" --dots-number 38 -p 37'}, {'variable': 'SHEET_NAME_38', 'command': 'python3 kibot_resources/scripts/get_sheet_title.py -f "${KIBOT_SCH_NAME%.kicad_sch}.xml" --dots-number 38 -p 38'}, {'variable': 'SHEET_NAME_39', 'command': 'python3 kibot_resources/scripts/get_sheet_title.py -f "${KIBOT_SCH_NAME%.kicad_sch}.xml" --dots-number 38 -p 39'}, {'variable': 'SHEET_NAME_40', 'command': 'python3 kibot_resources/scripts/get_sheet_title.py -f "${KIBOT_SCH_NAME%.kicad_sch}.xml" --dots-number 38 -p 40'}]} (kibot - config_reader.py:285)
DEBUG:Parsing preflight update_xml (kibot - config_reader.py:294)
DEBUG:Parsing preflight set_text_variables (kibot - config_reader.py:294)
DEBUG:Preflights loaded from `kibot_yaml/kibot_pre_set_text_variables.yaml`: ['update_xml', 'set_text_variables'] (kibot - config_reader.py:387)
DEBUG:Found local definitions (kibot - config_reader.py:653)
DEBUG:- Local definitions: {'CATEGORY': 'Schematic', 'DIR': 'Reports'} (kibot - config_reader.py:663)
DEBUG:- Current definitions: {'PROJECT_NAME': 'ALB/MLB test', 'BOARD_NAME': 'alb_mlb test', 'COMPANY': 'General Atomics EMS', 'DESIGNER': 'Marcus Reighter', 'LOGO': 'Logos/Logo.png', 'GIT_URL': 'https://github.com/emptyd0nkey/albmlb', 'CHECK_ZONE_FILLS': True, 'STACKUP_TABLE_NOTE': 'external layer thicknesses are specified after plating', 'MPN_FIELD': 'Manufacturer Part Number', 'MAN_FIELD': 'Manufacturer', 'GROUP_ROUND_SLOTS': True, 'GROUP_PTH_NPTH': 'no', 'GROUP_PTH_NPTH_DRL': False, 'PLOT_REFS': True, 'COLOR_THEME': 'Altium_Theme', 'SHEET_WKS': '${KIPRJMOD}/Templates/KDT_Template_PCB_GIT_A4.kicad_wks', 'FAB_SCALING': 1, 'ASSEMBLY_SCALING': 1, 'EXCLUDE_REFS': '[MB*]', '3D_VIEWER_ROT_X': 2, '3D_VIEWER_ROT_Y': -1, '3D_VIEWER_ROT_Z': 1, '3D_VIEWER_ZOOM': -1, 'KEY_COLOR': '#00FF00', 'OUTPUT_DIR': './', 'REPORT_DIR': 'Reports', 'SCHEMATIC_DIR': 'Schematic', 'MANUFACTURING_DIR': 'Manufacturing', 'ASSEMBLY_DIR': '@MANUFACTURING_DIR@/Assembly', 'FABRICATION_DIR': '@MANUFACTURING_DIR@/Fabrication', 'GERBERS_DIR': '@FABRICATION_DIR@/Gerbers', 'FAB_DRILL_TABLES_DIR': '@FABRICATION_DIR@/Drill Tables', 'TESTING_DIR': 'Testing', 'TESTPOINTS_DIR': '@TESTING_DIR@/Testpoints', 'IMAGES_DIR': 'Images', '3D_DIR': '3D', 'RESOURCES_DIR': 'kibot_resources', 'REPORT_TEMPLATE_DIR': '@RESOURCES_DIR@/templates', 'SCRIPTS_DIR': '@RESOURCES_DIR@/scripts', 'LAYER_TITLE_PAGE': 'TitlePage', 'LAYER_DNP_TOP': 'F.DNP', 'LAYER_DNP_BOTTOM': 'B.DNP', 'LAYER_DRILL_MAP': 'DrillMap', 'LAYER_TP_LIST_TOP': 'F.TestPointList', 'LAYER_TP_LIST_BOTTOM': 'B.TestPointList', 'LAYER_ASSEMBLY_TEXT_TOP': 'F.AssemblyText', 'LAYER_ASSEMBLY_TEXT_BOTTOM': 'B.AssemblyText', 'LAYER_DNP_CROSS_TOP': 'F.DNP', 'LAYER_DNP_CROSS_BOTTOM': 'B.DNP', 'FILT_FIELD_RENAME': 'field_rename', 'FILT_TP_ONLY': 'only_testpoints', 'FILT_TP_EXCLUDE': 'exclude_testpoints', 'FILT_TP_TOP_ONLY': 'only_testpoints_top', 'FILT_TP_BOTTOM_ONLY': 'only_testpoints_bottom', 'SCH_VARIANT_OUTPUT': 'value_split', 'NETLIST_OUTPUT': 'netlist', 'GERBER_OUTPUT': 'gbr_gerbers', 'ODB_OUTPUT': 'zip_odb', 'EXCELLON_DRILL_OUTPUT': 'drl_excellon', 'PDF_DRILL_MAP_OUTPUT': 'pdf_drill_map', 'DXF_DRILL_MAP_OUTPUT': 'dxf_drill_map', 'CSV_DRILL_TABLE_OUTPUT': 'csv_drill_table', 'CSV_POS_OUTPUT': 'csv_position', 'CSV_TP_OUTPUT': 'csv_testpoints', 'CSV_TP_TOP_OUTPUT': 'csv_testpoints_top', 'CSV_TP_BOTTOM_OUTPUT': 'csv_testpoints_bottom', 'CSV_BOM_OUTPUT': 'csv_bom', 'XLSX_BOM_OUTPUT': 'xlsx_bom', 'HTML_IBOM_OUTPUT': 'html_bom_interactive', 'HTML_BOM_OUTPUT': 'html_bom', 'CSV_COMP_COUNT_OUPUT': 'csv_comp_count', 'CSV_IMPEDANCE_TABLE_OUTPUT': 'csv_impedance_table', 'TXT_FAB_NOTES_OUTPUT': 'txt_fabrication_notes', 'TXT_ASSEMBLY_NOTES_OUTPUT': 'txt_assembly_notes', 'PNG_3D_VIEWER_TOP': 'png_3d_viewer_top', 'PNG_3D_VIEWER_BOTTOM': 'png_3d_viewer_bottom', 'PNG_3D_VIEWER_ANGLED_TOP': 'png_3d_viewer_angled_top', 'PNG_3D_VIEWER_ANGLED_BOTTOM': 'png_3d_viewer_angled_bottom', 'STEP_OUTPUT': 'step', 'BLENDER_OUTPUT': 'blender', 'PDF_SCHEMATIC_OUTPUT': 'pdf_schematic', 'PDF_FABRICATION_OUTPUT': 'pdf_fabrication', 'PDF_ASSEMBLY_OUTPUT': 'pdf_assembly', 'ZIP_COMPRESS_FAB_OUTPUT': 'zip_compress_fab', 'HTML_KICANVAS_OUTPUT': 'html_kicanvas', 'HTML_KIRI_OUTPUT': 'html_kiri', 'MD_README_OUTPUT': 'md_readme', 'HTML_NAV_RES_OUTPUT': 'html_navigate_results', 'DIR': 'Reports'} (kibot - config_reader.py:664)
DEBUG:- Updated definitions: {'CATEGORY': 'Schematic', 'DIR': 'Reports', 'PROJECT_NAME': 'ALB/MLB test', 'BOARD_NAME': 'alb_mlb test', 'COMPANY': 'General Atomics EMS', 'DESIGNER': 'Marcus Reighter', 'LOGO': 'Logos/Logo.png', 'GIT_URL': 'https://github.com/emptyd0nkey/albmlb', 'CHECK_ZONE_FILLS': True, 'STACKUP_TABLE_NOTE': 'external layer thicknesses are specified after plating', 'MPN_FIELD': 'Manufacturer Part Number', 'MAN_FIELD': 'Manufacturer', 'GROUP_ROUND_SLOTS': True, 'GROUP_PTH_NPTH': 'no', 'GROUP_PTH_NPTH_DRL': False, 'PLOT_REFS': True, 'COLOR_THEME': 'Altium_Theme', 'SHEET_WKS': '${KIPRJMOD}/Templates/KDT_Template_PCB_GIT_A4.kicad_wks', 'FAB_SCALING': 1, 'ASSEMBLY_SCALING': 1, 'EXCLUDE_REFS': '[MB*]', '3D_VIEWER_ROT_X': 2, '3D_VIEWER_ROT_Y': -1, '3D_VIEWER_ROT_Z': 1, '3D_VIEWER_ZOOM': -1, 'KEY_COLOR': '#00FF00', 'OUTPUT_DIR': './', 'REPORT_DIR': 'Reports', 'SCHEMATIC_DIR': 'Schematic', 'MANUFACTURING_DIR': 'Manufacturing', 'ASSEMBLY_DIR': '@MANUFACTURING_DIR@/Assembly', 'FABRICATION_DIR': '@MANUFACTURING_DIR@/Fabrication', 'GERBERS_DIR': '@FABRICATION_DIR@/Gerbers', 'FAB_DRILL_TABLES_DIR': '@FABRICATION_DIR@/Drill Tables', 'TESTING_DIR': 'Testing', 'TESTPOINTS_DIR': '@TESTING_DIR@/Testpoints', 'IMAGES_DIR': 'Images', '3D_DIR': '3D', 'RESOURCES_DIR': 'kibot_resources', 'REPORT_TEMPLATE_DIR': '@RESOURCES_DIR@/templates', 'SCRIPTS_DIR': '@RESOURCES_DIR@/scripts', 'LAYER_TITLE_PAGE': 'TitlePage', 'LAYER_DNP_TOP': 'F.DNP', 'LAYER_DNP_BOTTOM': 'B.DNP', 'LAYER_DRILL_MAP': 'DrillMap', 'LAYER_TP_LIST_TOP': 'F.TestPointList', 'LAYER_TP_LIST_BOTTOM': 'B.TestPointList', 'LAYER_ASSEMBLY_TEXT_TOP': 'F.AssemblyText', 'LAYER_ASSEMBLY_TEXT_BOTTOM': 'B.AssemblyText', 'LAYER_DNP_CROSS_TOP': 'F.DNP', 'LAYER_DNP_CROSS_BOTTOM': 'B.DNP', 'FILT_FIELD_RENAME': 'field_rename', 'FILT_TP_ONLY': 'only_testpoints', 'FILT_TP_EXCLUDE': 'exclude_testpoints', 'FILT_TP_TOP_ONLY': 'only_testpoints_top', 'FILT_TP_BOTTOM_ONLY': 'only_testpoints_bottom', 'SCH_VARIANT_OUTPUT': 'value_split', 'NETLIST_OUTPUT': 'netlist', 'GERBER_OUTPUT': 'gbr_gerbers', 'ODB_OUTPUT': 'zip_odb', 'EXCELLON_DRILL_OUTPUT': 'drl_excellon', 'PDF_DRILL_MAP_OUTPUT': 'pdf_drill_map', 'DXF_DRILL_MAP_OUTPUT': 'dxf_drill_map', 'CSV_DRILL_TABLE_OUTPUT': 'csv_drill_table', 'CSV_POS_OUTPUT': 'csv_position', 'CSV_TP_OUTPUT': 'csv_testpoints', 'CSV_TP_TOP_OUTPUT': 'csv_testpoints_top', 'CSV_TP_BOTTOM_OUTPUT': 'csv_testpoints_bottom', 'CSV_BOM_OUTPUT': 'csv_bom', 'XLSX_BOM_OUTPUT': 'xlsx_bom', 'HTML_IBOM_OUTPUT': 'html_bom_interactive', 'HTML_BOM_OUTPUT': 'html_bom', 'CSV_COMP_COUNT_OUPUT': 'csv_comp_count', 'CSV_IMPEDANCE_TABLE_OUTPUT': 'csv_impedance_table', 'TXT_FAB_NOTES_OUTPUT': 'txt_fabrication_notes', 'TXT_ASSEMBLY_NOTES_OUTPUT': 'txt_assembly_notes', 'PNG_3D_VIEWER_TOP': 'png_3d_viewer_top', 'PNG_3D_VIEWER_BOTTOM': 'png_3d_viewer_bottom', 'PNG_3D_VIEWER_ANGLED_TOP': 'png_3d_viewer_angled_top', 'PNG_3D_VIEWER_ANGLED_BOTTOM': 'png_3d_viewer_angled_bottom', 'STEP_OUTPUT': 'step', 'BLENDER_OUTPUT': 'blender', 'PDF_SCHEMATIC_OUTPUT': 'pdf_schematic', 'PDF_FABRICATION_OUTPUT': 'pdf_fabrication', 'PDF_ASSEMBLY_OUTPUT': 'pdf_assembly', 'ZIP_COMPRESS_FAB_OUTPUT': 'zip_compress_fab', 'HTML_KICANVAS_OUTPUT': 'html_kicanvas', 'HTML_KIRI_OUTPUT': 'html_kiri', 'MD_README_OUTPUT': 'md_readme', 'HTML_NAV_RES_OUTPUT': 'html_navigate_results'} (kibot - config_reader.py:667)
DEBUG:Applying preprocessor definitions (kibot - config_reader.py:672)
DEBUG:- Applying CLI definitions: {} (kibot - config_reader.py:679)
DEBUG:- Applying collected definitions: {'CATEGORY': 'Schematic', 'DIR': 'Reports', 'PROJECT_NAME': 'ALB/MLB test', 'BOARD_NAME': 'alb_mlb test', 'COMPANY': 'General Atomics EMS', 'DESIGNER': 'Marcus Reighter', 'LOGO': 'Logos/Logo.png', 'GIT_URL': 'https://github.com/emptyd0nkey/albmlb', 'CHECK_ZONE_FILLS': True, 'STACKUP_TABLE_NOTE': 'external layer thicknesses are specified after plating', 'MPN_FIELD': 'Manufacturer Part Number', 'MAN_FIELD': 'Manufacturer', 'GROUP_ROUND_SLOTS': True, 'GROUP_PTH_NPTH': 'no', 'GROUP_PTH_NPTH_DRL': False, 'PLOT_REFS': True, 'COLOR_THEME': 'Altium_Theme', 'SHEET_WKS': '${KIPRJMOD}/Templates/KDT_Template_PCB_GIT_A4.kicad_wks', 'FAB_SCALING': 1, 'ASSEMBLY_SCALING': 1, 'EXCLUDE_REFS': '[MB*]', '3D_VIEWER_ROT_X': 2, '3D_VIEWER_ROT_Y': -1, '3D_VIEWER_ROT_Z': 1, '3D_VIEWER_ZOOM': -1, 'KEY_COLOR': '#00FF00', 'OUTPUT_DIR': './', 'REPORT_DIR': 'Reports', 'SCHEMATIC_DIR': 'Schematic', 'MANUFACTURING_DIR': 'Manufacturing', 'ASSEMBLY_DIR': '@MANUFACTURING_DIR@/Assembly', 'FABRICATION_DIR': '@MANUFACTURING_DIR@/Fabrication', 'GERBERS_DIR': '@FABRICATION_DIR@/Gerbers', 'FAB_DRILL_TABLES_DIR': '@FABRICATION_DIR@/Drill Tables', 'TESTING_DIR': 'Testing', 'TESTPOINTS_DIR': '@TESTING_DIR@/Testpoints', 'IMAGES_DIR': 'Images', '3D_DIR': '3D', 'RESOURCES_DIR': 'kibot_resources', 'REPORT_TEMPLATE_DIR': '@RESOURCES_DIR@/templates', 'SCRIPTS_DIR': '@RESOURCES_DIR@/scripts', 'LAYER_TITLE_PAGE': 'TitlePage', 'LAYER_DNP_TOP': 'F.DNP', 'LAYER_DNP_BOTTOM': 'B.DNP', 'LAYER_DRILL_MAP': 'DrillMap', 'LAYER_TP_LIST_TOP': 'F.TestPointList', 'LAYER_TP_LIST_BOTTOM': 'B.TestPointList', 'LAYER_ASSEMBLY_TEXT_TOP': 'F.AssemblyText', 'LAYER_ASSEMBLY_TEXT_BOTTOM': 'B.AssemblyText', 'LAYER_DNP_CROSS_TOP': 'F.DNP', 'LAYER_DNP_CROSS_BOTTOM': 'B.DNP', 'FILT_FIELD_RENAME': 'field_rename', 'FILT_TP_ONLY': 'only_testpoints', 'FILT_TP_EXCLUDE': 'exclude_testpoints', 'FILT_TP_TOP_ONLY': 'only_testpoints_top', 'FILT_TP_BOTTOM_ONLY': 'only_testpoints_bottom', 'SCH_VARIANT_OUTPUT': 'value_split', 'NETLIST_OUTPUT': 'netlist', 'GERBER_OUTPUT': 'gbr_gerbers', 'ODB_OUTPUT': 'zip_odb', 'EXCELLON_DRILL_OUTPUT': 'drl_excellon', 'PDF_DRILL_MAP_OUTPUT': 'pdf_drill_map', 'DXF_DRILL_MAP_OUTPUT': 'dxf_drill_map', 'CSV_DRILL_TABLE_OUTPUT': 'csv_drill_table', 'CSV_POS_OUTPUT': 'csv_position', 'CSV_TP_OUTPUT': 'csv_testpoints', 'CSV_TP_TOP_OUTPUT': 'csv_testpoints_top', 'CSV_TP_BOTTOM_OUTPUT': 'csv_testpoints_bottom', 'CSV_BOM_OUTPUT': 'csv_bom', 'XLSX_BOM_OUTPUT': 'xlsx_bom', 'HTML_IBOM_OUTPUT': 'html_bom_interactive', 'HTML_BOM_OUTPUT': 'html_bom', 'CSV_COMP_COUNT_OUPUT': 'csv_comp_count', 'CSV_IMPEDANCE_TABLE_OUTPUT': 'csv_impedance_table', 'TXT_FAB_NOTES_OUTPUT': 'txt_fabrication_notes', 'TXT_ASSEMBLY_NOTES_OUTPUT': 'txt_assembly_notes', 'PNG_3D_VIEWER_TOP': 'png_3d_viewer_top', 'PNG_3D_VIEWER_BOTTOM': 'png_3d_viewer_bottom', 'PNG_3D_VIEWER_ANGLED_TOP': 'png_3d_viewer_angled_top', 'PNG_3D_VIEWER_ANGLED_BOTTOM': 'png_3d_viewer_angled_bottom', 'STEP_OUTPUT': 'step', 'BLENDER_OUTPUT': 'blender', 'PDF_SCHEMATIC_OUTPUT': 'pdf_schematic', 'PDF_FABRICATION_OUTPUT': 'pdf_fabrication', 'PDF_ASSEMBLY_OUTPUT': 'pdf_assembly', 'ZIP_COMPRESS_FAB_OUTPUT': 'zip_compress_fab', 'HTML_KICANVAS_OUTPUT': 'html_kicanvas', 'HTML_KIRI_OUTPUT': 'html_kiri', 'MD_README_OUTPUT': 'md_readme', 'HTML_NAV_RES_OUTPUT': 'html_navigate_results'} (kibot - config_reader.py:682)
DEBUG:- Replacing @DIR@ -> Reports (<class 'str'>) (kibot - config_reader.py:80)
DEBUG:- Applying CLI definitions: {} (kibot - config_reader.py:679)
DEBUG:- Applying collected definitions: {'CATEGORY': 'Schematic', 'DIR': 'Reports', 'PROJECT_NAME': 'ALB/MLB test', 'BOARD_NAME': 'alb_mlb test', 'COMPANY': 'General Atomics EMS', 'DESIGNER': 'Marcus Reighter', 'LOGO': 'Logos/Logo.png', 'GIT_URL': 'https://github.com/emptyd0nkey/albmlb', 'CHECK_ZONE_FILLS': True, 'STACKUP_TABLE_NOTE': 'external layer thicknesses are specified after plating', 'MPN_FIELD': 'Manufacturer Part Number', 'MAN_FIELD': 'Manufacturer', 'GROUP_ROUND_SLOTS': True, 'GROUP_PTH_NPTH': 'no', 'GROUP_PTH_NPTH_DRL': False, 'PLOT_REFS': True, 'COLOR_THEME': 'Altium_Theme', 'SHEET_WKS': '${KIPRJMOD}/Templates/KDT_Template_PCB_GIT_A4.kicad_wks', 'FAB_SCALING': 1, 'ASSEMBLY_SCALING': 1, 'EXCLUDE_REFS': '[MB*]', '3D_VIEWER_ROT_X': 2, '3D_VIEWER_ROT_Y': -1, '3D_VIEWER_ROT_Z': 1, '3D_VIEWER_ZOOM': -1, 'KEY_COLOR': '#00FF00', 'OUTPUT_DIR': './', 'REPORT_DIR': 'Reports', 'SCHEMATIC_DIR': 'Schematic', 'MANUFACTURING_DIR': 'Manufacturing', 'ASSEMBLY_DIR': '@MANUFACTURING_DIR@/Assembly', 'FABRICATION_DIR': '@MANUFACTURING_DIR@/Fabrication', 'GERBERS_DIR': '@FABRICATION_DIR@/Gerbers', 'FAB_DRILL_TABLES_DIR': '@FABRICATION_DIR@/Drill Tables', 'TESTING_DIR': 'Testing', 'TESTPOINTS_DIR': '@TESTING_DIR@/Testpoints', 'IMAGES_DIR': 'Images', '3D_DIR': '3D', 'RESOURCES_DIR': 'kibot_resources', 'REPORT_TEMPLATE_DIR': '@RESOURCES_DIR@/templates', 'SCRIPTS_DIR': '@RESOURCES_DIR@/scripts', 'LAYER_TITLE_PAGE': 'TitlePage', 'LAYER_DNP_TOP': 'F.DNP', 'LAYER_DNP_BOTTOM': 'B.DNP', 'LAYER_DRILL_MAP': 'DrillMap', 'LAYER_TP_LIST_TOP': 'F.TestPointList', 'LAYER_TP_LIST_BOTTOM': 'B.TestPointList', 'LAYER_ASSEMBLY_TEXT_TOP': 'F.AssemblyText', 'LAYER_ASSEMBLY_TEXT_BOTTOM': 'B.AssemblyText', 'LAYER_DNP_CROSS_TOP': 'F.DNP', 'LAYER_DNP_CROSS_BOTTOM': 'B.DNP', 'FILT_FIELD_RENAME': 'field_rename', 'FILT_TP_ONLY': 'only_testpoints', 'FILT_TP_EXCLUDE': 'exclude_testpoints', 'FILT_TP_TOP_ONLY': 'only_testpoints_top', 'FILT_TP_BOTTOM_ONLY': 'only_testpoints_bottom', 'SCH_VARIANT_OUTPUT': 'value_split', 'NETLIST_OUTPUT': 'netlist', 'GERBER_OUTPUT': 'gbr_gerbers', 'ODB_OUTPUT': 'zip_odb', 'EXCELLON_DRILL_OUTPUT': 'drl_excellon', 'PDF_DRILL_MAP_OUTPUT': 'pdf_drill_map', 'DXF_DRILL_MAP_OUTPUT': 'dxf_drill_map', 'CSV_DRILL_TABLE_OUTPUT': 'csv_drill_table', 'CSV_POS_OUTPUT': 'csv_position', 'CSV_TP_OUTPUT': 'csv_testpoints', 'CSV_TP_TOP_OUTPUT': 'csv_testpoints_top', 'CSV_TP_BOTTOM_OUTPUT': 'csv_testpoints_bottom', 'CSV_BOM_OUTPUT': 'csv_bom', 'XLSX_BOM_OUTPUT': 'xlsx_bom', 'HTML_IBOM_OUTPUT': 'html_bom_interactive', 'HTML_BOM_OUTPUT': 'html_bom', 'CSV_COMP_COUNT_OUPUT': 'csv_comp_count', 'CSV_IMPEDANCE_TABLE_OUTPUT': 'csv_impedance_table', 'TXT_FAB_NOTES_OUTPUT': 'txt_fabrication_notes', 'TXT_ASSEMBLY_NOTES_OUTPUT': 'txt_assembly_notes', 'PNG_3D_VIEWER_TOP': 'png_3d_viewer_top', 'PNG_3D_VIEWER_BOTTOM': 'png_3d_viewer_bottom', 'PNG_3D_VIEWER_ANGLED_TOP': 'png_3d_viewer_angled_top', 'PNG_3D_VIEWER_ANGLED_BOTTOM': 'png_3d_viewer_angled_bottom', 'STEP_OUTPUT': 'step', 'BLENDER_OUTPUT': 'blender', 'PDF_SCHEMATIC_OUTPUT': 'pdf_schematic', 'PDF_FABRICATION_OUTPUT': 'pdf_fabrication', 'PDF_ASSEMBLY_OUTPUT': 'pdf_assembly', 'ZIP_COMPRESS_FAB_OUTPUT': 'zip_compress_fab', 'HTML_KICANVAS_OUTPUT': 'html_kicanvas', 'HTML_KIRI_OUTPUT': 'html_kiri', 'MD_README_OUTPUT': 'md_readme', 'HTML_NAV_RES_OUTPUT': 'html_navigate_results'} (kibot - config_reader.py:682)
DEBUG:YAML after expanding definitions:
# KiBot preflight for generating ERC reports
# https://kibot.readthedocs.io/en/latest/configuration/preflights/erc.html

kibot:
  version: 1

preflight:
  erc:
    category: 'Reports'
    dir: 'Reports'
    format: 'HTML, RPT'
    output: 'report_%f-%i%I%v.%x'

 (kibot - config_reader.py:688)
DEBUG:Parsing preflight options: {'erc': {'category': 'Reports', 'dir': 'Reports', 'format': 'HTML, RPT', 'output': 'report_%f-%i%I%v.%x'}} (kibot - config_reader.py:285)
DEBUG:Parsing preflight erc (kibot - config_reader.py:294)
DEBUG:Preflights loaded from `kibot_yaml/kibot_pre_erc_report.yaml`: ['erc'] (kibot - config_reader.py:387)
DEBUG:Found local definitions (kibot - config_reader.py:653)
DEBUG:- Local definitions: {'CHECK_ZONE_FILLS': True, 'CATEGORY': 'Schematic', 'DIR': 'Reports'} (kibot - config_reader.py:663)
DEBUG:- Current definitions: {'PROJECT_NAME': 'ALB/MLB test', 'BOARD_NAME': 'alb_mlb test', 'COMPANY': 'General Atomics EMS', 'DESIGNER': 'Marcus Reighter', 'LOGO': 'Logos/Logo.png', 'GIT_URL': 'https://github.com/emptyd0nkey/albmlb', 'CHECK_ZONE_FILLS': True, 'STACKUP_TABLE_NOTE': 'external layer thicknesses are specified after plating', 'MPN_FIELD': 'Manufacturer Part Number', 'MAN_FIELD': 'Manufacturer', 'GROUP_ROUND_SLOTS': True, 'GROUP_PTH_NPTH': 'no', 'GROUP_PTH_NPTH_DRL': False, 'PLOT_REFS': True, 'COLOR_THEME': 'Altium_Theme', 'SHEET_WKS': '${KIPRJMOD}/Templates/KDT_Template_PCB_GIT_A4.kicad_wks', 'FAB_SCALING': 1, 'ASSEMBLY_SCALING': 1, 'EXCLUDE_REFS': '[MB*]', '3D_VIEWER_ROT_X': 2, '3D_VIEWER_ROT_Y': -1, '3D_VIEWER_ROT_Z': 1, '3D_VIEWER_ZOOM': -1, 'KEY_COLOR': '#00FF00', 'OUTPUT_DIR': './', 'REPORT_DIR': 'Reports', 'SCHEMATIC_DIR': 'Schematic', 'MANUFACTURING_DIR': 'Manufacturing', 'ASSEMBLY_DIR': '@MANUFACTURING_DIR@/Assembly', 'FABRICATION_DIR': '@MANUFACTURING_DIR@/Fabrication', 'GERBERS_DIR': '@FABRICATION_DIR@/Gerbers', 'FAB_DRILL_TABLES_DIR': '@FABRICATION_DIR@/Drill Tables', 'TESTING_DIR': 'Testing', 'TESTPOINTS_DIR': '@TESTING_DIR@/Testpoints', 'IMAGES_DIR': 'Images', '3D_DIR': '3D', 'RESOURCES_DIR': 'kibot_resources', 'REPORT_TEMPLATE_DIR': '@RESOURCES_DIR@/templates', 'SCRIPTS_DIR': '@RESOURCES_DIR@/scripts', 'LAYER_TITLE_PAGE': 'TitlePage', 'LAYER_DNP_TOP': 'F.DNP', 'LAYER_DNP_BOTTOM': 'B.DNP', 'LAYER_DRILL_MAP': 'DrillMap', 'LAYER_TP_LIST_TOP': 'F.TestPointList', 'LAYER_TP_LIST_BOTTOM': 'B.TestPointList', 'LAYER_ASSEMBLY_TEXT_TOP': 'F.AssemblyText', 'LAYER_ASSEMBLY_TEXT_BOTTOM': 'B.AssemblyText', 'LAYER_DNP_CROSS_TOP': 'F.DNP', 'LAYER_DNP_CROSS_BOTTOM': 'B.DNP', 'FILT_FIELD_RENAME': 'field_rename', 'FILT_TP_ONLY': 'only_testpoints', 'FILT_TP_EXCLUDE': 'exclude_testpoints', 'FILT_TP_TOP_ONLY': 'only_testpoints_top', 'FILT_TP_BOTTOM_ONLY': 'only_testpoints_bottom', 'SCH_VARIANT_OUTPUT': 'value_split', 'NETLIST_OUTPUT': 'netlist', 'GERBER_OUTPUT': 'gbr_gerbers', 'ODB_OUTPUT': 'zip_odb', 'EXCELLON_DRILL_OUTPUT': 'drl_excellon', 'PDF_DRILL_MAP_OUTPUT': 'pdf_drill_map', 'DXF_DRILL_MAP_OUTPUT': 'dxf_drill_map', 'CSV_DRILL_TABLE_OUTPUT': 'csv_drill_table', 'CSV_POS_OUTPUT': 'csv_position', 'CSV_TP_OUTPUT': 'csv_testpoints', 'CSV_TP_TOP_OUTPUT': 'csv_testpoints_top', 'CSV_TP_BOTTOM_OUTPUT': 'csv_testpoints_bottom', 'CSV_BOM_OUTPUT': 'csv_bom', 'XLSX_BOM_OUTPUT': 'xlsx_bom', 'HTML_IBOM_OUTPUT': 'html_bom_interactive', 'HTML_BOM_OUTPUT': 'html_bom', 'CSV_COMP_COUNT_OUPUT': 'csv_comp_count', 'CSV_IMPEDANCE_TABLE_OUTPUT': 'csv_impedance_table', 'TXT_FAB_NOTES_OUTPUT': 'txt_fabrication_notes', 'TXT_ASSEMBLY_NOTES_OUTPUT': 'txt_assembly_notes', 'PNG_3D_VIEWER_TOP': 'png_3d_viewer_top', 'PNG_3D_VIEWER_BOTTOM': 'png_3d_viewer_bottom', 'PNG_3D_VIEWER_ANGLED_TOP': 'png_3d_viewer_angled_top', 'PNG_3D_VIEWER_ANGLED_BOTTOM': 'png_3d_viewer_angled_bottom', 'STEP_OUTPUT': 'step', 'BLENDER_OUTPUT': 'blender', 'PDF_SCHEMATIC_OUTPUT': 'pdf_schematic', 'PDF_FABRICATION_OUTPUT': 'pdf_fabrication', 'PDF_ASSEMBLY_OUTPUT': 'pdf_assembly', 'ZIP_COMPRESS_FAB_OUTPUT': 'zip_compress_fab', 'HTML_KICANVAS_OUTPUT': 'html_kicanvas', 'HTML_KIRI_OUTPUT': 'html_kiri', 'MD_README_OUTPUT': 'md_readme', 'HTML_NAV_RES_OUTPUT': 'html_navigate_results', 'DIR': 'Reports'} (kibot - config_reader.py:664)
DEBUG:- Updated definitions: {'CHECK_ZONE_FILLS': True, 'CATEGORY': 'Schematic', 'DIR': 'Reports', 'PROJECT_NAME': 'ALB/MLB test', 'BOARD_NAME': 'alb_mlb test', 'COMPANY': 'General Atomics EMS', 'DESIGNER': 'Marcus Reighter', 'LOGO': 'Logos/Logo.png', 'GIT_URL': 'https://github.com/emptyd0nkey/albmlb', 'STACKUP_TABLE_NOTE': 'external layer thicknesses are specified after plating', 'MPN_FIELD': 'Manufacturer Part Number', 'MAN_FIELD': 'Manufacturer', 'GROUP_ROUND_SLOTS': True, 'GROUP_PTH_NPTH': 'no', 'GROUP_PTH_NPTH_DRL': False, 'PLOT_REFS': True, 'COLOR_THEME': 'Altium_Theme', 'SHEET_WKS': '${KIPRJMOD}/Templates/KDT_Template_PCB_GIT_A4.kicad_wks', 'FAB_SCALING': 1, 'ASSEMBLY_SCALING': 1, 'EXCLUDE_REFS': '[MB*]', '3D_VIEWER_ROT_X': 2, '3D_VIEWER_ROT_Y': -1, '3D_VIEWER_ROT_Z': 1, '3D_VIEWER_ZOOM': -1, 'KEY_COLOR': '#00FF00', 'OUTPUT_DIR': './', 'REPORT_DIR': 'Reports', 'SCHEMATIC_DIR': 'Schematic', 'MANUFACTURING_DIR': 'Manufacturing', 'ASSEMBLY_DIR': '@MANUFACTURING_DIR@/Assembly', 'FABRICATION_DIR': '@MANUFACTURING_DIR@/Fabrication', 'GERBERS_DIR': '@FABRICATION_DIR@/Gerbers', 'FAB_DRILL_TABLES_DIR': '@FABRICATION_DIR@/Drill Tables', 'TESTING_DIR': 'Testing', 'TESTPOINTS_DIR': '@TESTING_DIR@/Testpoints', 'IMAGES_DIR': 'Images', '3D_DIR': '3D', 'RESOURCES_DIR': 'kibot_resources', 'REPORT_TEMPLATE_DIR': '@RESOURCES_DIR@/templates', 'SCRIPTS_DIR': '@RESOURCES_DIR@/scripts', 'LAYER_TITLE_PAGE': 'TitlePage', 'LAYER_DNP_TOP': 'F.DNP', 'LAYER_DNP_BOTTOM': 'B.DNP', 'LAYER_DRILL_MAP': 'DrillMap', 'LAYER_TP_LIST_TOP': 'F.TestPointList', 'LAYER_TP_LIST_BOTTOM': 'B.TestPointList', 'LAYER_ASSEMBLY_TEXT_TOP': 'F.AssemblyText', 'LAYER_ASSEMBLY_TEXT_BOTTOM': 'B.AssemblyText', 'LAYER_DNP_CROSS_TOP': 'F.DNP', 'LAYER_DNP_CROSS_BOTTOM': 'B.DNP', 'FILT_FIELD_RENAME': 'field_rename', 'FILT_TP_ONLY': 'only_testpoints', 'FILT_TP_EXCLUDE': 'exclude_testpoints', 'FILT_TP_TOP_ONLY': 'only_testpoints_top', 'FILT_TP_BOTTOM_ONLY': 'only_testpoints_bottom', 'SCH_VARIANT_OUTPUT': 'value_split', 'NETLIST_OUTPUT': 'netlist', 'GERBER_OUTPUT': 'gbr_gerbers', 'ODB_OUTPUT': 'zip_odb', 'EXCELLON_DRILL_OUTPUT': 'drl_excellon', 'PDF_DRILL_MAP_OUTPUT': 'pdf_drill_map', 'DXF_DRILL_MAP_OUTPUT': 'dxf_drill_map', 'CSV_DRILL_TABLE_OUTPUT': 'csv_drill_table', 'CSV_POS_OUTPUT': 'csv_position', 'CSV_TP_OUTPUT': 'csv_testpoints', 'CSV_TP_TOP_OUTPUT': 'csv_testpoints_top', 'CSV_TP_BOTTOM_OUTPUT': 'csv_testpoints_bottom', 'CSV_BOM_OUTPUT': 'csv_bom', 'XLSX_BOM_OUTPUT': 'xlsx_bom', 'HTML_IBOM_OUTPUT': 'html_bom_interactive', 'HTML_BOM_OUTPUT': 'html_bom', 'CSV_COMP_COUNT_OUPUT': 'csv_comp_count', 'CSV_IMPEDANCE_TABLE_OUTPUT': 'csv_impedance_table', 'TXT_FAB_NOTES_OUTPUT': 'txt_fabrication_notes', 'TXT_ASSEMBLY_NOTES_OUTPUT': 'txt_assembly_notes', 'PNG_3D_VIEWER_TOP': 'png_3d_viewer_top', 'PNG_3D_VIEWER_BOTTOM': 'png_3d_viewer_bottom', 'PNG_3D_VIEWER_ANGLED_TOP': 'png_3d_viewer_angled_top', 'PNG_3D_VIEWER_ANGLED_BOTTOM': 'png_3d_viewer_angled_bottom', 'STEP_OUTPUT': 'step', 'BLENDER_OUTPUT': 'blender', 'PDF_SCHEMATIC_OUTPUT': 'pdf_schematic', 'PDF_FABRICATION_OUTPUT': 'pdf_fabrication', 'PDF_ASSEMBLY_OUTPUT': 'pdf_assembly', 'ZIP_COMPRESS_FAB_OUTPUT': 'zip_compress_fab', 'HTML_KICANVAS_OUTPUT': 'html_kicanvas', 'HTML_KIRI_OUTPUT': 'html_kiri', 'MD_README_OUTPUT': 'md_readme', 'HTML_NAV_RES_OUTPUT': 'html_navigate_results'} (kibot - config_reader.py:667)
DEBUG:Applying preprocessor definitions (kibot - config_reader.py:672)
DEBUG:- Applying CLI definitions: {} (kibot - config_reader.py:679)
DEBUG:- Applying collected definitions: {'CHECK_ZONE_FILLS': True, 'CATEGORY': 'Schematic', 'DIR': 'Reports', 'PROJECT_NAME': 'ALB/MLB test', 'BOARD_NAME': 'alb_mlb test', 'COMPANY': 'General Atomics EMS', 'DESIGNER': 'Marcus Reighter', 'LOGO': 'Logos/Logo.png', 'GIT_URL': 'https://github.com/emptyd0nkey/albmlb', 'STACKUP_TABLE_NOTE': 'external layer thicknesses are specified after plating', 'MPN_FIELD': 'Manufacturer Part Number', 'MAN_FIELD': 'Manufacturer', 'GROUP_ROUND_SLOTS': True, 'GROUP_PTH_NPTH': 'no', 'GROUP_PTH_NPTH_DRL': False, 'PLOT_REFS': True, 'COLOR_THEME': 'Altium_Theme', 'SHEET_WKS': '${KIPRJMOD}/Templates/KDT_Template_PCB_GIT_A4.kicad_wks', 'FAB_SCALING': 1, 'ASSEMBLY_SCALING': 1, 'EXCLUDE_REFS': '[MB*]', '3D_VIEWER_ROT_X': 2, '3D_VIEWER_ROT_Y': -1, '3D_VIEWER_ROT_Z': 1, '3D_VIEWER_ZOOM': -1, 'KEY_COLOR': '#00FF00', 'OUTPUT_DIR': './', 'REPORT_DIR': 'Reports', 'SCHEMATIC_DIR': 'Schematic', 'MANUFACTURING_DIR': 'Manufacturing', 'ASSEMBLY_DIR': '@MANUFACTURING_DIR@/Assembly', 'FABRICATION_DIR': '@MANUFACTURING_DIR@/Fabrication', 'GERBERS_DIR': '@FABRICATION_DIR@/Gerbers', 'FAB_DRILL_TABLES_DIR': '@FABRICATION_DIR@/Drill Tables', 'TESTING_DIR': 'Testing', 'TESTPOINTS_DIR': '@TESTING_DIR@/Testpoints', 'IMAGES_DIR': 'Images', '3D_DIR': '3D', 'RESOURCES_DIR': 'kibot_resources', 'REPORT_TEMPLATE_DIR': '@RESOURCES_DIR@/templates', 'SCRIPTS_DIR': '@RESOURCES_DIR@/scripts', 'LAYER_TITLE_PAGE': 'TitlePage', 'LAYER_DNP_TOP': 'F.DNP', 'LAYER_DNP_BOTTOM': 'B.DNP', 'LAYER_DRILL_MAP': 'DrillMap', 'LAYER_TP_LIST_TOP': 'F.TestPointList', 'LAYER_TP_LIST_BOTTOM': 'B.TestPointList', 'LAYER_ASSEMBLY_TEXT_TOP': 'F.AssemblyText', 'LAYER_ASSEMBLY_TEXT_BOTTOM': 'B.AssemblyText', 'LAYER_DNP_CROSS_TOP': 'F.DNP', 'LAYER_DNP_CROSS_BOTTOM': 'B.DNP', 'FILT_FIELD_RENAME': 'field_rename', 'FILT_TP_ONLY': 'only_testpoints', 'FILT_TP_EXCLUDE': 'exclude_testpoints', 'FILT_TP_TOP_ONLY': 'only_testpoints_top', 'FILT_TP_BOTTOM_ONLY': 'only_testpoints_bottom', 'SCH_VARIANT_OUTPUT': 'value_split', 'NETLIST_OUTPUT': 'netlist', 'GERBER_OUTPUT': 'gbr_gerbers', 'ODB_OUTPUT': 'zip_odb', 'EXCELLON_DRILL_OUTPUT': 'drl_excellon', 'PDF_DRILL_MAP_OUTPUT': 'pdf_drill_map', 'DXF_DRILL_MAP_OUTPUT': 'dxf_drill_map', 'CSV_DRILL_TABLE_OUTPUT': 'csv_drill_table', 'CSV_POS_OUTPUT': 'csv_position', 'CSV_TP_OUTPUT': 'csv_testpoints', 'CSV_TP_TOP_OUTPUT': 'csv_testpoints_top', 'CSV_TP_BOTTOM_OUTPUT': 'csv_testpoints_bottom', 'CSV_BOM_OUTPUT': 'csv_bom', 'XLSX_BOM_OUTPUT': 'xlsx_bom', 'HTML_IBOM_OUTPUT': 'html_bom_interactive', 'HTML_BOM_OUTPUT': 'html_bom', 'CSV_COMP_COUNT_OUPUT': 'csv_comp_count', 'CSV_IMPEDANCE_TABLE_OUTPUT': 'csv_impedance_table', 'TXT_FAB_NOTES_OUTPUT': 'txt_fabrication_notes', 'TXT_ASSEMBLY_NOTES_OUTPUT': 'txt_assembly_notes', 'PNG_3D_VIEWER_TOP': 'png_3d_viewer_top', 'PNG_3D_VIEWER_BOTTOM': 'png_3d_viewer_bottom', 'PNG_3D_VIEWER_ANGLED_TOP': 'png_3d_viewer_angled_top', 'PNG_3D_VIEWER_ANGLED_BOTTOM': 'png_3d_viewer_angled_bottom', 'STEP_OUTPUT': 'step', 'BLENDER_OUTPUT': 'blender', 'PDF_SCHEMATIC_OUTPUT': 'pdf_schematic', 'PDF_FABRICATION_OUTPUT': 'pdf_fabrication', 'PDF_ASSEMBLY_OUTPUT': 'pdf_assembly', 'ZIP_COMPRESS_FAB_OUTPUT': 'zip_compress_fab', 'HTML_KICANVAS_OUTPUT': 'html_kicanvas', 'HTML_KIRI_OUTPUT': 'html_kiri', 'MD_README_OUTPUT': 'md_readme', 'HTML_NAV_RES_OUTPUT': 'html_navigate_results'} (kibot - config_reader.py:682)
DEBUG:- Replacing @CHECK_ZONE_FILLS@ -> true (<class 'str'>) (kibot - config_reader.py:80)
DEBUG:- Replacing @DIR@ -> Reports (<class 'str'>) (kibot - config_reader.py:80)
DEBUG:- Applying CLI definitions: {} (kibot - config_reader.py:679)
DEBUG:- Applying collected definitions: {'CHECK_ZONE_FILLS': True, 'CATEGORY': 'Schematic', 'DIR': 'Reports', 'PROJECT_NAME': 'ALB/MLB test', 'BOARD_NAME': 'alb_mlb test', 'COMPANY': 'General Atomics EMS', 'DESIGNER': 'Marcus Reighter', 'LOGO': 'Logos/Logo.png', 'GIT_URL': 'https://github.com/emptyd0nkey/albmlb', 'STACKUP_TABLE_NOTE': 'external layer thicknesses are specified after plating', 'MPN_FIELD': 'Manufacturer Part Number', 'MAN_FIELD': 'Manufacturer', 'GROUP_ROUND_SLOTS': True, 'GROUP_PTH_NPTH': 'no', 'GROUP_PTH_NPTH_DRL': False, 'PLOT_REFS': True, 'COLOR_THEME': 'Altium_Theme', 'SHEET_WKS': '${KIPRJMOD}/Templates/KDT_Template_PCB_GIT_A4.kicad_wks', 'FAB_SCALING': 1, 'ASSEMBLY_SCALING': 1, 'EXCLUDE_REFS': '[MB*]', '3D_VIEWER_ROT_X': 2, '3D_VIEWER_ROT_Y': -1, '3D_VIEWER_ROT_Z': 1, '3D_VIEWER_ZOOM': -1, 'KEY_COLOR': '#00FF00', 'OUTPUT_DIR': './', 'REPORT_DIR': 'Reports', 'SCHEMATIC_DIR': 'Schematic', 'MANUFACTURING_DIR': 'Manufacturing', 'ASSEMBLY_DIR': '@MANUFACTURING_DIR@/Assembly', 'FABRICATION_DIR': '@MANUFACTURING_DIR@/Fabrication', 'GERBERS_DIR': '@FABRICATION_DIR@/Gerbers', 'FAB_DRILL_TABLES_DIR': '@FABRICATION_DIR@/Drill Tables', 'TESTING_DIR': 'Testing', 'TESTPOINTS_DIR': '@TESTING_DIR@/Testpoints', 'IMAGES_DIR': 'Images', '3D_DIR': '3D', 'RESOURCES_DIR': 'kibot_resources', 'REPORT_TEMPLATE_DIR': '@RESOURCES_DIR@/templates', 'SCRIPTS_DIR': '@RESOURCES_DIR@/scripts', 'LAYER_TITLE_PAGE': 'TitlePage', 'LAYER_DNP_TOP': 'F.DNP', 'LAYER_DNP_BOTTOM': 'B.DNP', 'LAYER_DRILL_MAP': 'DrillMap', 'LAYER_TP_LIST_TOP': 'F.TestPointList', 'LAYER_TP_LIST_BOTTOM': 'B.TestPointList', 'LAYER_ASSEMBLY_TEXT_TOP': 'F.AssemblyText', 'LAYER_ASSEMBLY_TEXT_BOTTOM': 'B.AssemblyText', 'LAYER_DNP_CROSS_TOP': 'F.DNP', 'LAYER_DNP_CROSS_BOTTOM': 'B.DNP', 'FILT_FIELD_RENAME': 'field_rename', 'FILT_TP_ONLY': 'only_testpoints', 'FILT_TP_EXCLUDE': 'exclude_testpoints', 'FILT_TP_TOP_ONLY': 'only_testpoints_top', 'FILT_TP_BOTTOM_ONLY': 'only_testpoints_bottom', 'SCH_VARIANT_OUTPUT': 'value_split', 'NETLIST_OUTPUT': 'netlist', 'GERBER_OUTPUT': 'gbr_gerbers', 'ODB_OUTPUT': 'zip_odb', 'EXCELLON_DRILL_OUTPUT': 'drl_excellon', 'PDF_DRILL_MAP_OUTPUT': 'pdf_drill_map', 'DXF_DRILL_MAP_OUTPUT': 'dxf_drill_map', 'CSV_DRILL_TABLE_OUTPUT': 'csv_drill_table', 'CSV_POS_OUTPUT': 'csv_position', 'CSV_TP_OUTPUT': 'csv_testpoints', 'CSV_TP_TOP_OUTPUT': 'csv_testpoints_top', 'CSV_TP_BOTTOM_OUTPUT': 'csv_testpoints_bottom', 'CSV_BOM_OUTPUT': 'csv_bom', 'XLSX_BOM_OUTPUT': 'xlsx_bom', 'HTML_IBOM_OUTPUT': 'html_bom_interactive', 'HTML_BOM_OUTPUT': 'html_bom', 'CSV_COMP_COUNT_OUPUT': 'csv_comp_count', 'CSV_IMPEDANCE_TABLE_OUTPUT': 'csv_impedance_table', 'TXT_FAB_NOTES_OUTPUT': 'txt_fabrication_notes', 'TXT_ASSEMBLY_NOTES_OUTPUT': 'txt_assembly_notes', 'PNG_3D_VIEWER_TOP': 'png_3d_viewer_top', 'PNG_3D_VIEWER_BOTTOM': 'png_3d_viewer_bottom', 'PNG_3D_VIEWER_ANGLED_TOP': 'png_3d_viewer_angled_top', 'PNG_3D_VIEWER_ANGLED_BOTTOM': 'png_3d_viewer_angled_bottom', 'STEP_OUTPUT': 'step', 'BLENDER_OUTPUT': 'blender', 'PDF_SCHEMATIC_OUTPUT': 'pdf_schematic', 'PDF_FABRICATION_OUTPUT': 'pdf_fabrication', 'PDF_ASSEMBLY_OUTPUT': 'pdf_assembly', 'ZIP_COMPRESS_FAB_OUTPUT': 'zip_compress_fab', 'HTML_KICANVAS_OUTPUT': 'html_kicanvas', 'HTML_KIRI_OUTPUT': 'html_kiri', 'MD_README_OUTPUT': 'md_readme', 'HTML_NAV_RES_OUTPUT': 'html_navigate_results'} (kibot - config_reader.py:682)
DEBUG:YAML after expanding definitions:
# KiBot preflight for generating DRC reports
# https://kibot.readthedocs.io/en/latest/configuration/preflights/drc.html

kibot:
  version: 1

preflight:
  check_zone_fills: true
  drc:
    category: 'Reports'
    dir: 'Reports'
    dont_stop: true
    format: 'HTML, RPT'
    output: 'report_%f-%i%I%v.%x'

 (kibot - config_reader.py:688)
DEBUG:Parsing preflight options: {'check_zone_fills': True, 'drc': {'category': 'Reports', 'dir': 'Reports', 'dont_stop': True, 'format': 'HTML, RPT', 'output': 'report_%f-%i%I%v.%x'}} (kibot - config_reader.py:285)
DEBUG:Parsing preflight check_zone_fills (kibot - config_reader.py:294)
DEBUG:Parsing preflight drc (kibot - config_reader.py:294)
DEBUG:Preflights loaded from `kibot_yaml/kibot_pre_drc_report.yaml`: ['check_zone_fills', 'drc'] (kibot - config_reader.py:387)
DEBUG:Found local definitions (kibot - config_reader.py:653)
DEBUG:- Local definitions: {'GERBER_OUTPUT': 'gbr_gerbers', 'NOTE': 'external layer thicknesses are specified after plating'} (kibot - config_reader.py:663)
DEBUG:- Current definitions: {'PROJECT_NAME': 'ALB/MLB test', 'BOARD_NAME': 'alb_mlb test', 'COMPANY': 'General Atomics EMS', 'DESIGNER': 'Marcus Reighter', 'LOGO': 'Logos/Logo.png', 'GIT_URL': 'https://github.com/emptyd0nkey/albmlb', 'CHECK_ZONE_FILLS': True, 'STACKUP_TABLE_NOTE': 'external layer thicknesses are specified after plating', 'MPN_FIELD': 'Manufacturer Part Number', 'MAN_FIELD': 'Manufacturer', 'GROUP_ROUND_SLOTS': True, 'GROUP_PTH_NPTH': 'no', 'GROUP_PTH_NPTH_DRL': False, 'PLOT_REFS': True, 'COLOR_THEME': 'Altium_Theme', 'SHEET_WKS': '${KIPRJMOD}/Templates/KDT_Template_PCB_GIT_A4.kicad_wks', 'FAB_SCALING': 1, 'ASSEMBLY_SCALING': 1, 'EXCLUDE_REFS': '[MB*]', '3D_VIEWER_ROT_X': 2, '3D_VIEWER_ROT_Y': -1, '3D_VIEWER_ROT_Z': 1, '3D_VIEWER_ZOOM': -1, 'KEY_COLOR': '#00FF00', 'OUTPUT_DIR': './', 'REPORT_DIR': 'Reports', 'SCHEMATIC_DIR': 'Schematic', 'MANUFACTURING_DIR': 'Manufacturing', 'ASSEMBLY_DIR': '@MANUFACTURING_DIR@/Assembly', 'FABRICATION_DIR': '@MANUFACTURING_DIR@/Fabrication', 'GERBERS_DIR': '@FABRICATION_DIR@/Gerbers', 'FAB_DRILL_TABLES_DIR': '@FABRICATION_DIR@/Drill Tables', 'TESTING_DIR': 'Testing', 'TESTPOINTS_DIR': '@TESTING_DIR@/Testpoints', 'IMAGES_DIR': 'Images', '3D_DIR': '3D', 'RESOURCES_DIR': 'kibot_resources', 'REPORT_TEMPLATE_DIR': '@RESOURCES_DIR@/templates', 'SCRIPTS_DIR': '@RESOURCES_DIR@/scripts', 'LAYER_TITLE_PAGE': 'TitlePage', 'LAYER_DNP_TOP': 'F.DNP', 'LAYER_DNP_BOTTOM': 'B.DNP', 'LAYER_DRILL_MAP': 'DrillMap', 'LAYER_TP_LIST_TOP': 'F.TestPointList', 'LAYER_TP_LIST_BOTTOM': 'B.TestPointList', 'LAYER_ASSEMBLY_TEXT_TOP': 'F.AssemblyText', 'LAYER_ASSEMBLY_TEXT_BOTTOM': 'B.AssemblyText', 'LAYER_DNP_CROSS_TOP': 'F.DNP', 'LAYER_DNP_CROSS_BOTTOM': 'B.DNP', 'FILT_FIELD_RENAME': 'field_rename', 'FILT_TP_ONLY': 'only_testpoints', 'FILT_TP_EXCLUDE': 'exclude_testpoints', 'FILT_TP_TOP_ONLY': 'only_testpoints_top', 'FILT_TP_BOTTOM_ONLY': 'only_testpoints_bottom', 'SCH_VARIANT_OUTPUT': 'value_split', 'NETLIST_OUTPUT': 'netlist', 'GERBER_OUTPUT': 'gbr_gerbers', 'ODB_OUTPUT': 'zip_odb', 'EXCELLON_DRILL_OUTPUT': 'drl_excellon', 'PDF_DRILL_MAP_OUTPUT': 'pdf_drill_map', 'DXF_DRILL_MAP_OUTPUT': 'dxf_drill_map', 'CSV_DRILL_TABLE_OUTPUT': 'csv_drill_table', 'CSV_POS_OUTPUT': 'csv_position', 'CSV_TP_OUTPUT': 'csv_testpoints', 'CSV_TP_TOP_OUTPUT': 'csv_testpoints_top', 'CSV_TP_BOTTOM_OUTPUT': 'csv_testpoints_bottom', 'CSV_BOM_OUTPUT': 'csv_bom', 'XLSX_BOM_OUTPUT': 'xlsx_bom', 'HTML_IBOM_OUTPUT': 'html_bom_interactive', 'HTML_BOM_OUTPUT': 'html_bom', 'CSV_COMP_COUNT_OUPUT': 'csv_comp_count', 'CSV_IMPEDANCE_TABLE_OUTPUT': 'csv_impedance_table', 'TXT_FAB_NOTES_OUTPUT': 'txt_fabrication_notes', 'TXT_ASSEMBLY_NOTES_OUTPUT': 'txt_assembly_notes', 'PNG_3D_VIEWER_TOP': 'png_3d_viewer_top', 'PNG_3D_VIEWER_BOTTOM': 'png_3d_viewer_bottom', 'PNG_3D_VIEWER_ANGLED_TOP': 'png_3d_viewer_angled_top', 'PNG_3D_VIEWER_ANGLED_BOTTOM': 'png_3d_viewer_angled_bottom', 'STEP_OUTPUT': 'step', 'BLENDER_OUTPUT': 'blender', 'PDF_SCHEMATIC_OUTPUT': 'pdf_schematic', 'PDF_FABRICATION_OUTPUT': 'pdf_fabrication', 'PDF_ASSEMBLY_OUTPUT': 'pdf_assembly', 'ZIP_COMPRESS_FAB_OUTPUT': 'zip_compress_fab', 'HTML_KICANVAS_OUTPUT': 'html_kicanvas', 'HTML_KIRI_OUTPUT': 'html_kiri', 'MD_README_OUTPUT': 'md_readme', 'HTML_NAV_RES_OUTPUT': 'html_navigate_results', 'NOTE': 'external layer thicknesses are specified after plating'} (kibot - config_reader.py:664)
DEBUG:- Updated definitions: {'GERBER_OUTPUT': 'gbr_gerbers', 'NOTE': 'external layer thicknesses are specified after plating', 'PROJECT_NAME': 'ALB/MLB test', 'BOARD_NAME': 'alb_mlb test', 'COMPANY': 'General Atomics EMS', 'DESIGNER': 'Marcus Reighter', 'LOGO': 'Logos/Logo.png', 'GIT_URL': 'https://github.com/emptyd0nkey/albmlb', 'CHECK_ZONE_FILLS': True, 'STACKUP_TABLE_NOTE': 'external layer thicknesses are specified after plating', 'MPN_FIELD': 'Manufacturer Part Number', 'MAN_FIELD': 'Manufacturer', 'GROUP_ROUND_SLOTS': True, 'GROUP_PTH_NPTH': 'no', 'GROUP_PTH_NPTH_DRL': False, 'PLOT_REFS': True, 'COLOR_THEME': 'Altium_Theme', 'SHEET_WKS': '${KIPRJMOD}/Templates/KDT_Template_PCB_GIT_A4.kicad_wks', 'FAB_SCALING': 1, 'ASSEMBLY_SCALING': 1, 'EXCLUDE_REFS': '[MB*]', '3D_VIEWER_ROT_X': 2, '3D_VIEWER_ROT_Y': -1, '3D_VIEWER_ROT_Z': 1, '3D_VIEWER_ZOOM': -1, 'KEY_COLOR': '#00FF00', 'OUTPUT_DIR': './', 'REPORT_DIR': 'Reports', 'SCHEMATIC_DIR': 'Schematic', 'MANUFACTURING_DIR': 'Manufacturing', 'ASSEMBLY_DIR': '@MANUFACTURING_DIR@/Assembly', 'FABRICATION_DIR': '@MANUFACTURING_DIR@/Fabrication', 'GERBERS_DIR': '@FABRICATION_DIR@/Gerbers', 'FAB_DRILL_TABLES_DIR': '@FABRICATION_DIR@/Drill Tables', 'TESTING_DIR': 'Testing', 'TESTPOINTS_DIR': '@TESTING_DIR@/Testpoints', 'IMAGES_DIR': 'Images', '3D_DIR': '3D', 'RESOURCES_DIR': 'kibot_resources', 'REPORT_TEMPLATE_DIR': '@RESOURCES_DIR@/templates', 'SCRIPTS_DIR': '@RESOURCES_DIR@/scripts', 'LAYER_TITLE_PAGE': 'TitlePage', 'LAYER_DNP_TOP': 'F.DNP', 'LAYER_DNP_BOTTOM': 'B.DNP', 'LAYER_DRILL_MAP': 'DrillMap', 'LAYER_TP_LIST_TOP': 'F.TestPointList', 'LAYER_TP_LIST_BOTTOM': 'B.TestPointList', 'LAYER_ASSEMBLY_TEXT_TOP': 'F.AssemblyText', 'LAYER_ASSEMBLY_TEXT_BOTTOM': 'B.AssemblyText', 'LAYER_DNP_CROSS_TOP': 'F.DNP', 'LAYER_DNP_CROSS_BOTTOM': 'B.DNP', 'FILT_FIELD_RENAME': 'field_rename', 'FILT_TP_ONLY': 'only_testpoints', 'FILT_TP_EXCLUDE': 'exclude_testpoints', 'FILT_TP_TOP_ONLY': 'only_testpoints_top', 'FILT_TP_BOTTOM_ONLY': 'only_testpoints_bottom', 'SCH_VARIANT_OUTPUT': 'value_split', 'NETLIST_OUTPUT': 'netlist', 'ODB_OUTPUT': 'zip_odb', 'EXCELLON_DRILL_OUTPUT': 'drl_excellon', 'PDF_DRILL_MAP_OUTPUT': 'pdf_drill_map', 'DXF_DRILL_MAP_OUTPUT': 'dxf_drill_map', 'CSV_DRILL_TABLE_OUTPUT': 'csv_drill_table', 'CSV_POS_OUTPUT': 'csv_position', 'CSV_TP_OUTPUT': 'csv_testpoints', 'CSV_TP_TOP_OUTPUT': 'csv_testpoints_top', 'CSV_TP_BOTTOM_OUTPUT': 'csv_testpoints_bottom', 'CSV_BOM_OUTPUT': 'csv_bom', 'XLSX_BOM_OUTPUT': 'xlsx_bom', 'HTML_IBOM_OUTPUT': 'html_bom_interactive', 'HTML_BOM_OUTPUT': 'html_bom', 'CSV_COMP_COUNT_OUPUT': 'csv_comp_count', 'CSV_IMPEDANCE_TABLE_OUTPUT': 'csv_impedance_table', 'TXT_FAB_NOTES_OUTPUT': 'txt_fabrication_notes', 'TXT_ASSEMBLY_NOTES_OUTPUT': 'txt_assembly_notes', 'PNG_3D_VIEWER_TOP': 'png_3d_viewer_top', 'PNG_3D_VIEWER_BOTTOM': 'png_3d_viewer_bottom', 'PNG_3D_VIEWER_ANGLED_TOP': 'png_3d_viewer_angled_top', 'PNG_3D_VIEWER_ANGLED_BOTTOM': 'png_3d_viewer_angled_bottom', 'STEP_OUTPUT': 'step', 'BLENDER_OUTPUT': 'blender', 'PDF_SCHEMATIC_OUTPUT': 'pdf_schematic', 'PDF_FABRICATION_OUTPUT': 'pdf_fabrication', 'PDF_ASSEMBLY_OUTPUT': 'pdf_assembly', 'ZIP_COMPRESS_FAB_OUTPUT': 'zip_compress_fab', 'HTML_KICANVAS_OUTPUT': 'html_kicanvas', 'HTML_KIRI_OUTPUT': 'html_kiri', 'MD_README_OUTPUT': 'md_readme', 'HTML_NAV_RES_OUTPUT': 'html_navigate_results'} (kibot - config_reader.py:667)
DEBUG:Applying preprocessor definitions (kibot - config_reader.py:672)
DEBUG:- Applying CLI definitions: {} (kibot - config_reader.py:679)
DEBUG:- Applying collected definitions: {'GERBER_OUTPUT': 'gbr_gerbers', 'NOTE': 'external layer thicknesses are specified after plating', 'PROJECT_NAME': 'ALB/MLB test', 'BOARD_NAME': 'alb_mlb test', 'COMPANY': 'General Atomics EMS', 'DESIGNER': 'Marcus Reighter', 'LOGO': 'Logos/Logo.png', 'GIT_URL': 'https://github.com/emptyd0nkey/albmlb', 'CHECK_ZONE_FILLS': True, 'STACKUP_TABLE_NOTE': 'external layer thicknesses are specified after plating', 'MPN_FIELD': 'Manufacturer Part Number', 'MAN_FIELD': 'Manufacturer', 'GROUP_ROUND_SLOTS': True, 'GROUP_PTH_NPTH': 'no', 'GROUP_PTH_NPTH_DRL': False, 'PLOT_REFS': True, 'COLOR_THEME': 'Altium_Theme', 'SHEET_WKS': '${KIPRJMOD}/Templates/KDT_Template_PCB_GIT_A4.kicad_wks', 'FAB_SCALING': 1, 'ASSEMBLY_SCALING': 1, 'EXCLUDE_REFS': '[MB*]', '3D_VIEWER_ROT_X': 2, '3D_VIEWER_ROT_Y': -1, '3D_VIEWER_ROT_Z': 1, '3D_VIEWER_ZOOM': -1, 'KEY_COLOR': '#00FF00', 'OUTPUT_DIR': './', 'REPORT_DIR': 'Reports', 'SCHEMATIC_DIR': 'Schematic', 'MANUFACTURING_DIR': 'Manufacturing', 'ASSEMBLY_DIR': '@MANUFACTURING_DIR@/Assembly', 'FABRICATION_DIR': '@MANUFACTURING_DIR@/Fabrication', 'GERBERS_DIR': '@FABRICATION_DIR@/Gerbers', 'FAB_DRILL_TABLES_DIR': '@FABRICATION_DIR@/Drill Tables', 'TESTING_DIR': 'Testing', 'TESTPOINTS_DIR': '@TESTING_DIR@/Testpoints', 'IMAGES_DIR': 'Images', '3D_DIR': '3D', 'RESOURCES_DIR': 'kibot_resources', 'REPORT_TEMPLATE_DIR': '@RESOURCES_DIR@/templates', 'SCRIPTS_DIR': '@RESOURCES_DIR@/scripts', 'LAYER_TITLE_PAGE': 'TitlePage', 'LAYER_DNP_TOP': 'F.DNP', 'LAYER_DNP_BOTTOM': 'B.DNP', 'LAYER_DRILL_MAP': 'DrillMap', 'LAYER_TP_LIST_TOP': 'F.TestPointList', 'LAYER_TP_LIST_BOTTOM': 'B.TestPointList', 'LAYER_ASSEMBLY_TEXT_TOP': 'F.AssemblyText', 'LAYER_ASSEMBLY_TEXT_BOTTOM': 'B.AssemblyText', 'LAYER_DNP_CROSS_TOP': 'F.DNP', 'LAYER_DNP_CROSS_BOTTOM': 'B.DNP', 'FILT_FIELD_RENAME': 'field_rename', 'FILT_TP_ONLY': 'only_testpoints', 'FILT_TP_EXCLUDE': 'exclude_testpoints', 'FILT_TP_TOP_ONLY': 'only_testpoints_top', 'FILT_TP_BOTTOM_ONLY': 'only_testpoints_bottom', 'SCH_VARIANT_OUTPUT': 'value_split', 'NETLIST_OUTPUT': 'netlist', 'ODB_OUTPUT': 'zip_odb', 'EXCELLON_DRILL_OUTPUT': 'drl_excellon', 'PDF_DRILL_MAP_OUTPUT': 'pdf_drill_map', 'DXF_DRILL_MAP_OUTPUT': 'dxf_drill_map', 'CSV_DRILL_TABLE_OUTPUT': 'csv_drill_table', 'CSV_POS_OUTPUT': 'csv_position', 'CSV_TP_OUTPUT': 'csv_testpoints', 'CSV_TP_TOP_OUTPUT': 'csv_testpoints_top', 'CSV_TP_BOTTOM_OUTPUT': 'csv_testpoints_bottom', 'CSV_BOM_OUTPUT': 'csv_bom', 'XLSX_BOM_OUTPUT': 'xlsx_bom', 'HTML_IBOM_OUTPUT': 'html_bom_interactive', 'HTML_BOM_OUTPUT': 'html_bom', 'CSV_COMP_COUNT_OUPUT': 'csv_comp_count', 'CSV_IMPEDANCE_TABLE_OUTPUT': 'csv_impedance_table', 'TXT_FAB_NOTES_OUTPUT': 'txt_fabrication_notes', 'TXT_ASSEMBLY_NOTES_OUTPUT': 'txt_assembly_notes', 'PNG_3D_VIEWER_TOP': 'png_3d_viewer_top', 'PNG_3D_VIEWER_BOTTOM': 'png_3d_viewer_bottom', 'PNG_3D_VIEWER_ANGLED_TOP': 'png_3d_viewer_angled_top', 'PNG_3D_VIEWER_ANGLED_BOTTOM': 'png_3d_viewer_angled_bottom', 'STEP_OUTPUT': 'step', 'BLENDER_OUTPUT': 'blender', 'PDF_SCHEMATIC_OUTPUT': 'pdf_schematic', 'PDF_FABRICATION_OUTPUT': 'pdf_fabrication', 'PDF_ASSEMBLY_OUTPUT': 'pdf_assembly', 'ZIP_COMPRESS_FAB_OUTPUT': 'zip_compress_fab', 'HTML_KICANVAS_OUTPUT': 'html_kicanvas', 'HTML_KIRI_OUTPUT': 'html_kiri', 'MD_README_OUTPUT': 'md_readme', 'HTML_NAV_RES_OUTPUT': 'html_navigate_results'} (kibot - config_reader.py:682)
DEBUG:- Replacing @GERBER_OUTPUT@ -> gbr_gerbers (<class 'str'>) (kibot - config_reader.py:80)
DEBUG:- Replacing @NOTE@ -> external layer thicknesses are specified after plating (<class 'str'>) (kibot - config_reader.py:80)
DEBUG:- Applying CLI definitions: {} (kibot - config_reader.py:679)
DEBUG:- Applying collected definitions: {'GERBER_OUTPUT': 'gbr_gerbers', 'NOTE': 'external layer thicknesses are specified after plating', 'PROJECT_NAME': 'ALB/MLB test', 'BOARD_NAME': 'alb_mlb test', 'COMPANY': 'General Atomics EMS', 'DESIGNER': 'Marcus Reighter', 'LOGO': 'Logos/Logo.png', 'GIT_URL': 'https://github.com/emptyd0nkey/albmlb', 'CHECK_ZONE_FILLS': True, 'STACKUP_TABLE_NOTE': 'external layer thicknesses are specified after plating', 'MPN_FIELD': 'Manufacturer Part Number', 'MAN_FIELD': 'Manufacturer', 'GROUP_ROUND_SLOTS': True, 'GROUP_PTH_NPTH': 'no', 'GROUP_PTH_NPTH_DRL': False, 'PLOT_REFS': True, 'COLOR_THEME': 'Altium_Theme', 'SHEET_WKS': '${KIPRJMOD}/Templates/KDT_Template_PCB_GIT_A4.kicad_wks', 'FAB_SCALING': 1, 'ASSEMBLY_SCALING': 1, 'EXCLUDE_REFS': '[MB*]', '3D_VIEWER_ROT_X': 2, '3D_VIEWER_ROT_Y': -1, '3D_VIEWER_ROT_Z': 1, '3D_VIEWER_ZOOM': -1, 'KEY_COLOR': '#00FF00', 'OUTPUT_DIR': './', 'REPORT_DIR': 'Reports', 'SCHEMATIC_DIR': 'Schematic', 'MANUFACTURING_DIR': 'Manufacturing', 'ASSEMBLY_DIR': '@MANUFACTURING_DIR@/Assembly', 'FABRICATION_DIR': '@MANUFACTURING_DIR@/Fabrication', 'GERBERS_DIR': '@FABRICATION_DIR@/Gerbers', 'FAB_DRILL_TABLES_DIR': '@FABRICATION_DIR@/Drill Tables', 'TESTING_DIR': 'Testing', 'TESTPOINTS_DIR': '@TESTING_DIR@/Testpoints', 'IMAGES_DIR': 'Images', '3D_DIR': '3D', 'RESOURCES_DIR': 'kibot_resources', 'REPORT_TEMPLATE_DIR': '@RESOURCES_DIR@/templates', 'SCRIPTS_DIR': '@RESOURCES_DIR@/scripts', 'LAYER_TITLE_PAGE': 'TitlePage', 'LAYER_DNP_TOP': 'F.DNP', 'LAYER_DNP_BOTTOM': 'B.DNP', 'LAYER_DRILL_MAP': 'DrillMap', 'LAYER_TP_LIST_TOP': 'F.TestPointList', 'LAYER_TP_LIST_BOTTOM': 'B.TestPointList', 'LAYER_ASSEMBLY_TEXT_TOP': 'F.AssemblyText', 'LAYER_ASSEMBLY_TEXT_BOTTOM': 'B.AssemblyText', 'LAYER_DNP_CROSS_TOP': 'F.DNP', 'LAYER_DNP_CROSS_BOTTOM': 'B.DNP', 'FILT_FIELD_RENAME': 'field_rename', 'FILT_TP_ONLY': 'only_testpoints', 'FILT_TP_EXCLUDE': 'exclude_testpoints', 'FILT_TP_TOP_ONLY': 'only_testpoints_top', 'FILT_TP_BOTTOM_ONLY': 'only_testpoints_bottom', 'SCH_VARIANT_OUTPUT': 'value_split', 'NETLIST_OUTPUT': 'netlist', 'ODB_OUTPUT': 'zip_odb', 'EXCELLON_DRILL_OUTPUT': 'drl_excellon', 'PDF_DRILL_MAP_OUTPUT': 'pdf_drill_map', 'DXF_DRILL_MAP_OUTPUT': 'dxf_drill_map', 'CSV_DRILL_TABLE_OUTPUT': 'csv_drill_table', 'CSV_POS_OUTPUT': 'csv_position', 'CSV_TP_OUTPUT': 'csv_testpoints', 'CSV_TP_TOP_OUTPUT': 'csv_testpoints_top', 'CSV_TP_BOTTOM_OUTPUT': 'csv_testpoints_bottom', 'CSV_BOM_OUTPUT': 'csv_bom', 'XLSX_BOM_OUTPUT': 'xlsx_bom', 'HTML_IBOM_OUTPUT': 'html_bom_interactive', 'HTML_BOM_OUTPUT': 'html_bom', 'CSV_COMP_COUNT_OUPUT': 'csv_comp_count', 'CSV_IMPEDANCE_TABLE_OUTPUT': 'csv_impedance_table', 'TXT_FAB_NOTES_OUTPUT': 'txt_fabrication_notes', 'TXT_ASSEMBLY_NOTES_OUTPUT': 'txt_assembly_notes', 'PNG_3D_VIEWER_TOP': 'png_3d_viewer_top', 'PNG_3D_VIEWER_BOTTOM': 'png_3d_viewer_bottom', 'PNG_3D_VIEWER_ANGLED_TOP': 'png_3d_viewer_angled_top', 'PNG_3D_VIEWER_ANGLED_BOTTOM': 'png_3d_viewer_angled_bottom', 'STEP_OUTPUT': 'step', 'BLENDER_OUTPUT': 'blender', 'PDF_SCHEMATIC_OUTPUT': 'pdf_schematic', 'PDF_FABRICATION_OUTPUT': 'pdf_fabrication', 'PDF_ASSEMBLY_OUTPUT': 'pdf_assembly', 'ZIP_COMPRESS_FAB_OUTPUT': 'zip_compress_fab', 'HTML_KICANVAS_OUTPUT': 'html_kicanvas', 'HTML_KIRI_OUTPUT': 'html_kiri', 'MD_README_OUTPUT': 'md_readme', 'HTML_NAV_RES_OUTPUT': 'html_navigate_results'} (kibot - config_reader.py:682)
DEBUG:YAML after expanding definitions:
# KiBot preflight for Draw Fancy Stackup feature
# https://kibot.readthedocs.io/en/latest/configuration/preflights/draw_fancy_stackup.html

kibot:
  version: 1

preflight:
  update_xml: true
  draw_fancy_stackup:
    gerber: 'gbr_gerbers'
    gerber_extension_only: True
    draw_stackup: True
    draw_vias: True
    columns:
      - 'material'
      - 'layer'
      - 'thickness'
      - 'dielectric'
      - 'layer_type'
      - 'gerber'
    note: 'external layer thicknesses are specified after plating'

 (kibot - config_reader.py:688)
DEBUG:Parsing preflight options: {'update_xml': True, 'draw_fancy_stackup': {'gerber': 'gbr_gerbers', 'gerber_extension_only': True, 'draw_stackup': True, 'draw_vias': True, 'columns': ['material', 'layer', 'thickness', 'dielectric', 'layer_type', 'gerber'], 'note': 'external layer thicknesses are specified after plating'}} (kibot - config_reader.py:285)
DEBUG:Parsing preflight update_xml (kibot - config_reader.py:294)
DEBUG:Parsing preflight draw_fancy_stackup (kibot - config_reader.py:294)
DEBUG:Preflights loaded from `kibot_yaml/kibot_pre_draw_stackup.yaml`: ['update_xml', 'draw_fancy_stackup'] (kibot - config_reader.py:387)
DEBUG:Found local definitions (kibot - config_reader.py:653)
DEBUG:- Local definitions: {'NAME': 'netlist', 'COMMENT': 'Schematic netlist in KiCad format'} (kibot - config_reader.py:663)
DEBUG:- Current definitions: {'PROJECT_NAME': 'ALB/MLB test', 'BOARD_NAME': 'alb_mlb test', 'COMPANY': 'General Atomics EMS', 'DESIGNER': 'Marcus Reighter', 'LOGO': 'Logos/Logo.png', 'GIT_URL': 'https://github.com/emptyd0nkey/albmlb', 'CHECK_ZONE_FILLS': True, 'STACKUP_TABLE_NOTE': 'external layer thicknesses are specified after plating', 'MPN_FIELD': 'Manufacturer Part Number', 'MAN_FIELD': 'Manufacturer', 'GROUP_ROUND_SLOTS': True, 'GROUP_PTH_NPTH': 'no', 'GROUP_PTH_NPTH_DRL': False, 'PLOT_REFS': True, 'COLOR_THEME': 'Altium_Theme', 'SHEET_WKS': '${KIPRJMOD}/Templates/KDT_Template_PCB_GIT_A4.kicad_wks', 'FAB_SCALING': 1, 'ASSEMBLY_SCALING': 1, 'EXCLUDE_REFS': '[MB*]', '3D_VIEWER_ROT_X': 2, '3D_VIEWER_ROT_Y': -1, '3D_VIEWER_ROT_Z': 1, '3D_VIEWER_ZOOM': -1, 'KEY_COLOR': '#00FF00', 'OUTPUT_DIR': './', 'REPORT_DIR': 'Reports', 'SCHEMATIC_DIR': 'Schematic', 'MANUFACTURING_DIR': 'Manufacturing', 'ASSEMBLY_DIR': '@MANUFACTURING_DIR@/Assembly', 'FABRICATION_DIR': '@MANUFACTURING_DIR@/Fabrication', 'GERBERS_DIR': '@FABRICATION_DIR@/Gerbers', 'FAB_DRILL_TABLES_DIR': '@FABRICATION_DIR@/Drill Tables', 'TESTING_DIR': 'Testing', 'TESTPOINTS_DIR': '@TESTING_DIR@/Testpoints', 'IMAGES_DIR': 'Images', '3D_DIR': '3D', 'RESOURCES_DIR': 'kibot_resources', 'REPORT_TEMPLATE_DIR': '@RESOURCES_DIR@/templates', 'SCRIPTS_DIR': '@RESOURCES_DIR@/scripts', 'LAYER_TITLE_PAGE': 'TitlePage', 'LAYER_DNP_TOP': 'F.DNP', 'LAYER_DNP_BOTTOM': 'B.DNP', 'LAYER_DRILL_MAP': 'DrillMap', 'LAYER_TP_LIST_TOP': 'F.TestPointList', 'LAYER_TP_LIST_BOTTOM': 'B.TestPointList', 'LAYER_ASSEMBLY_TEXT_TOP': 'F.AssemblyText', 'LAYER_ASSEMBLY_TEXT_BOTTOM': 'B.AssemblyText', 'LAYER_DNP_CROSS_TOP': 'F.DNP', 'LAYER_DNP_CROSS_BOTTOM': 'B.DNP', 'FILT_FIELD_RENAME': 'field_rename', 'FILT_TP_ONLY': 'only_testpoints', 'FILT_TP_EXCLUDE': 'exclude_testpoints', 'FILT_TP_TOP_ONLY': 'only_testpoints_top', 'FILT_TP_BOTTOM_ONLY': 'only_testpoints_bottom', 'SCH_VARIANT_OUTPUT': 'value_split', 'NETLIST_OUTPUT': 'netlist', 'GERBER_OUTPUT': 'gbr_gerbers', 'ODB_OUTPUT': 'zip_odb', 'EXCELLON_DRILL_OUTPUT': 'drl_excellon', 'PDF_DRILL_MAP_OUTPUT': 'pdf_drill_map', 'DXF_DRILL_MAP_OUTPUT': 'dxf_drill_map', 'CSV_DRILL_TABLE_OUTPUT': 'csv_drill_table', 'CSV_POS_OUTPUT': 'csv_position', 'CSV_TP_OUTPUT': 'csv_testpoints', 'CSV_TP_TOP_OUTPUT': 'csv_testpoints_top', 'CSV_TP_BOTTOM_OUTPUT': 'csv_testpoints_bottom', 'CSV_BOM_OUTPUT': 'csv_bom', 'XLSX_BOM_OUTPUT': 'xlsx_bom', 'HTML_IBOM_OUTPUT': 'html_bom_interactive', 'HTML_BOM_OUTPUT': 'html_bom', 'CSV_COMP_COUNT_OUPUT': 'csv_comp_count', 'CSV_IMPEDANCE_TABLE_OUTPUT': 'csv_impedance_table', 'TXT_FAB_NOTES_OUTPUT': 'txt_fabrication_notes', 'TXT_ASSEMBLY_NOTES_OUTPUT': 'txt_assembly_notes', 'PNG_3D_VIEWER_TOP': 'png_3d_viewer_top', 'PNG_3D_VIEWER_BOTTOM': 'png_3d_viewer_bottom', 'PNG_3D_VIEWER_ANGLED_TOP': 'png_3d_viewer_angled_top', 'PNG_3D_VIEWER_ANGLED_BOTTOM': 'png_3d_viewer_angled_bottom', 'STEP_OUTPUT': 'step', 'BLENDER_OUTPUT': 'blender', 'PDF_SCHEMATIC_OUTPUT': 'pdf_schematic', 'PDF_FABRICATION_OUTPUT': 'pdf_fabrication', 'PDF_ASSEMBLY_OUTPUT': 'pdf_assembly', 'ZIP_COMPRESS_FAB_OUTPUT': 'zip_compress_fab', 'HTML_KICANVAS_OUTPUT': 'html_kicanvas', 'HTML_KIRI_OUTPUT': 'html_kiri', 'MD_README_OUTPUT': 'md_readme', 'HTML_NAV_RES_OUTPUT': 'html_navigate_results', 'NAME': 'netlist', 'COMMENT': 'Schematic netlist in KiCad format'} (kibot - config_reader.py:664)
DEBUG:- Updated definitions: {'NAME': 'netlist', 'COMMENT': 'Schematic netlist in KiCad format', 'PROJECT_NAME': 'ALB/MLB test', 'BOARD_NAME': 'alb_mlb test', 'COMPANY': 'General Atomics EMS', 'DESIGNER': 'Marcus Reighter', 'LOGO': 'Logos/Logo.png', 'GIT_URL': 'https://github.com/emptyd0nkey/albmlb', 'CHECK_ZONE_FILLS': True, 'STACKUP_TABLE_NOTE': 'external layer thicknesses are specified after plating', 'MPN_FIELD': 'Manufacturer Part Number', 'MAN_FIELD': 'Manufacturer', 'GROUP_ROUND_SLOTS': True, 'GROUP_PTH_NPTH': 'no', 'GROUP_PTH_NPTH_DRL': False, 'PLOT_REFS': True, 'COLOR_THEME': 'Altium_Theme', 'SHEET_WKS': '${KIPRJMOD}/Templates/KDT_Template_PCB_GIT_A4.kicad_wks', 'FAB_SCALING': 1, 'ASSEMBLY_SCALING': 1, 'EXCLUDE_REFS': '[MB*]', '3D_VIEWER_ROT_X': 2, '3D_VIEWER_ROT_Y': -1, '3D_VIEWER_ROT_Z': 1, '3D_VIEWER_ZOOM': -1, 'KEY_COLOR': '#00FF00', 'OUTPUT_DIR': './', 'REPORT_DIR': 'Reports', 'SCHEMATIC_DIR': 'Schematic', 'MANUFACTURING_DIR': 'Manufacturing', 'ASSEMBLY_DIR': '@MANUFACTURING_DIR@/Assembly', 'FABRICATION_DIR': '@MANUFACTURING_DIR@/Fabrication', 'GERBERS_DIR': '@FABRICATION_DIR@/Gerbers', 'FAB_DRILL_TABLES_DIR': '@FABRICATION_DIR@/Drill Tables', 'TESTING_DIR': 'Testing', 'TESTPOINTS_DIR': '@TESTING_DIR@/Testpoints', 'IMAGES_DIR': 'Images', '3D_DIR': '3D', 'RESOURCES_DIR': 'kibot_resources', 'REPORT_TEMPLATE_DIR': '@RESOURCES_DIR@/templates', 'SCRIPTS_DIR': '@RESOURCES_DIR@/scripts', 'LAYER_TITLE_PAGE': 'TitlePage', 'LAYER_DNP_TOP': 'F.DNP', 'LAYER_DNP_BOTTOM': 'B.DNP', 'LAYER_DRILL_MAP': 'DrillMap', 'LAYER_TP_LIST_TOP': 'F.TestPointList', 'LAYER_TP_LIST_BOTTOM': 'B.TestPointList', 'LAYER_ASSEMBLY_TEXT_TOP': 'F.AssemblyText', 'LAYER_ASSEMBLY_TEXT_BOTTOM': 'B.AssemblyText', 'LAYER_DNP_CROSS_TOP': 'F.DNP', 'LAYER_DNP_CROSS_BOTTOM': 'B.DNP', 'FILT_FIELD_RENAME': 'field_rename', 'FILT_TP_ONLY': 'only_testpoints', 'FILT_TP_EXCLUDE': 'exclude_testpoints', 'FILT_TP_TOP_ONLY': 'only_testpoints_top', 'FILT_TP_BOTTOM_ONLY': 'only_testpoints_bottom', 'SCH_VARIANT_OUTPUT': 'value_split', 'NETLIST_OUTPUT': 'netlist', 'GERBER_OUTPUT': 'gbr_gerbers', 'ODB_OUTPUT': 'zip_odb', 'EXCELLON_DRILL_OUTPUT': 'drl_excellon', 'PDF_DRILL_MAP_OUTPUT': 'pdf_drill_map', 'DXF_DRILL_MAP_OUTPUT': 'dxf_drill_map', 'CSV_DRILL_TABLE_OUTPUT': 'csv_drill_table', 'CSV_POS_OUTPUT': 'csv_position', 'CSV_TP_OUTPUT': 'csv_testpoints', 'CSV_TP_TOP_OUTPUT': 'csv_testpoints_top', 'CSV_TP_BOTTOM_OUTPUT': 'csv_testpoints_bottom', 'CSV_BOM_OUTPUT': 'csv_bom', 'XLSX_BOM_OUTPUT': 'xlsx_bom', 'HTML_IBOM_OUTPUT': 'html_bom_interactive', 'HTML_BOM_OUTPUT': 'html_bom', 'CSV_COMP_COUNT_OUPUT': 'csv_comp_count', 'CSV_IMPEDANCE_TABLE_OUTPUT': 'csv_impedance_table', 'TXT_FAB_NOTES_OUTPUT': 'txt_fabrication_notes', 'TXT_ASSEMBLY_NOTES_OUTPUT': 'txt_assembly_notes', 'PNG_3D_VIEWER_TOP': 'png_3d_viewer_top', 'PNG_3D_VIEWER_BOTTOM': 'png_3d_viewer_bottom', 'PNG_3D_VIEWER_ANGLED_TOP': 'png_3d_viewer_angled_top', 'PNG_3D_VIEWER_ANGLED_BOTTOM': 'png_3d_viewer_angled_bottom', 'STEP_OUTPUT': 'step', 'BLENDER_OUTPUT': 'blender', 'PDF_SCHEMATIC_OUTPUT': 'pdf_schematic', 'PDF_FABRICATION_OUTPUT': 'pdf_fabrication', 'PDF_ASSEMBLY_OUTPUT': 'pdf_assembly', 'ZIP_COMPRESS_FAB_OUTPUT': 'zip_compress_fab', 'HTML_KICANVAS_OUTPUT': 'html_kicanvas', 'HTML_KIRI_OUTPUT': 'html_kiri', 'MD_README_OUTPUT': 'md_readme', 'HTML_NAV_RES_OUTPUT': 'html_navigate_results'} (kibot - config_reader.py:667)
DEBUG:Applying preprocessor definitions (kibot - config_reader.py:672)
DEBUG:- Applying CLI definitions: {} (kibot - config_reader.py:679)
DEBUG:- Applying collected definitions: {'NAME': 'netlist', 'COMMENT': 'Schematic netlist in KiCad format', 'PROJECT_NAME': 'ALB/MLB test', 'BOARD_NAME': 'alb_mlb test', 'COMPANY': 'General Atomics EMS', 'DESIGNER': 'Marcus Reighter', 'LOGO': 'Logos/Logo.png', 'GIT_URL': 'https://github.com/emptyd0nkey/albmlb', 'CHECK_ZONE_FILLS': True, 'STACKUP_TABLE_NOTE': 'external layer thicknesses are specified after plating', 'MPN_FIELD': 'Manufacturer Part Number', 'MAN_FIELD': 'Manufacturer', 'GROUP_ROUND_SLOTS': True, 'GROUP_PTH_NPTH': 'no', 'GROUP_PTH_NPTH_DRL': False, 'PLOT_REFS': True, 'COLOR_THEME': 'Altium_Theme', 'SHEET_WKS': '${KIPRJMOD}/Templates/KDT_Template_PCB_GIT_A4.kicad_wks', 'FAB_SCALING': 1, 'ASSEMBLY_SCALING': 1, 'EXCLUDE_REFS': '[MB*]', '3D_VIEWER_ROT_X': 2, '3D_VIEWER_ROT_Y': -1, '3D_VIEWER_ROT_Z': 1, '3D_VIEWER_ZOOM': -1, 'KEY_COLOR': '#00FF00', 'OUTPUT_DIR': './', 'REPORT_DIR': 'Reports', 'SCHEMATIC_DIR': 'Schematic', 'MANUFACTURING_DIR': 'Manufacturing', 'ASSEMBLY_DIR': '@MANUFACTURING_DIR@/Assembly', 'FABRICATION_DIR': '@MANUFACTURING_DIR@/Fabrication', 'GERBERS_DIR': '@FABRICATION_DIR@/Gerbers', 'FAB_DRILL_TABLES_DIR': '@FABRICATION_DIR@/Drill Tables', 'TESTING_DIR': 'Testing', 'TESTPOINTS_DIR': '@TESTING_DIR@/Testpoints', 'IMAGES_DIR': 'Images', '3D_DIR': '3D', 'RESOURCES_DIR': 'kibot_resources', 'REPORT_TEMPLATE_DIR': '@RESOURCES_DIR@/templates', 'SCRIPTS_DIR': '@RESOURCES_DIR@/scripts', 'LAYER_TITLE_PAGE': 'TitlePage', 'LAYER_DNP_TOP': 'F.DNP', 'LAYER_DNP_BOTTOM': 'B.DNP', 'LAYER_DRILL_MAP': 'DrillMap', 'LAYER_TP_LIST_TOP': 'F.TestPointList', 'LAYER_TP_LIST_BOTTOM': 'B.TestPointList', 'LAYER_ASSEMBLY_TEXT_TOP': 'F.AssemblyText', 'LAYER_ASSEMBLY_TEXT_BOTTOM': 'B.AssemblyText', 'LAYER_DNP_CROSS_TOP': 'F.DNP', 'LAYER_DNP_CROSS_BOTTOM': 'B.DNP', 'FILT_FIELD_RENAME': 'field_rename', 'FILT_TP_ONLY': 'only_testpoints', 'FILT_TP_EXCLUDE': 'exclude_testpoints', 'FILT_TP_TOP_ONLY': 'only_testpoints_top', 'FILT_TP_BOTTOM_ONLY': 'only_testpoints_bottom', 'SCH_VARIANT_OUTPUT': 'value_split', 'NETLIST_OUTPUT': 'netlist', 'GERBER_OUTPUT': 'gbr_gerbers', 'ODB_OUTPUT': 'zip_odb', 'EXCELLON_DRILL_OUTPUT': 'drl_excellon', 'PDF_DRILL_MAP_OUTPUT': 'pdf_drill_map', 'DXF_DRILL_MAP_OUTPUT': 'dxf_drill_map', 'CSV_DRILL_TABLE_OUTPUT': 'csv_drill_table', 'CSV_POS_OUTPUT': 'csv_position', 'CSV_TP_OUTPUT': 'csv_testpoints', 'CSV_TP_TOP_OUTPUT': 'csv_testpoints_top', 'CSV_TP_BOTTOM_OUTPUT': 'csv_testpoints_bottom', 'CSV_BOM_OUTPUT': 'csv_bom', 'XLSX_BOM_OUTPUT': 'xlsx_bom', 'HTML_IBOM_OUTPUT': 'html_bom_interactive', 'HTML_BOM_OUTPUT': 'html_bom', 'CSV_COMP_COUNT_OUPUT': 'csv_comp_count', 'CSV_IMPEDANCE_TABLE_OUTPUT': 'csv_impedance_table', 'TXT_FAB_NOTES_OUTPUT': 'txt_fabrication_notes', 'TXT_ASSEMBLY_NOTES_OUTPUT': 'txt_assembly_notes', 'PNG_3D_VIEWER_TOP': 'png_3d_viewer_top', 'PNG_3D_VIEWER_BOTTOM': 'png_3d_viewer_bottom', 'PNG_3D_VIEWER_ANGLED_TOP': 'png_3d_viewer_angled_top', 'PNG_3D_VIEWER_ANGLED_BOTTOM': 'png_3d_viewer_angled_bottom', 'STEP_OUTPUT': 'step', 'BLENDER_OUTPUT': 'blender', 'PDF_SCHEMATIC_OUTPUT': 'pdf_schematic', 'PDF_FABRICATION_OUTPUT': 'pdf_fabrication', 'PDF_ASSEMBLY_OUTPUT': 'pdf_assembly', 'ZIP_COMPRESS_FAB_OUTPUT': 'zip_compress_fab', 'HTML_KICANVAS_OUTPUT': 'html_kicanvas', 'HTML_KIRI_OUTPUT': 'html_kiri', 'MD_README_OUTPUT': 'md_readme', 'HTML_NAV_RES_OUTPUT': 'html_navigate_results'} (kibot - config_reader.py:682)
DEBUG:- Replacing @NAME@ -> netlist (<class 'str'>) (kibot - config_reader.py:80)
DEBUG:- Replacing @COMMENT@ -> Schematic netlist in KiCad format (<class 'str'>) (kibot - config_reader.py:80)
DEBUG:- Applying CLI definitions: {} (kibot - config_reader.py:679)
DEBUG:- Applying collected definitions: {'NAME': 'netlist', 'COMMENT': 'Schematic netlist in KiCad format', 'PROJECT_NAME': 'ALB/MLB test', 'BOARD_NAME': 'alb_mlb test', 'COMPANY': 'General Atomics EMS', 'DESIGNER': 'Marcus Reighter', 'LOGO': 'Logos/Logo.png', 'GIT_URL': 'https://github.com/emptyd0nkey/albmlb', 'CHECK_ZONE_FILLS': True, 'STACKUP_TABLE_NOTE': 'external layer thicknesses are specified after plating', 'MPN_FIELD': 'Manufacturer Part Number', 'MAN_FIELD': 'Manufacturer', 'GROUP_ROUND_SLOTS': True, 'GROUP_PTH_NPTH': 'no', 'GROUP_PTH_NPTH_DRL': False, 'PLOT_REFS': True, 'COLOR_THEME': 'Altium_Theme', 'SHEET_WKS': '${KIPRJMOD}/Templates/KDT_Template_PCB_GIT_A4.kicad_wks', 'FAB_SCALING': 1, 'ASSEMBLY_SCALING': 1, 'EXCLUDE_REFS': '[MB*]', '3D_VIEWER_ROT_X': 2, '3D_VIEWER_ROT_Y': -1, '3D_VIEWER_ROT_Z': 1, '3D_VIEWER_ZOOM': -1, 'KEY_COLOR': '#00FF00', 'OUTPUT_DIR': './', 'REPORT_DIR': 'Reports', 'SCHEMATIC_DIR': 'Schematic', 'MANUFACTURING_DIR': 'Manufacturing', 'ASSEMBLY_DIR': '@MANUFACTURING_DIR@/Assembly', 'FABRICATION_DIR': '@MANUFACTURING_DIR@/Fabrication', 'GERBERS_DIR': '@FABRICATION_DIR@/Gerbers', 'FAB_DRILL_TABLES_DIR': '@FABRICATION_DIR@/Drill Tables', 'TESTING_DIR': 'Testing', 'TESTPOINTS_DIR': '@TESTING_DIR@/Testpoints', 'IMAGES_DIR': 'Images', '3D_DIR': '3D', 'RESOURCES_DIR': 'kibot_resources', 'REPORT_TEMPLATE_DIR': '@RESOURCES_DIR@/templates', 'SCRIPTS_DIR': '@RESOURCES_DIR@/scripts', 'LAYER_TITLE_PAGE': 'TitlePage', 'LAYER_DNP_TOP': 'F.DNP', 'LAYER_DNP_BOTTOM': 'B.DNP', 'LAYER_DRILL_MAP': 'DrillMap', 'LAYER_TP_LIST_TOP': 'F.TestPointList', 'LAYER_TP_LIST_BOTTOM': 'B.TestPointList', 'LAYER_ASSEMBLY_TEXT_TOP': 'F.AssemblyText', 'LAYER_ASSEMBLY_TEXT_BOTTOM': 'B.AssemblyText', 'LAYER_DNP_CROSS_TOP': 'F.DNP', 'LAYER_DNP_CROSS_BOTTOM': 'B.DNP', 'FILT_FIELD_RENAME': 'field_rename', 'FILT_TP_ONLY': 'only_testpoints', 'FILT_TP_EXCLUDE': 'exclude_testpoints', 'FILT_TP_TOP_ONLY': 'only_testpoints_top', 'FILT_TP_BOTTOM_ONLY': 'only_testpoints_bottom', 'SCH_VARIANT_OUTPUT': 'value_split', 'NETLIST_OUTPUT': 'netlist', 'GERBER_OUTPUT': 'gbr_gerbers', 'ODB_OUTPUT': 'zip_odb', 'EXCELLON_DRILL_OUTPUT': 'drl_excellon', 'PDF_DRILL_MAP_OUTPUT': 'pdf_drill_map', 'DXF_DRILL_MAP_OUTPUT': 'dxf_drill_map', 'CSV_DRILL_TABLE_OUTPUT': 'csv_drill_table', 'CSV_POS_OUTPUT': 'csv_position', 'CSV_TP_OUTPUT': 'csv_testpoints', 'CSV_TP_TOP_OUTPUT': 'csv_testpoints_top', 'CSV_TP_BOTTOM_OUTPUT': 'csv_testpoints_bottom', 'CSV_BOM_OUTPUT': 'csv_bom', 'XLSX_BOM_OUTPUT': 'xlsx_bom', 'HTML_IBOM_OUTPUT': 'html_bom_interactive', 'HTML_BOM_OUTPUT': 'html_bom', 'CSV_COMP_COUNT_OUPUT': 'csv_comp_count', 'CSV_IMPEDANCE_TABLE_OUTPUT': 'csv_impedance_table', 'TXT_FAB_NOTES_OUTPUT': 'txt_fabrication_notes', 'TXT_ASSEMBLY_NOTES_OUTPUT': 'txt_assembly_notes', 'PNG_3D_VIEWER_TOP': 'png_3d_viewer_top', 'PNG_3D_VIEWER_BOTTOM': 'png_3d_viewer_bottom', 'PNG_3D_VIEWER_ANGLED_TOP': 'png_3d_viewer_angled_top', 'PNG_3D_VIEWER_ANGLED_BOTTOM': 'png_3d_viewer_angled_bottom', 'STEP_OUTPUT': 'step', 'BLENDER_OUTPUT': 'blender', 'PDF_SCHEMATIC_OUTPUT': 'pdf_schematic', 'PDF_FABRICATION_OUTPUT': 'pdf_fabrication', 'PDF_ASSEMBLY_OUTPUT': 'pdf_assembly', 'ZIP_COMPRESS_FAB_OUTPUT': 'zip_compress_fab', 'HTML_KICANVAS_OUTPUT': 'html_kicanvas', 'HTML_KIRI_OUTPUT': 'html_kiri', 'MD_README_OUTPUT': 'md_readme', 'HTML_NAV_RES_OUTPUT': 'html_navigate_results'} (kibot - config_reader.py:682)
DEBUG:YAML after expanding definitions:
# KiBot output for generating netlist in KiCad format
# https://kibot.readthedocs.io/en/latest/configuration/outputs/netlist.html

kibot:
  version: 1

outputs:
- name: netlist
  comment: 'Schematic netlist in KiCad format'
  type: netlist

 (kibot - config_reader.py:688)
DEBUG:Pre-parsing output options for `netlist` (netlist) (kibot - config_reader.py:171)
DEBUG:Outputs loaded from `kibot_yaml/kibot_out_netlist.yaml`: ['netlist'] (kibot - config_reader.py:363)
DEBUG:Found local definitions (kibot - config_reader.py:653)
DEBUG:- Local definitions: {'NAME': 'gbr_gerbers', 'COMMENT': 'Gerbers in GBR format', 'DIR': 'Manufacturing/Fabrication/Gerbers', 'PLOT_REFS': True} (kibot - config_reader.py:663)
DEBUG:- Current definitions: {'PROJECT_NAME': 'ALB/MLB test', 'BOARD_NAME': 'alb_mlb test', 'COMPANY': 'General Atomics EMS', 'DESIGNER': 'Marcus Reighter', 'LOGO': 'Logos/Logo.png', 'GIT_URL': 'https://github.com/emptyd0nkey/albmlb', 'CHECK_ZONE_FILLS': True, 'STACKUP_TABLE_NOTE': 'external layer thicknesses are specified after plating', 'MPN_FIELD': 'Manufacturer Part Number', 'MAN_FIELD': 'Manufacturer', 'GROUP_ROUND_SLOTS': True, 'GROUP_PTH_NPTH': 'no', 'GROUP_PTH_NPTH_DRL': False, 'PLOT_REFS': True, 'COLOR_THEME': 'Altium_Theme', 'SHEET_WKS': '${KIPRJMOD}/Templates/KDT_Template_PCB_GIT_A4.kicad_wks', 'FAB_SCALING': 1, 'ASSEMBLY_SCALING': 1, 'EXCLUDE_REFS': '[MB*]', '3D_VIEWER_ROT_X': 2, '3D_VIEWER_ROT_Y': -1, '3D_VIEWER_ROT_Z': 1, '3D_VIEWER_ZOOM': -1, 'KEY_COLOR': '#00FF00', 'OUTPUT_DIR': './', 'REPORT_DIR': 'Reports', 'SCHEMATIC_DIR': 'Schematic', 'MANUFACTURING_DIR': 'Manufacturing', 'ASSEMBLY_DIR': '@MANUFACTURING_DIR@/Assembly', 'FABRICATION_DIR': '@MANUFACTURING_DIR@/Fabrication', 'GERBERS_DIR': '@FABRICATION_DIR@/Gerbers', 'FAB_DRILL_TABLES_DIR': '@FABRICATION_DIR@/Drill Tables', 'TESTING_DIR': 'Testing', 'TESTPOINTS_DIR': '@TESTING_DIR@/Testpoints', 'IMAGES_DIR': 'Images', '3D_DIR': '3D', 'RESOURCES_DIR': 'kibot_resources', 'REPORT_TEMPLATE_DIR': '@RESOURCES_DIR@/templates', 'SCRIPTS_DIR': '@RESOURCES_DIR@/scripts', 'LAYER_TITLE_PAGE': 'TitlePage', 'LAYER_DNP_TOP': 'F.DNP', 'LAYER_DNP_BOTTOM': 'B.DNP', 'LAYER_DRILL_MAP': 'DrillMap', 'LAYER_TP_LIST_TOP': 'F.TestPointList', 'LAYER_TP_LIST_BOTTOM': 'B.TestPointList', 'LAYER_ASSEMBLY_TEXT_TOP': 'F.AssemblyText', 'LAYER_ASSEMBLY_TEXT_BOTTOM': 'B.AssemblyText', 'LAYER_DNP_CROSS_TOP': 'F.DNP', 'LAYER_DNP_CROSS_BOTTOM': 'B.DNP', 'FILT_FIELD_RENAME': 'field_rename', 'FILT_TP_ONLY': 'only_testpoints', 'FILT_TP_EXCLUDE': 'exclude_testpoints', 'FILT_TP_TOP_ONLY': 'only_testpoints_top', 'FILT_TP_BOTTOM_ONLY': 'only_testpoints_bottom', 'SCH_VARIANT_OUTPUT': 'value_split', 'NETLIST_OUTPUT': 'netlist', 'GERBER_OUTPUT': 'gbr_gerbers', 'ODB_OUTPUT': 'zip_odb', 'EXCELLON_DRILL_OUTPUT': 'drl_excellon', 'PDF_DRILL_MAP_OUTPUT': 'pdf_drill_map', 'DXF_DRILL_MAP_OUTPUT': 'dxf_drill_map', 'CSV_DRILL_TABLE_OUTPUT': 'csv_drill_table', 'CSV_POS_OUTPUT': 'csv_position', 'CSV_TP_OUTPUT': 'csv_testpoints', 'CSV_TP_TOP_OUTPUT': 'csv_testpoints_top', 'CSV_TP_BOTTOM_OUTPUT': 'csv_testpoints_bottom', 'CSV_BOM_OUTPUT': 'csv_bom', 'XLSX_BOM_OUTPUT': 'xlsx_bom', 'HTML_IBOM_OUTPUT': 'html_bom_interactive', 'HTML_BOM_OUTPUT': 'html_bom', 'CSV_COMP_COUNT_OUPUT': 'csv_comp_count', 'CSV_IMPEDANCE_TABLE_OUTPUT': 'csv_impedance_table', 'TXT_FAB_NOTES_OUTPUT': 'txt_fabrication_notes', 'TXT_ASSEMBLY_NOTES_OUTPUT': 'txt_assembly_notes', 'PNG_3D_VIEWER_TOP': 'png_3d_viewer_top', 'PNG_3D_VIEWER_BOTTOM': 'png_3d_viewer_bottom', 'PNG_3D_VIEWER_ANGLED_TOP': 'png_3d_viewer_angled_top', 'PNG_3D_VIEWER_ANGLED_BOTTOM': 'png_3d_viewer_angled_bottom', 'STEP_OUTPUT': 'step', 'BLENDER_OUTPUT': 'blender', 'PDF_SCHEMATIC_OUTPUT': 'pdf_schematic', 'PDF_FABRICATION_OUTPUT': 'pdf_fabrication', 'PDF_ASSEMBLY_OUTPUT': 'pdf_assembly', 'ZIP_COMPRESS_FAB_OUTPUT': 'zip_compress_fab', 'HTML_KICANVAS_OUTPUT': 'html_kicanvas', 'HTML_KIRI_OUTPUT': 'html_kiri', 'MD_README_OUTPUT': 'md_readme', 'HTML_NAV_RES_OUTPUT': 'html_navigate_results', 'NAME': 'gbr_gerbers', 'COMMENT': 'Gerbers in GBR format', 'DIR': 'Manufacturing/Fabrication/Gerbers'} (kibot - config_reader.py:664)
DEBUG:- Updated definitions: {'NAME': 'gbr_gerbers', 'COMMENT': 'Gerbers in GBR format', 'DIR': 'Manufacturing/Fabrication/Gerbers', 'PLOT_REFS': True, 'PROJECT_NAME': 'ALB/MLB test', 'BOARD_NAME': 'alb_mlb test', 'COMPANY': 'General Atomics EMS', 'DESIGNER': 'Marcus Reighter', 'LOGO': 'Logos/Logo.png', 'GIT_URL': 'https://github.com/emptyd0nkey/albmlb', 'CHECK_ZONE_FILLS': True, 'STACKUP_TABLE_NOTE': 'external layer thicknesses are specified after plating', 'MPN_FIELD': 'Manufacturer Part Number', 'MAN_FIELD': 'Manufacturer', 'GROUP_ROUND_SLOTS': True, 'GROUP_PTH_NPTH': 'no', 'GROUP_PTH_NPTH_DRL': False, 'COLOR_THEME': 'Altium_Theme', 'SHEET_WKS': '${KIPRJMOD}/Templates/KDT_Template_PCB_GIT_A4.kicad_wks', 'FAB_SCALING': 1, 'ASSEMBLY_SCALING': 1, 'EXCLUDE_REFS': '[MB*]', '3D_VIEWER_ROT_X': 2, '3D_VIEWER_ROT_Y': -1, '3D_VIEWER_ROT_Z': 1, '3D_VIEWER_ZOOM': -1, 'KEY_COLOR': '#00FF00', 'OUTPUT_DIR': './', 'REPORT_DIR': 'Reports', 'SCHEMATIC_DIR': 'Schematic', 'MANUFACTURING_DIR': 'Manufacturing', 'ASSEMBLY_DIR': '@MANUFACTURING_DIR@/Assembly', 'FABRICATION_DIR': '@MANUFACTURING_DIR@/Fabrication', 'GERBERS_DIR': '@FABRICATION_DIR@/Gerbers', 'FAB_DRILL_TABLES_DIR': '@FABRICATION_DIR@/Drill Tables', 'TESTING_DIR': 'Testing', 'TESTPOINTS_DIR': '@TESTING_DIR@/Testpoints', 'IMAGES_DIR': 'Images', '3D_DIR': '3D', 'RESOURCES_DIR': 'kibot_resources', 'REPORT_TEMPLATE_DIR': '@RESOURCES_DIR@/templates', 'SCRIPTS_DIR': '@RESOURCES_DIR@/scripts', 'LAYER_TITLE_PAGE': 'TitlePage', 'LAYER_DNP_TOP': 'F.DNP', 'LAYER_DNP_BOTTOM': 'B.DNP', 'LAYER_DRILL_MAP': 'DrillMap', 'LAYER_TP_LIST_TOP': 'F.TestPointList', 'LAYER_TP_LIST_BOTTOM': 'B.TestPointList', 'LAYER_ASSEMBLY_TEXT_TOP': 'F.AssemblyText', 'LAYER_ASSEMBLY_TEXT_BOTTOM': 'B.AssemblyText', 'LAYER_DNP_CROSS_TOP': 'F.DNP', 'LAYER_DNP_CROSS_BOTTOM': 'B.DNP', 'FILT_FIELD_RENAME': 'field_rename', 'FILT_TP_ONLY': 'only_testpoints', 'FILT_TP_EXCLUDE': 'exclude_testpoints', 'FILT_TP_TOP_ONLY': 'only_testpoints_top', 'FILT_TP_BOTTOM_ONLY': 'only_testpoints_bottom', 'SCH_VARIANT_OUTPUT': 'value_split', 'NETLIST_OUTPUT': 'netlist', 'GERBER_OUTPUT': 'gbr_gerbers', 'ODB_OUTPUT': 'zip_odb', 'EXCELLON_DRILL_OUTPUT': 'drl_excellon', 'PDF_DRILL_MAP_OUTPUT': 'pdf_drill_map', 'DXF_DRILL_MAP_OUTPUT': 'dxf_drill_map', 'CSV_DRILL_TABLE_OUTPUT': 'csv_drill_table', 'CSV_POS_OUTPUT': 'csv_position', 'CSV_TP_OUTPUT': 'csv_testpoints', 'CSV_TP_TOP_OUTPUT': 'csv_testpoints_top', 'CSV_TP_BOTTOM_OUTPUT': 'csv_testpoints_bottom', 'CSV_BOM_OUTPUT': 'csv_bom', 'XLSX_BOM_OUTPUT': 'xlsx_bom', 'HTML_IBOM_OUTPUT': 'html_bom_interactive', 'HTML_BOM_OUTPUT': 'html_bom', 'CSV_COMP_COUNT_OUPUT': 'csv_comp_count', 'CSV_IMPEDANCE_TABLE_OUTPUT': 'csv_impedance_table', 'TXT_FAB_NOTES_OUTPUT': 'txt_fabrication_notes', 'TXT_ASSEMBLY_NOTES_OUTPUT': 'txt_assembly_notes', 'PNG_3D_VIEWER_TOP': 'png_3d_viewer_top', 'PNG_3D_VIEWER_BOTTOM': 'png_3d_viewer_bottom', 'PNG_3D_VIEWER_ANGLED_TOP': 'png_3d_viewer_angled_top', 'PNG_3D_VIEWER_ANGLED_BOTTOM': 'png_3d_viewer_angled_bottom', 'STEP_OUTPUT': 'step', 'BLENDER_OUTPUT': 'blender', 'PDF_SCHEMATIC_OUTPUT': 'pdf_schematic', 'PDF_FABRICATION_OUTPUT': 'pdf_fabrication', 'PDF_ASSEMBLY_OUTPUT': 'pdf_assembly', 'ZIP_COMPRESS_FAB_OUTPUT': 'zip_compress_fab', 'HTML_KICANVAS_OUTPUT': 'html_kicanvas', 'HTML_KIRI_OUTPUT': 'html_kiri', 'MD_README_OUTPUT': 'md_readme', 'HTML_NAV_RES_OUTPUT': 'html_navigate_results'} (kibot - config_reader.py:667)
DEBUG:Applying preprocessor definitions (kibot - config_reader.py:672)
DEBUG:- Applying CLI definitions: {} (kibot - config_reader.py:679)
DEBUG:- Applying collected definitions: {'NAME': 'gbr_gerbers', 'COMMENT': 'Gerbers in GBR format', 'DIR': 'Manufacturing/Fabrication/Gerbers', 'PLOT_REFS': True, 'PROJECT_NAME': 'ALB/MLB test', 'BOARD_NAME': 'alb_mlb test', 'COMPANY': 'General Atomics EMS', 'DESIGNER': 'Marcus Reighter', 'LOGO': 'Logos/Logo.png', 'GIT_URL': 'https://github.com/emptyd0nkey/albmlb', 'CHECK_ZONE_FILLS': True, 'STACKUP_TABLE_NOTE': 'external layer thicknesses are specified after plating', 'MPN_FIELD': 'Manufacturer Part Number', 'MAN_FIELD': 'Manufacturer', 'GROUP_ROUND_SLOTS': True, 'GROUP_PTH_NPTH': 'no', 'GROUP_PTH_NPTH_DRL': False, 'COLOR_THEME': 'Altium_Theme', 'SHEET_WKS': '${KIPRJMOD}/Templates/KDT_Template_PCB_GIT_A4.kicad_wks', 'FAB_SCALING': 1, 'ASSEMBLY_SCALING': 1, 'EXCLUDE_REFS': '[MB*]', '3D_VIEWER_ROT_X': 2, '3D_VIEWER_ROT_Y': -1, '3D_VIEWER_ROT_Z': 1, '3D_VIEWER_ZOOM': -1, 'KEY_COLOR': '#00FF00', 'OUTPUT_DIR': './', 'REPORT_DIR': 'Reports', 'SCHEMATIC_DIR': 'Schematic', 'MANUFACTURING_DIR': 'Manufacturing', 'ASSEMBLY_DIR': '@MANUFACTURING_DIR@/Assembly', 'FABRICATION_DIR': '@MANUFACTURING_DIR@/Fabrication', 'GERBERS_DIR': '@FABRICATION_DIR@/Gerbers', 'FAB_DRILL_TABLES_DIR': '@FABRICATION_DIR@/Drill Tables', 'TESTING_DIR': 'Testing', 'TESTPOINTS_DIR': '@TESTING_DIR@/Testpoints', 'IMAGES_DIR': 'Images', '3D_DIR': '3D', 'RESOURCES_DIR': 'kibot_resources', 'REPORT_TEMPLATE_DIR': '@RESOURCES_DIR@/templates', 'SCRIPTS_DIR': '@RESOURCES_DIR@/scripts', 'LAYER_TITLE_PAGE': 'TitlePage', 'LAYER_DNP_TOP': 'F.DNP', 'LAYER_DNP_BOTTOM': 'B.DNP', 'LAYER_DRILL_MAP': 'DrillMap', 'LAYER_TP_LIST_TOP': 'F.TestPointList', 'LAYER_TP_LIST_BOTTOM': 'B.TestPointList', 'LAYER_ASSEMBLY_TEXT_TOP': 'F.AssemblyText', 'LAYER_ASSEMBLY_TEXT_BOTTOM': 'B.AssemblyText', 'LAYER_DNP_CROSS_TOP': 'F.DNP', 'LAYER_DNP_CROSS_BOTTOM': 'B.DNP', 'FILT_FIELD_RENAME': 'field_rename', 'FILT_TP_ONLY': 'only_testpoints', 'FILT_TP_EXCLUDE': 'exclude_testpoints', 'FILT_TP_TOP_ONLY': 'only_testpoints_top', 'FILT_TP_BOTTOM_ONLY': 'only_testpoints_bottom', 'SCH_VARIANT_OUTPUT': 'value_split', 'NETLIST_OUTPUT': 'netlist', 'GERBER_OUTPUT': 'gbr_gerbers', 'ODB_OUTPUT': 'zip_odb', 'EXCELLON_DRILL_OUTPUT': 'drl_excellon', 'PDF_DRILL_MAP_OUTPUT': 'pdf_drill_map', 'DXF_DRILL_MAP_OUTPUT': 'dxf_drill_map', 'CSV_DRILL_TABLE_OUTPUT': 'csv_drill_table', 'CSV_POS_OUTPUT': 'csv_position', 'CSV_TP_OUTPUT': 'csv_testpoints', 'CSV_TP_TOP_OUTPUT': 'csv_testpoints_top', 'CSV_TP_BOTTOM_OUTPUT': 'csv_testpoints_bottom', 'CSV_BOM_OUTPUT': 'csv_bom', 'XLSX_BOM_OUTPUT': 'xlsx_bom', 'HTML_IBOM_OUTPUT': 'html_bom_interactive', 'HTML_BOM_OUTPUT': 'html_bom', 'CSV_COMP_COUNT_OUPUT': 'csv_comp_count', 'CSV_IMPEDANCE_TABLE_OUTPUT': 'csv_impedance_table', 'TXT_FAB_NOTES_OUTPUT': 'txt_fabrication_notes', 'TXT_ASSEMBLY_NOTES_OUTPUT': 'txt_assembly_notes', 'PNG_3D_VIEWER_TOP': 'png_3d_viewer_top', 'PNG_3D_VIEWER_BOTTOM': 'png_3d_viewer_bottom', 'PNG_3D_VIEWER_ANGLED_TOP': 'png_3d_viewer_angled_top', 'PNG_3D_VIEWER_ANGLED_BOTTOM': 'png_3d_viewer_angled_bottom', 'STEP_OUTPUT': 'step', 'BLENDER_OUTPUT': 'blender', 'PDF_SCHEMATIC_OUTPUT': 'pdf_schematic', 'PDF_FABRICATION_OUTPUT': 'pdf_fabrication', 'PDF_ASSEMBLY_OUTPUT': 'pdf_assembly', 'ZIP_COMPRESS_FAB_OUTPUT': 'zip_compress_fab', 'HTML_KICANVAS_OUTPUT': 'html_kicanvas', 'HTML_KIRI_OUTPUT': 'html_kiri', 'MD_README_OUTPUT': 'md_readme', 'HTML_NAV_RES_OUTPUT': 'html_navigate_results'} (kibot - config_reader.py:682)
DEBUG:- Replacing @NAME@ -> gbr_gerbers (<class 'str'>) (kibot - config_reader.py:80)
DEBUG:- Replacing @COMMENT@ -> Gerbers in GBR format (<class 'str'>) (kibot - config_reader.py:80)
DEBUG:- Replacing @DIR@ -> Manufacturing/Fabrication/Gerbers (<class 'str'>) (kibot - config_reader.py:80)
DEBUG:- Replacing @PLOT_REFS@ -> true (<class 'str'>) (kibot - config_reader.py:80)
DEBUG:- Applying CLI definitions: {} (kibot - config_reader.py:679)
DEBUG:- Applying collected definitions: {'NAME': 'gbr_gerbers', 'COMMENT': 'Gerbers in GBR format', 'DIR': 'Manufacturing/Fabrication/Gerbers', 'PLOT_REFS': True, 'PROJECT_NAME': 'ALB/MLB test', 'BOARD_NAME': 'alb_mlb test', 'COMPANY': 'General Atomics EMS', 'DESIGNER': 'Marcus Reighter', 'LOGO': 'Logos/Logo.png', 'GIT_URL': 'https://github.com/emptyd0nkey/albmlb', 'CHECK_ZONE_FILLS': True, 'STACKUP_TABLE_NOTE': 'external layer thicknesses are specified after plating', 'MPN_FIELD': 'Manufacturer Part Number', 'MAN_FIELD': 'Manufacturer', 'GROUP_ROUND_SLOTS': True, 'GROUP_PTH_NPTH': 'no', 'GROUP_PTH_NPTH_DRL': False, 'COLOR_THEME': 'Altium_Theme', 'SHEET_WKS': '${KIPRJMOD}/Templates/KDT_Template_PCB_GIT_A4.kicad_wks', 'FAB_SCALING': 1, 'ASSEMBLY_SCALING': 1, 'EXCLUDE_REFS': '[MB*]', '3D_VIEWER_ROT_X': 2, '3D_VIEWER_ROT_Y': -1, '3D_VIEWER_ROT_Z': 1, '3D_VIEWER_ZOOM': -1, 'KEY_COLOR': '#00FF00', 'OUTPUT_DIR': './', 'REPORT_DIR': 'Reports', 'SCHEMATIC_DIR': 'Schematic', 'MANUFACTURING_DIR': 'Manufacturing', 'ASSEMBLY_DIR': '@MANUFACTURING_DIR@/Assembly', 'FABRICATION_DIR': '@MANUFACTURING_DIR@/Fabrication', 'GERBERS_DIR': '@FABRICATION_DIR@/Gerbers', 'FAB_DRILL_TABLES_DIR': '@FABRICATION_DIR@/Drill Tables', 'TESTING_DIR': 'Testing', 'TESTPOINTS_DIR': '@TESTING_DIR@/Testpoints', 'IMAGES_DIR': 'Images', '3D_DIR': '3D', 'RESOURCES_DIR': 'kibot_resources', 'REPORT_TEMPLATE_DIR': '@RESOURCES_DIR@/templates', 'SCRIPTS_DIR': '@RESOURCES_DIR@/scripts', 'LAYER_TITLE_PAGE': 'TitlePage', 'LAYER_DNP_TOP': 'F.DNP', 'LAYER_DNP_BOTTOM': 'B.DNP', 'LAYER_DRILL_MAP': 'DrillMap', 'LAYER_TP_LIST_TOP': 'F.TestPointList', 'LAYER_TP_LIST_BOTTOM': 'B.TestPointList', 'LAYER_ASSEMBLY_TEXT_TOP': 'F.AssemblyText', 'LAYER_ASSEMBLY_TEXT_BOTTOM': 'B.AssemblyText', 'LAYER_DNP_CROSS_TOP': 'F.DNP', 'LAYER_DNP_CROSS_BOTTOM': 'B.DNP', 'FILT_FIELD_RENAME': 'field_rename', 'FILT_TP_ONLY': 'only_testpoints', 'FILT_TP_EXCLUDE': 'exclude_testpoints', 'FILT_TP_TOP_ONLY': 'only_testpoints_top', 'FILT_TP_BOTTOM_ONLY': 'only_testpoints_bottom', 'SCH_VARIANT_OUTPUT': 'value_split', 'NETLIST_OUTPUT': 'netlist', 'GERBER_OUTPUT': 'gbr_gerbers', 'ODB_OUTPUT': 'zip_odb', 'EXCELLON_DRILL_OUTPUT': 'drl_excellon', 'PDF_DRILL_MAP_OUTPUT': 'pdf_drill_map', 'DXF_DRILL_MAP_OUTPUT': 'dxf_drill_map', 'CSV_DRILL_TABLE_OUTPUT': 'csv_drill_table', 'CSV_POS_OUTPUT': 'csv_position', 'CSV_TP_OUTPUT': 'csv_testpoints', 'CSV_TP_TOP_OUTPUT': 'csv_testpoints_top', 'CSV_TP_BOTTOM_OUTPUT': 'csv_testpoints_bottom', 'CSV_BOM_OUTPUT': 'csv_bom', 'XLSX_BOM_OUTPUT': 'xlsx_bom', 'HTML_IBOM_OUTPUT': 'html_bom_interactive', 'HTML_BOM_OUTPUT': 'html_bom', 'CSV_COMP_COUNT_OUPUT': 'csv_comp_count', 'CSV_IMPEDANCE_TABLE_OUTPUT': 'csv_impedance_table', 'TXT_FAB_NOTES_OUTPUT': 'txt_fabrication_notes', 'TXT_ASSEMBLY_NOTES_OUTPUT': 'txt_assembly_notes', 'PNG_3D_VIEWER_TOP': 'png_3d_viewer_top', 'PNG_3D_VIEWER_BOTTOM': 'png_3d_viewer_bottom', 'PNG_3D_VIEWER_ANGLED_TOP': 'png_3d_viewer_angled_top', 'PNG_3D_VIEWER_ANGLED_BOTTOM': 'png_3d_viewer_angled_bottom', 'STEP_OUTPUT': 'step', 'BLENDER_OUTPUT': 'blender', 'PDF_SCHEMATIC_OUTPUT': 'pdf_schematic', 'PDF_FABRICATION_OUTPUT': 'pdf_fabrication', 'PDF_ASSEMBLY_OUTPUT': 'pdf_assembly', 'ZIP_COMPRESS_FAB_OUTPUT': 'zip_compress_fab', 'HTML_KICANVAS_OUTPUT': 'html_kicanvas', 'HTML_KIRI_OUTPUT': 'html_kiri', 'MD_README_OUTPUT': 'md_readme', 'HTML_NAV_RES_OUTPUT': 'html_navigate_results'} (kibot - config_reader.py:682)
DEBUG:YAML after expanding definitions:
# KiBot output for generating Gerber files
# https://kibot.readthedocs.io/en/latest/configuration/outputs/gerber.html

kibot:
  version: 1

outputs:
- name: gbr_gerbers
  comment: 'Gerbers in GBR format'
  type: gerber
  category: 'Manufacturing/Fabrication/Gerbers'
  dir: 'Manufacturing/Fabrication/Gerbers'
  layers: ['copper', 'Edge.Cuts', 'F.Silkscreen', 'F.Mask', 'F.Paste', 'B.Silkscreen', 'B.Mask', 'B.Paste']
  options:
    subtract_mask_from_silk: true
    plot_footprint_refs: true
    plot_footprint_values: false
    create_gerber_job_file: false

 (kibot - config_reader.py:688)
DEBUG:Pre-parsing output options for `gbr_gerbers` (gerber) (kibot - config_reader.py:171)
DEBUG:Outputs loaded from `kibot_yaml/kibot_out_gerber.yaml`: ['gbr_gerbers'] (kibot - config_reader.py:363)
DEBUG:Found local definitions (kibot - config_reader.py:653)
DEBUG:- Local definitions: {'NAME': 'zip_odb', 'COMMENT': 'ODB++ in ZIP format', 'DIR': 'Manufacturing/Fabrication'} (kibot - config_reader.py:663)
DEBUG:- Current definitions: {'PROJECT_NAME': 'ALB/MLB test', 'BOARD_NAME': 'alb_mlb test', 'COMPANY': 'General Atomics EMS', 'DESIGNER': 'Marcus Reighter', 'LOGO': 'Logos/Logo.png', 'GIT_URL': 'https://github.com/emptyd0nkey/albmlb', 'CHECK_ZONE_FILLS': True, 'STACKUP_TABLE_NOTE': 'external layer thicknesses are specified after plating', 'MPN_FIELD': 'Manufacturer Part Number', 'MAN_FIELD': 'Manufacturer', 'GROUP_ROUND_SLOTS': True, 'GROUP_PTH_NPTH': 'no', 'GROUP_PTH_NPTH_DRL': False, 'PLOT_REFS': True, 'COLOR_THEME': 'Altium_Theme', 'SHEET_WKS': '${KIPRJMOD}/Templates/KDT_Template_PCB_GIT_A4.kicad_wks', 'FAB_SCALING': 1, 'ASSEMBLY_SCALING': 1, 'EXCLUDE_REFS': '[MB*]', '3D_VIEWER_ROT_X': 2, '3D_VIEWER_ROT_Y': -1, '3D_VIEWER_ROT_Z': 1, '3D_VIEWER_ZOOM': -1, 'KEY_COLOR': '#00FF00', 'OUTPUT_DIR': './', 'REPORT_DIR': 'Reports', 'SCHEMATIC_DIR': 'Schematic', 'MANUFACTURING_DIR': 'Manufacturing', 'ASSEMBLY_DIR': '@MANUFACTURING_DIR@/Assembly', 'FABRICATION_DIR': '@MANUFACTURING_DIR@/Fabrication', 'GERBERS_DIR': '@FABRICATION_DIR@/Gerbers', 'FAB_DRILL_TABLES_DIR': '@FABRICATION_DIR@/Drill Tables', 'TESTING_DIR': 'Testing', 'TESTPOINTS_DIR': '@TESTING_DIR@/Testpoints', 'IMAGES_DIR': 'Images', '3D_DIR': '3D', 'RESOURCES_DIR': 'kibot_resources', 'REPORT_TEMPLATE_DIR': '@RESOURCES_DIR@/templates', 'SCRIPTS_DIR': '@RESOURCES_DIR@/scripts', 'LAYER_TITLE_PAGE': 'TitlePage', 'LAYER_DNP_TOP': 'F.DNP', 'LAYER_DNP_BOTTOM': 'B.DNP', 'LAYER_DRILL_MAP': 'DrillMap', 'LAYER_TP_LIST_TOP': 'F.TestPointList', 'LAYER_TP_LIST_BOTTOM': 'B.TestPointList', 'LAYER_ASSEMBLY_TEXT_TOP': 'F.AssemblyText', 'LAYER_ASSEMBLY_TEXT_BOTTOM': 'B.AssemblyText', 'LAYER_DNP_CROSS_TOP': 'F.DNP', 'LAYER_DNP_CROSS_BOTTOM': 'B.DNP', 'FILT_FIELD_RENAME': 'field_rename', 'FILT_TP_ONLY': 'only_testpoints', 'FILT_TP_EXCLUDE': 'exclude_testpoints', 'FILT_TP_TOP_ONLY': 'only_testpoints_top', 'FILT_TP_BOTTOM_ONLY': 'only_testpoints_bottom', 'SCH_VARIANT_OUTPUT': 'value_split', 'NETLIST_OUTPUT': 'netlist', 'GERBER_OUTPUT': 'gbr_gerbers', 'ODB_OUTPUT': 'zip_odb', 'EXCELLON_DRILL_OUTPUT': 'drl_excellon', 'PDF_DRILL_MAP_OUTPUT': 'pdf_drill_map', 'DXF_DRILL_MAP_OUTPUT': 'dxf_drill_map', 'CSV_DRILL_TABLE_OUTPUT': 'csv_drill_table', 'CSV_POS_OUTPUT': 'csv_position', 'CSV_TP_OUTPUT': 'csv_testpoints', 'CSV_TP_TOP_OUTPUT': 'csv_testpoints_top', 'CSV_TP_BOTTOM_OUTPUT': 'csv_testpoints_bottom', 'CSV_BOM_OUTPUT': 'csv_bom', 'XLSX_BOM_OUTPUT': 'xlsx_bom', 'HTML_IBOM_OUTPUT': 'html_bom_interactive', 'HTML_BOM_OUTPUT': 'html_bom', 'CSV_COMP_COUNT_OUPUT': 'csv_comp_count', 'CSV_IMPEDANCE_TABLE_OUTPUT': 'csv_impedance_table', 'TXT_FAB_NOTES_OUTPUT': 'txt_fabrication_notes', 'TXT_ASSEMBLY_NOTES_OUTPUT': 'txt_assembly_notes', 'PNG_3D_VIEWER_TOP': 'png_3d_viewer_top', 'PNG_3D_VIEWER_BOTTOM': 'png_3d_viewer_bottom', 'PNG_3D_VIEWER_ANGLED_TOP': 'png_3d_viewer_angled_top', 'PNG_3D_VIEWER_ANGLED_BOTTOM': 'png_3d_viewer_angled_bottom', 'STEP_OUTPUT': 'step', 'BLENDER_OUTPUT': 'blender', 'PDF_SCHEMATIC_OUTPUT': 'pdf_schematic', 'PDF_FABRICATION_OUTPUT': 'pdf_fabrication', 'PDF_ASSEMBLY_OUTPUT': 'pdf_assembly', 'ZIP_COMPRESS_FAB_OUTPUT': 'zip_compress_fab', 'HTML_KICANVAS_OUTPUT': 'html_kicanvas', 'HTML_KIRI_OUTPUT': 'html_kiri', 'MD_README_OUTPUT': 'md_readme', 'HTML_NAV_RES_OUTPUT': 'html_navigate_results', 'NAME': 'zip_odb', 'COMMENT': 'ODB++ in ZIP format', 'DIR': 'Manufacturing/Fabrication'} (kibot - config_reader.py:664)
DEBUG:- Updated definitions: {'NAME': 'zip_odb', 'COMMENT': 'ODB++ in ZIP format', 'DIR': 'Manufacturing/Fabrication', 'PROJECT_NAME': 'ALB/MLB test', 'BOARD_NAME': 'alb_mlb test', 'COMPANY': 'General Atomics EMS', 'DESIGNER': 'Marcus Reighter', 'LOGO': 'Logos/Logo.png', 'GIT_URL': 'https://github.com/emptyd0nkey/albmlb', 'CHECK_ZONE_FILLS': True, 'STACKUP_TABLE_NOTE': 'external layer thicknesses are specified after plating', 'MPN_FIELD': 'Manufacturer Part Number', 'MAN_FIELD': 'Manufacturer', 'GROUP_ROUND_SLOTS': True, 'GROUP_PTH_NPTH': 'no', 'GROUP_PTH_NPTH_DRL': False, 'PLOT_REFS': True, 'COLOR_THEME': 'Altium_Theme', 'SHEET_WKS': '${KIPRJMOD}/Templates/KDT_Template_PCB_GIT_A4.kicad_wks', 'FAB_SCALING': 1, 'ASSEMBLY_SCALING': 1, 'EXCLUDE_REFS': '[MB*]', '3D_VIEWER_ROT_X': 2, '3D_VIEWER_ROT_Y': -1, '3D_VIEWER_ROT_Z': 1, '3D_VIEWER_ZOOM': -1, 'KEY_COLOR': '#00FF00', 'OUTPUT_DIR': './', 'REPORT_DIR': 'Reports', 'SCHEMATIC_DIR': 'Schematic', 'MANUFACTURING_DIR': 'Manufacturing', 'ASSEMBLY_DIR': '@MANUFACTURING_DIR@/Assembly', 'FABRICATION_DIR': '@MANUFACTURING_DIR@/Fabrication', 'GERBERS_DIR': '@FABRICATION_DIR@/Gerbers', 'FAB_DRILL_TABLES_DIR': '@FABRICATION_DIR@/Drill Tables', 'TESTING_DIR': 'Testing', 'TESTPOINTS_DIR': '@TESTING_DIR@/Testpoints', 'IMAGES_DIR': 'Images', '3D_DIR': '3D', 'RESOURCES_DIR': 'kibot_resources', 'REPORT_TEMPLATE_DIR': '@RESOURCES_DIR@/templates', 'SCRIPTS_DIR': '@RESOURCES_DIR@/scripts', 'LAYER_TITLE_PAGE': 'TitlePage', 'LAYER_DNP_TOP': 'F.DNP', 'LAYER_DNP_BOTTOM': 'B.DNP', 'LAYER_DRILL_MAP': 'DrillMap', 'LAYER_TP_LIST_TOP': 'F.TestPointList', 'LAYER_TP_LIST_BOTTOM': 'B.TestPointList', 'LAYER_ASSEMBLY_TEXT_TOP': 'F.AssemblyText', 'LAYER_ASSEMBLY_TEXT_BOTTOM': 'B.AssemblyText', 'LAYER_DNP_CROSS_TOP': 'F.DNP', 'LAYER_DNP_CROSS_BOTTOM': 'B.DNP', 'FILT_FIELD_RENAME': 'field_rename', 'FILT_TP_ONLY': 'only_testpoints', 'FILT_TP_EXCLUDE': 'exclude_testpoints', 'FILT_TP_TOP_ONLY': 'only_testpoints_top', 'FILT_TP_BOTTOM_ONLY': 'only_testpoints_bottom', 'SCH_VARIANT_OUTPUT': 'value_split', 'NETLIST_OUTPUT': 'netlist', 'GERBER_OUTPUT': 'gbr_gerbers', 'ODB_OUTPUT': 'zip_odb', 'EXCELLON_DRILL_OUTPUT': 'drl_excellon', 'PDF_DRILL_MAP_OUTPUT': 'pdf_drill_map', 'DXF_DRILL_MAP_OUTPUT': 'dxf_drill_map', 'CSV_DRILL_TABLE_OUTPUT': 'csv_drill_table', 'CSV_POS_OUTPUT': 'csv_position', 'CSV_TP_OUTPUT': 'csv_testpoints', 'CSV_TP_TOP_OUTPUT': 'csv_testpoints_top', 'CSV_TP_BOTTOM_OUTPUT': 'csv_testpoints_bottom', 'CSV_BOM_OUTPUT': 'csv_bom', 'XLSX_BOM_OUTPUT': 'xlsx_bom', 'HTML_IBOM_OUTPUT': 'html_bom_interactive', 'HTML_BOM_OUTPUT': 'html_bom', 'CSV_COMP_COUNT_OUPUT': 'csv_comp_count', 'CSV_IMPEDANCE_TABLE_OUTPUT': 'csv_impedance_table', 'TXT_FAB_NOTES_OUTPUT': 'txt_fabrication_notes', 'TXT_ASSEMBLY_NOTES_OUTPUT': 'txt_assembly_notes', 'PNG_3D_VIEWER_TOP': 'png_3d_viewer_top', 'PNG_3D_VIEWER_BOTTOM': 'png_3d_viewer_bottom', 'PNG_3D_VIEWER_ANGLED_TOP': 'png_3d_viewer_angled_top', 'PNG_3D_VIEWER_ANGLED_BOTTOM': 'png_3d_viewer_angled_bottom', 'STEP_OUTPUT': 'step', 'BLENDER_OUTPUT': 'blender', 'PDF_SCHEMATIC_OUTPUT': 'pdf_schematic', 'PDF_FABRICATION_OUTPUT': 'pdf_fabrication', 'PDF_ASSEMBLY_OUTPUT': 'pdf_assembly', 'ZIP_COMPRESS_FAB_OUTPUT': 'zip_compress_fab', 'HTML_KICANVAS_OUTPUT': 'html_kicanvas', 'HTML_KIRI_OUTPUT': 'html_kiri', 'MD_README_OUTPUT': 'md_readme', 'HTML_NAV_RES_OUTPUT': 'html_navigate_results'} (kibot - config_reader.py:667)
DEBUG:Applying preprocessor definitions (kibot - config_reader.py:672)
DEBUG:- Applying CLI definitions: {} (kibot - config_reader.py:679)
DEBUG:- Applying collected definitions: {'NAME': 'zip_odb', 'COMMENT': 'ODB++ in ZIP format', 'DIR': 'Manufacturing/Fabrication', 'PROJECT_NAME': 'ALB/MLB test', 'BOARD_NAME': 'alb_mlb test', 'COMPANY': 'General Atomics EMS', 'DESIGNER': 'Marcus Reighter', 'LOGO': 'Logos/Logo.png', 'GIT_URL': 'https://github.com/emptyd0nkey/albmlb', 'CHECK_ZONE_FILLS': True, 'STACKUP_TABLE_NOTE': 'external layer thicknesses are specified after plating', 'MPN_FIELD': 'Manufacturer Part Number', 'MAN_FIELD': 'Manufacturer', 'GROUP_ROUND_SLOTS': True, 'GROUP_PTH_NPTH': 'no', 'GROUP_PTH_NPTH_DRL': False, 'PLOT_REFS': True, 'COLOR_THEME': 'Altium_Theme', 'SHEET_WKS': '${KIPRJMOD}/Templates/KDT_Template_PCB_GIT_A4.kicad_wks', 'FAB_SCALING': 1, 'ASSEMBLY_SCALING': 1, 'EXCLUDE_REFS': '[MB*]', '3D_VIEWER_ROT_X': 2, '3D_VIEWER_ROT_Y': -1, '3D_VIEWER_ROT_Z': 1, '3D_VIEWER_ZOOM': -1, 'KEY_COLOR': '#00FF00', 'OUTPUT_DIR': './', 'REPORT_DIR': 'Reports', 'SCHEMATIC_DIR': 'Schematic', 'MANUFACTURING_DIR': 'Manufacturing', 'ASSEMBLY_DIR': '@MANUFACTURING_DIR@/Assembly', 'FABRICATION_DIR': '@MANUFACTURING_DIR@/Fabrication', 'GERBERS_DIR': '@FABRICATION_DIR@/Gerbers', 'FAB_DRILL_TABLES_DIR': '@FABRICATION_DIR@/Drill Tables', 'TESTING_DIR': 'Testing', 'TESTPOINTS_DIR': '@TESTING_DIR@/Testpoints', 'IMAGES_DIR': 'Images', '3D_DIR': '3D', 'RESOURCES_DIR': 'kibot_resources', 'REPORT_TEMPLATE_DIR': '@RESOURCES_DIR@/templates', 'SCRIPTS_DIR': '@RESOURCES_DIR@/scripts', 'LAYER_TITLE_PAGE': 'TitlePage', 'LAYER_DNP_TOP': 'F.DNP', 'LAYER_DNP_BOTTOM': 'B.DNP', 'LAYER_DRILL_MAP': 'DrillMap', 'LAYER_TP_LIST_TOP': 'F.TestPointList', 'LAYER_TP_LIST_BOTTOM': 'B.TestPointList', 'LAYER_ASSEMBLY_TEXT_TOP': 'F.AssemblyText', 'LAYER_ASSEMBLY_TEXT_BOTTOM': 'B.AssemblyText', 'LAYER_DNP_CROSS_TOP': 'F.DNP', 'LAYER_DNP_CROSS_BOTTOM': 'B.DNP', 'FILT_FIELD_RENAME': 'field_rename', 'FILT_TP_ONLY': 'only_testpoints', 'FILT_TP_EXCLUDE': 'exclude_testpoints', 'FILT_TP_TOP_ONLY': 'only_testpoints_top', 'FILT_TP_BOTTOM_ONLY': 'only_testpoints_bottom', 'SCH_VARIANT_OUTPUT': 'value_split', 'NETLIST_OUTPUT': 'netlist', 'GERBER_OUTPUT': 'gbr_gerbers', 'ODB_OUTPUT': 'zip_odb', 'EXCELLON_DRILL_OUTPUT': 'drl_excellon', 'PDF_DRILL_MAP_OUTPUT': 'pdf_drill_map', 'DXF_DRILL_MAP_OUTPUT': 'dxf_drill_map', 'CSV_DRILL_TABLE_OUTPUT': 'csv_drill_table', 'CSV_POS_OUTPUT': 'csv_position', 'CSV_TP_OUTPUT': 'csv_testpoints', 'CSV_TP_TOP_OUTPUT': 'csv_testpoints_top', 'CSV_TP_BOTTOM_OUTPUT': 'csv_testpoints_bottom', 'CSV_BOM_OUTPUT': 'csv_bom', 'XLSX_BOM_OUTPUT': 'xlsx_bom', 'HTML_IBOM_OUTPUT': 'html_bom_interactive', 'HTML_BOM_OUTPUT': 'html_bom', 'CSV_COMP_COUNT_OUPUT': 'csv_comp_count', 'CSV_IMPEDANCE_TABLE_OUTPUT': 'csv_impedance_table', 'TXT_FAB_NOTES_OUTPUT': 'txt_fabrication_notes', 'TXT_ASSEMBLY_NOTES_OUTPUT': 'txt_assembly_notes', 'PNG_3D_VIEWER_TOP': 'png_3d_viewer_top', 'PNG_3D_VIEWER_BOTTOM': 'png_3d_viewer_bottom', 'PNG_3D_VIEWER_ANGLED_TOP': 'png_3d_viewer_angled_top', 'PNG_3D_VIEWER_ANGLED_BOTTOM': 'png_3d_viewer_angled_bottom', 'STEP_OUTPUT': 'step', 'BLENDER_OUTPUT': 'blender', 'PDF_SCHEMATIC_OUTPUT': 'pdf_schematic', 'PDF_FABRICATION_OUTPUT': 'pdf_fabrication', 'PDF_ASSEMBLY_OUTPUT': 'pdf_assembly', 'ZIP_COMPRESS_FAB_OUTPUT': 'zip_compress_fab', 'HTML_KICANVAS_OUTPUT': 'html_kicanvas', 'HTML_KIRI_OUTPUT': 'html_kiri', 'MD_README_OUTPUT': 'md_readme', 'HTML_NAV_RES_OUTPUT': 'html_navigate_results'} (kibot - config_reader.py:682)
DEBUG:- Replacing @NAME@ -> zip_odb (<class 'str'>) (kibot - config_reader.py:80)
DEBUG:- Replacing @COMMENT@ -> ODB++ in ZIP format (<class 'str'>) (kibot - config_reader.py:80)
DEBUG:- Replacing @DIR@ -> Manufacturing/Fabrication (<class 'str'>) (kibot - config_reader.py:80)
DEBUG:- Applying CLI definitions: {} (kibot - config_reader.py:679)
DEBUG:- Applying collected definitions: {'NAME': 'zip_odb', 'COMMENT': 'ODB++ in ZIP format', 'DIR': 'Manufacturing/Fabrication', 'PROJECT_NAME': 'ALB/MLB test', 'BOARD_NAME': 'alb_mlb test', 'COMPANY': 'General Atomics EMS', 'DESIGNER': 'Marcus Reighter', 'LOGO': 'Logos/Logo.png', 'GIT_URL': 'https://github.com/emptyd0nkey/albmlb', 'CHECK_ZONE_FILLS': True, 'STACKUP_TABLE_NOTE': 'external layer thicknesses are specified after plating', 'MPN_FIELD': 'Manufacturer Part Number', 'MAN_FIELD': 'Manufacturer', 'GROUP_ROUND_SLOTS': True, 'GROUP_PTH_NPTH': 'no', 'GROUP_PTH_NPTH_DRL': False, 'PLOT_REFS': True, 'COLOR_THEME': 'Altium_Theme', 'SHEET_WKS': '${KIPRJMOD}/Templates/KDT_Template_PCB_GIT_A4.kicad_wks', 'FAB_SCALING': 1, 'ASSEMBLY_SCALING': 1, 'EXCLUDE_REFS': '[MB*]', '3D_VIEWER_ROT_X': 2, '3D_VIEWER_ROT_Y': -1, '3D_VIEWER_ROT_Z': 1, '3D_VIEWER_ZOOM': -1, 'KEY_COLOR': '#00FF00', 'OUTPUT_DIR': './', 'REPORT_DIR': 'Reports', 'SCHEMATIC_DIR': 'Schematic', 'MANUFACTURING_DIR': 'Manufacturing', 'ASSEMBLY_DIR': '@MANUFACTURING_DIR@/Assembly', 'FABRICATION_DIR': '@MANUFACTURING_DIR@/Fabrication', 'GERBERS_DIR': '@FABRICATION_DIR@/Gerbers', 'FAB_DRILL_TABLES_DIR': '@FABRICATION_DIR@/Drill Tables', 'TESTING_DIR': 'Testing', 'TESTPOINTS_DIR': '@TESTING_DIR@/Testpoints', 'IMAGES_DIR': 'Images', '3D_DIR': '3D', 'RESOURCES_DIR': 'kibot_resources', 'REPORT_TEMPLATE_DIR': '@RESOURCES_DIR@/templates', 'SCRIPTS_DIR': '@RESOURCES_DIR@/scripts', 'LAYER_TITLE_PAGE': 'TitlePage', 'LAYER_DNP_TOP': 'F.DNP', 'LAYER_DNP_BOTTOM': 'B.DNP', 'LAYER_DRILL_MAP': 'DrillMap', 'LAYER_TP_LIST_TOP': 'F.TestPointList', 'LAYER_TP_LIST_BOTTOM': 'B.TestPointList', 'LAYER_ASSEMBLY_TEXT_TOP': 'F.AssemblyText', 'LAYER_ASSEMBLY_TEXT_BOTTOM': 'B.AssemblyText', 'LAYER_DNP_CROSS_TOP': 'F.DNP', 'LAYER_DNP_CROSS_BOTTOM': 'B.DNP', 'FILT_FIELD_RENAME': 'field_rename', 'FILT_TP_ONLY': 'only_testpoints', 'FILT_TP_EXCLUDE': 'exclude_testpoints', 'FILT_TP_TOP_ONLY': 'only_testpoints_top', 'FILT_TP_BOTTOM_ONLY': 'only_testpoints_bottom', 'SCH_VARIANT_OUTPUT': 'value_split', 'NETLIST_OUTPUT': 'netlist', 'GERBER_OUTPUT': 'gbr_gerbers', 'ODB_OUTPUT': 'zip_odb', 'EXCELLON_DRILL_OUTPUT': 'drl_excellon', 'PDF_DRILL_MAP_OUTPUT': 'pdf_drill_map', 'DXF_DRILL_MAP_OUTPUT': 'dxf_drill_map', 'CSV_DRILL_TABLE_OUTPUT': 'csv_drill_table', 'CSV_POS_OUTPUT': 'csv_position', 'CSV_TP_OUTPUT': 'csv_testpoints', 'CSV_TP_TOP_OUTPUT': 'csv_testpoints_top', 'CSV_TP_BOTTOM_OUTPUT': 'csv_testpoints_bottom', 'CSV_BOM_OUTPUT': 'csv_bom', 'XLSX_BOM_OUTPUT': 'xlsx_bom', 'HTML_IBOM_OUTPUT': 'html_bom_interactive', 'HTML_BOM_OUTPUT': 'html_bom', 'CSV_COMP_COUNT_OUPUT': 'csv_comp_count', 'CSV_IMPEDANCE_TABLE_OUTPUT': 'csv_impedance_table', 'TXT_FAB_NOTES_OUTPUT': 'txt_fabrication_notes', 'TXT_ASSEMBLY_NOTES_OUTPUT': 'txt_assembly_notes', 'PNG_3D_VIEWER_TOP': 'png_3d_viewer_top', 'PNG_3D_VIEWER_BOTTOM': 'png_3d_viewer_bottom', 'PNG_3D_VIEWER_ANGLED_TOP': 'png_3d_viewer_angled_top', 'PNG_3D_VIEWER_ANGLED_BOTTOM': 'png_3d_viewer_angled_bottom', 'STEP_OUTPUT': 'step', 'BLENDER_OUTPUT': 'blender', 'PDF_SCHEMATIC_OUTPUT': 'pdf_schematic', 'PDF_FABRICATION_OUTPUT': 'pdf_fabrication', 'PDF_ASSEMBLY_OUTPUT': 'pdf_assembly', 'ZIP_COMPRESS_FAB_OUTPUT': 'zip_compress_fab', 'HTML_KICANVAS_OUTPUT': 'html_kicanvas', 'HTML_KIRI_OUTPUT': 'html_kiri', 'MD_README_OUTPUT': 'md_readme', 'HTML_NAV_RES_OUTPUT': 'html_navigate_results'} (kibot - config_reader.py:682)
DEBUG:YAML after expanding definitions:
# KiBot output for generating ODB++ files
# https://kibot.readthedocs.io/en/latest/configuration/outputs/odb.html

kibot:
  version: 1

outputs:
- name: zip_odb
  comment: 'ODB++ in ZIP format'
  type: odb
  category: 'Manufacturing/Fabrication'
  dir: 'Manufacturing/Fabrication'
  options:
    dnf_filter: _kibom_dnf_Config

 (kibot - config_reader.py:688)
DEBUG:Pre-parsing output options for `zip_odb` (odb) (kibot - config_reader.py:171)
DEBUG:Outputs loaded from `kibot_yaml/kibot_out_odb.yaml`: ['zip_odb'] (kibot - config_reader.py:363)
DEBUG:Found local definitions (kibot - config_reader.py:653)
DEBUG:- Local definitions: {'NAME': 'drl_excellon', 'COMMENT': 'Drill in Excellon format', 'DIR': 'Manufacturing/Fabrication/Gerbers', 'GENERATE_DRILL': True, 'PTH_NPTH': False, 'MAP_FORMAT': 'None'} (kibot - config_reader.py:663)
DEBUG:- Current definitions: {'PROJECT_NAME': 'ALB/MLB test', 'BOARD_NAME': 'alb_mlb test', 'COMPANY': 'General Atomics EMS', 'DESIGNER': 'Marcus Reighter', 'LOGO': 'Logos/Logo.png', 'GIT_URL': 'https://github.com/emptyd0nkey/albmlb', 'CHECK_ZONE_FILLS': True, 'STACKUP_TABLE_NOTE': 'external layer thicknesses are specified after plating', 'MPN_FIELD': 'Manufacturer Part Number', 'MAN_FIELD': 'Manufacturer', 'GROUP_ROUND_SLOTS': True, 'GROUP_PTH_NPTH': 'no', 'GROUP_PTH_NPTH_DRL': False, 'PLOT_REFS': True, 'COLOR_THEME': 'Altium_Theme', 'SHEET_WKS': '${KIPRJMOD}/Templates/KDT_Template_PCB_GIT_A4.kicad_wks', 'FAB_SCALING': 1, 'ASSEMBLY_SCALING': 1, 'EXCLUDE_REFS': '[MB*]', '3D_VIEWER_ROT_X': 2, '3D_VIEWER_ROT_Y': -1, '3D_VIEWER_ROT_Z': 1, '3D_VIEWER_ZOOM': -1, 'KEY_COLOR': '#00FF00', 'OUTPUT_DIR': './', 'REPORT_DIR': 'Reports', 'SCHEMATIC_DIR': 'Schematic', 'MANUFACTURING_DIR': 'Manufacturing', 'ASSEMBLY_DIR': '@MANUFACTURING_DIR@/Assembly', 'FABRICATION_DIR': '@MANUFACTURING_DIR@/Fabrication', 'GERBERS_DIR': '@FABRICATION_DIR@/Gerbers', 'FAB_DRILL_TABLES_DIR': '@FABRICATION_DIR@/Drill Tables', 'TESTING_DIR': 'Testing', 'TESTPOINTS_DIR': '@TESTING_DIR@/Testpoints', 'IMAGES_DIR': 'Images', '3D_DIR': '3D', 'RESOURCES_DIR': 'kibot_resources', 'REPORT_TEMPLATE_DIR': '@RESOURCES_DIR@/templates', 'SCRIPTS_DIR': '@RESOURCES_DIR@/scripts', 'LAYER_TITLE_PAGE': 'TitlePage', 'LAYER_DNP_TOP': 'F.DNP', 'LAYER_DNP_BOTTOM': 'B.DNP', 'LAYER_DRILL_MAP': 'DrillMap', 'LAYER_TP_LIST_TOP': 'F.TestPointList', 'LAYER_TP_LIST_BOTTOM': 'B.TestPointList', 'LAYER_ASSEMBLY_TEXT_TOP': 'F.AssemblyText', 'LAYER_ASSEMBLY_TEXT_BOTTOM': 'B.AssemblyText', 'LAYER_DNP_CROSS_TOP': 'F.DNP', 'LAYER_DNP_CROSS_BOTTOM': 'B.DNP', 'FILT_FIELD_RENAME': 'field_rename', 'FILT_TP_ONLY': 'only_testpoints', 'FILT_TP_EXCLUDE': 'exclude_testpoints', 'FILT_TP_TOP_ONLY': 'only_testpoints_top', 'FILT_TP_BOTTOM_ONLY': 'only_testpoints_bottom', 'SCH_VARIANT_OUTPUT': 'value_split', 'NETLIST_OUTPUT': 'netlist', 'GERBER_OUTPUT': 'gbr_gerbers', 'ODB_OUTPUT': 'zip_odb', 'EXCELLON_DRILL_OUTPUT': 'drl_excellon', 'PDF_DRILL_MAP_OUTPUT': 'pdf_drill_map', 'DXF_DRILL_MAP_OUTPUT': 'dxf_drill_map', 'CSV_DRILL_TABLE_OUTPUT': 'csv_drill_table', 'CSV_POS_OUTPUT': 'csv_position', 'CSV_TP_OUTPUT': 'csv_testpoints', 'CSV_TP_TOP_OUTPUT': 'csv_testpoints_top', 'CSV_TP_BOTTOM_OUTPUT': 'csv_testpoints_bottom', 'CSV_BOM_OUTPUT': 'csv_bom', 'XLSX_BOM_OUTPUT': 'xlsx_bom', 'HTML_IBOM_OUTPUT': 'html_bom_interactive', 'HTML_BOM_OUTPUT': 'html_bom', 'CSV_COMP_COUNT_OUPUT': 'csv_comp_count', 'CSV_IMPEDANCE_TABLE_OUTPUT': 'csv_impedance_table', 'TXT_FAB_NOTES_OUTPUT': 'txt_fabrication_notes', 'TXT_ASSEMBLY_NOTES_OUTPUT': 'txt_assembly_notes', 'PNG_3D_VIEWER_TOP': 'png_3d_viewer_top', 'PNG_3D_VIEWER_BOTTOM': 'png_3d_viewer_bottom', 'PNG_3D_VIEWER_ANGLED_TOP': 'png_3d_viewer_angled_top', 'PNG_3D_VIEWER_ANGLED_BOTTOM': 'png_3d_viewer_angled_bottom', 'STEP_OUTPUT': 'step', 'BLENDER_OUTPUT': 'blender', 'PDF_SCHEMATIC_OUTPUT': 'pdf_schematic', 'PDF_FABRICATION_OUTPUT': 'pdf_fabrication', 'PDF_ASSEMBLY_OUTPUT': 'pdf_assembly', 'ZIP_COMPRESS_FAB_OUTPUT': 'zip_compress_fab', 'HTML_KICANVAS_OUTPUT': 'html_kicanvas', 'HTML_KIRI_OUTPUT': 'html_kiri', 'MD_README_OUTPUT': 'md_readme', 'HTML_NAV_RES_OUTPUT': 'html_navigate_results', 'NAME': 'drl_excellon', 'COMMENT': 'Drill in Excellon format', 'DIR': 'Manufacturing/Fabrication/Gerbers'} (kibot - config_reader.py:664)
DEBUG:- Updated definitions: {'NAME': 'drl_excellon', 'COMMENT': 'Drill in Excellon format', 'DIR': 'Manufacturing/Fabrication/Gerbers', 'GENERATE_DRILL': True, 'PTH_NPTH': False, 'MAP_FORMAT': 'None', 'PROJECT_NAME': 'ALB/MLB test', 'BOARD_NAME': 'alb_mlb test', 'COMPANY': 'General Atomics EMS', 'DESIGNER': 'Marcus Reighter', 'LOGO': 'Logos/Logo.png', 'GIT_URL': 'https://github.com/emptyd0nkey/albmlb', 'CHECK_ZONE_FILLS': True, 'STACKUP_TABLE_NOTE': 'external layer thicknesses are specified after plating', 'MPN_FIELD': 'Manufacturer Part Number', 'MAN_FIELD': 'Manufacturer', 'GROUP_ROUND_SLOTS': True, 'GROUP_PTH_NPTH': 'no', 'GROUP_PTH_NPTH_DRL': False, 'PLOT_REFS': True, 'COLOR_THEME': 'Altium_Theme', 'SHEET_WKS': '${KIPRJMOD}/Templates/KDT_Template_PCB_GIT_A4.kicad_wks', 'FAB_SCALING': 1, 'ASSEMBLY_SCALING': 1, 'EXCLUDE_REFS': '[MB*]', '3D_VIEWER_ROT_X': 2, '3D_VIEWER_ROT_Y': -1, '3D_VIEWER_ROT_Z': 1, '3D_VIEWER_ZOOM': -1, 'KEY_COLOR': '#00FF00', 'OUTPUT_DIR': './', 'REPORT_DIR': 'Reports', 'SCHEMATIC_DIR': 'Schematic', 'MANUFACTURING_DIR': 'Manufacturing', 'ASSEMBLY_DIR': '@MANUFACTURING_DIR@/Assembly', 'FABRICATION_DIR': '@MANUFACTURING_DIR@/Fabrication', 'GERBERS_DIR': '@FABRICATION_DIR@/Gerbers', 'FAB_DRILL_TABLES_DIR': '@FABRICATION_DIR@/Drill Tables', 'TESTING_DIR': 'Testing', 'TESTPOINTS_DIR': '@TESTING_DIR@/Testpoints', 'IMAGES_DIR': 'Images', '3D_DIR': '3D', 'RESOURCES_DIR': 'kibot_resources', 'REPORT_TEMPLATE_DIR': '@RESOURCES_DIR@/templates', 'SCRIPTS_DIR': '@RESOURCES_DIR@/scripts', 'LAYER_TITLE_PAGE': 'TitlePage', 'LAYER_DNP_TOP': 'F.DNP', 'LAYER_DNP_BOTTOM': 'B.DNP', 'LAYER_DRILL_MAP': 'DrillMap', 'LAYER_TP_LIST_TOP': 'F.TestPointList', 'LAYER_TP_LIST_BOTTOM': 'B.TestPointList', 'LAYER_ASSEMBLY_TEXT_TOP': 'F.AssemblyText', 'LAYER_ASSEMBLY_TEXT_BOTTOM': 'B.AssemblyText', 'LAYER_DNP_CROSS_TOP': 'F.DNP', 'LAYER_DNP_CROSS_BOTTOM': 'B.DNP', 'FILT_FIELD_RENAME': 'field_rename', 'FILT_TP_ONLY': 'only_testpoints', 'FILT_TP_EXCLUDE': 'exclude_testpoints', 'FILT_TP_TOP_ONLY': 'only_testpoints_top', 'FILT_TP_BOTTOM_ONLY': 'only_testpoints_bottom', 'SCH_VARIANT_OUTPUT': 'value_split', 'NETLIST_OUTPUT': 'netlist', 'GERBER_OUTPUT': 'gbr_gerbers', 'ODB_OUTPUT': 'zip_odb', 'EXCELLON_DRILL_OUTPUT': 'drl_excellon', 'PDF_DRILL_MAP_OUTPUT': 'pdf_drill_map', 'DXF_DRILL_MAP_OUTPUT': 'dxf_drill_map', 'CSV_DRILL_TABLE_OUTPUT': 'csv_drill_table', 'CSV_POS_OUTPUT': 'csv_position', 'CSV_TP_OUTPUT': 'csv_testpoints', 'CSV_TP_TOP_OUTPUT': 'csv_testpoints_top', 'CSV_TP_BOTTOM_OUTPUT': 'csv_testpoints_bottom', 'CSV_BOM_OUTPUT': 'csv_bom', 'XLSX_BOM_OUTPUT': 'xlsx_bom', 'HTML_IBOM_OUTPUT': 'html_bom_interactive', 'HTML_BOM_OUTPUT': 'html_bom', 'CSV_COMP_COUNT_OUPUT': 'csv_comp_count', 'CSV_IMPEDANCE_TABLE_OUTPUT': 'csv_impedance_table', 'TXT_FAB_NOTES_OUTPUT': 'txt_fabrication_notes', 'TXT_ASSEMBLY_NOTES_OUTPUT': 'txt_assembly_notes', 'PNG_3D_VIEWER_TOP': 'png_3d_viewer_top', 'PNG_3D_VIEWER_BOTTOM': 'png_3d_viewer_bottom', 'PNG_3D_VIEWER_ANGLED_TOP': 'png_3d_viewer_angled_top', 'PNG_3D_VIEWER_ANGLED_BOTTOM': 'png_3d_viewer_angled_bottom', 'STEP_OUTPUT': 'step', 'BLENDER_OUTPUT': 'blender', 'PDF_SCHEMATIC_OUTPUT': 'pdf_schematic', 'PDF_FABRICATION_OUTPUT': 'pdf_fabrication', 'PDF_ASSEMBLY_OUTPUT': 'pdf_assembly', 'ZIP_COMPRESS_FAB_OUTPUT': 'zip_compress_fab', 'HTML_KICANVAS_OUTPUT': 'html_kicanvas', 'HTML_KIRI_OUTPUT': 'html_kiri', 'MD_README_OUTPUT': 'md_readme', 'HTML_NAV_RES_OUTPUT': 'html_navigate_results'} (kibot - config_reader.py:667)
DEBUG:Applying preprocessor definitions (kibot - config_reader.py:672)
DEBUG:- Applying CLI definitions: {} (kibot - config_reader.py:679)
DEBUG:- Applying collected definitions: {'NAME': 'drl_excellon', 'COMMENT': 'Drill in Excellon format', 'DIR': 'Manufacturing/Fabrication/Gerbers', 'GENERATE_DRILL': True, 'PTH_NPTH': False, 'MAP_FORMAT': 'None', 'PROJECT_NAME': 'ALB/MLB test', 'BOARD_NAME': 'alb_mlb test', 'COMPANY': 'General Atomics EMS', 'DESIGNER': 'Marcus Reighter', 'LOGO': 'Logos/Logo.png', 'GIT_URL': 'https://github.com/emptyd0nkey/albmlb', 'CHECK_ZONE_FILLS': True, 'STACKUP_TABLE_NOTE': 'external layer thicknesses are specified after plating', 'MPN_FIELD': 'Manufacturer Part Number', 'MAN_FIELD': 'Manufacturer', 'GROUP_ROUND_SLOTS': True, 'GROUP_PTH_NPTH': 'no', 'GROUP_PTH_NPTH_DRL': False, 'PLOT_REFS': True, 'COLOR_THEME': 'Altium_Theme', 'SHEET_WKS': '${KIPRJMOD}/Templates/KDT_Template_PCB_GIT_A4.kicad_wks', 'FAB_SCALING': 1, 'ASSEMBLY_SCALING': 1, 'EXCLUDE_REFS': '[MB*]', '3D_VIEWER_ROT_X': 2, '3D_VIEWER_ROT_Y': -1, '3D_VIEWER_ROT_Z': 1, '3D_VIEWER_ZOOM': -1, 'KEY_COLOR': '#00FF00', 'OUTPUT_DIR': './', 'REPORT_DIR': 'Reports', 'SCHEMATIC_DIR': 'Schematic', 'MANUFACTURING_DIR': 'Manufacturing', 'ASSEMBLY_DIR': '@MANUFACTURING_DIR@/Assembly', 'FABRICATION_DIR': '@MANUFACTURING_DIR@/Fabrication', 'GERBERS_DIR': '@FABRICATION_DIR@/Gerbers', 'FAB_DRILL_TABLES_DIR': '@FABRICATION_DIR@/Drill Tables', 'TESTING_DIR': 'Testing', 'TESTPOINTS_DIR': '@TESTING_DIR@/Testpoints', 'IMAGES_DIR': 'Images', '3D_DIR': '3D', 'RESOURCES_DIR': 'kibot_resources', 'REPORT_TEMPLATE_DIR': '@RESOURCES_DIR@/templates', 'SCRIPTS_DIR': '@RESOURCES_DIR@/scripts', 'LAYER_TITLE_PAGE': 'TitlePage', 'LAYER_DNP_TOP': 'F.DNP', 'LAYER_DNP_BOTTOM': 'B.DNP', 'LAYER_DRILL_MAP': 'DrillMap', 'LAYER_TP_LIST_TOP': 'F.TestPointList', 'LAYER_TP_LIST_BOTTOM': 'B.TestPointList', 'LAYER_ASSEMBLY_TEXT_TOP': 'F.AssemblyText', 'LAYER_ASSEMBLY_TEXT_BOTTOM': 'B.AssemblyText', 'LAYER_DNP_CROSS_TOP': 'F.DNP', 'LAYER_DNP_CROSS_BOTTOM': 'B.DNP', 'FILT_FIELD_RENAME': 'field_rename', 'FILT_TP_ONLY': 'only_testpoints', 'FILT_TP_EXCLUDE': 'exclude_testpoints', 'FILT_TP_TOP_ONLY': 'only_testpoints_top', 'FILT_TP_BOTTOM_ONLY': 'only_testpoints_bottom', 'SCH_VARIANT_OUTPUT': 'value_split', 'NETLIST_OUTPUT': 'netlist', 'GERBER_OUTPUT': 'gbr_gerbers', 'ODB_OUTPUT': 'zip_odb', 'EXCELLON_DRILL_OUTPUT': 'drl_excellon', 'PDF_DRILL_MAP_OUTPUT': 'pdf_drill_map', 'DXF_DRILL_MAP_OUTPUT': 'dxf_drill_map', 'CSV_DRILL_TABLE_OUTPUT': 'csv_drill_table', 'CSV_POS_OUTPUT': 'csv_position', 'CSV_TP_OUTPUT': 'csv_testpoints', 'CSV_TP_TOP_OUTPUT': 'csv_testpoints_top', 'CSV_TP_BOTTOM_OUTPUT': 'csv_testpoints_bottom', 'CSV_BOM_OUTPUT': 'csv_bom', 'XLSX_BOM_OUTPUT': 'xlsx_bom', 'HTML_IBOM_OUTPUT': 'html_bom_interactive', 'HTML_BOM_OUTPUT': 'html_bom', 'CSV_COMP_COUNT_OUPUT': 'csv_comp_count', 'CSV_IMPEDANCE_TABLE_OUTPUT': 'csv_impedance_table', 'TXT_FAB_NOTES_OUTPUT': 'txt_fabrication_notes', 'TXT_ASSEMBLY_NOTES_OUTPUT': 'txt_assembly_notes', 'PNG_3D_VIEWER_TOP': 'png_3d_viewer_top', 'PNG_3D_VIEWER_BOTTOM': 'png_3d_viewer_bottom', 'PNG_3D_VIEWER_ANGLED_TOP': 'png_3d_viewer_angled_top', 'PNG_3D_VIEWER_ANGLED_BOTTOM': 'png_3d_viewer_angled_bottom', 'STEP_OUTPUT': 'step', 'BLENDER_OUTPUT': 'blender', 'PDF_SCHEMATIC_OUTPUT': 'pdf_schematic', 'PDF_FABRICATION_OUTPUT': 'pdf_fabrication', 'PDF_ASSEMBLY_OUTPUT': 'pdf_assembly', 'ZIP_COMPRESS_FAB_OUTPUT': 'zip_compress_fab', 'HTML_KICANVAS_OUTPUT': 'html_kicanvas', 'HTML_KIRI_OUTPUT': 'html_kiri', 'MD_README_OUTPUT': 'md_readme', 'HTML_NAV_RES_OUTPUT': 'html_navigate_results'} (kibot - config_reader.py:682)
DEBUG:- Replacing @NAME@ -> drl_excellon (<class 'str'>) (kibot - config_reader.py:80)
DEBUG:- Replacing @COMMENT@ -> Drill in Excellon format (<class 'str'>) (kibot - config_reader.py:80)
DEBUG:- Replacing @DIR@ -> Manufacturing/Fabrication/Gerbers (<class 'str'>) (kibot - config_reader.py:80)
DEBUG:- Replacing @GENERATE_DRILL@ -> true (<class 'str'>) (kibot - config_reader.py:80)
DEBUG:- Replacing @PTH_NPTH@ -> false (<class 'str'>) (kibot - config_reader.py:80)
DEBUG:- Replacing @MAP_FORMAT@ -> None (<class 'str'>) (kibot - config_reader.py:80)
DEBUG:- Applying CLI definitions: {} (kibot - config_reader.py:679)
DEBUG:- Applying collected definitions: {'NAME': 'drl_excellon', 'COMMENT': 'Drill in Excellon format', 'DIR': 'Manufacturing/Fabrication/Gerbers', 'GENERATE_DRILL': True, 'PTH_NPTH': False, 'MAP_FORMAT': 'None', 'PROJECT_NAME': 'ALB/MLB test', 'BOARD_NAME': 'alb_mlb test', 'COMPANY': 'General Atomics EMS', 'DESIGNER': 'Marcus Reighter', 'LOGO': 'Logos/Logo.png', 'GIT_URL': 'https://github.com/emptyd0nkey/albmlb', 'CHECK_ZONE_FILLS': True, 'STACKUP_TABLE_NOTE': 'external layer thicknesses are specified after plating', 'MPN_FIELD': 'Manufacturer Part Number', 'MAN_FIELD': 'Manufacturer', 'GROUP_ROUND_SLOTS': True, 'GROUP_PTH_NPTH': 'no', 'GROUP_PTH_NPTH_DRL': False, 'PLOT_REFS': True, 'COLOR_THEME': 'Altium_Theme', 'SHEET_WKS': '${KIPRJMOD}/Templates/KDT_Template_PCB_GIT_A4.kicad_wks', 'FAB_SCALING': 1, 'ASSEMBLY_SCALING': 1, 'EXCLUDE_REFS': '[MB*]', '3D_VIEWER_ROT_X': 2, '3D_VIEWER_ROT_Y': -1, '3D_VIEWER_ROT_Z': 1, '3D_VIEWER_ZOOM': -1, 'KEY_COLOR': '#00FF00', 'OUTPUT_DIR': './', 'REPORT_DIR': 'Reports', 'SCHEMATIC_DIR': 'Schematic', 'MANUFACTURING_DIR': 'Manufacturing', 'ASSEMBLY_DIR': '@MANUFACTURING_DIR@/Assembly', 'FABRICATION_DIR': '@MANUFACTURING_DIR@/Fabrication', 'GERBERS_DIR': '@FABRICATION_DIR@/Gerbers', 'FAB_DRILL_TABLES_DIR': '@FABRICATION_DIR@/Drill Tables', 'TESTING_DIR': 'Testing', 'TESTPOINTS_DIR': '@TESTING_DIR@/Testpoints', 'IMAGES_DIR': 'Images', '3D_DIR': '3D', 'RESOURCES_DIR': 'kibot_resources', 'REPORT_TEMPLATE_DIR': '@RESOURCES_DIR@/templates', 'SCRIPTS_DIR': '@RESOURCES_DIR@/scripts', 'LAYER_TITLE_PAGE': 'TitlePage', 'LAYER_DNP_TOP': 'F.DNP', 'LAYER_DNP_BOTTOM': 'B.DNP', 'LAYER_DRILL_MAP': 'DrillMap', 'LAYER_TP_LIST_TOP': 'F.TestPointList', 'LAYER_TP_LIST_BOTTOM': 'B.TestPointList', 'LAYER_ASSEMBLY_TEXT_TOP': 'F.AssemblyText', 'LAYER_ASSEMBLY_TEXT_BOTTOM': 'B.AssemblyText', 'LAYER_DNP_CROSS_TOP': 'F.DNP', 'LAYER_DNP_CROSS_BOTTOM': 'B.DNP', 'FILT_FIELD_RENAME': 'field_rename', 'FILT_TP_ONLY': 'only_testpoints', 'FILT_TP_EXCLUDE': 'exclude_testpoints', 'FILT_TP_TOP_ONLY': 'only_testpoints_top', 'FILT_TP_BOTTOM_ONLY': 'only_testpoints_bottom', 'SCH_VARIANT_OUTPUT': 'value_split', 'NETLIST_OUTPUT': 'netlist', 'GERBER_OUTPUT': 'gbr_gerbers', 'ODB_OUTPUT': 'zip_odb', 'EXCELLON_DRILL_OUTPUT': 'drl_excellon', 'PDF_DRILL_MAP_OUTPUT': 'pdf_drill_map', 'DXF_DRILL_MAP_OUTPUT': 'dxf_drill_map', 'CSV_DRILL_TABLE_OUTPUT': 'csv_drill_table', 'CSV_POS_OUTPUT': 'csv_position', 'CSV_TP_OUTPUT': 'csv_testpoints', 'CSV_TP_TOP_OUTPUT': 'csv_testpoints_top', 'CSV_TP_BOTTOM_OUTPUT': 'csv_testpoints_bottom', 'CSV_BOM_OUTPUT': 'csv_bom', 'XLSX_BOM_OUTPUT': 'xlsx_bom', 'HTML_IBOM_OUTPUT': 'html_bom_interactive', 'HTML_BOM_OUTPUT': 'html_bom', 'CSV_COMP_COUNT_OUPUT': 'csv_comp_count', 'CSV_IMPEDANCE_TABLE_OUTPUT': 'csv_impedance_table', 'TXT_FAB_NOTES_OUTPUT': 'txt_fabrication_notes', 'TXT_ASSEMBLY_NOTES_OUTPUT': 'txt_assembly_notes', 'PNG_3D_VIEWER_TOP': 'png_3d_viewer_top', 'PNG_3D_VIEWER_BOTTOM': 'png_3d_viewer_bottom', 'PNG_3D_VIEWER_ANGLED_TOP': 'png_3d_viewer_angled_top', 'PNG_3D_VIEWER_ANGLED_BOTTOM': 'png_3d_viewer_angled_bottom', 'STEP_OUTPUT': 'step', 'BLENDER_OUTPUT': 'blender', 'PDF_SCHEMATIC_OUTPUT': 'pdf_schematic', 'PDF_FABRICATION_OUTPUT': 'pdf_fabrication', 'PDF_ASSEMBLY_OUTPUT': 'pdf_assembly', 'ZIP_COMPRESS_FAB_OUTPUT': 'zip_compress_fab', 'HTML_KICANVAS_OUTPUT': 'html_kicanvas', 'HTML_KIRI_OUTPUT': 'html_kiri', 'MD_README_OUTPUT': 'md_readme', 'HTML_NAV_RES_OUTPUT': 'html_navigate_results'} (kibot - config_reader.py:682)
DEBUG:YAML after expanding definitions:
# KiBot output for generating drill Gerber files
# https://kibot.readthedocs.io/en/latest/configuration/outputs/excellon.html

kibot:
  version: 1

outputs:
- name: drl_excellon
  comment: 'Drill in Excellon format'
  type: excellon
  category: 'Manufacturing/Fabrication/Gerbers'
  dir: 'Manufacturing/Fabrication/Gerbers'
  options:
    generate_drill_files: true
    pth_and_npth_single_file: false
    map: 'None'

 (kibot - config_reader.py:688)
DEBUG:Pre-parsing output options for `drl_excellon` (excellon) (kibot - config_reader.py:171)
DEBUG:Outputs loaded from `kibot_yaml/kibot_out_excellon_drill.yaml`: ['drl_excellon'] (kibot - config_reader.py:363)
DEBUG:Found local definitions (kibot - config_reader.py:653)
DEBUG:- Local definitions: {'NAME': 'drl_excellon', 'COMMENT': 'Drill in Excellon format', 'DIR': 'Manufacturing/Fabrication/Gerbers', 'GENERATE_DRILL': True, 'PTH_NPTH': False, 'MAP_FORMAT': 'None'} (kibot - config_reader.py:663)
DEBUG:- Current definitions: {'PROJECT_NAME': 'ALB/MLB test', 'BOARD_NAME': 'alb_mlb test', 'COMPANY': 'General Atomics EMS', 'DESIGNER': 'Marcus Reighter', 'LOGO': 'Logos/Logo.png', 'GIT_URL': 'https://github.com/emptyd0nkey/albmlb', 'CHECK_ZONE_FILLS': True, 'STACKUP_TABLE_NOTE': 'external layer thicknesses are specified after plating', 'MPN_FIELD': 'Manufacturer Part Number', 'MAN_FIELD': 'Manufacturer', 'GROUP_ROUND_SLOTS': True, 'GROUP_PTH_NPTH': 'no', 'GROUP_PTH_NPTH_DRL': False, 'PLOT_REFS': True, 'COLOR_THEME': 'Altium_Theme', 'SHEET_WKS': '${KIPRJMOD}/Templates/KDT_Template_PCB_GIT_A4.kicad_wks', 'FAB_SCALING': 1, 'ASSEMBLY_SCALING': 1, 'EXCLUDE_REFS': '[MB*]', '3D_VIEWER_ROT_X': 2, '3D_VIEWER_ROT_Y': -1, '3D_VIEWER_ROT_Z': 1, '3D_VIEWER_ZOOM': -1, 'KEY_COLOR': '#00FF00', 'OUTPUT_DIR': './', 'REPORT_DIR': 'Reports', 'SCHEMATIC_DIR': 'Schematic', 'MANUFACTURING_DIR': 'Manufacturing', 'ASSEMBLY_DIR': '@MANUFACTURING_DIR@/Assembly', 'FABRICATION_DIR': '@MANUFACTURING_DIR@/Fabrication', 'GERBERS_DIR': '@FABRICATION_DIR@/Gerbers', 'FAB_DRILL_TABLES_DIR': '@FABRICATION_DIR@/Drill Tables', 'TESTING_DIR': 'Testing', 'TESTPOINTS_DIR': '@TESTING_DIR@/Testpoints', 'IMAGES_DIR': 'Images', '3D_DIR': '3D', 'RESOURCES_DIR': 'kibot_resources', 'REPORT_TEMPLATE_DIR': '@RESOURCES_DIR@/templates', 'SCRIPTS_DIR': '@RESOURCES_DIR@/scripts', 'LAYER_TITLE_PAGE': 'TitlePage', 'LAYER_DNP_TOP': 'F.DNP', 'LAYER_DNP_BOTTOM': 'B.DNP', 'LAYER_DRILL_MAP': 'DrillMap', 'LAYER_TP_LIST_TOP': 'F.TestPointList', 'LAYER_TP_LIST_BOTTOM': 'B.TestPointList', 'LAYER_ASSEMBLY_TEXT_TOP': 'F.AssemblyText', 'LAYER_ASSEMBLY_TEXT_BOTTOM': 'B.AssemblyText', 'LAYER_DNP_CROSS_TOP': 'F.DNP', 'LAYER_DNP_CROSS_BOTTOM': 'B.DNP', 'FILT_FIELD_RENAME': 'field_rename', 'FILT_TP_ONLY': 'only_testpoints', 'FILT_TP_EXCLUDE': 'exclude_testpoints', 'FILT_TP_TOP_ONLY': 'only_testpoints_top', 'FILT_TP_BOTTOM_ONLY': 'only_testpoints_bottom', 'SCH_VARIANT_OUTPUT': 'value_split', 'NETLIST_OUTPUT': 'netlist', 'GERBER_OUTPUT': 'gbr_gerbers', 'ODB_OUTPUT': 'zip_odb', 'EXCELLON_DRILL_OUTPUT': 'drl_excellon', 'PDF_DRILL_MAP_OUTPUT': 'pdf_drill_map', 'DXF_DRILL_MAP_OUTPUT': 'dxf_drill_map', 'CSV_DRILL_TABLE_OUTPUT': 'csv_drill_table', 'CSV_POS_OUTPUT': 'csv_position', 'CSV_TP_OUTPUT': 'csv_testpoints', 'CSV_TP_TOP_OUTPUT': 'csv_testpoints_top', 'CSV_TP_BOTTOM_OUTPUT': 'csv_testpoints_bottom', 'CSV_BOM_OUTPUT': 'csv_bom', 'XLSX_BOM_OUTPUT': 'xlsx_bom', 'HTML_IBOM_OUTPUT': 'html_bom_interactive', 'HTML_BOM_OUTPUT': 'html_bom', 'CSV_COMP_COUNT_OUPUT': 'csv_comp_count', 'CSV_IMPEDANCE_TABLE_OUTPUT': 'csv_impedance_table', 'TXT_FAB_NOTES_OUTPUT': 'txt_fabrication_notes', 'TXT_ASSEMBLY_NOTES_OUTPUT': 'txt_assembly_notes', 'PNG_3D_VIEWER_TOP': 'png_3d_viewer_top', 'PNG_3D_VIEWER_BOTTOM': 'png_3d_viewer_bottom', 'PNG_3D_VIEWER_ANGLED_TOP': 'png_3d_viewer_angled_top', 'PNG_3D_VIEWER_ANGLED_BOTTOM': 'png_3d_viewer_angled_bottom', 'STEP_OUTPUT': 'step', 'BLENDER_OUTPUT': 'blender', 'PDF_SCHEMATIC_OUTPUT': 'pdf_schematic', 'PDF_FABRICATION_OUTPUT': 'pdf_fabrication', 'PDF_ASSEMBLY_OUTPUT': 'pdf_assembly', 'ZIP_COMPRESS_FAB_OUTPUT': 'zip_compress_fab', 'HTML_KICANVAS_OUTPUT': 'html_kicanvas', 'HTML_KIRI_OUTPUT': 'html_kiri', 'MD_README_OUTPUT': 'md_readme', 'HTML_NAV_RES_OUTPUT': 'html_navigate_results', 'NAME': 'pdf_drill_map', 'COMMENT': 'Drill Map in PDF format', 'DIR': 'Manufacturing/Fabrication/Gerbers', 'GENERATE_DRILL': False, 'PTH_NPTH': False, 'MAP_FORMAT': 'pdf'} (kibot - config_reader.py:664)
DEBUG:- Updated definitions: {'NAME': 'pdf_drill_map', 'COMMENT': 'Drill Map in PDF format', 'DIR': 'Manufacturing/Fabrication/Gerbers', 'GENERATE_DRILL': False, 'PTH_NPTH': False, 'MAP_FORMAT': 'pdf', 'PROJECT_NAME': 'ALB/MLB test', 'BOARD_NAME': 'alb_mlb test', 'COMPANY': 'General Atomics EMS', 'DESIGNER': 'Marcus Reighter', 'LOGO': 'Logos/Logo.png', 'GIT_URL': 'https://github.com/emptyd0nkey/albmlb', 'CHECK_ZONE_FILLS': True, 'STACKUP_TABLE_NOTE': 'external layer thicknesses are specified after plating', 'MPN_FIELD': 'Manufacturer Part Number', 'MAN_FIELD': 'Manufacturer', 'GROUP_ROUND_SLOTS': True, 'GROUP_PTH_NPTH': 'no', 'GROUP_PTH_NPTH_DRL': False, 'PLOT_REFS': True, 'COLOR_THEME': 'Altium_Theme', 'SHEET_WKS': '${KIPRJMOD}/Templates/KDT_Template_PCB_GIT_A4.kicad_wks', 'FAB_SCALING': 1, 'ASSEMBLY_SCALING': 1, 'EXCLUDE_REFS': '[MB*]', '3D_VIEWER_ROT_X': 2, '3D_VIEWER_ROT_Y': -1, '3D_VIEWER_ROT_Z': 1, '3D_VIEWER_ZOOM': -1, 'KEY_COLOR': '#00FF00', 'OUTPUT_DIR': './', 'REPORT_DIR': 'Reports', 'SCHEMATIC_DIR': 'Schematic', 'MANUFACTURING_DIR': 'Manufacturing', 'ASSEMBLY_DIR': '@MANUFACTURING_DIR@/Assembly', 'FABRICATION_DIR': '@MANUFACTURING_DIR@/Fabrication', 'GERBERS_DIR': '@FABRICATION_DIR@/Gerbers', 'FAB_DRILL_TABLES_DIR': '@FABRICATION_DIR@/Drill Tables', 'TESTING_DIR': 'Testing', 'TESTPOINTS_DIR': '@TESTING_DIR@/Testpoints', 'IMAGES_DIR': 'Images', '3D_DIR': '3D', 'RESOURCES_DIR': 'kibot_resources', 'REPORT_TEMPLATE_DIR': '@RESOURCES_DIR@/templates', 'SCRIPTS_DIR': '@RESOURCES_DIR@/scripts', 'LAYER_TITLE_PAGE': 'TitlePage', 'LAYER_DNP_TOP': 'F.DNP', 'LAYER_DNP_BOTTOM': 'B.DNP', 'LAYER_DRILL_MAP': 'DrillMap', 'LAYER_TP_LIST_TOP': 'F.TestPointList', 'LAYER_TP_LIST_BOTTOM': 'B.TestPointList', 'LAYER_ASSEMBLY_TEXT_TOP': 'F.AssemblyText', 'LAYER_ASSEMBLY_TEXT_BOTTOM': 'B.AssemblyText', 'LAYER_DNP_CROSS_TOP': 'F.DNP', 'LAYER_DNP_CROSS_BOTTOM': 'B.DNP', 'FILT_FIELD_RENAME': 'field_rename', 'FILT_TP_ONLY': 'only_testpoints', 'FILT_TP_EXCLUDE': 'exclude_testpoints', 'FILT_TP_TOP_ONLY': 'only_testpoints_top', 'FILT_TP_BOTTOM_ONLY': 'only_testpoints_bottom', 'SCH_VARIANT_OUTPUT': 'value_split', 'NETLIST_OUTPUT': 'netlist', 'GERBER_OUTPUT': 'gbr_gerbers', 'ODB_OUTPUT': 'zip_odb', 'EXCELLON_DRILL_OUTPUT': 'drl_excellon', 'PDF_DRILL_MAP_OUTPUT': 'pdf_drill_map', 'DXF_DRILL_MAP_OUTPUT': 'dxf_drill_map', 'CSV_DRILL_TABLE_OUTPUT': 'csv_drill_table', 'CSV_POS_OUTPUT': 'csv_position', 'CSV_TP_OUTPUT': 'csv_testpoints', 'CSV_TP_TOP_OUTPUT': 'csv_testpoints_top', 'CSV_TP_BOTTOM_OUTPUT': 'csv_testpoints_bottom', 'CSV_BOM_OUTPUT': 'csv_bom', 'XLSX_BOM_OUTPUT': 'xlsx_bom', 'HTML_IBOM_OUTPUT': 'html_bom_interactive', 'HTML_BOM_OUTPUT': 'html_bom', 'CSV_COMP_COUNT_OUPUT': 'csv_comp_count', 'CSV_IMPEDANCE_TABLE_OUTPUT': 'csv_impedance_table', 'TXT_FAB_NOTES_OUTPUT': 'txt_fabrication_notes', 'TXT_ASSEMBLY_NOTES_OUTPUT': 'txt_assembly_notes', 'PNG_3D_VIEWER_TOP': 'png_3d_viewer_top', 'PNG_3D_VIEWER_BOTTOM': 'png_3d_viewer_bottom', 'PNG_3D_VIEWER_ANGLED_TOP': 'png_3d_viewer_angled_top', 'PNG_3D_VIEWER_ANGLED_BOTTOM': 'png_3d_viewer_angled_bottom', 'STEP_OUTPUT': 'step', 'BLENDER_OUTPUT': 'blender', 'PDF_SCHEMATIC_OUTPUT': 'pdf_schematic', 'PDF_FABRICATION_OUTPUT': 'pdf_fabrication', 'PDF_ASSEMBLY_OUTPUT': 'pdf_assembly', 'ZIP_COMPRESS_FAB_OUTPUT': 'zip_compress_fab', 'HTML_KICANVAS_OUTPUT': 'html_kicanvas', 'HTML_KIRI_OUTPUT': 'html_kiri', 'MD_README_OUTPUT': 'md_readme', 'HTML_NAV_RES_OUTPUT': 'html_navigate_results'} (kibot - config_reader.py:667)
DEBUG:Applying preprocessor definitions (kibot - config_reader.py:672)
DEBUG:- Applying CLI definitions: {} (kibot - config_reader.py:679)
DEBUG:- Applying collected definitions: {'NAME': 'pdf_drill_map', 'COMMENT': 'Drill Map in PDF format', 'DIR': 'Manufacturing/Fabrication/Gerbers', 'GENERATE_DRILL': False, 'PTH_NPTH': False, 'MAP_FORMAT': 'pdf', 'PROJECT_NAME': 'ALB/MLB test', 'BOARD_NAME': 'alb_mlb test', 'COMPANY': 'General Atomics EMS', 'DESIGNER': 'Marcus Reighter', 'LOGO': 'Logos/Logo.png', 'GIT_URL': 'https://github.com/emptyd0nkey/albmlb', 'CHECK_ZONE_FILLS': True, 'STACKUP_TABLE_NOTE': 'external layer thicknesses are specified after plating', 'MPN_FIELD': 'Manufacturer Part Number', 'MAN_FIELD': 'Manufacturer', 'GROUP_ROUND_SLOTS': True, 'GROUP_PTH_NPTH': 'no', 'GROUP_PTH_NPTH_DRL': False, 'PLOT_REFS': True, 'COLOR_THEME': 'Altium_Theme', 'SHEET_WKS': '${KIPRJMOD}/Templates/KDT_Template_PCB_GIT_A4.kicad_wks', 'FAB_SCALING': 1, 'ASSEMBLY_SCALING': 1, 'EXCLUDE_REFS': '[MB*]', '3D_VIEWER_ROT_X': 2, '3D_VIEWER_ROT_Y': -1, '3D_VIEWER_ROT_Z': 1, '3D_VIEWER_ZOOM': -1, 'KEY_COLOR': '#00FF00', 'OUTPUT_DIR': './', 'REPORT_DIR': 'Reports', 'SCHEMATIC_DIR': 'Schematic', 'MANUFACTURING_DIR': 'Manufacturing', 'ASSEMBLY_DIR': '@MANUFACTURING_DIR@/Assembly', 'FABRICATION_DIR': '@MANUFACTURING_DIR@/Fabrication', 'GERBERS_DIR': '@FABRICATION_DIR@/Gerbers', 'FAB_DRILL_TABLES_DIR': '@FABRICATION_DIR@/Drill Tables', 'TESTING_DIR': 'Testing', 'TESTPOINTS_DIR': '@TESTING_DIR@/Testpoints', 'IMAGES_DIR': 'Images', '3D_DIR': '3D', 'RESOURCES_DIR': 'kibot_resources', 'REPORT_TEMPLATE_DIR': '@RESOURCES_DIR@/templates', 'SCRIPTS_DIR': '@RESOURCES_DIR@/scripts', 'LAYER_TITLE_PAGE': 'TitlePage', 'LAYER_DNP_TOP': 'F.DNP', 'LAYER_DNP_BOTTOM': 'B.DNP', 'LAYER_DRILL_MAP': 'DrillMap', 'LAYER_TP_LIST_TOP': 'F.TestPointList', 'LAYER_TP_LIST_BOTTOM': 'B.TestPointList', 'LAYER_ASSEMBLY_TEXT_TOP': 'F.AssemblyText', 'LAYER_ASSEMBLY_TEXT_BOTTOM': 'B.AssemblyText', 'LAYER_DNP_CROSS_TOP': 'F.DNP', 'LAYER_DNP_CROSS_BOTTOM': 'B.DNP', 'FILT_FIELD_RENAME': 'field_rename', 'FILT_TP_ONLY': 'only_testpoints', 'FILT_TP_EXCLUDE': 'exclude_testpoints', 'FILT_TP_TOP_ONLY': 'only_testpoints_top', 'FILT_TP_BOTTOM_ONLY': 'only_testpoints_bottom', 'SCH_VARIANT_OUTPUT': 'value_split', 'NETLIST_OUTPUT': 'netlist', 'GERBER_OUTPUT': 'gbr_gerbers', 'ODB_OUTPUT': 'zip_odb', 'EXCELLON_DRILL_OUTPUT': 'drl_excellon', 'PDF_DRILL_MAP_OUTPUT': 'pdf_drill_map', 'DXF_DRILL_MAP_OUTPUT': 'dxf_drill_map', 'CSV_DRILL_TABLE_OUTPUT': 'csv_drill_table', 'CSV_POS_OUTPUT': 'csv_position', 'CSV_TP_OUTPUT': 'csv_testpoints', 'CSV_TP_TOP_OUTPUT': 'csv_testpoints_top', 'CSV_TP_BOTTOM_OUTPUT': 'csv_testpoints_bottom', 'CSV_BOM_OUTPUT': 'csv_bom', 'XLSX_BOM_OUTPUT': 'xlsx_bom', 'HTML_IBOM_OUTPUT': 'html_bom_interactive', 'HTML_BOM_OUTPUT': 'html_bom', 'CSV_COMP_COUNT_OUPUT': 'csv_comp_count', 'CSV_IMPEDANCE_TABLE_OUTPUT': 'csv_impedance_table', 'TXT_FAB_NOTES_OUTPUT': 'txt_fabrication_notes', 'TXT_ASSEMBLY_NOTES_OUTPUT': 'txt_assembly_notes', 'PNG_3D_VIEWER_TOP': 'png_3d_viewer_top', 'PNG_3D_VIEWER_BOTTOM': 'png_3d_viewer_bottom', 'PNG_3D_VIEWER_ANGLED_TOP': 'png_3d_viewer_angled_top', 'PNG_3D_VIEWER_ANGLED_BOTTOM': 'png_3d_viewer_angled_bottom', 'STEP_OUTPUT': 'step', 'BLENDER_OUTPUT': 'blender', 'PDF_SCHEMATIC_OUTPUT': 'pdf_schematic', 'PDF_FABRICATION_OUTPUT': 'pdf_fabrication', 'PDF_ASSEMBLY_OUTPUT': 'pdf_assembly', 'ZIP_COMPRESS_FAB_OUTPUT': 'zip_compress_fab', 'HTML_KICANVAS_OUTPUT': 'html_kicanvas', 'HTML_KIRI_OUTPUT': 'html_kiri', 'MD_README_OUTPUT': 'md_readme', 'HTML_NAV_RES_OUTPUT': 'html_navigate_results'} (kibot - config_reader.py:682)
DEBUG:- Replacing @NAME@ -> pdf_drill_map (<class 'str'>) (kibot - config_reader.py:80)
DEBUG:- Replacing @COMMENT@ -> Drill Map in PDF format (<class 'str'>) (kibot - config_reader.py:80)
DEBUG:- Replacing @DIR@ -> Manufacturing/Fabrication/Gerbers (<class 'str'>) (kibot - config_reader.py:80)
DEBUG:- Replacing @GENERATE_DRILL@ -> false (<class 'str'>) (kibot - config_reader.py:80)
DEBUG:- Replacing @PTH_NPTH@ -> false (<class 'str'>) (kibot - config_reader.py:80)
DEBUG:- Replacing @MAP_FORMAT@ -> pdf (<class 'str'>) (kibot - config_reader.py:80)
DEBUG:- Applying CLI definitions: {} (kibot - config_reader.py:679)
DEBUG:- Applying collected definitions: {'NAME': 'pdf_drill_map', 'COMMENT': 'Drill Map in PDF format', 'DIR': 'Manufacturing/Fabrication/Gerbers', 'GENERATE_DRILL': False, 'PTH_NPTH': False, 'MAP_FORMAT': 'pdf', 'PROJECT_NAME': 'ALB/MLB test', 'BOARD_NAME': 'alb_mlb test', 'COMPANY': 'General Atomics EMS', 'DESIGNER': 'Marcus Reighter', 'LOGO': 'Logos/Logo.png', 'GIT_URL': 'https://github.com/emptyd0nkey/albmlb', 'CHECK_ZONE_FILLS': True, 'STACKUP_TABLE_NOTE': 'external layer thicknesses are specified after plating', 'MPN_FIELD': 'Manufacturer Part Number', 'MAN_FIELD': 'Manufacturer', 'GROUP_ROUND_SLOTS': True, 'GROUP_PTH_NPTH': 'no', 'GROUP_PTH_NPTH_DRL': False, 'PLOT_REFS': True, 'COLOR_THEME': 'Altium_Theme', 'SHEET_WKS': '${KIPRJMOD}/Templates/KDT_Template_PCB_GIT_A4.kicad_wks', 'FAB_SCALING': 1, 'ASSEMBLY_SCALING': 1, 'EXCLUDE_REFS': '[MB*]', '3D_VIEWER_ROT_X': 2, '3D_VIEWER_ROT_Y': -1, '3D_VIEWER_ROT_Z': 1, '3D_VIEWER_ZOOM': -1, 'KEY_COLOR': '#00FF00', 'OUTPUT_DIR': './', 'REPORT_DIR': 'Reports', 'SCHEMATIC_DIR': 'Schematic', 'MANUFACTURING_DIR': 'Manufacturing', 'ASSEMBLY_DIR': '@MANUFACTURING_DIR@/Assembly', 'FABRICATION_DIR': '@MANUFACTURING_DIR@/Fabrication', 'GERBERS_DIR': '@FABRICATION_DIR@/Gerbers', 'FAB_DRILL_TABLES_DIR': '@FABRICATION_DIR@/Drill Tables', 'TESTING_DIR': 'Testing', 'TESTPOINTS_DIR': '@TESTING_DIR@/Testpoints', 'IMAGES_DIR': 'Images', '3D_DIR': '3D', 'RESOURCES_DIR': 'kibot_resources', 'REPORT_TEMPLATE_DIR': '@RESOURCES_DIR@/templates', 'SCRIPTS_DIR': '@RESOURCES_DIR@/scripts', 'LAYER_TITLE_PAGE': 'TitlePage', 'LAYER_DNP_TOP': 'F.DNP', 'LAYER_DNP_BOTTOM': 'B.DNP', 'LAYER_DRILL_MAP': 'DrillMap', 'LAYER_TP_LIST_TOP': 'F.TestPointList', 'LAYER_TP_LIST_BOTTOM': 'B.TestPointList', 'LAYER_ASSEMBLY_TEXT_TOP': 'F.AssemblyText', 'LAYER_ASSEMBLY_TEXT_BOTTOM': 'B.AssemblyText', 'LAYER_DNP_CROSS_TOP': 'F.DNP', 'LAYER_DNP_CROSS_BOTTOM': 'B.DNP', 'FILT_FIELD_RENAME': 'field_rename', 'FILT_TP_ONLY': 'only_testpoints', 'FILT_TP_EXCLUDE': 'exclude_testpoints', 'FILT_TP_TOP_ONLY': 'only_testpoints_top', 'FILT_TP_BOTTOM_ONLY': 'only_testpoints_bottom', 'SCH_VARIANT_OUTPUT': 'value_split', 'NETLIST_OUTPUT': 'netlist', 'GERBER_OUTPUT': 'gbr_gerbers', 'ODB_OUTPUT': 'zip_odb', 'EXCELLON_DRILL_OUTPUT': 'drl_excellon', 'PDF_DRILL_MAP_OUTPUT': 'pdf_drill_map', 'DXF_DRILL_MAP_OUTPUT': 'dxf_drill_map', 'CSV_DRILL_TABLE_OUTPUT': 'csv_drill_table', 'CSV_POS_OUTPUT': 'csv_position', 'CSV_TP_OUTPUT': 'csv_testpoints', 'CSV_TP_TOP_OUTPUT': 'csv_testpoints_top', 'CSV_TP_BOTTOM_OUTPUT': 'csv_testpoints_bottom', 'CSV_BOM_OUTPUT': 'csv_bom', 'XLSX_BOM_OUTPUT': 'xlsx_bom', 'HTML_IBOM_OUTPUT': 'html_bom_interactive', 'HTML_BOM_OUTPUT': 'html_bom', 'CSV_COMP_COUNT_OUPUT': 'csv_comp_count', 'CSV_IMPEDANCE_TABLE_OUTPUT': 'csv_impedance_table', 'TXT_FAB_NOTES_OUTPUT': 'txt_fabrication_notes', 'TXT_ASSEMBLY_NOTES_OUTPUT': 'txt_assembly_notes', 'PNG_3D_VIEWER_TOP': 'png_3d_viewer_top', 'PNG_3D_VIEWER_BOTTOM': 'png_3d_viewer_bottom', 'PNG_3D_VIEWER_ANGLED_TOP': 'png_3d_viewer_angled_top', 'PNG_3D_VIEWER_ANGLED_BOTTOM': 'png_3d_viewer_angled_bottom', 'STEP_OUTPUT': 'step', 'BLENDER_OUTPUT': 'blender', 'PDF_SCHEMATIC_OUTPUT': 'pdf_schematic', 'PDF_FABRICATION_OUTPUT': 'pdf_fabrication', 'PDF_ASSEMBLY_OUTPUT': 'pdf_assembly', 'ZIP_COMPRESS_FAB_OUTPUT': 'zip_compress_fab', 'HTML_KICANVAS_OUTPUT': 'html_kicanvas', 'HTML_KIRI_OUTPUT': 'html_kiri', 'MD_README_OUTPUT': 'md_readme', 'HTML_NAV_RES_OUTPUT': 'html_navigate_results'} (kibot - config_reader.py:682)
DEBUG:YAML after expanding definitions:
# KiBot output for generating drill Gerber files
# https://kibot.readthedocs.io/en/latest/configuration/outputs/excellon.html

kibot:
  version: 1

outputs:
- name: pdf_drill_map
  comment: 'Drill Map in PDF format'
  type: excellon
  category: 'Manufacturing/Fabrication/Gerbers'
  dir: 'Manufacturing/Fabrication/Gerbers'
  options:
    generate_drill_files: false
    pth_and_npth_single_file: false
    map: 'pdf'

 (kibot - config_reader.py:688)
DEBUG:Pre-parsing output options for `pdf_drill_map` (excellon) (kibot - config_reader.py:171)
DEBUG:Outputs loaded from `kibot_yaml/kibot_out_excellon_drill.yaml`: ['pdf_drill_map'] (kibot - config_reader.py:363)
DEBUG:Found local definitions (kibot - config_reader.py:653)
DEBUG:- Local definitions: {'NAME': 'csv_drill_table', 'COMMENT': 'Drill Table in CSV format', 'DIR': 'Manufacturing/Fabrication/Tables', 'PTH_NPTH': 'yes', 'GROUP_ROUND_SLOTS': True} (kibot - config_reader.py:663)
DEBUG:- Current definitions: {'PROJECT_NAME': 'ALB/MLB test', 'BOARD_NAME': 'alb_mlb test', 'COMPANY': 'General Atomics EMS', 'DESIGNER': 'Marcus Reighter', 'LOGO': 'Logos/Logo.png', 'GIT_URL': 'https://github.com/emptyd0nkey/albmlb', 'CHECK_ZONE_FILLS': True, 'STACKUP_TABLE_NOTE': 'external layer thicknesses are specified after plating', 'MPN_FIELD': 'Manufacturer Part Number', 'MAN_FIELD': 'Manufacturer', 'GROUP_ROUND_SLOTS': True, 'GROUP_PTH_NPTH': 'no', 'GROUP_PTH_NPTH_DRL': False, 'PLOT_REFS': True, 'COLOR_THEME': 'Altium_Theme', 'SHEET_WKS': '${KIPRJMOD}/Templates/KDT_Template_PCB_GIT_A4.kicad_wks', 'FAB_SCALING': 1, 'ASSEMBLY_SCALING': 1, 'EXCLUDE_REFS': '[MB*]', '3D_VIEWER_ROT_X': 2, '3D_VIEWER_ROT_Y': -1, '3D_VIEWER_ROT_Z': 1, '3D_VIEWER_ZOOM': -1, 'KEY_COLOR': '#00FF00', 'OUTPUT_DIR': './', 'REPORT_DIR': 'Reports', 'SCHEMATIC_DIR': 'Schematic', 'MANUFACTURING_DIR': 'Manufacturing', 'ASSEMBLY_DIR': '@MANUFACTURING_DIR@/Assembly', 'FABRICATION_DIR': '@MANUFACTURING_DIR@/Fabrication', 'GERBERS_DIR': '@FABRICATION_DIR@/Gerbers', 'FAB_DRILL_TABLES_DIR': '@FABRICATION_DIR@/Drill Tables', 'TESTING_DIR': 'Testing', 'TESTPOINTS_DIR': '@TESTING_DIR@/Testpoints', 'IMAGES_DIR': 'Images', '3D_DIR': '3D', 'RESOURCES_DIR': 'kibot_resources', 'REPORT_TEMPLATE_DIR': '@RESOURCES_DIR@/templates', 'SCRIPTS_DIR': '@RESOURCES_DIR@/scripts', 'LAYER_TITLE_PAGE': 'TitlePage', 'LAYER_DNP_TOP': 'F.DNP', 'LAYER_DNP_BOTTOM': 'B.DNP', 'LAYER_DRILL_MAP': 'DrillMap', 'LAYER_TP_LIST_TOP': 'F.TestPointList', 'LAYER_TP_LIST_BOTTOM': 'B.TestPointList', 'LAYER_ASSEMBLY_TEXT_TOP': 'F.AssemblyText', 'LAYER_ASSEMBLY_TEXT_BOTTOM': 'B.AssemblyText', 'LAYER_DNP_CROSS_TOP': 'F.DNP', 'LAYER_DNP_CROSS_BOTTOM': 'B.DNP', 'FILT_FIELD_RENAME': 'field_rename', 'FILT_TP_ONLY': 'only_testpoints', 'FILT_TP_EXCLUDE': 'exclude_testpoints', 'FILT_TP_TOP_ONLY': 'only_testpoints_top', 'FILT_TP_BOTTOM_ONLY': 'only_testpoints_bottom', 'SCH_VARIANT_OUTPUT': 'value_split', 'NETLIST_OUTPUT': 'netlist', 'GERBER_OUTPUT': 'gbr_gerbers', 'ODB_OUTPUT': 'zip_odb', 'EXCELLON_DRILL_OUTPUT': 'drl_excellon', 'PDF_DRILL_MAP_OUTPUT': 'pdf_drill_map', 'DXF_DRILL_MAP_OUTPUT': 'dxf_drill_map', 'CSV_DRILL_TABLE_OUTPUT': 'csv_drill_table', 'CSV_POS_OUTPUT': 'csv_position', 'CSV_TP_OUTPUT': 'csv_testpoints', 'CSV_TP_TOP_OUTPUT': 'csv_testpoints_top', 'CSV_TP_BOTTOM_OUTPUT': 'csv_testpoints_bottom', 'CSV_BOM_OUTPUT': 'csv_bom', 'XLSX_BOM_OUTPUT': 'xlsx_bom', 'HTML_IBOM_OUTPUT': 'html_bom_interactive', 'HTML_BOM_OUTPUT': 'html_bom', 'CSV_COMP_COUNT_OUPUT': 'csv_comp_count', 'CSV_IMPEDANCE_TABLE_OUTPUT': 'csv_impedance_table', 'TXT_FAB_NOTES_OUTPUT': 'txt_fabrication_notes', 'TXT_ASSEMBLY_NOTES_OUTPUT': 'txt_assembly_notes', 'PNG_3D_VIEWER_TOP': 'png_3d_viewer_top', 'PNG_3D_VIEWER_BOTTOM': 'png_3d_viewer_bottom', 'PNG_3D_VIEWER_ANGLED_TOP': 'png_3d_viewer_angled_top', 'PNG_3D_VIEWER_ANGLED_BOTTOM': 'png_3d_viewer_angled_bottom', 'STEP_OUTPUT': 'step', 'BLENDER_OUTPUT': 'blender', 'PDF_SCHEMATIC_OUTPUT': 'pdf_schematic', 'PDF_FABRICATION_OUTPUT': 'pdf_fabrication', 'PDF_ASSEMBLY_OUTPUT': 'pdf_assembly', 'ZIP_COMPRESS_FAB_OUTPUT': 'zip_compress_fab', 'HTML_KICANVAS_OUTPUT': 'html_kicanvas', 'HTML_KIRI_OUTPUT': 'html_kiri', 'MD_README_OUTPUT': 'md_readme', 'HTML_NAV_RES_OUTPUT': 'html_navigate_results', 'NAME': 'csv_drill_table', 'COMMENT': 'Drill Table in CSV format', 'DIR': 'Manufacturing/Fabrication/Drill Tables', 'PTH_NPTH': 'no'} (kibot - config_reader.py:664)
DEBUG:- Updated definitions: {'NAME': 'csv_drill_table', 'COMMENT': 'Drill Table in CSV format', 'DIR': 'Manufacturing/Fabrication/Drill Tables', 'PTH_NPTH': 'no', 'GROUP_ROUND_SLOTS': True, 'PROJECT_NAME': 'ALB/MLB test', 'BOARD_NAME': 'alb_mlb test', 'COMPANY': 'General Atomics EMS', 'DESIGNER': 'Marcus Reighter', 'LOGO': 'Logos/Logo.png', 'GIT_URL': 'https://github.com/emptyd0nkey/albmlb', 'CHECK_ZONE_FILLS': True, 'STACKUP_TABLE_NOTE': 'external layer thicknesses are specified after plating', 'MPN_FIELD': 'Manufacturer Part Number', 'MAN_FIELD': 'Manufacturer', 'GROUP_PTH_NPTH': 'no', 'GROUP_PTH_NPTH_DRL': False, 'PLOT_REFS': True, 'COLOR_THEME': 'Altium_Theme', 'SHEET_WKS': '${KIPRJMOD}/Templates/KDT_Template_PCB_GIT_A4.kicad_wks', 'FAB_SCALING': 1, 'ASSEMBLY_SCALING': 1, 'EXCLUDE_REFS': '[MB*]', '3D_VIEWER_ROT_X': 2, '3D_VIEWER_ROT_Y': -1, '3D_VIEWER_ROT_Z': 1, '3D_VIEWER_ZOOM': -1, 'KEY_COLOR': '#00FF00', 'OUTPUT_DIR': './', 'REPORT_DIR': 'Reports', 'SCHEMATIC_DIR': 'Schematic', 'MANUFACTURING_DIR': 'Manufacturing', 'ASSEMBLY_DIR': '@MANUFACTURING_DIR@/Assembly', 'FABRICATION_DIR': '@MANUFACTURING_DIR@/Fabrication', 'GERBERS_DIR': '@FABRICATION_DIR@/Gerbers', 'FAB_DRILL_TABLES_DIR': '@FABRICATION_DIR@/Drill Tables', 'TESTING_DIR': 'Testing', 'TESTPOINTS_DIR': '@TESTING_DIR@/Testpoints', 'IMAGES_DIR': 'Images', '3D_DIR': '3D', 'RESOURCES_DIR': 'kibot_resources', 'REPORT_TEMPLATE_DIR': '@RESOURCES_DIR@/templates', 'SCRIPTS_DIR': '@RESOURCES_DIR@/scripts', 'LAYER_TITLE_PAGE': 'TitlePage', 'LAYER_DNP_TOP': 'F.DNP', 'LAYER_DNP_BOTTOM': 'B.DNP', 'LAYER_DRILL_MAP': 'DrillMap', 'LAYER_TP_LIST_TOP': 'F.TestPointList', 'LAYER_TP_LIST_BOTTOM': 'B.TestPointList', 'LAYER_ASSEMBLY_TEXT_TOP': 'F.AssemblyText', 'LAYER_ASSEMBLY_TEXT_BOTTOM': 'B.AssemblyText', 'LAYER_DNP_CROSS_TOP': 'F.DNP', 'LAYER_DNP_CROSS_BOTTOM': 'B.DNP', 'FILT_FIELD_RENAME': 'field_rename', 'FILT_TP_ONLY': 'only_testpoints', 'FILT_TP_EXCLUDE': 'exclude_testpoints', 'FILT_TP_TOP_ONLY': 'only_testpoints_top', 'FILT_TP_BOTTOM_ONLY': 'only_testpoints_bottom', 'SCH_VARIANT_OUTPUT': 'value_split', 'NETLIST_OUTPUT': 'netlist', 'GERBER_OUTPUT': 'gbr_gerbers', 'ODB_OUTPUT': 'zip_odb', 'EXCELLON_DRILL_OUTPUT': 'drl_excellon', 'PDF_DRILL_MAP_OUTPUT': 'pdf_drill_map', 'DXF_DRILL_MAP_OUTPUT': 'dxf_drill_map', 'CSV_DRILL_TABLE_OUTPUT': 'csv_drill_table', 'CSV_POS_OUTPUT': 'csv_position', 'CSV_TP_OUTPUT': 'csv_testpoints', 'CSV_TP_TOP_OUTPUT': 'csv_testpoints_top', 'CSV_TP_BOTTOM_OUTPUT': 'csv_testpoints_bottom', 'CSV_BOM_OUTPUT': 'csv_bom', 'XLSX_BOM_OUTPUT': 'xlsx_bom', 'HTML_IBOM_OUTPUT': 'html_bom_interactive', 'HTML_BOM_OUTPUT': 'html_bom', 'CSV_COMP_COUNT_OUPUT': 'csv_comp_count', 'CSV_IMPEDANCE_TABLE_OUTPUT': 'csv_impedance_table', 'TXT_FAB_NOTES_OUTPUT': 'txt_fabrication_notes', 'TXT_ASSEMBLY_NOTES_OUTPUT': 'txt_assembly_notes', 'PNG_3D_VIEWER_TOP': 'png_3d_viewer_top', 'PNG_3D_VIEWER_BOTTOM': 'png_3d_viewer_bottom', 'PNG_3D_VIEWER_ANGLED_TOP': 'png_3d_viewer_angled_top', 'PNG_3D_VIEWER_ANGLED_BOTTOM': 'png_3d_viewer_angled_bottom', 'STEP_OUTPUT': 'step', 'BLENDER_OUTPUT': 'blender', 'PDF_SCHEMATIC_OUTPUT': 'pdf_schematic', 'PDF_FABRICATION_OUTPUT': 'pdf_fabrication', 'PDF_ASSEMBLY_OUTPUT': 'pdf_assembly', 'ZIP_COMPRESS_FAB_OUTPUT': 'zip_compress_fab', 'HTML_KICANVAS_OUTPUT': 'html_kicanvas', 'HTML_KIRI_OUTPUT': 'html_kiri', 'MD_README_OUTPUT': 'md_readme', 'HTML_NAV_RES_OUTPUT': 'html_navigate_results'} (kibot - config_reader.py:667)
DEBUG:Applying preprocessor definitions (kibot - config_reader.py:672)
DEBUG:- Applying CLI definitions: {} (kibot - config_reader.py:679)
DEBUG:- Applying collected definitions: {'NAME': 'csv_drill_table', 'COMMENT': 'Drill Table in CSV format', 'DIR': 'Manufacturing/Fabrication/Drill Tables', 'PTH_NPTH': 'no', 'GROUP_ROUND_SLOTS': True, 'PROJECT_NAME': 'ALB/MLB test', 'BOARD_NAME': 'alb_mlb test', 'COMPANY': 'General Atomics EMS', 'DESIGNER': 'Marcus Reighter', 'LOGO': 'Logos/Logo.png', 'GIT_URL': 'https://github.com/emptyd0nkey/albmlb', 'CHECK_ZONE_FILLS': True, 'STACKUP_TABLE_NOTE': 'external layer thicknesses are specified after plating', 'MPN_FIELD': 'Manufacturer Part Number', 'MAN_FIELD': 'Manufacturer', 'GROUP_PTH_NPTH': 'no', 'GROUP_PTH_NPTH_DRL': False, 'PLOT_REFS': True, 'COLOR_THEME': 'Altium_Theme', 'SHEET_WKS': '${KIPRJMOD}/Templates/KDT_Template_PCB_GIT_A4.kicad_wks', 'FAB_SCALING': 1, 'ASSEMBLY_SCALING': 1, 'EXCLUDE_REFS': '[MB*]', '3D_VIEWER_ROT_X': 2, '3D_VIEWER_ROT_Y': -1, '3D_VIEWER_ROT_Z': 1, '3D_VIEWER_ZOOM': -1, 'KEY_COLOR': '#00FF00', 'OUTPUT_DIR': './', 'REPORT_DIR': 'Reports', 'SCHEMATIC_DIR': 'Schematic', 'MANUFACTURING_DIR': 'Manufacturing', 'ASSEMBLY_DIR': '@MANUFACTURING_DIR@/Assembly', 'FABRICATION_DIR': '@MANUFACTURING_DIR@/Fabrication', 'GERBERS_DIR': '@FABRICATION_DIR@/Gerbers', 'FAB_DRILL_TABLES_DIR': '@FABRICATION_DIR@/Drill Tables', 'TESTING_DIR': 'Testing', 'TESTPOINTS_DIR': '@TESTING_DIR@/Testpoints', 'IMAGES_DIR': 'Images', '3D_DIR': '3D', 'RESOURCES_DIR': 'kibot_resources', 'REPORT_TEMPLATE_DIR': '@RESOURCES_DIR@/templates', 'SCRIPTS_DIR': '@RESOURCES_DIR@/scripts', 'LAYER_TITLE_PAGE': 'TitlePage', 'LAYER_DNP_TOP': 'F.DNP', 'LAYER_DNP_BOTTOM': 'B.DNP', 'LAYER_DRILL_MAP': 'DrillMap', 'LAYER_TP_LIST_TOP': 'F.TestPointList', 'LAYER_TP_LIST_BOTTOM': 'B.TestPointList', 'LAYER_ASSEMBLY_TEXT_TOP': 'F.AssemblyText', 'LAYER_ASSEMBLY_TEXT_BOTTOM': 'B.AssemblyText', 'LAYER_DNP_CROSS_TOP': 'F.DNP', 'LAYER_DNP_CROSS_BOTTOM': 'B.DNP', 'FILT_FIELD_RENAME': 'field_rename', 'FILT_TP_ONLY': 'only_testpoints', 'FILT_TP_EXCLUDE': 'exclude_testpoints', 'FILT_TP_TOP_ONLY': 'only_testpoints_top', 'FILT_TP_BOTTOM_ONLY': 'only_testpoints_bottom', 'SCH_VARIANT_OUTPUT': 'value_split', 'NETLIST_OUTPUT': 'netlist', 'GERBER_OUTPUT': 'gbr_gerbers', 'ODB_OUTPUT': 'zip_odb', 'EXCELLON_DRILL_OUTPUT': 'drl_excellon', 'PDF_DRILL_MAP_OUTPUT': 'pdf_drill_map', 'DXF_DRILL_MAP_OUTPUT': 'dxf_drill_map', 'CSV_DRILL_TABLE_OUTPUT': 'csv_drill_table', 'CSV_POS_OUTPUT': 'csv_position', 'CSV_TP_OUTPUT': 'csv_testpoints', 'CSV_TP_TOP_OUTPUT': 'csv_testpoints_top', 'CSV_TP_BOTTOM_OUTPUT': 'csv_testpoints_bottom', 'CSV_BOM_OUTPUT': 'csv_bom', 'XLSX_BOM_OUTPUT': 'xlsx_bom', 'HTML_IBOM_OUTPUT': 'html_bom_interactive', 'HTML_BOM_OUTPUT': 'html_bom', 'CSV_COMP_COUNT_OUPUT': 'csv_comp_count', 'CSV_IMPEDANCE_TABLE_OUTPUT': 'csv_impedance_table', 'TXT_FAB_NOTES_OUTPUT': 'txt_fabrication_notes', 'TXT_ASSEMBLY_NOTES_OUTPUT': 'txt_assembly_notes', 'PNG_3D_VIEWER_TOP': 'png_3d_viewer_top', 'PNG_3D_VIEWER_BOTTOM': 'png_3d_viewer_bottom', 'PNG_3D_VIEWER_ANGLED_TOP': 'png_3d_viewer_angled_top', 'PNG_3D_VIEWER_ANGLED_BOTTOM': 'png_3d_viewer_angled_bottom', 'STEP_OUTPUT': 'step', 'BLENDER_OUTPUT': 'blender', 'PDF_SCHEMATIC_OUTPUT': 'pdf_schematic', 'PDF_FABRICATION_OUTPUT': 'pdf_fabrication', 'PDF_ASSEMBLY_OUTPUT': 'pdf_assembly', 'ZIP_COMPRESS_FAB_OUTPUT': 'zip_compress_fab', 'HTML_KICANVAS_OUTPUT': 'html_kicanvas', 'HTML_KIRI_OUTPUT': 'html_kiri', 'MD_README_OUTPUT': 'md_readme', 'HTML_NAV_RES_OUTPUT': 'html_navigate_results'} (kibot - config_reader.py:682)
DEBUG:- Replacing @NAME@ -> csv_drill_table (<class 'str'>) (kibot - config_reader.py:80)
DEBUG:- Replacing @COMMENT@ -> Drill Table in CSV format (<class 'str'>) (kibot - config_reader.py:80)
DEBUG:- Replacing @DIR@ -> Manufacturing/Fabrication/Drill Tables (<class 'str'>) (kibot - config_reader.py:80)
DEBUG:- Replacing @PTH_NPTH@ -> no (<class 'str'>) (kibot - config_reader.py:80)
DEBUG:- Replacing @GROUP_ROUND_SLOTS@ -> true (<class 'str'>) (kibot - config_reader.py:80)
DEBUG:- Applying CLI definitions: {} (kibot - config_reader.py:679)
DEBUG:- Applying collected definitions: {'NAME': 'csv_drill_table', 'COMMENT': 'Drill Table in CSV format', 'DIR': 'Manufacturing/Fabrication/Drill Tables', 'PTH_NPTH': 'no', 'GROUP_ROUND_SLOTS': True, 'PROJECT_NAME': 'ALB/MLB test', 'BOARD_NAME': 'alb_mlb test', 'COMPANY': 'General Atomics EMS', 'DESIGNER': 'Marcus Reighter', 'LOGO': 'Logos/Logo.png', 'GIT_URL': 'https://github.com/emptyd0nkey/albmlb', 'CHECK_ZONE_FILLS': True, 'STACKUP_TABLE_NOTE': 'external layer thicknesses are specified after plating', 'MPN_FIELD': 'Manufacturer Part Number', 'MAN_FIELD': 'Manufacturer', 'GROUP_PTH_NPTH': 'no', 'GROUP_PTH_NPTH_DRL': False, 'PLOT_REFS': True, 'COLOR_THEME': 'Altium_Theme', 'SHEET_WKS': '${KIPRJMOD}/Templates/KDT_Template_PCB_GIT_A4.kicad_wks', 'FAB_SCALING': 1, 'ASSEMBLY_SCALING': 1, 'EXCLUDE_REFS': '[MB*]', '3D_VIEWER_ROT_X': 2, '3D_VIEWER_ROT_Y': -1, '3D_VIEWER_ROT_Z': 1, '3D_VIEWER_ZOOM': -1, 'KEY_COLOR': '#00FF00', 'OUTPUT_DIR': './', 'REPORT_DIR': 'Reports', 'SCHEMATIC_DIR': 'Schematic', 'MANUFACTURING_DIR': 'Manufacturing', 'ASSEMBLY_DIR': '@MANUFACTURING_DIR@/Assembly', 'FABRICATION_DIR': '@MANUFACTURING_DIR@/Fabrication', 'GERBERS_DIR': '@FABRICATION_DIR@/Gerbers', 'FAB_DRILL_TABLES_DIR': '@FABRICATION_DIR@/Drill Tables', 'TESTING_DIR': 'Testing', 'TESTPOINTS_DIR': '@TESTING_DIR@/Testpoints', 'IMAGES_DIR': 'Images', '3D_DIR': '3D', 'RESOURCES_DIR': 'kibot_resources', 'REPORT_TEMPLATE_DIR': '@RESOURCES_DIR@/templates', 'SCRIPTS_DIR': '@RESOURCES_DIR@/scripts', 'LAYER_TITLE_PAGE': 'TitlePage', 'LAYER_DNP_TOP': 'F.DNP', 'LAYER_DNP_BOTTOM': 'B.DNP', 'LAYER_DRILL_MAP': 'DrillMap', 'LAYER_TP_LIST_TOP': 'F.TestPointList', 'LAYER_TP_LIST_BOTTOM': 'B.TestPointList', 'LAYER_ASSEMBLY_TEXT_TOP': 'F.AssemblyText', 'LAYER_ASSEMBLY_TEXT_BOTTOM': 'B.AssemblyText', 'LAYER_DNP_CROSS_TOP': 'F.DNP', 'LAYER_DNP_CROSS_BOTTOM': 'B.DNP', 'FILT_FIELD_RENAME': 'field_rename', 'FILT_TP_ONLY': 'only_testpoints', 'FILT_TP_EXCLUDE': 'exclude_testpoints', 'FILT_TP_TOP_ONLY': 'only_testpoints_top', 'FILT_TP_BOTTOM_ONLY': 'only_testpoints_bottom', 'SCH_VARIANT_OUTPUT': 'value_split', 'NETLIST_OUTPUT': 'netlist', 'GERBER_OUTPUT': 'gbr_gerbers', 'ODB_OUTPUT': 'zip_odb', 'EXCELLON_DRILL_OUTPUT': 'drl_excellon', 'PDF_DRILL_MAP_OUTPUT': 'pdf_drill_map', 'DXF_DRILL_MAP_OUTPUT': 'dxf_drill_map', 'CSV_DRILL_TABLE_OUTPUT': 'csv_drill_table', 'CSV_POS_OUTPUT': 'csv_position', 'CSV_TP_OUTPUT': 'csv_testpoints', 'CSV_TP_TOP_OUTPUT': 'csv_testpoints_top', 'CSV_TP_BOTTOM_OUTPUT': 'csv_testpoints_bottom', 'CSV_BOM_OUTPUT': 'csv_bom', 'XLSX_BOM_OUTPUT': 'xlsx_bom', 'HTML_IBOM_OUTPUT': 'html_bom_interactive', 'HTML_BOM_OUTPUT': 'html_bom', 'CSV_COMP_COUNT_OUPUT': 'csv_comp_count', 'CSV_IMPEDANCE_TABLE_OUTPUT': 'csv_impedance_table', 'TXT_FAB_NOTES_OUTPUT': 'txt_fabrication_notes', 'TXT_ASSEMBLY_NOTES_OUTPUT': 'txt_assembly_notes', 'PNG_3D_VIEWER_TOP': 'png_3d_viewer_top', 'PNG_3D_VIEWER_BOTTOM': 'png_3d_viewer_bottom', 'PNG_3D_VIEWER_ANGLED_TOP': 'png_3d_viewer_angled_top', 'PNG_3D_VIEWER_ANGLED_BOTTOM': 'png_3d_viewer_angled_bottom', 'STEP_OUTPUT': 'step', 'BLENDER_OUTPUT': 'blender', 'PDF_SCHEMATIC_OUTPUT': 'pdf_schematic', 'PDF_FABRICATION_OUTPUT': 'pdf_fabrication', 'PDF_ASSEMBLY_OUTPUT': 'pdf_assembly', 'ZIP_COMPRESS_FAB_OUTPUT': 'zip_compress_fab', 'HTML_KICANVAS_OUTPUT': 'html_kicanvas', 'HTML_KIRI_OUTPUT': 'html_kiri', 'MD_README_OUTPUT': 'md_readme', 'HTML_NAV_RES_OUTPUT': 'html_navigate_results'} (kibot - config_reader.py:682)
DEBUG:YAML after expanding definitions:
# KiBot output for generating Drill Tables
# https://kibot.readthedocs.io/en/latest/configuration/outputs/excellon.html

kibot:
  version: 1

outputs:
- name: csv_drill_table
  comment: 'Drill Table in CSV format'
  type: excellon
  category: 'Manufacturing/Fabrication/Drill Tables'
  dir: 'Manufacturing/Fabrication/Drill Tables'
  options:
    generate_drill_files: false
    table:
      unify_pth_and_npth: 'no'
      group_slots_and_round_holes: true

 (kibot - config_reader.py:688)
DEBUG:Pre-parsing output options for `csv_drill_table` (excellon) (kibot - config_reader.py:171)
DEBUG:Outputs loaded from `kibot_yaml/kibot_out_csv_drill_table.yaml`: ['csv_drill_table'] (kibot - config_reader.py:363)
DEBUG:Applying preprocessor definitions (kibot - config_reader.py:672)
DEBUG:- Applying CLI definitions: {} (kibot - config_reader.py:679)
DEBUG:- Applying collected definitions: {'PROJECT_NAME': 'ALB/MLB test', 'BOARD_NAME': 'alb_mlb test', 'COMPANY': 'General Atomics EMS', 'DESIGNER': 'Marcus Reighter', 'LOGO': 'Logos/Logo.png', 'GIT_URL': 'https://github.com/emptyd0nkey/albmlb', 'CHECK_ZONE_FILLS': True, 'STACKUP_TABLE_NOTE': 'external layer thicknesses are specified after plating', 'MPN_FIELD': 'Manufacturer Part Number', 'MAN_FIELD': 'Manufacturer', 'GROUP_ROUND_SLOTS': True, 'GROUP_PTH_NPTH': 'no', 'GROUP_PTH_NPTH_DRL': False, 'PLOT_REFS': True, 'COLOR_THEME': 'Altium_Theme', 'SHEET_WKS': '${KIPRJMOD}/Templates/KDT_Template_PCB_GIT_A4.kicad_wks', 'FAB_SCALING': 1, 'ASSEMBLY_SCALING': 1, 'EXCLUDE_REFS': '[MB*]', '3D_VIEWER_ROT_X': 2, '3D_VIEWER_ROT_Y': -1, '3D_VIEWER_ROT_Z': 1, '3D_VIEWER_ZOOM': -1, 'KEY_COLOR': '#00FF00', 'OUTPUT_DIR': './', 'REPORT_DIR': 'Reports', 'SCHEMATIC_DIR': 'Schematic', 'MANUFACTURING_DIR': 'Manufacturing', 'ASSEMBLY_DIR': '@MANUFACTURING_DIR@/Assembly', 'FABRICATION_DIR': '@MANUFACTURING_DIR@/Fabrication', 'GERBERS_DIR': '@FABRICATION_DIR@/Gerbers', 'FAB_DRILL_TABLES_DIR': '@FABRICATION_DIR@/Drill Tables', 'TESTING_DIR': 'Testing', 'TESTPOINTS_DIR': '@TESTING_DIR@/Testpoints', 'IMAGES_DIR': 'Images', '3D_DIR': '3D', 'RESOURCES_DIR': 'kibot_resources', 'REPORT_TEMPLATE_DIR': '@RESOURCES_DIR@/templates', 'SCRIPTS_DIR': '@RESOURCES_DIR@/scripts', 'LAYER_TITLE_PAGE': 'TitlePage', 'LAYER_DNP_TOP': 'F.DNP', 'LAYER_DNP_BOTTOM': 'B.DNP', 'LAYER_DRILL_MAP': 'DrillMap', 'LAYER_TP_LIST_TOP': 'F.TestPointList', 'LAYER_TP_LIST_BOTTOM': 'B.TestPointList', 'LAYER_ASSEMBLY_TEXT_TOP': 'F.AssemblyText', 'LAYER_ASSEMBLY_TEXT_BOTTOM': 'B.AssemblyText', 'LAYER_DNP_CROSS_TOP': 'F.DNP', 'LAYER_DNP_CROSS_BOTTOM': 'B.DNP', 'FILT_FIELD_RENAME': 'field_rename', 'FILT_TP_ONLY': 'only_testpoints', 'FILT_TP_EXCLUDE': 'exclude_testpoints', 'FILT_TP_TOP_ONLY': 'only_testpoints_top', 'FILT_TP_BOTTOM_ONLY': 'only_testpoints_bottom', 'SCH_VARIANT_OUTPUT': 'value_split', 'NETLIST_OUTPUT': 'netlist', 'GERBER_OUTPUT': 'gbr_gerbers', 'ODB_OUTPUT': 'zip_odb', 'EXCELLON_DRILL_OUTPUT': 'drl_excellon', 'PDF_DRILL_MAP_OUTPUT': 'pdf_drill_map', 'DXF_DRILL_MAP_OUTPUT': 'dxf_drill_map', 'CSV_DRILL_TABLE_OUTPUT': 'csv_drill_table', 'CSV_POS_OUTPUT': 'csv_position', 'CSV_TP_OUTPUT': 'csv_testpoints', 'CSV_TP_TOP_OUTPUT': 'csv_testpoints_top', 'CSV_TP_BOTTOM_OUTPUT': 'csv_testpoints_bottom', 'CSV_BOM_OUTPUT': 'csv_bom', 'XLSX_BOM_OUTPUT': 'xlsx_bom', 'HTML_IBOM_OUTPUT': 'html_bom_interactive', 'HTML_BOM_OUTPUT': 'html_bom', 'CSV_COMP_COUNT_OUPUT': 'csv_comp_count', 'CSV_IMPEDANCE_TABLE_OUTPUT': 'csv_impedance_table', 'TXT_FAB_NOTES_OUTPUT': 'txt_fabrication_notes', 'TXT_ASSEMBLY_NOTES_OUTPUT': 'txt_assembly_notes', 'PNG_3D_VIEWER_TOP': 'png_3d_viewer_top', 'PNG_3D_VIEWER_BOTTOM': 'png_3d_viewer_bottom', 'PNG_3D_VIEWER_ANGLED_TOP': 'png_3d_viewer_angled_top', 'PNG_3D_VIEWER_ANGLED_BOTTOM': 'png_3d_viewer_angled_bottom', 'STEP_OUTPUT': 'step', 'BLENDER_OUTPUT': 'blender', 'PDF_SCHEMATIC_OUTPUT': 'pdf_schematic', 'PDF_FABRICATION_OUTPUT': 'pdf_fabrication', 'PDF_ASSEMBLY_OUTPUT': 'pdf_assembly', 'ZIP_COMPRESS_FAB_OUTPUT': 'zip_compress_fab', 'HTML_KICANVAS_OUTPUT': 'html_kicanvas', 'HTML_KIRI_OUTPUT': 'html_kiri', 'MD_README_OUTPUT': 'md_readme', 'HTML_NAV_RES_OUTPUT': 'html_navigate_results', 'NAME': 'csv_position', 'COMMENT': 'Position file in CSV format', 'DIR': 'Manufacturing/Assembly'} (kibot - config_reader.py:682)
DEBUG:- Replacing @NAME@ -> csv_position (<class 'str'>) (kibot - config_reader.py:80)
DEBUG:- Replacing @COMMENT@ -> Position file in CSV format (<class 'str'>) (kibot - config_reader.py:80)
DEBUG:- Replacing @DIR@ -> Manufacturing/Assembly (<class 'str'>) (kibot - config_reader.py:80)
DEBUG:- Applying CLI definitions: {} (kibot - config_reader.py:679)
DEBUG:- Applying collected definitions: {'PROJECT_NAME': 'ALB/MLB test', 'BOARD_NAME': 'alb_mlb test', 'COMPANY': 'General Atomics EMS', 'DESIGNER': 'Marcus Reighter', 'LOGO': 'Logos/Logo.png', 'GIT_URL': 'https://github.com/emptyd0nkey/albmlb', 'CHECK_ZONE_FILLS': True, 'STACKUP_TABLE_NOTE': 'external layer thicknesses are specified after plating', 'MPN_FIELD': 'Manufacturer Part Number', 'MAN_FIELD': 'Manufacturer', 'GROUP_ROUND_SLOTS': True, 'GROUP_PTH_NPTH': 'no', 'GROUP_PTH_NPTH_DRL': False, 'PLOT_REFS': True, 'COLOR_THEME': 'Altium_Theme', 'SHEET_WKS': '${KIPRJMOD}/Templates/KDT_Template_PCB_GIT_A4.kicad_wks', 'FAB_SCALING': 1, 'ASSEMBLY_SCALING': 1, 'EXCLUDE_REFS': '[MB*]', '3D_VIEWER_ROT_X': 2, '3D_VIEWER_ROT_Y': -1, '3D_VIEWER_ROT_Z': 1, '3D_VIEWER_ZOOM': -1, 'KEY_COLOR': '#00FF00', 'OUTPUT_DIR': './', 'REPORT_DIR': 'Reports', 'SCHEMATIC_DIR': 'Schematic', 'MANUFACTURING_DIR': 'Manufacturing', 'ASSEMBLY_DIR': '@MANUFACTURING_DIR@/Assembly', 'FABRICATION_DIR': '@MANUFACTURING_DIR@/Fabrication', 'GERBERS_DIR': '@FABRICATION_DIR@/Gerbers', 'FAB_DRILL_TABLES_DIR': '@FABRICATION_DIR@/Drill Tables', 'TESTING_DIR': 'Testing', 'TESTPOINTS_DIR': '@TESTING_DIR@/Testpoints', 'IMAGES_DIR': 'Images', '3D_DIR': '3D', 'RESOURCES_DIR': 'kibot_resources', 'REPORT_TEMPLATE_DIR': '@RESOURCES_DIR@/templates', 'SCRIPTS_DIR': '@RESOURCES_DIR@/scripts', 'LAYER_TITLE_PAGE': 'TitlePage', 'LAYER_DNP_TOP': 'F.DNP', 'LAYER_DNP_BOTTOM': 'B.DNP', 'LAYER_DRILL_MAP': 'DrillMap', 'LAYER_TP_LIST_TOP': 'F.TestPointList', 'LAYER_TP_LIST_BOTTOM': 'B.TestPointList', 'LAYER_ASSEMBLY_TEXT_TOP': 'F.AssemblyText', 'LAYER_ASSEMBLY_TEXT_BOTTOM': 'B.AssemblyText', 'LAYER_DNP_CROSS_TOP': 'F.DNP', 'LAYER_DNP_CROSS_BOTTOM': 'B.DNP', 'FILT_FIELD_RENAME': 'field_rename', 'FILT_TP_ONLY': 'only_testpoints', 'FILT_TP_EXCLUDE': 'exclude_testpoints', 'FILT_TP_TOP_ONLY': 'only_testpoints_top', 'FILT_TP_BOTTOM_ONLY': 'only_testpoints_bottom', 'SCH_VARIANT_OUTPUT': 'value_split', 'NETLIST_OUTPUT': 'netlist', 'GERBER_OUTPUT': 'gbr_gerbers', 'ODB_OUTPUT': 'zip_odb', 'EXCELLON_DRILL_OUTPUT': 'drl_excellon', 'PDF_DRILL_MAP_OUTPUT': 'pdf_drill_map', 'DXF_DRILL_MAP_OUTPUT': 'dxf_drill_map', 'CSV_DRILL_TABLE_OUTPUT': 'csv_drill_table', 'CSV_POS_OUTPUT': 'csv_position', 'CSV_TP_OUTPUT': 'csv_testpoints', 'CSV_TP_TOP_OUTPUT': 'csv_testpoints_top', 'CSV_TP_BOTTOM_OUTPUT': 'csv_testpoints_bottom', 'CSV_BOM_OUTPUT': 'csv_bom', 'XLSX_BOM_OUTPUT': 'xlsx_bom', 'HTML_IBOM_OUTPUT': 'html_bom_interactive', 'HTML_BOM_OUTPUT': 'html_bom', 'CSV_COMP_COUNT_OUPUT': 'csv_comp_count', 'CSV_IMPEDANCE_TABLE_OUTPUT': 'csv_impedance_table', 'TXT_FAB_NOTES_OUTPUT': 'txt_fabrication_notes', 'TXT_ASSEMBLY_NOTES_OUTPUT': 'txt_assembly_notes', 'PNG_3D_VIEWER_TOP': 'png_3d_viewer_top', 'PNG_3D_VIEWER_BOTTOM': 'png_3d_viewer_bottom', 'PNG_3D_VIEWER_ANGLED_TOP': 'png_3d_viewer_angled_top', 'PNG_3D_VIEWER_ANGLED_BOTTOM': 'png_3d_viewer_angled_bottom', 'STEP_OUTPUT': 'step', 'BLENDER_OUTPUT': 'blender', 'PDF_SCHEMATIC_OUTPUT': 'pdf_schematic', 'PDF_FABRICATION_OUTPUT': 'pdf_fabrication', 'PDF_ASSEMBLY_OUTPUT': 'pdf_assembly', 'ZIP_COMPRESS_FAB_OUTPUT': 'zip_compress_fab', 'HTML_KICANVAS_OUTPUT': 'html_kicanvas', 'HTML_KIRI_OUTPUT': 'html_kiri', 'MD_README_OUTPUT': 'md_readme', 'HTML_NAV_RES_OUTPUT': 'html_navigate_results', 'NAME': 'csv_position', 'COMMENT': 'Position file in CSV format', 'DIR': 'Manufacturing/Assembly'} (kibot - config_reader.py:682)
DEBUG:YAML after expanding definitions:
# KiBot output for generating Position file in CSV format
# https://kibot.readthedocs.io/en/latest/configuration/outputs/position.html

kibot:
  version: 1

outputs:
- name: csv_position
  comment: 'Position file in CSV format'
  type: position
  category: 'Manufacturing/Assembly'
  dir: 'Manufacturing/Assembly'
  options:
    format: 'CSV'
    only_smd: false
    include_virtual: false
    output: '%f-CPL%I%v.%x'
    separate_files_for_front_and_back: false

definitions:
  NAME: csv_position
  COMMENT: Position file in CSV format
  DIR: Manufacturing/Assembly (kibot - config_reader.py:688)
DEBUG:Pre-parsing output options for `csv_position` (position) (kibot - config_reader.py:171)
DEBUG:Outputs loaded from `kibot_yaml/kibot_out_csv_pos.yaml`: ['csv_position'] (kibot - config_reader.py:363)
DEBUG:Found local definitions (kibot - config_reader.py:653)
DEBUG:- Local definitions: {'NAME': 'csv_testpoints', 'COMMENT': 'Testpoint report in CSV format', 'DIR': 'Testing/Testpoints', 'SUFFIX': '', 'EXCLUDE_FILTER': 'only_testpoints'} (kibot - config_reader.py:663)
DEBUG:- Current definitions: {'PROJECT_NAME': 'ALB/MLB test', 'BOARD_NAME': 'alb_mlb test', 'COMPANY': 'General Atomics EMS', 'DESIGNER': 'Marcus Reighter', 'LOGO': 'Logos/Logo.png', 'GIT_URL': 'https://github.com/emptyd0nkey/albmlb', 'CHECK_ZONE_FILLS': True, 'STACKUP_TABLE_NOTE': 'external layer thicknesses are specified after plating', 'MPN_FIELD': 'Manufacturer Part Number', 'MAN_FIELD': 'Manufacturer', 'GROUP_ROUND_SLOTS': True, 'GROUP_PTH_NPTH': 'no', 'GROUP_PTH_NPTH_DRL': False, 'PLOT_REFS': True, 'COLOR_THEME': 'Altium_Theme', 'SHEET_WKS': '${KIPRJMOD}/Templates/KDT_Template_PCB_GIT_A4.kicad_wks', 'FAB_SCALING': 1, 'ASSEMBLY_SCALING': 1, 'EXCLUDE_REFS': '[MB*]', '3D_VIEWER_ROT_X': 2, '3D_VIEWER_ROT_Y': -1, '3D_VIEWER_ROT_Z': 1, '3D_VIEWER_ZOOM': -1, 'KEY_COLOR': '#00FF00', 'OUTPUT_DIR': './', 'REPORT_DIR': 'Reports', 'SCHEMATIC_DIR': 'Schematic', 'MANUFACTURING_DIR': 'Manufacturing', 'ASSEMBLY_DIR': '@MANUFACTURING_DIR@/Assembly', 'FABRICATION_DIR': '@MANUFACTURING_DIR@/Fabrication', 'GERBERS_DIR': '@FABRICATION_DIR@/Gerbers', 'FAB_DRILL_TABLES_DIR': '@FABRICATION_DIR@/Drill Tables', 'TESTING_DIR': 'Testing', 'TESTPOINTS_DIR': '@TESTING_DIR@/Testpoints', 'IMAGES_DIR': 'Images', '3D_DIR': '3D', 'RESOURCES_DIR': 'kibot_resources', 'REPORT_TEMPLATE_DIR': '@RESOURCES_DIR@/templates', 'SCRIPTS_DIR': '@RESOURCES_DIR@/scripts', 'LAYER_TITLE_PAGE': 'TitlePage', 'LAYER_DNP_TOP': 'F.DNP', 'LAYER_DNP_BOTTOM': 'B.DNP', 'LAYER_DRILL_MAP': 'DrillMap', 'LAYER_TP_LIST_TOP': 'F.TestPointList', 'LAYER_TP_LIST_BOTTOM': 'B.TestPointList', 'LAYER_ASSEMBLY_TEXT_TOP': 'F.AssemblyText', 'LAYER_ASSEMBLY_TEXT_BOTTOM': 'B.AssemblyText', 'LAYER_DNP_CROSS_TOP': 'F.DNP', 'LAYER_DNP_CROSS_BOTTOM': 'B.DNP', 'FILT_FIELD_RENAME': 'field_rename', 'FILT_TP_ONLY': 'only_testpoints', 'FILT_TP_EXCLUDE': 'exclude_testpoints', 'FILT_TP_TOP_ONLY': 'only_testpoints_top', 'FILT_TP_BOTTOM_ONLY': 'only_testpoints_bottom', 'SCH_VARIANT_OUTPUT': 'value_split', 'NETLIST_OUTPUT': 'netlist', 'GERBER_OUTPUT': 'gbr_gerbers', 'ODB_OUTPUT': 'zip_odb', 'EXCELLON_DRILL_OUTPUT': 'drl_excellon', 'PDF_DRILL_MAP_OUTPUT': 'pdf_drill_map', 'DXF_DRILL_MAP_OUTPUT': 'dxf_drill_map', 'CSV_DRILL_TABLE_OUTPUT': 'csv_drill_table', 'CSV_POS_OUTPUT': 'csv_position', 'CSV_TP_OUTPUT': 'csv_testpoints', 'CSV_TP_TOP_OUTPUT': 'csv_testpoints_top', 'CSV_TP_BOTTOM_OUTPUT': 'csv_testpoints_bottom', 'CSV_BOM_OUTPUT': 'csv_bom', 'XLSX_BOM_OUTPUT': 'xlsx_bom', 'HTML_IBOM_OUTPUT': 'html_bom_interactive', 'HTML_BOM_OUTPUT': 'html_bom', 'CSV_COMP_COUNT_OUPUT': 'csv_comp_count', 'CSV_IMPEDANCE_TABLE_OUTPUT': 'csv_impedance_table', 'TXT_FAB_NOTES_OUTPUT': 'txt_fabrication_notes', 'TXT_ASSEMBLY_NOTES_OUTPUT': 'txt_assembly_notes', 'PNG_3D_VIEWER_TOP': 'png_3d_viewer_top', 'PNG_3D_VIEWER_BOTTOM': 'png_3d_viewer_bottom', 'PNG_3D_VIEWER_ANGLED_TOP': 'png_3d_viewer_angled_top', 'PNG_3D_VIEWER_ANGLED_BOTTOM': 'png_3d_viewer_angled_bottom', 'STEP_OUTPUT': 'step', 'BLENDER_OUTPUT': 'blender', 'PDF_SCHEMATIC_OUTPUT': 'pdf_schematic', 'PDF_FABRICATION_OUTPUT': 'pdf_fabrication', 'PDF_ASSEMBLY_OUTPUT': 'pdf_assembly', 'ZIP_COMPRESS_FAB_OUTPUT': 'zip_compress_fab', 'HTML_KICANVAS_OUTPUT': 'html_kicanvas', 'HTML_KIRI_OUTPUT': 'html_kiri', 'MD_README_OUTPUT': 'md_readme', 'HTML_NAV_RES_OUTPUT': 'html_navigate_results', 'NAME': 'csv_testpoints', 'COMMENT': 'Testpoint report in CSV format', 'DIR': 'Testing/Testpoints', 'EXCLUDE_FILTER': 'only_testpoints'} (kibot - config_reader.py:664)
DEBUG:- Updated definitions: {'NAME': 'csv_testpoints', 'COMMENT': 'Testpoint report in CSV format', 'DIR': 'Testing/Testpoints', 'SUFFIX': '', 'EXCLUDE_FILTER': 'only_testpoints', 'PROJECT_NAME': 'ALB/MLB test', 'BOARD_NAME': 'alb_mlb test', 'COMPANY': 'General Atomics EMS', 'DESIGNER': 'Marcus Reighter', 'LOGO': 'Logos/Logo.png', 'GIT_URL': 'https://github.com/emptyd0nkey/albmlb', 'CHECK_ZONE_FILLS': True, 'STACKUP_TABLE_NOTE': 'external layer thicknesses are specified after plating', 'MPN_FIELD': 'Manufacturer Part Number', 'MAN_FIELD': 'Manufacturer', 'GROUP_ROUND_SLOTS': True, 'GROUP_PTH_NPTH': 'no', 'GROUP_PTH_NPTH_DRL': False, 'PLOT_REFS': True, 'COLOR_THEME': 'Altium_Theme', 'SHEET_WKS': '${KIPRJMOD}/Templates/KDT_Template_PCB_GIT_A4.kicad_wks', 'FAB_SCALING': 1, 'ASSEMBLY_SCALING': 1, 'EXCLUDE_REFS': '[MB*]', '3D_VIEWER_ROT_X': 2, '3D_VIEWER_ROT_Y': -1, '3D_VIEWER_ROT_Z': 1, '3D_VIEWER_ZOOM': -1, 'KEY_COLOR': '#00FF00', 'OUTPUT_DIR': './', 'REPORT_DIR': 'Reports', 'SCHEMATIC_DIR': 'Schematic', 'MANUFACTURING_DIR': 'Manufacturing', 'ASSEMBLY_DIR': '@MANUFACTURING_DIR@/Assembly', 'FABRICATION_DIR': '@MANUFACTURING_DIR@/Fabrication', 'GERBERS_DIR': '@FABRICATION_DIR@/Gerbers', 'FAB_DRILL_TABLES_DIR': '@FABRICATION_DIR@/Drill Tables', 'TESTING_DIR': 'Testing', 'TESTPOINTS_DIR': '@TESTING_DIR@/Testpoints', 'IMAGES_DIR': 'Images', '3D_DIR': '3D', 'RESOURCES_DIR': 'kibot_resources', 'REPORT_TEMPLATE_DIR': '@RESOURCES_DIR@/templates', 'SCRIPTS_DIR': '@RESOURCES_DIR@/scripts', 'LAYER_TITLE_PAGE': 'TitlePage', 'LAYER_DNP_TOP': 'F.DNP', 'LAYER_DNP_BOTTOM': 'B.DNP', 'LAYER_DRILL_MAP': 'DrillMap', 'LAYER_TP_LIST_TOP': 'F.TestPointList', 'LAYER_TP_LIST_BOTTOM': 'B.TestPointList', 'LAYER_ASSEMBLY_TEXT_TOP': 'F.AssemblyText', 'LAYER_ASSEMBLY_TEXT_BOTTOM': 'B.AssemblyText', 'LAYER_DNP_CROSS_TOP': 'F.DNP', 'LAYER_DNP_CROSS_BOTTOM': 'B.DNP', 'FILT_FIELD_RENAME': 'field_rename', 'FILT_TP_ONLY': 'only_testpoints', 'FILT_TP_EXCLUDE': 'exclude_testpoints', 'FILT_TP_TOP_ONLY': 'only_testpoints_top', 'FILT_TP_BOTTOM_ONLY': 'only_testpoints_bottom', 'SCH_VARIANT_OUTPUT': 'value_split', 'NETLIST_OUTPUT': 'netlist', 'GERBER_OUTPUT': 'gbr_gerbers', 'ODB_OUTPUT': 'zip_odb', 'EXCELLON_DRILL_OUTPUT': 'drl_excellon', 'PDF_DRILL_MAP_OUTPUT': 'pdf_drill_map', 'DXF_DRILL_MAP_OUTPUT': 'dxf_drill_map', 'CSV_DRILL_TABLE_OUTPUT': 'csv_drill_table', 'CSV_POS_OUTPUT': 'csv_position', 'CSV_TP_OUTPUT': 'csv_testpoints', 'CSV_TP_TOP_OUTPUT': 'csv_testpoints_top', 'CSV_TP_BOTTOM_OUTPUT': 'csv_testpoints_bottom', 'CSV_BOM_OUTPUT': 'csv_bom', 'XLSX_BOM_OUTPUT': 'xlsx_bom', 'HTML_IBOM_OUTPUT': 'html_bom_interactive', 'HTML_BOM_OUTPUT': 'html_bom', 'CSV_COMP_COUNT_OUPUT': 'csv_comp_count', 'CSV_IMPEDANCE_TABLE_OUTPUT': 'csv_impedance_table', 'TXT_FAB_NOTES_OUTPUT': 'txt_fabrication_notes', 'TXT_ASSEMBLY_NOTES_OUTPUT': 'txt_assembly_notes', 'PNG_3D_VIEWER_TOP': 'png_3d_viewer_top', 'PNG_3D_VIEWER_BOTTOM': 'png_3d_viewer_bottom', 'PNG_3D_VIEWER_ANGLED_TOP': 'png_3d_viewer_angled_top', 'PNG_3D_VIEWER_ANGLED_BOTTOM': 'png_3d_viewer_angled_bottom', 'STEP_OUTPUT': 'step', 'BLENDER_OUTPUT': 'blender', 'PDF_SCHEMATIC_OUTPUT': 'pdf_schematic', 'PDF_FABRICATION_OUTPUT': 'pdf_fabrication', 'PDF_ASSEMBLY_OUTPUT': 'pdf_assembly', 'ZIP_COMPRESS_FAB_OUTPUT': 'zip_compress_fab', 'HTML_KICANVAS_OUTPUT': 'html_kicanvas', 'HTML_KIRI_OUTPUT': 'html_kiri', 'MD_README_OUTPUT': 'md_readme', 'HTML_NAV_RES_OUTPUT': 'html_navigate_results'} (kibot - config_reader.py:667)
DEBUG:Applying preprocessor definitions (kibot - config_reader.py:672)
DEBUG:- Applying CLI definitions: {} (kibot - config_reader.py:679)
DEBUG:- Applying collected definitions: {'NAME': 'csv_testpoints', 'COMMENT': 'Testpoint report in CSV format', 'DIR': 'Testing/Testpoints', 'SUFFIX': '', 'EXCLUDE_FILTER': 'only_testpoints', 'PROJECT_NAME': 'ALB/MLB test', 'BOARD_NAME': 'alb_mlb test', 'COMPANY': 'General Atomics EMS', 'DESIGNER': 'Marcus Reighter', 'LOGO': 'Logos/Logo.png', 'GIT_URL': 'https://github.com/emptyd0nkey/albmlb', 'CHECK_ZONE_FILLS': True, 'STACKUP_TABLE_NOTE': 'external layer thicknesses are specified after plating', 'MPN_FIELD': 'Manufacturer Part Number', 'MAN_FIELD': 'Manufacturer', 'GROUP_ROUND_SLOTS': True, 'GROUP_PTH_NPTH': 'no', 'GROUP_PTH_NPTH_DRL': False, 'PLOT_REFS': True, 'COLOR_THEME': 'Altium_Theme', 'SHEET_WKS': '${KIPRJMOD}/Templates/KDT_Template_PCB_GIT_A4.kicad_wks', 'FAB_SCALING': 1, 'ASSEMBLY_SCALING': 1, 'EXCLUDE_REFS': '[MB*]', '3D_VIEWER_ROT_X': 2, '3D_VIEWER_ROT_Y': -1, '3D_VIEWER_ROT_Z': 1, '3D_VIEWER_ZOOM': -1, 'KEY_COLOR': '#00FF00', 'OUTPUT_DIR': './', 'REPORT_DIR': 'Reports', 'SCHEMATIC_DIR': 'Schematic', 'MANUFACTURING_DIR': 'Manufacturing', 'ASSEMBLY_DIR': '@MANUFACTURING_DIR@/Assembly', 'FABRICATION_DIR': '@MANUFACTURING_DIR@/Fabrication', 'GERBERS_DIR': '@FABRICATION_DIR@/Gerbers', 'FAB_DRILL_TABLES_DIR': '@FABRICATION_DIR@/Drill Tables', 'TESTING_DIR': 'Testing', 'TESTPOINTS_DIR': '@TESTING_DIR@/Testpoints', 'IMAGES_DIR': 'Images', '3D_DIR': '3D', 'RESOURCES_DIR': 'kibot_resources', 'REPORT_TEMPLATE_DIR': '@RESOURCES_DIR@/templates', 'SCRIPTS_DIR': '@RESOURCES_DIR@/scripts', 'LAYER_TITLE_PAGE': 'TitlePage', 'LAYER_DNP_TOP': 'F.DNP', 'LAYER_DNP_BOTTOM': 'B.DNP', 'LAYER_DRILL_MAP': 'DrillMap', 'LAYER_TP_LIST_TOP': 'F.TestPointList', 'LAYER_TP_LIST_BOTTOM': 'B.TestPointList', 'LAYER_ASSEMBLY_TEXT_TOP': 'F.AssemblyText', 'LAYER_ASSEMBLY_TEXT_BOTTOM': 'B.AssemblyText', 'LAYER_DNP_CROSS_TOP': 'F.DNP', 'LAYER_DNP_CROSS_BOTTOM': 'B.DNP', 'FILT_FIELD_RENAME': 'field_rename', 'FILT_TP_ONLY': 'only_testpoints', 'FILT_TP_EXCLUDE': 'exclude_testpoints', 'FILT_TP_TOP_ONLY': 'only_testpoints_top', 'FILT_TP_BOTTOM_ONLY': 'only_testpoints_bottom', 'SCH_VARIANT_OUTPUT': 'value_split', 'NETLIST_OUTPUT': 'netlist', 'GERBER_OUTPUT': 'gbr_gerbers', 'ODB_OUTPUT': 'zip_odb', 'EXCELLON_DRILL_OUTPUT': 'drl_excellon', 'PDF_DRILL_MAP_OUTPUT': 'pdf_drill_map', 'DXF_DRILL_MAP_OUTPUT': 'dxf_drill_map', 'CSV_DRILL_TABLE_OUTPUT': 'csv_drill_table', 'CSV_POS_OUTPUT': 'csv_position', 'CSV_TP_OUTPUT': 'csv_testpoints', 'CSV_TP_TOP_OUTPUT': 'csv_testpoints_top', 'CSV_TP_BOTTOM_OUTPUT': 'csv_testpoints_bottom', 'CSV_BOM_OUTPUT': 'csv_bom', 'XLSX_BOM_OUTPUT': 'xlsx_bom', 'HTML_IBOM_OUTPUT': 'html_bom_interactive', 'HTML_BOM_OUTPUT': 'html_bom', 'CSV_COMP_COUNT_OUPUT': 'csv_comp_count', 'CSV_IMPEDANCE_TABLE_OUTPUT': 'csv_impedance_table', 'TXT_FAB_NOTES_OUTPUT': 'txt_fabrication_notes', 'TXT_ASSEMBLY_NOTES_OUTPUT': 'txt_assembly_notes', 'PNG_3D_VIEWER_TOP': 'png_3d_viewer_top', 'PNG_3D_VIEWER_BOTTOM': 'png_3d_viewer_bottom', 'PNG_3D_VIEWER_ANGLED_TOP': 'png_3d_viewer_angled_top', 'PNG_3D_VIEWER_ANGLED_BOTTOM': 'png_3d_viewer_angled_bottom', 'STEP_OUTPUT': 'step', 'BLENDER_OUTPUT': 'blender', 'PDF_SCHEMATIC_OUTPUT': 'pdf_schematic', 'PDF_FABRICATION_OUTPUT': 'pdf_fabrication', 'PDF_ASSEMBLY_OUTPUT': 'pdf_assembly', 'ZIP_COMPRESS_FAB_OUTPUT': 'zip_compress_fab', 'HTML_KICANVAS_OUTPUT': 'html_kicanvas', 'HTML_KIRI_OUTPUT': 'html_kiri', 'MD_README_OUTPUT': 'md_readme', 'HTML_NAV_RES_OUTPUT': 'html_navigate_results'} (kibot - config_reader.py:682)
DEBUG:- Replacing @NAME@ -> csv_testpoints (<class 'str'>) (kibot - config_reader.py:80)
DEBUG:- Replacing @COMMENT@ -> Testpoint report in CSV format (<class 'str'>) (kibot - config_reader.py:80)
DEBUG:- Replacing @DIR@ -> Testing/Testpoints (<class 'str'>) (kibot - config_reader.py:80)
DEBUG:- Replacing @SUFFIX@ ->  (<class 'str'>) (kibot - config_reader.py:80)
DEBUG:- Replacing @EXCLUDE_FILTER@ -> only_testpoints (<class 'str'>) (kibot - config_reader.py:80)
DEBUG:- Applying CLI definitions: {} (kibot - config_reader.py:679)
DEBUG:- Applying collected definitions: {'NAME': 'csv_testpoints', 'COMMENT': 'Testpoint report in CSV format', 'DIR': 'Testing/Testpoints', 'SUFFIX': '', 'EXCLUDE_FILTER': 'only_testpoints', 'PROJECT_NAME': 'ALB/MLB test', 'BOARD_NAME': 'alb_mlb test', 'COMPANY': 'General Atomics EMS', 'DESIGNER': 'Marcus Reighter', 'LOGO': 'Logos/Logo.png', 'GIT_URL': 'https://github.com/emptyd0nkey/albmlb', 'CHECK_ZONE_FILLS': True, 'STACKUP_TABLE_NOTE': 'external layer thicknesses are specified after plating', 'MPN_FIELD': 'Manufacturer Part Number', 'MAN_FIELD': 'Manufacturer', 'GROUP_ROUND_SLOTS': True, 'GROUP_PTH_NPTH': 'no', 'GROUP_PTH_NPTH_DRL': False, 'PLOT_REFS': True, 'COLOR_THEME': 'Altium_Theme', 'SHEET_WKS': '${KIPRJMOD}/Templates/KDT_Template_PCB_GIT_A4.kicad_wks', 'FAB_SCALING': 1, 'ASSEMBLY_SCALING': 1, 'EXCLUDE_REFS': '[MB*]', '3D_VIEWER_ROT_X': 2, '3D_VIEWER_ROT_Y': -1, '3D_VIEWER_ROT_Z': 1, '3D_VIEWER_ZOOM': -1, 'KEY_COLOR': '#00FF00', 'OUTPUT_DIR': './', 'REPORT_DIR': 'Reports', 'SCHEMATIC_DIR': 'Schematic', 'MANUFACTURING_DIR': 'Manufacturing', 'ASSEMBLY_DIR': '@MANUFACTURING_DIR@/Assembly', 'FABRICATION_DIR': '@MANUFACTURING_DIR@/Fabrication', 'GERBERS_DIR': '@FABRICATION_DIR@/Gerbers', 'FAB_DRILL_TABLES_DIR': '@FABRICATION_DIR@/Drill Tables', 'TESTING_DIR': 'Testing', 'TESTPOINTS_DIR': '@TESTING_DIR@/Testpoints', 'IMAGES_DIR': 'Images', '3D_DIR': '3D', 'RESOURCES_DIR': 'kibot_resources', 'REPORT_TEMPLATE_DIR': '@RESOURCES_DIR@/templates', 'SCRIPTS_DIR': '@RESOURCES_DIR@/scripts', 'LAYER_TITLE_PAGE': 'TitlePage', 'LAYER_DNP_TOP': 'F.DNP', 'LAYER_DNP_BOTTOM': 'B.DNP', 'LAYER_DRILL_MAP': 'DrillMap', 'LAYER_TP_LIST_TOP': 'F.TestPointList', 'LAYER_TP_LIST_BOTTOM': 'B.TestPointList', 'LAYER_ASSEMBLY_TEXT_TOP': 'F.AssemblyText', 'LAYER_ASSEMBLY_TEXT_BOTTOM': 'B.AssemblyText', 'LAYER_DNP_CROSS_TOP': 'F.DNP', 'LAYER_DNP_CROSS_BOTTOM': 'B.DNP', 'FILT_FIELD_RENAME': 'field_rename', 'FILT_TP_ONLY': 'only_testpoints', 'FILT_TP_EXCLUDE': 'exclude_testpoints', 'FILT_TP_TOP_ONLY': 'only_testpoints_top', 'FILT_TP_BOTTOM_ONLY': 'only_testpoints_bottom', 'SCH_VARIANT_OUTPUT': 'value_split', 'NETLIST_OUTPUT': 'netlist', 'GERBER_OUTPUT': 'gbr_gerbers', 'ODB_OUTPUT': 'zip_odb', 'EXCELLON_DRILL_OUTPUT': 'drl_excellon', 'PDF_DRILL_MAP_OUTPUT': 'pdf_drill_map', 'DXF_DRILL_MAP_OUTPUT': 'dxf_drill_map', 'CSV_DRILL_TABLE_OUTPUT': 'csv_drill_table', 'CSV_POS_OUTPUT': 'csv_position', 'CSV_TP_OUTPUT': 'csv_testpoints', 'CSV_TP_TOP_OUTPUT': 'csv_testpoints_top', 'CSV_TP_BOTTOM_OUTPUT': 'csv_testpoints_bottom', 'CSV_BOM_OUTPUT': 'csv_bom', 'XLSX_BOM_OUTPUT': 'xlsx_bom', 'HTML_IBOM_OUTPUT': 'html_bom_interactive', 'HTML_BOM_OUTPUT': 'html_bom', 'CSV_COMP_COUNT_OUPUT': 'csv_comp_count', 'CSV_IMPEDANCE_TABLE_OUTPUT': 'csv_impedance_table', 'TXT_FAB_NOTES_OUTPUT': 'txt_fabrication_notes', 'TXT_ASSEMBLY_NOTES_OUTPUT': 'txt_assembly_notes', 'PNG_3D_VIEWER_TOP': 'png_3d_viewer_top', 'PNG_3D_VIEWER_BOTTOM': 'png_3d_viewer_bottom', 'PNG_3D_VIEWER_ANGLED_TOP': 'png_3d_viewer_angled_top', 'PNG_3D_VIEWER_ANGLED_BOTTOM': 'png_3d_viewer_angled_bottom', 'STEP_OUTPUT': 'step', 'BLENDER_OUTPUT': 'blender', 'PDF_SCHEMATIC_OUTPUT': 'pdf_schematic', 'PDF_FABRICATION_OUTPUT': 'pdf_fabrication', 'PDF_ASSEMBLY_OUTPUT': 'pdf_assembly', 'ZIP_COMPRESS_FAB_OUTPUT': 'zip_compress_fab', 'HTML_KICANVAS_OUTPUT': 'html_kicanvas', 'HTML_KIRI_OUTPUT': 'html_kiri', 'MD_README_OUTPUT': 'md_readme', 'HTML_NAV_RES_OUTPUT': 'html_navigate_results'} (kibot - config_reader.py:682)
DEBUG:YAML after expanding definitions:
# KiBot output for generating CSV Tespoints
# https://kibot.readthedocs.io/en/latest/configuration/outputs/bom.html

kibot:
  version: 1

outputs:
- name: csv_testpoints
  comment: 'Testpoint report in CSV format'
  type: bom
  category: 'Testing/Testpoints'
  dir: 'Testing/Testpoints'
  options:
    output: '%f-testpoints%I%v.%x'
    csv:
      hide_pcb_info: True
      hide_stats_info: True
    pre_transform: ['_kicost_rename']
    exclude_filter: 'only_testpoints'
    dnf_filter: '_null'
    exclude_marked_in_sch: false
    group_fields: []
    sort_style: ref
    use_aux_axis_as_origin: true
    ignore_dnf: false
    format: CSV
    footprint_type_values: 'SMT,THRU,'
    columns:
      - field: References
        name: Testpoint Ref.
      - field: Net Name
        name: Net
      - field: Net Class        
      - field: Footprint X
        name: X
      - field: Footprint Y
        name: Y
      - field: Footprint Side
        name: Side
      - field: Footprint Type
        name: Pad Type
      - field: Value 
      - field: Footprint

 (kibot - config_reader.py:688)
DEBUG:Pre-parsing output options for `csv_testpoints` (bom) (kibot - config_reader.py:171)
DEBUG:Outputs loaded from `kibot_yaml/kibot_out_csv_testpoints.yaml`: ['csv_testpoints'] (kibot - config_reader.py:363)
DEBUG:Found local definitions (kibot - config_reader.py:653)
DEBUG:- Local definitions: {'NAME': 'csv_testpoints', 'COMMENT': 'Testpoint report in CSV format', 'DIR': 'Testing/Testpoints', 'SUFFIX': '', 'EXCLUDE_FILTER': 'only_testpoints'} (kibot - config_reader.py:663)
DEBUG:- Current definitions: {'PROJECT_NAME': 'ALB/MLB test', 'BOARD_NAME': 'alb_mlb test', 'COMPANY': 'General Atomics EMS', 'DESIGNER': 'Marcus Reighter', 'LOGO': 'Logos/Logo.png', 'GIT_URL': 'https://github.com/emptyd0nkey/albmlb', 'CHECK_ZONE_FILLS': True, 'STACKUP_TABLE_NOTE': 'external layer thicknesses are specified after plating', 'MPN_FIELD': 'Manufacturer Part Number', 'MAN_FIELD': 'Manufacturer', 'GROUP_ROUND_SLOTS': True, 'GROUP_PTH_NPTH': 'no', 'GROUP_PTH_NPTH_DRL': False, 'PLOT_REFS': True, 'COLOR_THEME': 'Altium_Theme', 'SHEET_WKS': '${KIPRJMOD}/Templates/KDT_Template_PCB_GIT_A4.kicad_wks', 'FAB_SCALING': 1, 'ASSEMBLY_SCALING': 1, 'EXCLUDE_REFS': '[MB*]', '3D_VIEWER_ROT_X': 2, '3D_VIEWER_ROT_Y': -1, '3D_VIEWER_ROT_Z': 1, '3D_VIEWER_ZOOM': -1, 'KEY_COLOR': '#00FF00', 'OUTPUT_DIR': './', 'REPORT_DIR': 'Reports', 'SCHEMATIC_DIR': 'Schematic', 'MANUFACTURING_DIR': 'Manufacturing', 'ASSEMBLY_DIR': '@MANUFACTURING_DIR@/Assembly', 'FABRICATION_DIR': '@MANUFACTURING_DIR@/Fabrication', 'GERBERS_DIR': '@FABRICATION_DIR@/Gerbers', 'FAB_DRILL_TABLES_DIR': '@FABRICATION_DIR@/Drill Tables', 'TESTING_DIR': 'Testing', 'TESTPOINTS_DIR': '@TESTING_DIR@/Testpoints', 'IMAGES_DIR': 'Images', '3D_DIR': '3D', 'RESOURCES_DIR': 'kibot_resources', 'REPORT_TEMPLATE_DIR': '@RESOURCES_DIR@/templates', 'SCRIPTS_DIR': '@RESOURCES_DIR@/scripts', 'LAYER_TITLE_PAGE': 'TitlePage', 'LAYER_DNP_TOP': 'F.DNP', 'LAYER_DNP_BOTTOM': 'B.DNP', 'LAYER_DRILL_MAP': 'DrillMap', 'LAYER_TP_LIST_TOP': 'F.TestPointList', 'LAYER_TP_LIST_BOTTOM': 'B.TestPointList', 'LAYER_ASSEMBLY_TEXT_TOP': 'F.AssemblyText', 'LAYER_ASSEMBLY_TEXT_BOTTOM': 'B.AssemblyText', 'LAYER_DNP_CROSS_TOP': 'F.DNP', 'LAYER_DNP_CROSS_BOTTOM': 'B.DNP', 'FILT_FIELD_RENAME': 'field_rename', 'FILT_TP_ONLY': 'only_testpoints', 'FILT_TP_EXCLUDE': 'exclude_testpoints', 'FILT_TP_TOP_ONLY': 'only_testpoints_top', 'FILT_TP_BOTTOM_ONLY': 'only_testpoints_bottom', 'SCH_VARIANT_OUTPUT': 'value_split', 'NETLIST_OUTPUT': 'netlist', 'GERBER_OUTPUT': 'gbr_gerbers', 'ODB_OUTPUT': 'zip_odb', 'EXCELLON_DRILL_OUTPUT': 'drl_excellon', 'PDF_DRILL_MAP_OUTPUT': 'pdf_drill_map', 'DXF_DRILL_MAP_OUTPUT': 'dxf_drill_map', 'CSV_DRILL_TABLE_OUTPUT': 'csv_drill_table', 'CSV_POS_OUTPUT': 'csv_position', 'CSV_TP_OUTPUT': 'csv_testpoints', 'CSV_TP_TOP_OUTPUT': 'csv_testpoints_top', 'CSV_TP_BOTTOM_OUTPUT': 'csv_testpoints_bottom', 'CSV_BOM_OUTPUT': 'csv_bom', 'XLSX_BOM_OUTPUT': 'xlsx_bom', 'HTML_IBOM_OUTPUT': 'html_bom_interactive', 'HTML_BOM_OUTPUT': 'html_bom', 'CSV_COMP_COUNT_OUPUT': 'csv_comp_count', 'CSV_IMPEDANCE_TABLE_OUTPUT': 'csv_impedance_table', 'TXT_FAB_NOTES_OUTPUT': 'txt_fabrication_notes', 'TXT_ASSEMBLY_NOTES_OUTPUT': 'txt_assembly_notes', 'PNG_3D_VIEWER_TOP': 'png_3d_viewer_top', 'PNG_3D_VIEWER_BOTTOM': 'png_3d_viewer_bottom', 'PNG_3D_VIEWER_ANGLED_TOP': 'png_3d_viewer_angled_top', 'PNG_3D_VIEWER_ANGLED_BOTTOM': 'png_3d_viewer_angled_bottom', 'STEP_OUTPUT': 'step', 'BLENDER_OUTPUT': 'blender', 'PDF_SCHEMATIC_OUTPUT': 'pdf_schematic', 'PDF_FABRICATION_OUTPUT': 'pdf_fabrication', 'PDF_ASSEMBLY_OUTPUT': 'pdf_assembly', 'ZIP_COMPRESS_FAB_OUTPUT': 'zip_compress_fab', 'HTML_KICANVAS_OUTPUT': 'html_kicanvas', 'HTML_KIRI_OUTPUT': 'html_kiri', 'MD_README_OUTPUT': 'md_readme', 'HTML_NAV_RES_OUTPUT': 'html_navigate_results', 'NAME': 'csv_testpoints_top', 'COMMENT': 'Top testpoint report in CSV format', 'DIR': 'Testing/Testpoints', 'SUFFIX': '-top', 'EXCLUDE_FILTER': 'only_testpoints_top'} (kibot - config_reader.py:664)
DEBUG:- Updated definitions: {'NAME': 'csv_testpoints_top', 'COMMENT': 'Top testpoint report in CSV format', 'DIR': 'Testing/Testpoints', 'SUFFIX': '-top', 'EXCLUDE_FILTER': 'only_testpoints_top', 'PROJECT_NAME': 'ALB/MLB test', 'BOARD_NAME': 'alb_mlb test', 'COMPANY': 'General Atomics EMS', 'DESIGNER': 'Marcus Reighter', 'LOGO': 'Logos/Logo.png', 'GIT_URL': 'https://github.com/emptyd0nkey/albmlb', 'CHECK_ZONE_FILLS': True, 'STACKUP_TABLE_NOTE': 'external layer thicknesses are specified after plating', 'MPN_FIELD': 'Manufacturer Part Number', 'MAN_FIELD': 'Manufacturer', 'GROUP_ROUND_SLOTS': True, 'GROUP_PTH_NPTH': 'no', 'GROUP_PTH_NPTH_DRL': False, 'PLOT_REFS': True, 'COLOR_THEME': 'Altium_Theme', 'SHEET_WKS': '${KIPRJMOD}/Templates/KDT_Template_PCB_GIT_A4.kicad_wks', 'FAB_SCALING': 1, 'ASSEMBLY_SCALING': 1, 'EXCLUDE_REFS': '[MB*]', '3D_VIEWER_ROT_X': 2, '3D_VIEWER_ROT_Y': -1, '3D_VIEWER_ROT_Z': 1, '3D_VIEWER_ZOOM': -1, 'KEY_COLOR': '#00FF00', 'OUTPUT_DIR': './', 'REPORT_DIR': 'Reports', 'SCHEMATIC_DIR': 'Schematic', 'MANUFACTURING_DIR': 'Manufacturing', 'ASSEMBLY_DIR': '@MANUFACTURING_DIR@/Assembly', 'FABRICATION_DIR': '@MANUFACTURING_DIR@/Fabrication', 'GERBERS_DIR': '@FABRICATION_DIR@/Gerbers', 'FAB_DRILL_TABLES_DIR': '@FABRICATION_DIR@/Drill Tables', 'TESTING_DIR': 'Testing', 'TESTPOINTS_DIR': '@TESTING_DIR@/Testpoints', 'IMAGES_DIR': 'Images', '3D_DIR': '3D', 'RESOURCES_DIR': 'kibot_resources', 'REPORT_TEMPLATE_DIR': '@RESOURCES_DIR@/templates', 'SCRIPTS_DIR': '@RESOURCES_DIR@/scripts', 'LAYER_TITLE_PAGE': 'TitlePage', 'LAYER_DNP_TOP': 'F.DNP', 'LAYER_DNP_BOTTOM': 'B.DNP', 'LAYER_DRILL_MAP': 'DrillMap', 'LAYER_TP_LIST_TOP': 'F.TestPointList', 'LAYER_TP_LIST_BOTTOM': 'B.TestPointList', 'LAYER_ASSEMBLY_TEXT_TOP': 'F.AssemblyText', 'LAYER_ASSEMBLY_TEXT_BOTTOM': 'B.AssemblyText', 'LAYER_DNP_CROSS_TOP': 'F.DNP', 'LAYER_DNP_CROSS_BOTTOM': 'B.DNP', 'FILT_FIELD_RENAME': 'field_rename', 'FILT_TP_ONLY': 'only_testpoints', 'FILT_TP_EXCLUDE': 'exclude_testpoints', 'FILT_TP_TOP_ONLY': 'only_testpoints_top', 'FILT_TP_BOTTOM_ONLY': 'only_testpoints_bottom', 'SCH_VARIANT_OUTPUT': 'value_split', 'NETLIST_OUTPUT': 'netlist', 'GERBER_OUTPUT': 'gbr_gerbers', 'ODB_OUTPUT': 'zip_odb', 'EXCELLON_DRILL_OUTPUT': 'drl_excellon', 'PDF_DRILL_MAP_OUTPUT': 'pdf_drill_map', 'DXF_DRILL_MAP_OUTPUT': 'dxf_drill_map', 'CSV_DRILL_TABLE_OUTPUT': 'csv_drill_table', 'CSV_POS_OUTPUT': 'csv_position', 'CSV_TP_OUTPUT': 'csv_testpoints', 'CSV_TP_TOP_OUTPUT': 'csv_testpoints_top', 'CSV_TP_BOTTOM_OUTPUT': 'csv_testpoints_bottom', 'CSV_BOM_OUTPUT': 'csv_bom', 'XLSX_BOM_OUTPUT': 'xlsx_bom', 'HTML_IBOM_OUTPUT': 'html_bom_interactive', 'HTML_BOM_OUTPUT': 'html_bom', 'CSV_COMP_COUNT_OUPUT': 'csv_comp_count', 'CSV_IMPEDANCE_TABLE_OUTPUT': 'csv_impedance_table', 'TXT_FAB_NOTES_OUTPUT': 'txt_fabrication_notes', 'TXT_ASSEMBLY_NOTES_OUTPUT': 'txt_assembly_notes', 'PNG_3D_VIEWER_TOP': 'png_3d_viewer_top', 'PNG_3D_VIEWER_BOTTOM': 'png_3d_viewer_bottom', 'PNG_3D_VIEWER_ANGLED_TOP': 'png_3d_viewer_angled_top', 'PNG_3D_VIEWER_ANGLED_BOTTOM': 'png_3d_viewer_angled_bottom', 'STEP_OUTPUT': 'step', 'BLENDER_OUTPUT': 'blender', 'PDF_SCHEMATIC_OUTPUT': 'pdf_schematic', 'PDF_FABRICATION_OUTPUT': 'pdf_fabrication', 'PDF_ASSEMBLY_OUTPUT': 'pdf_assembly', 'ZIP_COMPRESS_FAB_OUTPUT': 'zip_compress_fab', 'HTML_KICANVAS_OUTPUT': 'html_kicanvas', 'HTML_KIRI_OUTPUT': 'html_kiri', 'MD_README_OUTPUT': 'md_readme', 'HTML_NAV_RES_OUTPUT': 'html_navigate_results'} (kibot - config_reader.py:667)
DEBUG:Applying preprocessor definitions (kibot - config_reader.py:672)
DEBUG:- Applying CLI definitions: {} (kibot - config_reader.py:679)
DEBUG:- Applying collected definitions: {'NAME': 'csv_testpoints_top', 'COMMENT': 'Top testpoint report in CSV format', 'DIR': 'Testing/Testpoints', 'SUFFIX': '-top', 'EXCLUDE_FILTER': 'only_testpoints_top', 'PROJECT_NAME': 'ALB/MLB test', 'BOARD_NAME': 'alb_mlb test', 'COMPANY': 'General Atomics EMS', 'DESIGNER': 'Marcus Reighter', 'LOGO': 'Logos/Logo.png', 'GIT_URL': 'https://github.com/emptyd0nkey/albmlb', 'CHECK_ZONE_FILLS': True, 'STACKUP_TABLE_NOTE': 'external layer thicknesses are specified after plating', 'MPN_FIELD': 'Manufacturer Part Number', 'MAN_FIELD': 'Manufacturer', 'GROUP_ROUND_SLOTS': True, 'GROUP_PTH_NPTH': 'no', 'GROUP_PTH_NPTH_DRL': False, 'PLOT_REFS': True, 'COLOR_THEME': 'Altium_Theme', 'SHEET_WKS': '${KIPRJMOD}/Templates/KDT_Template_PCB_GIT_A4.kicad_wks', 'FAB_SCALING': 1, 'ASSEMBLY_SCALING': 1, 'EXCLUDE_REFS': '[MB*]', '3D_VIEWER_ROT_X': 2, '3D_VIEWER_ROT_Y': -1, '3D_VIEWER_ROT_Z': 1, '3D_VIEWER_ZOOM': -1, 'KEY_COLOR': '#00FF00', 'OUTPUT_DIR': './', 'REPORT_DIR': 'Reports', 'SCHEMATIC_DIR': 'Schematic', 'MANUFACTURING_DIR': 'Manufacturing', 'ASSEMBLY_DIR': '@MANUFACTURING_DIR@/Assembly', 'FABRICATION_DIR': '@MANUFACTURING_DIR@/Fabrication', 'GERBERS_DIR': '@FABRICATION_DIR@/Gerbers', 'FAB_DRILL_TABLES_DIR': '@FABRICATION_DIR@/Drill Tables', 'TESTING_DIR': 'Testing', 'TESTPOINTS_DIR': '@TESTING_DIR@/Testpoints', 'IMAGES_DIR': 'Images', '3D_DIR': '3D', 'RESOURCES_DIR': 'kibot_resources', 'REPORT_TEMPLATE_DIR': '@RESOURCES_DIR@/templates', 'SCRIPTS_DIR': '@RESOURCES_DIR@/scripts', 'LAYER_TITLE_PAGE': 'TitlePage', 'LAYER_DNP_TOP': 'F.DNP', 'LAYER_DNP_BOTTOM': 'B.DNP', 'LAYER_DRILL_MAP': 'DrillMap', 'LAYER_TP_LIST_TOP': 'F.TestPointList', 'LAYER_TP_LIST_BOTTOM': 'B.TestPointList', 'LAYER_ASSEMBLY_TEXT_TOP': 'F.AssemblyText', 'LAYER_ASSEMBLY_TEXT_BOTTOM': 'B.AssemblyText', 'LAYER_DNP_CROSS_TOP': 'F.DNP', 'LAYER_DNP_CROSS_BOTTOM': 'B.DNP', 'FILT_FIELD_RENAME': 'field_rename', 'FILT_TP_ONLY': 'only_testpoints', 'FILT_TP_EXCLUDE': 'exclude_testpoints', 'FILT_TP_TOP_ONLY': 'only_testpoints_top', 'FILT_TP_BOTTOM_ONLY': 'only_testpoints_bottom', 'SCH_VARIANT_OUTPUT': 'value_split', 'NETLIST_OUTPUT': 'netlist', 'GERBER_OUTPUT': 'gbr_gerbers', 'ODB_OUTPUT': 'zip_odb', 'EXCELLON_DRILL_OUTPUT': 'drl_excellon', 'PDF_DRILL_MAP_OUTPUT': 'pdf_drill_map', 'DXF_DRILL_MAP_OUTPUT': 'dxf_drill_map', 'CSV_DRILL_TABLE_OUTPUT': 'csv_drill_table', 'CSV_POS_OUTPUT': 'csv_position', 'CSV_TP_OUTPUT': 'csv_testpoints', 'CSV_TP_TOP_OUTPUT': 'csv_testpoints_top', 'CSV_TP_BOTTOM_OUTPUT': 'csv_testpoints_bottom', 'CSV_BOM_OUTPUT': 'csv_bom', 'XLSX_BOM_OUTPUT': 'xlsx_bom', 'HTML_IBOM_OUTPUT': 'html_bom_interactive', 'HTML_BOM_OUTPUT': 'html_bom', 'CSV_COMP_COUNT_OUPUT': 'csv_comp_count', 'CSV_IMPEDANCE_TABLE_OUTPUT': 'csv_impedance_table', 'TXT_FAB_NOTES_OUTPUT': 'txt_fabrication_notes', 'TXT_ASSEMBLY_NOTES_OUTPUT': 'txt_assembly_notes', 'PNG_3D_VIEWER_TOP': 'png_3d_viewer_top', 'PNG_3D_VIEWER_BOTTOM': 'png_3d_viewer_bottom', 'PNG_3D_VIEWER_ANGLED_TOP': 'png_3d_viewer_angled_top', 'PNG_3D_VIEWER_ANGLED_BOTTOM': 'png_3d_viewer_angled_bottom', 'STEP_OUTPUT': 'step', 'BLENDER_OUTPUT': 'blender', 'PDF_SCHEMATIC_OUTPUT': 'pdf_schematic', 'PDF_FABRICATION_OUTPUT': 'pdf_fabrication', 'PDF_ASSEMBLY_OUTPUT': 'pdf_assembly', 'ZIP_COMPRESS_FAB_OUTPUT': 'zip_compress_fab', 'HTML_KICANVAS_OUTPUT': 'html_kicanvas', 'HTML_KIRI_OUTPUT': 'html_kiri', 'MD_README_OUTPUT': 'md_readme', 'HTML_NAV_RES_OUTPUT': 'html_navigate_results'} (kibot - config_reader.py:682)
DEBUG:- Replacing @NAME@ -> csv_testpoints_top (<class 'str'>) (kibot - config_reader.py:80)
DEBUG:- Replacing @COMMENT@ -> Top testpoint report in CSV format (<class 'str'>) (kibot - config_reader.py:80)
DEBUG:- Replacing @DIR@ -> Testing/Testpoints (<class 'str'>) (kibot - config_reader.py:80)
DEBUG:- Replacing @SUFFIX@ -> -top (<class 'str'>) (kibot - config_reader.py:80)
DEBUG:- Replacing @EXCLUDE_FILTER@ -> only_testpoints_top (<class 'str'>) (kibot - config_reader.py:80)
DEBUG:- Applying CLI definitions: {} (kibot - config_reader.py:679)
DEBUG:- Applying collected definitions: {'NAME': 'csv_testpoints_top', 'COMMENT': 'Top testpoint report in CSV format', 'DIR': 'Testing/Testpoints', 'SUFFIX': '-top', 'EXCLUDE_FILTER': 'only_testpoints_top', 'PROJECT_NAME': 'ALB/MLB test', 'BOARD_NAME': 'alb_mlb test', 'COMPANY': 'General Atomics EMS', 'DESIGNER': 'Marcus Reighter', 'LOGO': 'Logos/Logo.png', 'GIT_URL': 'https://github.com/emptyd0nkey/albmlb', 'CHECK_ZONE_FILLS': True, 'STACKUP_TABLE_NOTE': 'external layer thicknesses are specified after plating', 'MPN_FIELD': 'Manufacturer Part Number', 'MAN_FIELD': 'Manufacturer', 'GROUP_ROUND_SLOTS': True, 'GROUP_PTH_NPTH': 'no', 'GROUP_PTH_NPTH_DRL': False, 'PLOT_REFS': True, 'COLOR_THEME': 'Altium_Theme', 'SHEET_WKS': '${KIPRJMOD}/Templates/KDT_Template_PCB_GIT_A4.kicad_wks', 'FAB_SCALING': 1, 'ASSEMBLY_SCALING': 1, 'EXCLUDE_REFS': '[MB*]', '3D_VIEWER_ROT_X': 2, '3D_VIEWER_ROT_Y': -1, '3D_VIEWER_ROT_Z': 1, '3D_VIEWER_ZOOM': -1, 'KEY_COLOR': '#00FF00', 'OUTPUT_DIR': './', 'REPORT_DIR': 'Reports', 'SCHEMATIC_DIR': 'Schematic', 'MANUFACTURING_DIR': 'Manufacturing', 'ASSEMBLY_DIR': '@MANUFACTURING_DIR@/Assembly', 'FABRICATION_DIR': '@MANUFACTURING_DIR@/Fabrication', 'GERBERS_DIR': '@FABRICATION_DIR@/Gerbers', 'FAB_DRILL_TABLES_DIR': '@FABRICATION_DIR@/Drill Tables', 'TESTING_DIR': 'Testing', 'TESTPOINTS_DIR': '@TESTING_DIR@/Testpoints', 'IMAGES_DIR': 'Images', '3D_DIR': '3D', 'RESOURCES_DIR': 'kibot_resources', 'REPORT_TEMPLATE_DIR': '@RESOURCES_DIR@/templates', 'SCRIPTS_DIR': '@RESOURCES_DIR@/scripts', 'LAYER_TITLE_PAGE': 'TitlePage', 'LAYER_DNP_TOP': 'F.DNP', 'LAYER_DNP_BOTTOM': 'B.DNP', 'LAYER_DRILL_MAP': 'DrillMap', 'LAYER_TP_LIST_TOP': 'F.TestPointList', 'LAYER_TP_LIST_BOTTOM': 'B.TestPointList', 'LAYER_ASSEMBLY_TEXT_TOP': 'F.AssemblyText', 'LAYER_ASSEMBLY_TEXT_BOTTOM': 'B.AssemblyText', 'LAYER_DNP_CROSS_TOP': 'F.DNP', 'LAYER_DNP_CROSS_BOTTOM': 'B.DNP', 'FILT_FIELD_RENAME': 'field_rename', 'FILT_TP_ONLY': 'only_testpoints', 'FILT_TP_EXCLUDE': 'exclude_testpoints', 'FILT_TP_TOP_ONLY': 'only_testpoints_top', 'FILT_TP_BOTTOM_ONLY': 'only_testpoints_bottom', 'SCH_VARIANT_OUTPUT': 'value_split', 'NETLIST_OUTPUT': 'netlist', 'GERBER_OUTPUT': 'gbr_gerbers', 'ODB_OUTPUT': 'zip_odb', 'EXCELLON_DRILL_OUTPUT': 'drl_excellon', 'PDF_DRILL_MAP_OUTPUT': 'pdf_drill_map', 'DXF_DRILL_MAP_OUTPUT': 'dxf_drill_map', 'CSV_DRILL_TABLE_OUTPUT': 'csv_drill_table', 'CSV_POS_OUTPUT': 'csv_position', 'CSV_TP_OUTPUT': 'csv_testpoints', 'CSV_TP_TOP_OUTPUT': 'csv_testpoints_top', 'CSV_TP_BOTTOM_OUTPUT': 'csv_testpoints_bottom', 'CSV_BOM_OUTPUT': 'csv_bom', 'XLSX_BOM_OUTPUT': 'xlsx_bom', 'HTML_IBOM_OUTPUT': 'html_bom_interactive', 'HTML_BOM_OUTPUT': 'html_bom', 'CSV_COMP_COUNT_OUPUT': 'csv_comp_count', 'CSV_IMPEDANCE_TABLE_OUTPUT': 'csv_impedance_table', 'TXT_FAB_NOTES_OUTPUT': 'txt_fabrication_notes', 'TXT_ASSEMBLY_NOTES_OUTPUT': 'txt_assembly_notes', 'PNG_3D_VIEWER_TOP': 'png_3d_viewer_top', 'PNG_3D_VIEWER_BOTTOM': 'png_3d_viewer_bottom', 'PNG_3D_VIEWER_ANGLED_TOP': 'png_3d_viewer_angled_top', 'PNG_3D_VIEWER_ANGLED_BOTTOM': 'png_3d_viewer_angled_bottom', 'STEP_OUTPUT': 'step', 'BLENDER_OUTPUT': 'blender', 'PDF_SCHEMATIC_OUTPUT': 'pdf_schematic', 'PDF_FABRICATION_OUTPUT': 'pdf_fabrication', 'PDF_ASSEMBLY_OUTPUT': 'pdf_assembly', 'ZIP_COMPRESS_FAB_OUTPUT': 'zip_compress_fab', 'HTML_KICANVAS_OUTPUT': 'html_kicanvas', 'HTML_KIRI_OUTPUT': 'html_kiri', 'MD_README_OUTPUT': 'md_readme', 'HTML_NAV_RES_OUTPUT': 'html_navigate_results'} (kibot - config_reader.py:682)
DEBUG:YAML after expanding definitions:
# KiBot output for generating CSV Tespoints
# https://kibot.readthedocs.io/en/latest/configuration/outputs/bom.html

kibot:
  version: 1

outputs:
- name: csv_testpoints_top
  comment: 'Top testpoint report in CSV format'
  type: bom
  category: 'Testing/Testpoints'
  dir: 'Testing/Testpoints'
  options:
    output: '%f-testpoints-top%I%v.%x'
    csv:
      hide_pcb_info: True
      hide_stats_info: True
    pre_transform: ['_kicost_rename']
    exclude_filter: 'only_testpoints_top'
    dnf_filter: '_null'
    exclude_marked_in_sch: false
    group_fields: []
    sort_style: ref
    use_aux_axis_as_origin: true
    ignore_dnf: false
    format: CSV
    footprint_type_values: 'SMT,THRU,'
    right_digits: 2
    columns:
      - field: References
        name: Ref.
      - field: Net Label
        name: Net 
      - field: Footprint X
        name: X [mm]
      - field: Footprint Y
        name: Y [mm]

 (kibot - config_reader.py:688)
DEBUG:Pre-parsing output options for `csv_testpoints_top` (bom) (kibot - config_reader.py:171)
DEBUG:Outputs loaded from `kibot_yaml/kibot_out_csv_testpoints_simple.yaml`: ['csv_testpoints_top'] (kibot - config_reader.py:363)
DEBUG:Found local definitions (kibot - config_reader.py:653)
DEBUG:- Local definitions: {'NAME': 'csv_testpoints', 'COMMENT': 'Testpoint report in CSV format', 'DIR': 'Testing/Testpoints', 'SUFFIX': '', 'EXCLUDE_FILTER': 'only_testpoints'} (kibot - config_reader.py:663)
DEBUG:- Current definitions: {'PROJECT_NAME': 'ALB/MLB test', 'BOARD_NAME': 'alb_mlb test', 'COMPANY': 'General Atomics EMS', 'DESIGNER': 'Marcus Reighter', 'LOGO': 'Logos/Logo.png', 'GIT_URL': 'https://github.com/emptyd0nkey/albmlb', 'CHECK_ZONE_FILLS': True, 'STACKUP_TABLE_NOTE': 'external layer thicknesses are specified after plating', 'MPN_FIELD': 'Manufacturer Part Number', 'MAN_FIELD': 'Manufacturer', 'GROUP_ROUND_SLOTS': True, 'GROUP_PTH_NPTH': 'no', 'GROUP_PTH_NPTH_DRL': False, 'PLOT_REFS': True, 'COLOR_THEME': 'Altium_Theme', 'SHEET_WKS': '${KIPRJMOD}/Templates/KDT_Template_PCB_GIT_A4.kicad_wks', 'FAB_SCALING': 1, 'ASSEMBLY_SCALING': 1, 'EXCLUDE_REFS': '[MB*]', '3D_VIEWER_ROT_X': 2, '3D_VIEWER_ROT_Y': -1, '3D_VIEWER_ROT_Z': 1, '3D_VIEWER_ZOOM': -1, 'KEY_COLOR': '#00FF00', 'OUTPUT_DIR': './', 'REPORT_DIR': 'Reports', 'SCHEMATIC_DIR': 'Schematic', 'MANUFACTURING_DIR': 'Manufacturing', 'ASSEMBLY_DIR': '@MANUFACTURING_DIR@/Assembly', 'FABRICATION_DIR': '@MANUFACTURING_DIR@/Fabrication', 'GERBERS_DIR': '@FABRICATION_DIR@/Gerbers', 'FAB_DRILL_TABLES_DIR': '@FABRICATION_DIR@/Drill Tables', 'TESTING_DIR': 'Testing', 'TESTPOINTS_DIR': '@TESTING_DIR@/Testpoints', 'IMAGES_DIR': 'Images', '3D_DIR': '3D', 'RESOURCES_DIR': 'kibot_resources', 'REPORT_TEMPLATE_DIR': '@RESOURCES_DIR@/templates', 'SCRIPTS_DIR': '@RESOURCES_DIR@/scripts', 'LAYER_TITLE_PAGE': 'TitlePage', 'LAYER_DNP_TOP': 'F.DNP', 'LAYER_DNP_BOTTOM': 'B.DNP', 'LAYER_DRILL_MAP': 'DrillMap', 'LAYER_TP_LIST_TOP': 'F.TestPointList', 'LAYER_TP_LIST_BOTTOM': 'B.TestPointList', 'LAYER_ASSEMBLY_TEXT_TOP': 'F.AssemblyText', 'LAYER_ASSEMBLY_TEXT_BOTTOM': 'B.AssemblyText', 'LAYER_DNP_CROSS_TOP': 'F.DNP', 'LAYER_DNP_CROSS_BOTTOM': 'B.DNP', 'FILT_FIELD_RENAME': 'field_rename', 'FILT_TP_ONLY': 'only_testpoints', 'FILT_TP_EXCLUDE': 'exclude_testpoints', 'FILT_TP_TOP_ONLY': 'only_testpoints_top', 'FILT_TP_BOTTOM_ONLY': 'only_testpoints_bottom', 'SCH_VARIANT_OUTPUT': 'value_split', 'NETLIST_OUTPUT': 'netlist', 'GERBER_OUTPUT': 'gbr_gerbers', 'ODB_OUTPUT': 'zip_odb', 'EXCELLON_DRILL_OUTPUT': 'drl_excellon', 'PDF_DRILL_MAP_OUTPUT': 'pdf_drill_map', 'DXF_DRILL_MAP_OUTPUT': 'dxf_drill_map', 'CSV_DRILL_TABLE_OUTPUT': 'csv_drill_table', 'CSV_POS_OUTPUT': 'csv_position', 'CSV_TP_OUTPUT': 'csv_testpoints', 'CSV_TP_TOP_OUTPUT': 'csv_testpoints_top', 'CSV_TP_BOTTOM_OUTPUT': 'csv_testpoints_bottom', 'CSV_BOM_OUTPUT': 'csv_bom', 'XLSX_BOM_OUTPUT': 'xlsx_bom', 'HTML_IBOM_OUTPUT': 'html_bom_interactive', 'HTML_BOM_OUTPUT': 'html_bom', 'CSV_COMP_COUNT_OUPUT': 'csv_comp_count', 'CSV_IMPEDANCE_TABLE_OUTPUT': 'csv_impedance_table', 'TXT_FAB_NOTES_OUTPUT': 'txt_fabrication_notes', 'TXT_ASSEMBLY_NOTES_OUTPUT': 'txt_assembly_notes', 'PNG_3D_VIEWER_TOP': 'png_3d_viewer_top', 'PNG_3D_VIEWER_BOTTOM': 'png_3d_viewer_bottom', 'PNG_3D_VIEWER_ANGLED_TOP': 'png_3d_viewer_angled_top', 'PNG_3D_VIEWER_ANGLED_BOTTOM': 'png_3d_viewer_angled_bottom', 'STEP_OUTPUT': 'step', 'BLENDER_OUTPUT': 'blender', 'PDF_SCHEMATIC_OUTPUT': 'pdf_schematic', 'PDF_FABRICATION_OUTPUT': 'pdf_fabrication', 'PDF_ASSEMBLY_OUTPUT': 'pdf_assembly', 'ZIP_COMPRESS_FAB_OUTPUT': 'zip_compress_fab', 'HTML_KICANVAS_OUTPUT': 'html_kicanvas', 'HTML_KIRI_OUTPUT': 'html_kiri', 'MD_README_OUTPUT': 'md_readme', 'HTML_NAV_RES_OUTPUT': 'html_navigate_results', 'NAME': 'csv_testpoints_bottom', 'COMMENT': 'Bottom testpoint report in CSV format', 'DIR': 'Testing/Testpoints', 'SUFFIX': '-bottom', 'EXCLUDE_FILTER': 'only_testpoints_bottom'} (kibot - config_reader.py:664)
DEBUG:- Updated definitions: {'NAME': 'csv_testpoints_bottom', 'COMMENT': 'Bottom testpoint report in CSV format', 'DIR': 'Testing/Testpoints', 'SUFFIX': '-bottom', 'EXCLUDE_FILTER': 'only_testpoints_bottom', 'PROJECT_NAME': 'ALB/MLB test', 'BOARD_NAME': 'alb_mlb test', 'COMPANY': 'General Atomics EMS', 'DESIGNER': 'Marcus Reighter', 'LOGO': 'Logos/Logo.png', 'GIT_URL': 'https://github.com/emptyd0nkey/albmlb', 'CHECK_ZONE_FILLS': True, 'STACKUP_TABLE_NOTE': 'external layer thicknesses are specified after plating', 'MPN_FIELD': 'Manufacturer Part Number', 'MAN_FIELD': 'Manufacturer', 'GROUP_ROUND_SLOTS': True, 'GROUP_PTH_NPTH': 'no', 'GROUP_PTH_NPTH_DRL': False, 'PLOT_REFS': True, 'COLOR_THEME': 'Altium_Theme', 'SHEET_WKS': '${KIPRJMOD}/Templates/KDT_Template_PCB_GIT_A4.kicad_wks', 'FAB_SCALING': 1, 'ASSEMBLY_SCALING': 1, 'EXCLUDE_REFS': '[MB*]', '3D_VIEWER_ROT_X': 2, '3D_VIEWER_ROT_Y': -1, '3D_VIEWER_ROT_Z': 1, '3D_VIEWER_ZOOM': -1, 'KEY_COLOR': '#00FF00', 'OUTPUT_DIR': './', 'REPORT_DIR': 'Reports', 'SCHEMATIC_DIR': 'Schematic', 'MANUFACTURING_DIR': 'Manufacturing', 'ASSEMBLY_DIR': '@MANUFACTURING_DIR@/Assembly', 'FABRICATION_DIR': '@MANUFACTURING_DIR@/Fabrication', 'GERBERS_DIR': '@FABRICATION_DIR@/Gerbers', 'FAB_DRILL_TABLES_DIR': '@FABRICATION_DIR@/Drill Tables', 'TESTING_DIR': 'Testing', 'TESTPOINTS_DIR': '@TESTING_DIR@/Testpoints', 'IMAGES_DIR': 'Images', '3D_DIR': '3D', 'RESOURCES_DIR': 'kibot_resources', 'REPORT_TEMPLATE_DIR': '@RESOURCES_DIR@/templates', 'SCRIPTS_DIR': '@RESOURCES_DIR@/scripts', 'LAYER_TITLE_PAGE': 'TitlePage', 'LAYER_DNP_TOP': 'F.DNP', 'LAYER_DNP_BOTTOM': 'B.DNP', 'LAYER_DRILL_MAP': 'DrillMap', 'LAYER_TP_LIST_TOP': 'F.TestPointList', 'LAYER_TP_LIST_BOTTOM': 'B.TestPointList', 'LAYER_ASSEMBLY_TEXT_TOP': 'F.AssemblyText', 'LAYER_ASSEMBLY_TEXT_BOTTOM': 'B.AssemblyText', 'LAYER_DNP_CROSS_TOP': 'F.DNP', 'LAYER_DNP_CROSS_BOTTOM': 'B.DNP', 'FILT_FIELD_RENAME': 'field_rename', 'FILT_TP_ONLY': 'only_testpoints', 'FILT_TP_EXCLUDE': 'exclude_testpoints', 'FILT_TP_TOP_ONLY': 'only_testpoints_top', 'FILT_TP_BOTTOM_ONLY': 'only_testpoints_bottom', 'SCH_VARIANT_OUTPUT': 'value_split', 'NETLIST_OUTPUT': 'netlist', 'GERBER_OUTPUT': 'gbr_gerbers', 'ODB_OUTPUT': 'zip_odb', 'EXCELLON_DRILL_OUTPUT': 'drl_excellon', 'PDF_DRILL_MAP_OUTPUT': 'pdf_drill_map', 'DXF_DRILL_MAP_OUTPUT': 'dxf_drill_map', 'CSV_DRILL_TABLE_OUTPUT': 'csv_drill_table', 'CSV_POS_OUTPUT': 'csv_position', 'CSV_TP_OUTPUT': 'csv_testpoints', 'CSV_TP_TOP_OUTPUT': 'csv_testpoints_top', 'CSV_TP_BOTTOM_OUTPUT': 'csv_testpoints_bottom', 'CSV_BOM_OUTPUT': 'csv_bom', 'XLSX_BOM_OUTPUT': 'xlsx_bom', 'HTML_IBOM_OUTPUT': 'html_bom_interactive', 'HTML_BOM_OUTPUT': 'html_bom', 'CSV_COMP_COUNT_OUPUT': 'csv_comp_count', 'CSV_IMPEDANCE_TABLE_OUTPUT': 'csv_impedance_table', 'TXT_FAB_NOTES_OUTPUT': 'txt_fabrication_notes', 'TXT_ASSEMBLY_NOTES_OUTPUT': 'txt_assembly_notes', 'PNG_3D_VIEWER_TOP': 'png_3d_viewer_top', 'PNG_3D_VIEWER_BOTTOM': 'png_3d_viewer_bottom', 'PNG_3D_VIEWER_ANGLED_TOP': 'png_3d_viewer_angled_top', 'PNG_3D_VIEWER_ANGLED_BOTTOM': 'png_3d_viewer_angled_bottom', 'STEP_OUTPUT': 'step', 'BLENDER_OUTPUT': 'blender', 'PDF_SCHEMATIC_OUTPUT': 'pdf_schematic', 'PDF_FABRICATION_OUTPUT': 'pdf_fabrication', 'PDF_ASSEMBLY_OUTPUT': 'pdf_assembly', 'ZIP_COMPRESS_FAB_OUTPUT': 'zip_compress_fab', 'HTML_KICANVAS_OUTPUT': 'html_kicanvas', 'HTML_KIRI_OUTPUT': 'html_kiri', 'MD_README_OUTPUT': 'md_readme', 'HTML_NAV_RES_OUTPUT': 'html_navigate_results'} (kibot - config_reader.py:667)
DEBUG:Applying preprocessor definitions (kibot - config_reader.py:672)
DEBUG:- Applying CLI definitions: {} (kibot - config_reader.py:679)
DEBUG:- Applying collected definitions: {'NAME': 'csv_testpoints_bottom', 'COMMENT': 'Bottom testpoint report in CSV format', 'DIR': 'Testing/Testpoints', 'SUFFIX': '-bottom', 'EXCLUDE_FILTER': 'only_testpoints_bottom', 'PROJECT_NAME': 'ALB/MLB test', 'BOARD_NAME': 'alb_mlb test', 'COMPANY': 'General Atomics EMS', 'DESIGNER': 'Marcus Reighter', 'LOGO': 'Logos/Logo.png', 'GIT_URL': 'https://github.com/emptyd0nkey/albmlb', 'CHECK_ZONE_FILLS': True, 'STACKUP_TABLE_NOTE': 'external layer thicknesses are specified after plating', 'MPN_FIELD': 'Manufacturer Part Number', 'MAN_FIELD': 'Manufacturer', 'GROUP_ROUND_SLOTS': True, 'GROUP_PTH_NPTH': 'no', 'GROUP_PTH_NPTH_DRL': False, 'PLOT_REFS': True, 'COLOR_THEME': 'Altium_Theme', 'SHEET_WKS': '${KIPRJMOD}/Templates/KDT_Template_PCB_GIT_A4.kicad_wks', 'FAB_SCALING': 1, 'ASSEMBLY_SCALING': 1, 'EXCLUDE_REFS': '[MB*]', '3D_VIEWER_ROT_X': 2, '3D_VIEWER_ROT_Y': -1, '3D_VIEWER_ROT_Z': 1, '3D_VIEWER_ZOOM': -1, 'KEY_COLOR': '#00FF00', 'OUTPUT_DIR': './', 'REPORT_DIR': 'Reports', 'SCHEMATIC_DIR': 'Schematic', 'MANUFACTURING_DIR': 'Manufacturing', 'ASSEMBLY_DIR': '@MANUFACTURING_DIR@/Assembly', 'FABRICATION_DIR': '@MANUFACTURING_DIR@/Fabrication', 'GERBERS_DIR': '@FABRICATION_DIR@/Gerbers', 'FAB_DRILL_TABLES_DIR': '@FABRICATION_DIR@/Drill Tables', 'TESTING_DIR': 'Testing', 'TESTPOINTS_DIR': '@TESTING_DIR@/Testpoints', 'IMAGES_DIR': 'Images', '3D_DIR': '3D', 'RESOURCES_DIR': 'kibot_resources', 'REPORT_TEMPLATE_DIR': '@RESOURCES_DIR@/templates', 'SCRIPTS_DIR': '@RESOURCES_DIR@/scripts', 'LAYER_TITLE_PAGE': 'TitlePage', 'LAYER_DNP_TOP': 'F.DNP', 'LAYER_DNP_BOTTOM': 'B.DNP', 'LAYER_DRILL_MAP': 'DrillMap', 'LAYER_TP_LIST_TOP': 'F.TestPointList', 'LAYER_TP_LIST_BOTTOM': 'B.TestPointList', 'LAYER_ASSEMBLY_TEXT_TOP': 'F.AssemblyText', 'LAYER_ASSEMBLY_TEXT_BOTTOM': 'B.AssemblyText', 'LAYER_DNP_CROSS_TOP': 'F.DNP', 'LAYER_DNP_CROSS_BOTTOM': 'B.DNP', 'FILT_FIELD_RENAME': 'field_rename', 'FILT_TP_ONLY': 'only_testpoints', 'FILT_TP_EXCLUDE': 'exclude_testpoints', 'FILT_TP_TOP_ONLY': 'only_testpoints_top', 'FILT_TP_BOTTOM_ONLY': 'only_testpoints_bottom', 'SCH_VARIANT_OUTPUT': 'value_split', 'NETLIST_OUTPUT': 'netlist', 'GERBER_OUTPUT': 'gbr_gerbers', 'ODB_OUTPUT': 'zip_odb', 'EXCELLON_DRILL_OUTPUT': 'drl_excellon', 'PDF_DRILL_MAP_OUTPUT': 'pdf_drill_map', 'DXF_DRILL_MAP_OUTPUT': 'dxf_drill_map', 'CSV_DRILL_TABLE_OUTPUT': 'csv_drill_table', 'CSV_POS_OUTPUT': 'csv_position', 'CSV_TP_OUTPUT': 'csv_testpoints', 'CSV_TP_TOP_OUTPUT': 'csv_testpoints_top', 'CSV_TP_BOTTOM_OUTPUT': 'csv_testpoints_bottom', 'CSV_BOM_OUTPUT': 'csv_bom', 'XLSX_BOM_OUTPUT': 'xlsx_bom', 'HTML_IBOM_OUTPUT': 'html_bom_interactive', 'HTML_BOM_OUTPUT': 'html_bom', 'CSV_COMP_COUNT_OUPUT': 'csv_comp_count', 'CSV_IMPEDANCE_TABLE_OUTPUT': 'csv_impedance_table', 'TXT_FAB_NOTES_OUTPUT': 'txt_fabrication_notes', 'TXT_ASSEMBLY_NOTES_OUTPUT': 'txt_assembly_notes', 'PNG_3D_VIEWER_TOP': 'png_3d_viewer_top', 'PNG_3D_VIEWER_BOTTOM': 'png_3d_viewer_bottom', 'PNG_3D_VIEWER_ANGLED_TOP': 'png_3d_viewer_angled_top', 'PNG_3D_VIEWER_ANGLED_BOTTOM': 'png_3d_viewer_angled_bottom', 'STEP_OUTPUT': 'step', 'BLENDER_OUTPUT': 'blender', 'PDF_SCHEMATIC_OUTPUT': 'pdf_schematic', 'PDF_FABRICATION_OUTPUT': 'pdf_fabrication', 'PDF_ASSEMBLY_OUTPUT': 'pdf_assembly', 'ZIP_COMPRESS_FAB_OUTPUT': 'zip_compress_fab', 'HTML_KICANVAS_OUTPUT': 'html_kicanvas', 'HTML_KIRI_OUTPUT': 'html_kiri', 'MD_README_OUTPUT': 'md_readme', 'HTML_NAV_RES_OUTPUT': 'html_navigate_results'} (kibot - config_reader.py:682)
DEBUG:- Replacing @NAME@ -> csv_testpoints_bottom (<class 'str'>) (kibot - config_reader.py:80)
DEBUG:- Replacing @COMMENT@ -> Bottom testpoint report in CSV format (<class 'str'>) (kibot - config_reader.py:80)
DEBUG:- Replacing @DIR@ -> Testing/Testpoints (<class 'str'>) (kibot - config_reader.py:80)
DEBUG:- Replacing @SUFFIX@ -> -bottom (<class 'str'>) (kibot - config_reader.py:80)
DEBUG:- Replacing @EXCLUDE_FILTER@ -> only_testpoints_bottom (<class 'str'>) (kibot - config_reader.py:80)
DEBUG:- Applying CLI definitions: {} (kibot - config_reader.py:679)
DEBUG:- Applying collected definitions: {'NAME': 'csv_testpoints_bottom', 'COMMENT': 'Bottom testpoint report in CSV format', 'DIR': 'Testing/Testpoints', 'SUFFIX': '-bottom', 'EXCLUDE_FILTER': 'only_testpoints_bottom', 'PROJECT_NAME': 'ALB/MLB test', 'BOARD_NAME': 'alb_mlb test', 'COMPANY': 'General Atomics EMS', 'DESIGNER': 'Marcus Reighter', 'LOGO': 'Logos/Logo.png', 'GIT_URL': 'https://github.com/emptyd0nkey/albmlb', 'CHECK_ZONE_FILLS': True, 'STACKUP_TABLE_NOTE': 'external layer thicknesses are specified after plating', 'MPN_FIELD': 'Manufacturer Part Number', 'MAN_FIELD': 'Manufacturer', 'GROUP_ROUND_SLOTS': True, 'GROUP_PTH_NPTH': 'no', 'GROUP_PTH_NPTH_DRL': False, 'PLOT_REFS': True, 'COLOR_THEME': 'Altium_Theme', 'SHEET_WKS': '${KIPRJMOD}/Templates/KDT_Template_PCB_GIT_A4.kicad_wks', 'FAB_SCALING': 1, 'ASSEMBLY_SCALING': 1, 'EXCLUDE_REFS': '[MB*]', '3D_VIEWER_ROT_X': 2, '3D_VIEWER_ROT_Y': -1, '3D_VIEWER_ROT_Z': 1, '3D_VIEWER_ZOOM': -1, 'KEY_COLOR': '#00FF00', 'OUTPUT_DIR': './', 'REPORT_DIR': 'Reports', 'SCHEMATIC_DIR': 'Schematic', 'MANUFACTURING_DIR': 'Manufacturing', 'ASSEMBLY_DIR': '@MANUFACTURING_DIR@/Assembly', 'FABRICATION_DIR': '@MANUFACTURING_DIR@/Fabrication', 'GERBERS_DIR': '@FABRICATION_DIR@/Gerbers', 'FAB_DRILL_TABLES_DIR': '@FABRICATION_DIR@/Drill Tables', 'TESTING_DIR': 'Testing', 'TESTPOINTS_DIR': '@TESTING_DIR@/Testpoints', 'IMAGES_DIR': 'Images', '3D_DIR': '3D', 'RESOURCES_DIR': 'kibot_resources', 'REPORT_TEMPLATE_DIR': '@RESOURCES_DIR@/templates', 'SCRIPTS_DIR': '@RESOURCES_DIR@/scripts', 'LAYER_TITLE_PAGE': 'TitlePage', 'LAYER_DNP_TOP': 'F.DNP', 'LAYER_DNP_BOTTOM': 'B.DNP', 'LAYER_DRILL_MAP': 'DrillMap', 'LAYER_TP_LIST_TOP': 'F.TestPointList', 'LAYER_TP_LIST_BOTTOM': 'B.TestPointList', 'LAYER_ASSEMBLY_TEXT_TOP': 'F.AssemblyText', 'LAYER_ASSEMBLY_TEXT_BOTTOM': 'B.AssemblyText', 'LAYER_DNP_CROSS_TOP': 'F.DNP', 'LAYER_DNP_CROSS_BOTTOM': 'B.DNP', 'FILT_FIELD_RENAME': 'field_rename', 'FILT_TP_ONLY': 'only_testpoints', 'FILT_TP_EXCLUDE': 'exclude_testpoints', 'FILT_TP_TOP_ONLY': 'only_testpoints_top', 'FILT_TP_BOTTOM_ONLY': 'only_testpoints_bottom', 'SCH_VARIANT_OUTPUT': 'value_split', 'NETLIST_OUTPUT': 'netlist', 'GERBER_OUTPUT': 'gbr_gerbers', 'ODB_OUTPUT': 'zip_odb', 'EXCELLON_DRILL_OUTPUT': 'drl_excellon', 'PDF_DRILL_MAP_OUTPUT': 'pdf_drill_map', 'DXF_DRILL_MAP_OUTPUT': 'dxf_drill_map', 'CSV_DRILL_TABLE_OUTPUT': 'csv_drill_table', 'CSV_POS_OUTPUT': 'csv_position', 'CSV_TP_OUTPUT': 'csv_testpoints', 'CSV_TP_TOP_OUTPUT': 'csv_testpoints_top', 'CSV_TP_BOTTOM_OUTPUT': 'csv_testpoints_bottom', 'CSV_BOM_OUTPUT': 'csv_bom', 'XLSX_BOM_OUTPUT': 'xlsx_bom', 'HTML_IBOM_OUTPUT': 'html_bom_interactive', 'HTML_BOM_OUTPUT': 'html_bom', 'CSV_COMP_COUNT_OUPUT': 'csv_comp_count', 'CSV_IMPEDANCE_TABLE_OUTPUT': 'csv_impedance_table', 'TXT_FAB_NOTES_OUTPUT': 'txt_fabrication_notes', 'TXT_ASSEMBLY_NOTES_OUTPUT': 'txt_assembly_notes', 'PNG_3D_VIEWER_TOP': 'png_3d_viewer_top', 'PNG_3D_VIEWER_BOTTOM': 'png_3d_viewer_bottom', 'PNG_3D_VIEWER_ANGLED_TOP': 'png_3d_viewer_angled_top', 'PNG_3D_VIEWER_ANGLED_BOTTOM': 'png_3d_viewer_angled_bottom', 'STEP_OUTPUT': 'step', 'BLENDER_OUTPUT': 'blender', 'PDF_SCHEMATIC_OUTPUT': 'pdf_schematic', 'PDF_FABRICATION_OUTPUT': 'pdf_fabrication', 'PDF_ASSEMBLY_OUTPUT': 'pdf_assembly', 'ZIP_COMPRESS_FAB_OUTPUT': 'zip_compress_fab', 'HTML_KICANVAS_OUTPUT': 'html_kicanvas', 'HTML_KIRI_OUTPUT': 'html_kiri', 'MD_README_OUTPUT': 'md_readme', 'HTML_NAV_RES_OUTPUT': 'html_navigate_results'} (kibot - config_reader.py:682)
DEBUG:YAML after expanding definitions:
# KiBot output for generating CSV Tespoints
# https://kibot.readthedocs.io/en/latest/configuration/outputs/bom.html

kibot:
  version: 1

outputs:
- name: csv_testpoints_bottom
  comment: 'Bottom testpoint report in CSV format'
  type: bom
  category: 'Testing/Testpoints'
  dir: 'Testing/Testpoints'
  options:
    output: '%f-testpoints-bottom%I%v.%x'
    csv:
      hide_pcb_info: True
      hide_stats_info: True
    pre_transform: ['_kicost_rename']
    exclude_filter: 'only_testpoints_bottom'
    dnf_filter: '_null'
    exclude_marked_in_sch: false
    group_fields: []
    sort_style: ref
    use_aux_axis_as_origin: true
    ignore_dnf: false
    format: CSV
    footprint_type_values: 'SMT,THRU,'
    right_digits: 2
    columns:
      - field: References
        name: Ref.
      - field: Net Label
        name: Net 
      - field: Footprint X
        name: X [mm]
      - field: Footprint Y
        name: Y [mm]

 (kibot - config_reader.py:688)
DEBUG:Pre-parsing output options for `csv_testpoints_bottom` (bom) (kibot - config_reader.py:171)
DEBUG:Outputs loaded from `kibot_yaml/kibot_out_csv_testpoints_simple.yaml`: ['csv_testpoints_bottom'] (kibot - config_reader.py:363)
DEBUG:Found local definitions (kibot - config_reader.py:653)
DEBUG:- Local definitions: {'NAME': 'csv_bom', 'COMMENT': 'Bill of Materials in CSV format', 'DIR': 'Manufacturing/Assembly', 'MPN_FIELD': 'Manufacturer Part Number', 'MAN_FIELD': 'Manufacturer'} (kibot - config_reader.py:663)
DEBUG:- Current definitions: {'PROJECT_NAME': 'ALB/MLB test', 'BOARD_NAME': 'alb_mlb test', 'COMPANY': 'General Atomics EMS', 'DESIGNER': 'Marcus Reighter', 'LOGO': 'Logos/Logo.png', 'GIT_URL': 'https://github.com/emptyd0nkey/albmlb', 'CHECK_ZONE_FILLS': True, 'STACKUP_TABLE_NOTE': 'external layer thicknesses are specified after plating', 'MPN_FIELD': 'Manufacturer Part Number', 'MAN_FIELD': 'Manufacturer', 'GROUP_ROUND_SLOTS': True, 'GROUP_PTH_NPTH': 'no', 'GROUP_PTH_NPTH_DRL': False, 'PLOT_REFS': True, 'COLOR_THEME': 'Altium_Theme', 'SHEET_WKS': '${KIPRJMOD}/Templates/KDT_Template_PCB_GIT_A4.kicad_wks', 'FAB_SCALING': 1, 'ASSEMBLY_SCALING': 1, 'EXCLUDE_REFS': '[MB*]', '3D_VIEWER_ROT_X': 2, '3D_VIEWER_ROT_Y': -1, '3D_VIEWER_ROT_Z': 1, '3D_VIEWER_ZOOM': -1, 'KEY_COLOR': '#00FF00', 'OUTPUT_DIR': './', 'REPORT_DIR': 'Reports', 'SCHEMATIC_DIR': 'Schematic', 'MANUFACTURING_DIR': 'Manufacturing', 'ASSEMBLY_DIR': '@MANUFACTURING_DIR@/Assembly', 'FABRICATION_DIR': '@MANUFACTURING_DIR@/Fabrication', 'GERBERS_DIR': '@FABRICATION_DIR@/Gerbers', 'FAB_DRILL_TABLES_DIR': '@FABRICATION_DIR@/Drill Tables', 'TESTING_DIR': 'Testing', 'TESTPOINTS_DIR': '@TESTING_DIR@/Testpoints', 'IMAGES_DIR': 'Images', '3D_DIR': '3D', 'RESOURCES_DIR': 'kibot_resources', 'REPORT_TEMPLATE_DIR': '@RESOURCES_DIR@/templates', 'SCRIPTS_DIR': '@RESOURCES_DIR@/scripts', 'LAYER_TITLE_PAGE': 'TitlePage', 'LAYER_DNP_TOP': 'F.DNP', 'LAYER_DNP_BOTTOM': 'B.DNP', 'LAYER_DRILL_MAP': 'DrillMap', 'LAYER_TP_LIST_TOP': 'F.TestPointList', 'LAYER_TP_LIST_BOTTOM': 'B.TestPointList', 'LAYER_ASSEMBLY_TEXT_TOP': 'F.AssemblyText', 'LAYER_ASSEMBLY_TEXT_BOTTOM': 'B.AssemblyText', 'LAYER_DNP_CROSS_TOP': 'F.DNP', 'LAYER_DNP_CROSS_BOTTOM': 'B.DNP', 'FILT_FIELD_RENAME': 'field_rename', 'FILT_TP_ONLY': 'only_testpoints', 'FILT_TP_EXCLUDE': 'exclude_testpoints', 'FILT_TP_TOP_ONLY': 'only_testpoints_top', 'FILT_TP_BOTTOM_ONLY': 'only_testpoints_bottom', 'SCH_VARIANT_OUTPUT': 'value_split', 'NETLIST_OUTPUT': 'netlist', 'GERBER_OUTPUT': 'gbr_gerbers', 'ODB_OUTPUT': 'zip_odb', 'EXCELLON_DRILL_OUTPUT': 'drl_excellon', 'PDF_DRILL_MAP_OUTPUT': 'pdf_drill_map', 'DXF_DRILL_MAP_OUTPUT': 'dxf_drill_map', 'CSV_DRILL_TABLE_OUTPUT': 'csv_drill_table', 'CSV_POS_OUTPUT': 'csv_position', 'CSV_TP_OUTPUT': 'csv_testpoints', 'CSV_TP_TOP_OUTPUT': 'csv_testpoints_top', 'CSV_TP_BOTTOM_OUTPUT': 'csv_testpoints_bottom', 'CSV_BOM_OUTPUT': 'csv_bom', 'XLSX_BOM_OUTPUT': 'xlsx_bom', 'HTML_IBOM_OUTPUT': 'html_bom_interactive', 'HTML_BOM_OUTPUT': 'html_bom', 'CSV_COMP_COUNT_OUPUT': 'csv_comp_count', 'CSV_IMPEDANCE_TABLE_OUTPUT': 'csv_impedance_table', 'TXT_FAB_NOTES_OUTPUT': 'txt_fabrication_notes', 'TXT_ASSEMBLY_NOTES_OUTPUT': 'txt_assembly_notes', 'PNG_3D_VIEWER_TOP': 'png_3d_viewer_top', 'PNG_3D_VIEWER_BOTTOM': 'png_3d_viewer_bottom', 'PNG_3D_VIEWER_ANGLED_TOP': 'png_3d_viewer_angled_top', 'PNG_3D_VIEWER_ANGLED_BOTTOM': 'png_3d_viewer_angled_bottom', 'STEP_OUTPUT': 'step', 'BLENDER_OUTPUT': 'blender', 'PDF_SCHEMATIC_OUTPUT': 'pdf_schematic', 'PDF_FABRICATION_OUTPUT': 'pdf_fabrication', 'PDF_ASSEMBLY_OUTPUT': 'pdf_assembly', 'ZIP_COMPRESS_FAB_OUTPUT': 'zip_compress_fab', 'HTML_KICANVAS_OUTPUT': 'html_kicanvas', 'HTML_KIRI_OUTPUT': 'html_kiri', 'MD_README_OUTPUT': 'md_readme', 'HTML_NAV_RES_OUTPUT': 'html_navigate_results', 'NAME': 'csv_bom', 'COMMENT': 'Bill of Materials in CSV format', 'DIR': 'Manufacturing/Assembly'} (kibot - config_reader.py:664)
DEBUG:- Updated definitions: {'NAME': 'csv_bom', 'COMMENT': 'Bill of Materials in CSV format', 'DIR': 'Manufacturing/Assembly', 'MPN_FIELD': 'Manufacturer Part Number', 'MAN_FIELD': 'Manufacturer', 'PROJECT_NAME': 'ALB/MLB test', 'BOARD_NAME': 'alb_mlb test', 'COMPANY': 'General Atomics EMS', 'DESIGNER': 'Marcus Reighter', 'LOGO': 'Logos/Logo.png', 'GIT_URL': 'https://github.com/emptyd0nkey/albmlb', 'CHECK_ZONE_FILLS': True, 'STACKUP_TABLE_NOTE': 'external layer thicknesses are specified after plating', 'GROUP_ROUND_SLOTS': True, 'GROUP_PTH_NPTH': 'no', 'GROUP_PTH_NPTH_DRL': False, 'PLOT_REFS': True, 'COLOR_THEME': 'Altium_Theme', 'SHEET_WKS': '${KIPRJMOD}/Templates/KDT_Template_PCB_GIT_A4.kicad_wks', 'FAB_SCALING': 1, 'ASSEMBLY_SCALING': 1, 'EXCLUDE_REFS': '[MB*]', '3D_VIEWER_ROT_X': 2, '3D_VIEWER_ROT_Y': -1, '3D_VIEWER_ROT_Z': 1, '3D_VIEWER_ZOOM': -1, 'KEY_COLOR': '#00FF00', 'OUTPUT_DIR': './', 'REPORT_DIR': 'Reports', 'SCHEMATIC_DIR': 'Schematic', 'MANUFACTURING_DIR': 'Manufacturing', 'ASSEMBLY_DIR': '@MANUFACTURING_DIR@/Assembly', 'FABRICATION_DIR': '@MANUFACTURING_DIR@/Fabrication', 'GERBERS_DIR': '@FABRICATION_DIR@/Gerbers', 'FAB_DRILL_TABLES_DIR': '@FABRICATION_DIR@/Drill Tables', 'TESTING_DIR': 'Testing', 'TESTPOINTS_DIR': '@TESTING_DIR@/Testpoints', 'IMAGES_DIR': 'Images', '3D_DIR': '3D', 'RESOURCES_DIR': 'kibot_resources', 'REPORT_TEMPLATE_DIR': '@RESOURCES_DIR@/templates', 'SCRIPTS_DIR': '@RESOURCES_DIR@/scripts', 'LAYER_TITLE_PAGE': 'TitlePage', 'LAYER_DNP_TOP': 'F.DNP', 'LAYER_DNP_BOTTOM': 'B.DNP', 'LAYER_DRILL_MAP': 'DrillMap', 'LAYER_TP_LIST_TOP': 'F.TestPointList', 'LAYER_TP_LIST_BOTTOM': 'B.TestPointList', 'LAYER_ASSEMBLY_TEXT_TOP': 'F.AssemblyText', 'LAYER_ASSEMBLY_TEXT_BOTTOM': 'B.AssemblyText', 'LAYER_DNP_CROSS_TOP': 'F.DNP', 'LAYER_DNP_CROSS_BOTTOM': 'B.DNP', 'FILT_FIELD_RENAME': 'field_rename', 'FILT_TP_ONLY': 'only_testpoints', 'FILT_TP_EXCLUDE': 'exclude_testpoints', 'FILT_TP_TOP_ONLY': 'only_testpoints_top', 'FILT_TP_BOTTOM_ONLY': 'only_testpoints_bottom', 'SCH_VARIANT_OUTPUT': 'value_split', 'NETLIST_OUTPUT': 'netlist', 'GERBER_OUTPUT': 'gbr_gerbers', 'ODB_OUTPUT': 'zip_odb', 'EXCELLON_DRILL_OUTPUT': 'drl_excellon', 'PDF_DRILL_MAP_OUTPUT': 'pdf_drill_map', 'DXF_DRILL_MAP_OUTPUT': 'dxf_drill_map', 'CSV_DRILL_TABLE_OUTPUT': 'csv_drill_table', 'CSV_POS_OUTPUT': 'csv_position', 'CSV_TP_OUTPUT': 'csv_testpoints', 'CSV_TP_TOP_OUTPUT': 'csv_testpoints_top', 'CSV_TP_BOTTOM_OUTPUT': 'csv_testpoints_bottom', 'CSV_BOM_OUTPUT': 'csv_bom', 'XLSX_BOM_OUTPUT': 'xlsx_bom', 'HTML_IBOM_OUTPUT': 'html_bom_interactive', 'HTML_BOM_OUTPUT': 'html_bom', 'CSV_COMP_COUNT_OUPUT': 'csv_comp_count', 'CSV_IMPEDANCE_TABLE_OUTPUT': 'csv_impedance_table', 'TXT_FAB_NOTES_OUTPUT': 'txt_fabrication_notes', 'TXT_ASSEMBLY_NOTES_OUTPUT': 'txt_assembly_notes', 'PNG_3D_VIEWER_TOP': 'png_3d_viewer_top', 'PNG_3D_VIEWER_BOTTOM': 'png_3d_viewer_bottom', 'PNG_3D_VIEWER_ANGLED_TOP': 'png_3d_viewer_angled_top', 'PNG_3D_VIEWER_ANGLED_BOTTOM': 'png_3d_viewer_angled_bottom', 'STEP_OUTPUT': 'step', 'BLENDER_OUTPUT': 'blender', 'PDF_SCHEMATIC_OUTPUT': 'pdf_schematic', 'PDF_FABRICATION_OUTPUT': 'pdf_fabrication', 'PDF_ASSEMBLY_OUTPUT': 'pdf_assembly', 'ZIP_COMPRESS_FAB_OUTPUT': 'zip_compress_fab', 'HTML_KICANVAS_OUTPUT': 'html_kicanvas', 'HTML_KIRI_OUTPUT': 'html_kiri', 'MD_README_OUTPUT': 'md_readme', 'HTML_NAV_RES_OUTPUT': 'html_navigate_results'} (kibot - config_reader.py:667)
DEBUG:Applying preprocessor definitions (kibot - config_reader.py:672)
DEBUG:- Applying CLI definitions: {} (kibot - config_reader.py:679)
DEBUG:- Applying collected definitions: {'NAME': 'csv_bom', 'COMMENT': 'Bill of Materials in CSV format', 'DIR': 'Manufacturing/Assembly', 'MPN_FIELD': 'Manufacturer Part Number', 'MAN_FIELD': 'Manufacturer', 'PROJECT_NAME': 'ALB/MLB test', 'BOARD_NAME': 'alb_mlb test', 'COMPANY': 'General Atomics EMS', 'DESIGNER': 'Marcus Reighter', 'LOGO': 'Logos/Logo.png', 'GIT_URL': 'https://github.com/emptyd0nkey/albmlb', 'CHECK_ZONE_FILLS': True, 'STACKUP_TABLE_NOTE': 'external layer thicknesses are specified after plating', 'GROUP_ROUND_SLOTS': True, 'GROUP_PTH_NPTH': 'no', 'GROUP_PTH_NPTH_DRL': False, 'PLOT_REFS': True, 'COLOR_THEME': 'Altium_Theme', 'SHEET_WKS': '${KIPRJMOD}/Templates/KDT_Template_PCB_GIT_A4.kicad_wks', 'FAB_SCALING': 1, 'ASSEMBLY_SCALING': 1, 'EXCLUDE_REFS': '[MB*]', '3D_VIEWER_ROT_X': 2, '3D_VIEWER_ROT_Y': -1, '3D_VIEWER_ROT_Z': 1, '3D_VIEWER_ZOOM': -1, 'KEY_COLOR': '#00FF00', 'OUTPUT_DIR': './', 'REPORT_DIR': 'Reports', 'SCHEMATIC_DIR': 'Schematic', 'MANUFACTURING_DIR': 'Manufacturing', 'ASSEMBLY_DIR': '@MANUFACTURING_DIR@/Assembly', 'FABRICATION_DIR': '@MANUFACTURING_DIR@/Fabrication', 'GERBERS_DIR': '@FABRICATION_DIR@/Gerbers', 'FAB_DRILL_TABLES_DIR': '@FABRICATION_DIR@/Drill Tables', 'TESTING_DIR': 'Testing', 'TESTPOINTS_DIR': '@TESTING_DIR@/Testpoints', 'IMAGES_DIR': 'Images', '3D_DIR': '3D', 'RESOURCES_DIR': 'kibot_resources', 'REPORT_TEMPLATE_DIR': '@RESOURCES_DIR@/templates', 'SCRIPTS_DIR': '@RESOURCES_DIR@/scripts', 'LAYER_TITLE_PAGE': 'TitlePage', 'LAYER_DNP_TOP': 'F.DNP', 'LAYER_DNP_BOTTOM': 'B.DNP', 'LAYER_DRILL_MAP': 'DrillMap', 'LAYER_TP_LIST_TOP': 'F.TestPointList', 'LAYER_TP_LIST_BOTTOM': 'B.TestPointList', 'LAYER_ASSEMBLY_TEXT_TOP': 'F.AssemblyText', 'LAYER_ASSEMBLY_TEXT_BOTTOM': 'B.AssemblyText', 'LAYER_DNP_CROSS_TOP': 'F.DNP', 'LAYER_DNP_CROSS_BOTTOM': 'B.DNP', 'FILT_FIELD_RENAME': 'field_rename', 'FILT_TP_ONLY': 'only_testpoints', 'FILT_TP_EXCLUDE': 'exclude_testpoints', 'FILT_TP_TOP_ONLY': 'only_testpoints_top', 'FILT_TP_BOTTOM_ONLY': 'only_testpoints_bottom', 'SCH_VARIANT_OUTPUT': 'value_split', 'NETLIST_OUTPUT': 'netlist', 'GERBER_OUTPUT': 'gbr_gerbers', 'ODB_OUTPUT': 'zip_odb', 'EXCELLON_DRILL_OUTPUT': 'drl_excellon', 'PDF_DRILL_MAP_OUTPUT': 'pdf_drill_map', 'DXF_DRILL_MAP_OUTPUT': 'dxf_drill_map', 'CSV_DRILL_TABLE_OUTPUT': 'csv_drill_table', 'CSV_POS_OUTPUT': 'csv_position', 'CSV_TP_OUTPUT': 'csv_testpoints', 'CSV_TP_TOP_OUTPUT': 'csv_testpoints_top', 'CSV_TP_BOTTOM_OUTPUT': 'csv_testpoints_bottom', 'CSV_BOM_OUTPUT': 'csv_bom', 'XLSX_BOM_OUTPUT': 'xlsx_bom', 'HTML_IBOM_OUTPUT': 'html_bom_interactive', 'HTML_BOM_OUTPUT': 'html_bom', 'CSV_COMP_COUNT_OUPUT': 'csv_comp_count', 'CSV_IMPEDANCE_TABLE_OUTPUT': 'csv_impedance_table', 'TXT_FAB_NOTES_OUTPUT': 'txt_fabrication_notes', 'TXT_ASSEMBLY_NOTES_OUTPUT': 'txt_assembly_notes', 'PNG_3D_VIEWER_TOP': 'png_3d_viewer_top', 'PNG_3D_VIEWER_BOTTOM': 'png_3d_viewer_bottom', 'PNG_3D_VIEWER_ANGLED_TOP': 'png_3d_viewer_angled_top', 'PNG_3D_VIEWER_ANGLED_BOTTOM': 'png_3d_viewer_angled_bottom', 'STEP_OUTPUT': 'step', 'BLENDER_OUTPUT': 'blender', 'PDF_SCHEMATIC_OUTPUT': 'pdf_schematic', 'PDF_FABRICATION_OUTPUT': 'pdf_fabrication', 'PDF_ASSEMBLY_OUTPUT': 'pdf_assembly', 'ZIP_COMPRESS_FAB_OUTPUT': 'zip_compress_fab', 'HTML_KICANVAS_OUTPUT': 'html_kicanvas', 'HTML_KIRI_OUTPUT': 'html_kiri', 'MD_README_OUTPUT': 'md_readme', 'HTML_NAV_RES_OUTPUT': 'html_navigate_results'} (kibot - config_reader.py:682)
DEBUG:- Replacing @NAME@ -> csv_bom (<class 'str'>) (kibot - config_reader.py:80)
DEBUG:- Replacing @COMMENT@ -> Bill of Materials in CSV format (<class 'str'>) (kibot - config_reader.py:80)
DEBUG:- Replacing @DIR@ -> Manufacturing/Assembly (<class 'str'>) (kibot - config_reader.py:80)
DEBUG:- Replacing @MPN_FIELD@ -> Manufacturer Part Number (<class 'str'>) (kibot - config_reader.py:80)
DEBUG:- Replacing @MAN_FIELD@ -> Manufacturer (<class 'str'>) (kibot - config_reader.py:80)
DEBUG:- Applying CLI definitions: {} (kibot - config_reader.py:679)
DEBUG:- Applying collected definitions: {'NAME': 'csv_bom', 'COMMENT': 'Bill of Materials in CSV format', 'DIR': 'Manufacturing/Assembly', 'MPN_FIELD': 'Manufacturer Part Number', 'MAN_FIELD': 'Manufacturer', 'PROJECT_NAME': 'ALB/MLB test', 'BOARD_NAME': 'alb_mlb test', 'COMPANY': 'General Atomics EMS', 'DESIGNER': 'Marcus Reighter', 'LOGO': 'Logos/Logo.png', 'GIT_URL': 'https://github.com/emptyd0nkey/albmlb', 'CHECK_ZONE_FILLS': True, 'STACKUP_TABLE_NOTE': 'external layer thicknesses are specified after plating', 'GROUP_ROUND_SLOTS': True, 'GROUP_PTH_NPTH': 'no', 'GROUP_PTH_NPTH_DRL': False, 'PLOT_REFS': True, 'COLOR_THEME': 'Altium_Theme', 'SHEET_WKS': '${KIPRJMOD}/Templates/KDT_Template_PCB_GIT_A4.kicad_wks', 'FAB_SCALING': 1, 'ASSEMBLY_SCALING': 1, 'EXCLUDE_REFS': '[MB*]', '3D_VIEWER_ROT_X': 2, '3D_VIEWER_ROT_Y': -1, '3D_VIEWER_ROT_Z': 1, '3D_VIEWER_ZOOM': -1, 'KEY_COLOR': '#00FF00', 'OUTPUT_DIR': './', 'REPORT_DIR': 'Reports', 'SCHEMATIC_DIR': 'Schematic', 'MANUFACTURING_DIR': 'Manufacturing', 'ASSEMBLY_DIR': '@MANUFACTURING_DIR@/Assembly', 'FABRICATION_DIR': '@MANUFACTURING_DIR@/Fabrication', 'GERBERS_DIR': '@FABRICATION_DIR@/Gerbers', 'FAB_DRILL_TABLES_DIR': '@FABRICATION_DIR@/Drill Tables', 'TESTING_DIR': 'Testing', 'TESTPOINTS_DIR': '@TESTING_DIR@/Testpoints', 'IMAGES_DIR': 'Images', '3D_DIR': '3D', 'RESOURCES_DIR': 'kibot_resources', 'REPORT_TEMPLATE_DIR': '@RESOURCES_DIR@/templates', 'SCRIPTS_DIR': '@RESOURCES_DIR@/scripts', 'LAYER_TITLE_PAGE': 'TitlePage', 'LAYER_DNP_TOP': 'F.DNP', 'LAYER_DNP_BOTTOM': 'B.DNP', 'LAYER_DRILL_MAP': 'DrillMap', 'LAYER_TP_LIST_TOP': 'F.TestPointList', 'LAYER_TP_LIST_BOTTOM': 'B.TestPointList', 'LAYER_ASSEMBLY_TEXT_TOP': 'F.AssemblyText', 'LAYER_ASSEMBLY_TEXT_BOTTOM': 'B.AssemblyText', 'LAYER_DNP_CROSS_TOP': 'F.DNP', 'LAYER_DNP_CROSS_BOTTOM': 'B.DNP', 'FILT_FIELD_RENAME': 'field_rename', 'FILT_TP_ONLY': 'only_testpoints', 'FILT_TP_EXCLUDE': 'exclude_testpoints', 'FILT_TP_TOP_ONLY': 'only_testpoints_top', 'FILT_TP_BOTTOM_ONLY': 'only_testpoints_bottom', 'SCH_VARIANT_OUTPUT': 'value_split', 'NETLIST_OUTPUT': 'netlist', 'GERBER_OUTPUT': 'gbr_gerbers', 'ODB_OUTPUT': 'zip_odb', 'EXCELLON_DRILL_OUTPUT': 'drl_excellon', 'PDF_DRILL_MAP_OUTPUT': 'pdf_drill_map', 'DXF_DRILL_MAP_OUTPUT': 'dxf_drill_map', 'CSV_DRILL_TABLE_OUTPUT': 'csv_drill_table', 'CSV_POS_OUTPUT': 'csv_position', 'CSV_TP_OUTPUT': 'csv_testpoints', 'CSV_TP_TOP_OUTPUT': 'csv_testpoints_top', 'CSV_TP_BOTTOM_OUTPUT': 'csv_testpoints_bottom', 'CSV_BOM_OUTPUT': 'csv_bom', 'XLSX_BOM_OUTPUT': 'xlsx_bom', 'HTML_IBOM_OUTPUT': 'html_bom_interactive', 'HTML_BOM_OUTPUT': 'html_bom', 'CSV_COMP_COUNT_OUPUT': 'csv_comp_count', 'CSV_IMPEDANCE_TABLE_OUTPUT': 'csv_impedance_table', 'TXT_FAB_NOTES_OUTPUT': 'txt_fabrication_notes', 'TXT_ASSEMBLY_NOTES_OUTPUT': 'txt_assembly_notes', 'PNG_3D_VIEWER_TOP': 'png_3d_viewer_top', 'PNG_3D_VIEWER_BOTTOM': 'png_3d_viewer_bottom', 'PNG_3D_VIEWER_ANGLED_TOP': 'png_3d_viewer_angled_top', 'PNG_3D_VIEWER_ANGLED_BOTTOM': 'png_3d_viewer_angled_bottom', 'STEP_OUTPUT': 'step', 'BLENDER_OUTPUT': 'blender', 'PDF_SCHEMATIC_OUTPUT': 'pdf_schematic', 'PDF_FABRICATION_OUTPUT': 'pdf_fabrication', 'PDF_ASSEMBLY_OUTPUT': 'pdf_assembly', 'ZIP_COMPRESS_FAB_OUTPUT': 'zip_compress_fab', 'HTML_KICANVAS_OUTPUT': 'html_kicanvas', 'HTML_KIRI_OUTPUT': 'html_kiri', 'MD_README_OUTPUT': 'md_readme', 'HTML_NAV_RES_OUTPUT': 'html_navigate_results'} (kibot - config_reader.py:682)
DEBUG:YAML after expanding definitions:
# KiBot output for generating Bill of Materials in CSV format
# https://kibot.readthedocs.io/en/latest/configuration/outputs/bom.html

kibot:
  version: 1

outputs:
- name: csv_bom
  comment: 'Bill of Materials in CSV format'
  type: bom
  category: 'Manufacturing/Assembly'
  dir: 'Manufacturing/Assembly'
  options:
    format: CSV
    csv:
      hide_pcb_info: true
      hide_stats_info: true
      
    group_fields: ['Manufacturer Part Number', 'Value']

    columns:
      - "Row"
      - "Quantity Per PCB"
      - "References"
      - "Value"
      - "Datasheet"
      - "Footprint"
      - "Description"
      - "Manufacturer"
      - "Manufacturer Part Number"
      - "Supplier Part Number"
      # - "arrow#"
      # - "digikey#"
      # - "farnell#"
      # - "mouser#"
      # - "newark#"
      # - "rs#"
      # - "tme#"

 (kibot - config_reader.py:688)
DEBUG:Pre-parsing output options for `csv_bom` (bom) (kibot - config_reader.py:171)
DEBUG:Outputs loaded from `kibot_yaml/kibot_out_csv_bom.yaml`: ['csv_bom'] (kibot - config_reader.py:363)
DEBUG:Found local definitions (kibot - config_reader.py:653)
DEBUG:- Local definitions: {'NAME': 'html_bom', 'COMMENT': 'BOM in HTML format', 'DIR': 'Manufacturing/Assembly', 'MPN_FIELD': 'Manufacturer Part Number', 'MAN_FIELD': 'Manufacturer'} (kibot - config_reader.py:663)
DEBUG:- Current definitions: {'PROJECT_NAME': 'ALB/MLB test', 'BOARD_NAME': 'alb_mlb test', 'COMPANY': 'General Atomics EMS', 'DESIGNER': 'Marcus Reighter', 'LOGO': 'Logos/Logo.png', 'GIT_URL': 'https://github.com/emptyd0nkey/albmlb', 'CHECK_ZONE_FILLS': True, 'STACKUP_TABLE_NOTE': 'external layer thicknesses are specified after plating', 'MPN_FIELD': 'Manufacturer Part Number', 'MAN_FIELD': 'Manufacturer', 'GROUP_ROUND_SLOTS': True, 'GROUP_PTH_NPTH': 'no', 'GROUP_PTH_NPTH_DRL': False, 'PLOT_REFS': True, 'COLOR_THEME': 'Altium_Theme', 'SHEET_WKS': '${KIPRJMOD}/Templates/KDT_Template_PCB_GIT_A4.kicad_wks', 'FAB_SCALING': 1, 'ASSEMBLY_SCALING': 1, 'EXCLUDE_REFS': '[MB*]', '3D_VIEWER_ROT_X': 2, '3D_VIEWER_ROT_Y': -1, '3D_VIEWER_ROT_Z': 1, '3D_VIEWER_ZOOM': -1, 'KEY_COLOR': '#00FF00', 'OUTPUT_DIR': './', 'REPORT_DIR': 'Reports', 'SCHEMATIC_DIR': 'Schematic', 'MANUFACTURING_DIR': 'Manufacturing', 'ASSEMBLY_DIR': '@MANUFACTURING_DIR@/Assembly', 'FABRICATION_DIR': '@MANUFACTURING_DIR@/Fabrication', 'GERBERS_DIR': '@FABRICATION_DIR@/Gerbers', 'FAB_DRILL_TABLES_DIR': '@FABRICATION_DIR@/Drill Tables', 'TESTING_DIR': 'Testing', 'TESTPOINTS_DIR': '@TESTING_DIR@/Testpoints', 'IMAGES_DIR': 'Images', '3D_DIR': '3D', 'RESOURCES_DIR': 'kibot_resources', 'REPORT_TEMPLATE_DIR': '@RESOURCES_DIR@/templates', 'SCRIPTS_DIR': '@RESOURCES_DIR@/scripts', 'LAYER_TITLE_PAGE': 'TitlePage', 'LAYER_DNP_TOP': 'F.DNP', 'LAYER_DNP_BOTTOM': 'B.DNP', 'LAYER_DRILL_MAP': 'DrillMap', 'LAYER_TP_LIST_TOP': 'F.TestPointList', 'LAYER_TP_LIST_BOTTOM': 'B.TestPointList', 'LAYER_ASSEMBLY_TEXT_TOP': 'F.AssemblyText', 'LAYER_ASSEMBLY_TEXT_BOTTOM': 'B.AssemblyText', 'LAYER_DNP_CROSS_TOP': 'F.DNP', 'LAYER_DNP_CROSS_BOTTOM': 'B.DNP', 'FILT_FIELD_RENAME': 'field_rename', 'FILT_TP_ONLY': 'only_testpoints', 'FILT_TP_EXCLUDE': 'exclude_testpoints', 'FILT_TP_TOP_ONLY': 'only_testpoints_top', 'FILT_TP_BOTTOM_ONLY': 'only_testpoints_bottom', 'SCH_VARIANT_OUTPUT': 'value_split', 'NETLIST_OUTPUT': 'netlist', 'GERBER_OUTPUT': 'gbr_gerbers', 'ODB_OUTPUT': 'zip_odb', 'EXCELLON_DRILL_OUTPUT': 'drl_excellon', 'PDF_DRILL_MAP_OUTPUT': 'pdf_drill_map', 'DXF_DRILL_MAP_OUTPUT': 'dxf_drill_map', 'CSV_DRILL_TABLE_OUTPUT': 'csv_drill_table', 'CSV_POS_OUTPUT': 'csv_position', 'CSV_TP_OUTPUT': 'csv_testpoints', 'CSV_TP_TOP_OUTPUT': 'csv_testpoints_top', 'CSV_TP_BOTTOM_OUTPUT': 'csv_testpoints_bottom', 'CSV_BOM_OUTPUT': 'csv_bom', 'XLSX_BOM_OUTPUT': 'xlsx_bom', 'HTML_IBOM_OUTPUT': 'html_bom_interactive', 'HTML_BOM_OUTPUT': 'html_bom', 'CSV_COMP_COUNT_OUPUT': 'csv_comp_count', 'CSV_IMPEDANCE_TABLE_OUTPUT': 'csv_impedance_table', 'TXT_FAB_NOTES_OUTPUT': 'txt_fabrication_notes', 'TXT_ASSEMBLY_NOTES_OUTPUT': 'txt_assembly_notes', 'PNG_3D_VIEWER_TOP': 'png_3d_viewer_top', 'PNG_3D_VIEWER_BOTTOM': 'png_3d_viewer_bottom', 'PNG_3D_VIEWER_ANGLED_TOP': 'png_3d_viewer_angled_top', 'PNG_3D_VIEWER_ANGLED_BOTTOM': 'png_3d_viewer_angled_bottom', 'STEP_OUTPUT': 'step', 'BLENDER_OUTPUT': 'blender', 'PDF_SCHEMATIC_OUTPUT': 'pdf_schematic', 'PDF_FABRICATION_OUTPUT': 'pdf_fabrication', 'PDF_ASSEMBLY_OUTPUT': 'pdf_assembly', 'ZIP_COMPRESS_FAB_OUTPUT': 'zip_compress_fab', 'HTML_KICANVAS_OUTPUT': 'html_kicanvas', 'HTML_KIRI_OUTPUT': 'html_kiri', 'MD_README_OUTPUT': 'md_readme', 'HTML_NAV_RES_OUTPUT': 'html_navigate_results', 'NAME': 'html_bom', 'COMMENT': 'Bill of Materials in HTML format', 'DIR': 'Manufacturing/Assembly'} (kibot - config_reader.py:664)
DEBUG:- Updated definitions: {'NAME': 'html_bom', 'COMMENT': 'Bill of Materials in HTML format', 'DIR': 'Manufacturing/Assembly', 'MPN_FIELD': 'Manufacturer Part Number', 'MAN_FIELD': 'Manufacturer', 'PROJECT_NAME': 'ALB/MLB test', 'BOARD_NAME': 'alb_mlb test', 'COMPANY': 'General Atomics EMS', 'DESIGNER': 'Marcus Reighter', 'LOGO': 'Logos/Logo.png', 'GIT_URL': 'https://github.com/emptyd0nkey/albmlb', 'CHECK_ZONE_FILLS': True, 'STACKUP_TABLE_NOTE': 'external layer thicknesses are specified after plating', 'GROUP_ROUND_SLOTS': True, 'GROUP_PTH_NPTH': 'no', 'GROUP_PTH_NPTH_DRL': False, 'PLOT_REFS': True, 'COLOR_THEME': 'Altium_Theme', 'SHEET_WKS': '${KIPRJMOD}/Templates/KDT_Template_PCB_GIT_A4.kicad_wks', 'FAB_SCALING': 1, 'ASSEMBLY_SCALING': 1, 'EXCLUDE_REFS': '[MB*]', '3D_VIEWER_ROT_X': 2, '3D_VIEWER_ROT_Y': -1, '3D_VIEWER_ROT_Z': 1, '3D_VIEWER_ZOOM': -1, 'KEY_COLOR': '#00FF00', 'OUTPUT_DIR': './', 'REPORT_DIR': 'Reports', 'SCHEMATIC_DIR': 'Schematic', 'MANUFACTURING_DIR': 'Manufacturing', 'ASSEMBLY_DIR': '@MANUFACTURING_DIR@/Assembly', 'FABRICATION_DIR': '@MANUFACTURING_DIR@/Fabrication', 'GERBERS_DIR': '@FABRICATION_DIR@/Gerbers', 'FAB_DRILL_TABLES_DIR': '@FABRICATION_DIR@/Drill Tables', 'TESTING_DIR': 'Testing', 'TESTPOINTS_DIR': '@TESTING_DIR@/Testpoints', 'IMAGES_DIR': 'Images', '3D_DIR': '3D', 'RESOURCES_DIR': 'kibot_resources', 'REPORT_TEMPLATE_DIR': '@RESOURCES_DIR@/templates', 'SCRIPTS_DIR': '@RESOURCES_DIR@/scripts', 'LAYER_TITLE_PAGE': 'TitlePage', 'LAYER_DNP_TOP': 'F.DNP', 'LAYER_DNP_BOTTOM': 'B.DNP', 'LAYER_DRILL_MAP': 'DrillMap', 'LAYER_TP_LIST_TOP': 'F.TestPointList', 'LAYER_TP_LIST_BOTTOM': 'B.TestPointList', 'LAYER_ASSEMBLY_TEXT_TOP': 'F.AssemblyText', 'LAYER_ASSEMBLY_TEXT_BOTTOM': 'B.AssemblyText', 'LAYER_DNP_CROSS_TOP': 'F.DNP', 'LAYER_DNP_CROSS_BOTTOM': 'B.DNP', 'FILT_FIELD_RENAME': 'field_rename', 'FILT_TP_ONLY': 'only_testpoints', 'FILT_TP_EXCLUDE': 'exclude_testpoints', 'FILT_TP_TOP_ONLY': 'only_testpoints_top', 'FILT_TP_BOTTOM_ONLY': 'only_testpoints_bottom', 'SCH_VARIANT_OUTPUT': 'value_split', 'NETLIST_OUTPUT': 'netlist', 'GERBER_OUTPUT': 'gbr_gerbers', 'ODB_OUTPUT': 'zip_odb', 'EXCELLON_DRILL_OUTPUT': 'drl_excellon', 'PDF_DRILL_MAP_OUTPUT': 'pdf_drill_map', 'DXF_DRILL_MAP_OUTPUT': 'dxf_drill_map', 'CSV_DRILL_TABLE_OUTPUT': 'csv_drill_table', 'CSV_POS_OUTPUT': 'csv_position', 'CSV_TP_OUTPUT': 'csv_testpoints', 'CSV_TP_TOP_OUTPUT': 'csv_testpoints_top', 'CSV_TP_BOTTOM_OUTPUT': 'csv_testpoints_bottom', 'CSV_BOM_OUTPUT': 'csv_bom', 'XLSX_BOM_OUTPUT': 'xlsx_bom', 'HTML_IBOM_OUTPUT': 'html_bom_interactive', 'HTML_BOM_OUTPUT': 'html_bom', 'CSV_COMP_COUNT_OUPUT': 'csv_comp_count', 'CSV_IMPEDANCE_TABLE_OUTPUT': 'csv_impedance_table', 'TXT_FAB_NOTES_OUTPUT': 'txt_fabrication_notes', 'TXT_ASSEMBLY_NOTES_OUTPUT': 'txt_assembly_notes', 'PNG_3D_VIEWER_TOP': 'png_3d_viewer_top', 'PNG_3D_VIEWER_BOTTOM': 'png_3d_viewer_bottom', 'PNG_3D_VIEWER_ANGLED_TOP': 'png_3d_viewer_angled_top', 'PNG_3D_VIEWER_ANGLED_BOTTOM': 'png_3d_viewer_angled_bottom', 'STEP_OUTPUT': 'step', 'BLENDER_OUTPUT': 'blender', 'PDF_SCHEMATIC_OUTPUT': 'pdf_schematic', 'PDF_FABRICATION_OUTPUT': 'pdf_fabrication', 'PDF_ASSEMBLY_OUTPUT': 'pdf_assembly', 'ZIP_COMPRESS_FAB_OUTPUT': 'zip_compress_fab', 'HTML_KICANVAS_OUTPUT': 'html_kicanvas', 'HTML_KIRI_OUTPUT': 'html_kiri', 'MD_README_OUTPUT': 'md_readme', 'HTML_NAV_RES_OUTPUT': 'html_navigate_results'} (kibot - config_reader.py:667)
DEBUG:Applying preprocessor definitions (kibot - config_reader.py:672)
DEBUG:- Applying CLI definitions: {} (kibot - config_reader.py:679)
DEBUG:- Applying collected definitions: {'NAME': 'html_bom', 'COMMENT': 'Bill of Materials in HTML format', 'DIR': 'Manufacturing/Assembly', 'MPN_FIELD': 'Manufacturer Part Number', 'MAN_FIELD': 'Manufacturer', 'PROJECT_NAME': 'ALB/MLB test', 'BOARD_NAME': 'alb_mlb test', 'COMPANY': 'General Atomics EMS', 'DESIGNER': 'Marcus Reighter', 'LOGO': 'Logos/Logo.png', 'GIT_URL': 'https://github.com/emptyd0nkey/albmlb', 'CHECK_ZONE_FILLS': True, 'STACKUP_TABLE_NOTE': 'external layer thicknesses are specified after plating', 'GROUP_ROUND_SLOTS': True, 'GROUP_PTH_NPTH': 'no', 'GROUP_PTH_NPTH_DRL': False, 'PLOT_REFS': True, 'COLOR_THEME': 'Altium_Theme', 'SHEET_WKS': '${KIPRJMOD}/Templates/KDT_Template_PCB_GIT_A4.kicad_wks', 'FAB_SCALING': 1, 'ASSEMBLY_SCALING': 1, 'EXCLUDE_REFS': '[MB*]', '3D_VIEWER_ROT_X': 2, '3D_VIEWER_ROT_Y': -1, '3D_VIEWER_ROT_Z': 1, '3D_VIEWER_ZOOM': -1, 'KEY_COLOR': '#00FF00', 'OUTPUT_DIR': './', 'REPORT_DIR': 'Reports', 'SCHEMATIC_DIR': 'Schematic', 'MANUFACTURING_DIR': 'Manufacturing', 'ASSEMBLY_DIR': '@MANUFACTURING_DIR@/Assembly', 'FABRICATION_DIR': '@MANUFACTURING_DIR@/Fabrication', 'GERBERS_DIR': '@FABRICATION_DIR@/Gerbers', 'FAB_DRILL_TABLES_DIR': '@FABRICATION_DIR@/Drill Tables', 'TESTING_DIR': 'Testing', 'TESTPOINTS_DIR': '@TESTING_DIR@/Testpoints', 'IMAGES_DIR': 'Images', '3D_DIR': '3D', 'RESOURCES_DIR': 'kibot_resources', 'REPORT_TEMPLATE_DIR': '@RESOURCES_DIR@/templates', 'SCRIPTS_DIR': '@RESOURCES_DIR@/scripts', 'LAYER_TITLE_PAGE': 'TitlePage', 'LAYER_DNP_TOP': 'F.DNP', 'LAYER_DNP_BOTTOM': 'B.DNP', 'LAYER_DRILL_MAP': 'DrillMap', 'LAYER_TP_LIST_TOP': 'F.TestPointList', 'LAYER_TP_LIST_BOTTOM': 'B.TestPointList', 'LAYER_ASSEMBLY_TEXT_TOP': 'F.AssemblyText', 'LAYER_ASSEMBLY_TEXT_BOTTOM': 'B.AssemblyText', 'LAYER_DNP_CROSS_TOP': 'F.DNP', 'LAYER_DNP_CROSS_BOTTOM': 'B.DNP', 'FILT_FIELD_RENAME': 'field_rename', 'FILT_TP_ONLY': 'only_testpoints', 'FILT_TP_EXCLUDE': 'exclude_testpoints', 'FILT_TP_TOP_ONLY': 'only_testpoints_top', 'FILT_TP_BOTTOM_ONLY': 'only_testpoints_bottom', 'SCH_VARIANT_OUTPUT': 'value_split', 'NETLIST_OUTPUT': 'netlist', 'GERBER_OUTPUT': 'gbr_gerbers', 'ODB_OUTPUT': 'zip_odb', 'EXCELLON_DRILL_OUTPUT': 'drl_excellon', 'PDF_DRILL_MAP_OUTPUT': 'pdf_drill_map', 'DXF_DRILL_MAP_OUTPUT': 'dxf_drill_map', 'CSV_DRILL_TABLE_OUTPUT': 'csv_drill_table', 'CSV_POS_OUTPUT': 'csv_position', 'CSV_TP_OUTPUT': 'csv_testpoints', 'CSV_TP_TOP_OUTPUT': 'csv_testpoints_top', 'CSV_TP_BOTTOM_OUTPUT': 'csv_testpoints_bottom', 'CSV_BOM_OUTPUT': 'csv_bom', 'XLSX_BOM_OUTPUT': 'xlsx_bom', 'HTML_IBOM_OUTPUT': 'html_bom_interactive', 'HTML_BOM_OUTPUT': 'html_bom', 'CSV_COMP_COUNT_OUPUT': 'csv_comp_count', 'CSV_IMPEDANCE_TABLE_OUTPUT': 'csv_impedance_table', 'TXT_FAB_NOTES_OUTPUT': 'txt_fabrication_notes', 'TXT_ASSEMBLY_NOTES_OUTPUT': 'txt_assembly_notes', 'PNG_3D_VIEWER_TOP': 'png_3d_viewer_top', 'PNG_3D_VIEWER_BOTTOM': 'png_3d_viewer_bottom', 'PNG_3D_VIEWER_ANGLED_TOP': 'png_3d_viewer_angled_top', 'PNG_3D_VIEWER_ANGLED_BOTTOM': 'png_3d_viewer_angled_bottom', 'STEP_OUTPUT': 'step', 'BLENDER_OUTPUT': 'blender', 'PDF_SCHEMATIC_OUTPUT': 'pdf_schematic', 'PDF_FABRICATION_OUTPUT': 'pdf_fabrication', 'PDF_ASSEMBLY_OUTPUT': 'pdf_assembly', 'ZIP_COMPRESS_FAB_OUTPUT': 'zip_compress_fab', 'HTML_KICANVAS_OUTPUT': 'html_kicanvas', 'HTML_KIRI_OUTPUT': 'html_kiri', 'MD_README_OUTPUT': 'md_readme', 'HTML_NAV_RES_OUTPUT': 'html_navigate_results'} (kibot - config_reader.py:682)
DEBUG:- Replacing @NAME@ -> html_bom (<class 'str'>) (kibot - config_reader.py:80)
DEBUG:- Replacing @COMMENT@ -> Bill of Materials in HTML format (<class 'str'>) (kibot - config_reader.py:80)
DEBUG:- Replacing @DIR@ -> Manufacturing/Assembly (<class 'str'>) (kibot - config_reader.py:80)
DEBUG:- Replacing @MPN_FIELD@ -> Manufacturer Part Number (<class 'str'>) (kibot - config_reader.py:80)
DEBUG:- Replacing @MAN_FIELD@ -> Manufacturer (<class 'str'>) (kibot - config_reader.py:80)
DEBUG:- Applying CLI definitions: {} (kibot - config_reader.py:679)
DEBUG:- Applying collected definitions: {'NAME': 'html_bom', 'COMMENT': 'Bill of Materials in HTML format', 'DIR': 'Manufacturing/Assembly', 'MPN_FIELD': 'Manufacturer Part Number', 'MAN_FIELD': 'Manufacturer', 'PROJECT_NAME': 'ALB/MLB test', 'BOARD_NAME': 'alb_mlb test', 'COMPANY': 'General Atomics EMS', 'DESIGNER': 'Marcus Reighter', 'LOGO': 'Logos/Logo.png', 'GIT_URL': 'https://github.com/emptyd0nkey/albmlb', 'CHECK_ZONE_FILLS': True, 'STACKUP_TABLE_NOTE': 'external layer thicknesses are specified after plating', 'GROUP_ROUND_SLOTS': True, 'GROUP_PTH_NPTH': 'no', 'GROUP_PTH_NPTH_DRL': False, 'PLOT_REFS': True, 'COLOR_THEME': 'Altium_Theme', 'SHEET_WKS': '${KIPRJMOD}/Templates/KDT_Template_PCB_GIT_A4.kicad_wks', 'FAB_SCALING': 1, 'ASSEMBLY_SCALING': 1, 'EXCLUDE_REFS': '[MB*]', '3D_VIEWER_ROT_X': 2, '3D_VIEWER_ROT_Y': -1, '3D_VIEWER_ROT_Z': 1, '3D_VIEWER_ZOOM': -1, 'KEY_COLOR': '#00FF00', 'OUTPUT_DIR': './', 'REPORT_DIR': 'Reports', 'SCHEMATIC_DIR': 'Schematic', 'MANUFACTURING_DIR': 'Manufacturing', 'ASSEMBLY_DIR': '@MANUFACTURING_DIR@/Assembly', 'FABRICATION_DIR': '@MANUFACTURING_DIR@/Fabrication', 'GERBERS_DIR': '@FABRICATION_DIR@/Gerbers', 'FAB_DRILL_TABLES_DIR': '@FABRICATION_DIR@/Drill Tables', 'TESTING_DIR': 'Testing', 'TESTPOINTS_DIR': '@TESTING_DIR@/Testpoints', 'IMAGES_DIR': 'Images', '3D_DIR': '3D', 'RESOURCES_DIR': 'kibot_resources', 'REPORT_TEMPLATE_DIR': '@RESOURCES_DIR@/templates', 'SCRIPTS_DIR': '@RESOURCES_DIR@/scripts', 'LAYER_TITLE_PAGE': 'TitlePage', 'LAYER_DNP_TOP': 'F.DNP', 'LAYER_DNP_BOTTOM': 'B.DNP', 'LAYER_DRILL_MAP': 'DrillMap', 'LAYER_TP_LIST_TOP': 'F.TestPointList', 'LAYER_TP_LIST_BOTTOM': 'B.TestPointList', 'LAYER_ASSEMBLY_TEXT_TOP': 'F.AssemblyText', 'LAYER_ASSEMBLY_TEXT_BOTTOM': 'B.AssemblyText', 'LAYER_DNP_CROSS_TOP': 'F.DNP', 'LAYER_DNP_CROSS_BOTTOM': 'B.DNP', 'FILT_FIELD_RENAME': 'field_rename', 'FILT_TP_ONLY': 'only_testpoints', 'FILT_TP_EXCLUDE': 'exclude_testpoints', 'FILT_TP_TOP_ONLY': 'only_testpoints_top', 'FILT_TP_BOTTOM_ONLY': 'only_testpoints_bottom', 'SCH_VARIANT_OUTPUT': 'value_split', 'NETLIST_OUTPUT': 'netlist', 'GERBER_OUTPUT': 'gbr_gerbers', 'ODB_OUTPUT': 'zip_odb', 'EXCELLON_DRILL_OUTPUT': 'drl_excellon', 'PDF_DRILL_MAP_OUTPUT': 'pdf_drill_map', 'DXF_DRILL_MAP_OUTPUT': 'dxf_drill_map', 'CSV_DRILL_TABLE_OUTPUT': 'csv_drill_table', 'CSV_POS_OUTPUT': 'csv_position', 'CSV_TP_OUTPUT': 'csv_testpoints', 'CSV_TP_TOP_OUTPUT': 'csv_testpoints_top', 'CSV_TP_BOTTOM_OUTPUT': 'csv_testpoints_bottom', 'CSV_BOM_OUTPUT': 'csv_bom', 'XLSX_BOM_OUTPUT': 'xlsx_bom', 'HTML_IBOM_OUTPUT': 'html_bom_interactive', 'HTML_BOM_OUTPUT': 'html_bom', 'CSV_COMP_COUNT_OUPUT': 'csv_comp_count', 'CSV_IMPEDANCE_TABLE_OUTPUT': 'csv_impedance_table', 'TXT_FAB_NOTES_OUTPUT': 'txt_fabrication_notes', 'TXT_ASSEMBLY_NOTES_OUTPUT': 'txt_assembly_notes', 'PNG_3D_VIEWER_TOP': 'png_3d_viewer_top', 'PNG_3D_VIEWER_BOTTOM': 'png_3d_viewer_bottom', 'PNG_3D_VIEWER_ANGLED_TOP': 'png_3d_viewer_angled_top', 'PNG_3D_VIEWER_ANGLED_BOTTOM': 'png_3d_viewer_angled_bottom', 'STEP_OUTPUT': 'step', 'BLENDER_OUTPUT': 'blender', 'PDF_SCHEMATIC_OUTPUT': 'pdf_schematic', 'PDF_FABRICATION_OUTPUT': 'pdf_fabrication', 'PDF_ASSEMBLY_OUTPUT': 'pdf_assembly', 'ZIP_COMPRESS_FAB_OUTPUT': 'zip_compress_fab', 'HTML_KICANVAS_OUTPUT': 'html_kicanvas', 'HTML_KIRI_OUTPUT': 'html_kiri', 'MD_README_OUTPUT': 'md_readme', 'HTML_NAV_RES_OUTPUT': 'html_navigate_results'} (kibot - config_reader.py:682)
DEBUG:YAML after expanding definitions:
# KiBot output for generating Interactive HTML BoM
# https://kibot.readthedocs.io/en/latest/configuration/outputs/ibom.html

kibot:
  version: 1

outputs:
- name: html_bom
  comment: 'Bill of Materials in HTML format'
  type: bom
  category: 'Manufacturing/Assembly'
  dir: 'Manufacturing/Assembly'
  options:
    format: HTML
    html:
      title: 'Bill of Materials'
      datasheet_as_link: "Datasheet"
      lcsc_link: true
      logo: false
      style: modern-blue

    group_fields: ['Manufacturer Part Number', 'Value']

    columns:
      - "Row"
      - "Quantity Per PCB"
      - "References"
      - "Value"
      - "Datasheet"
      - "Footprint"
      - "Description"
      - "Manufacturer"
      - "Manufacturer Part Number"
      - "Supplier Part Number"
      # - "arrow#"
      # - "digikey#"
      # - "farnell#"
      # - "mouser#"
      # - "newark#"
      # - "rs#"
      # - "tme#"

 (kibot - config_reader.py:688)
DEBUG:Pre-parsing output options for `html_bom` (bom) (kibot - config_reader.py:171)
DEBUG:Outputs loaded from `kibot_yaml/kibot_out_html_bom.yaml`: ['html_bom'] (kibot - config_reader.py:363)
DEBUG:Found local definitions (kibot - config_reader.py:653)
DEBUG:- Local definitions: {'NAME': 'xlsx_costs_bom', 'COMMENT': 'Costs Bill of Materials in XLSX format', 'DIR': 'Manufacturing/Assembly', 'KICOST_CONFIG': '', 'FILT_PRE_TRANSFORM': 'field_rename'} (kibot - config_reader.py:663)
DEBUG:- Current definitions: {'PROJECT_NAME': 'ALB/MLB test', 'BOARD_NAME': 'alb_mlb test', 'COMPANY': 'General Atomics EMS', 'DESIGNER': 'Marcus Reighter', 'LOGO': 'Logos/Logo.png', 'GIT_URL': 'https://github.com/emptyd0nkey/albmlb', 'CHECK_ZONE_FILLS': True, 'STACKUP_TABLE_NOTE': 'external layer thicknesses are specified after plating', 'MPN_FIELD': 'Manufacturer Part Number', 'MAN_FIELD': 'Manufacturer', 'GROUP_ROUND_SLOTS': True, 'GROUP_PTH_NPTH': 'no', 'GROUP_PTH_NPTH_DRL': False, 'PLOT_REFS': True, 'COLOR_THEME': 'Altium_Theme', 'SHEET_WKS': '${KIPRJMOD}/Templates/KDT_Template_PCB_GIT_A4.kicad_wks', 'FAB_SCALING': 1, 'ASSEMBLY_SCALING': 1, 'EXCLUDE_REFS': '[MB*]', '3D_VIEWER_ROT_X': 2, '3D_VIEWER_ROT_Y': -1, '3D_VIEWER_ROT_Z': 1, '3D_VIEWER_ZOOM': -1, 'KEY_COLOR': '#00FF00', 'OUTPUT_DIR': './', 'REPORT_DIR': 'Reports', 'SCHEMATIC_DIR': 'Schematic', 'MANUFACTURING_DIR': 'Manufacturing', 'ASSEMBLY_DIR': '@MANUFACTURING_DIR@/Assembly', 'FABRICATION_DIR': '@MANUFACTURING_DIR@/Fabrication', 'GERBERS_DIR': '@FABRICATION_DIR@/Gerbers', 'FAB_DRILL_TABLES_DIR': '@FABRICATION_DIR@/Drill Tables', 'TESTING_DIR': 'Testing', 'TESTPOINTS_DIR': '@TESTING_DIR@/Testpoints', 'IMAGES_DIR': 'Images', '3D_DIR': '3D', 'RESOURCES_DIR': 'kibot_resources', 'REPORT_TEMPLATE_DIR': '@RESOURCES_DIR@/templates', 'SCRIPTS_DIR': '@RESOURCES_DIR@/scripts', 'LAYER_TITLE_PAGE': 'TitlePage', 'LAYER_DNP_TOP': 'F.DNP', 'LAYER_DNP_BOTTOM': 'B.DNP', 'LAYER_DRILL_MAP': 'DrillMap', 'LAYER_TP_LIST_TOP': 'F.TestPointList', 'LAYER_TP_LIST_BOTTOM': 'B.TestPointList', 'LAYER_ASSEMBLY_TEXT_TOP': 'F.AssemblyText', 'LAYER_ASSEMBLY_TEXT_BOTTOM': 'B.AssemblyText', 'LAYER_DNP_CROSS_TOP': 'F.DNP', 'LAYER_DNP_CROSS_BOTTOM': 'B.DNP', 'FILT_FIELD_RENAME': 'field_rename', 'FILT_TP_ONLY': 'only_testpoints', 'FILT_TP_EXCLUDE': 'exclude_testpoints', 'FILT_TP_TOP_ONLY': 'only_testpoints_top', 'FILT_TP_BOTTOM_ONLY': 'only_testpoints_bottom', 'SCH_VARIANT_OUTPUT': 'value_split', 'NETLIST_OUTPUT': 'netlist', 'GERBER_OUTPUT': 'gbr_gerbers', 'ODB_OUTPUT': 'zip_odb', 'EXCELLON_DRILL_OUTPUT': 'drl_excellon', 'PDF_DRILL_MAP_OUTPUT': 'pdf_drill_map', 'DXF_DRILL_MAP_OUTPUT': 'dxf_drill_map', 'CSV_DRILL_TABLE_OUTPUT': 'csv_drill_table', 'CSV_POS_OUTPUT': 'csv_position', 'CSV_TP_OUTPUT': 'csv_testpoints', 'CSV_TP_TOP_OUTPUT': 'csv_testpoints_top', 'CSV_TP_BOTTOM_OUTPUT': 'csv_testpoints_bottom', 'CSV_BOM_OUTPUT': 'csv_bom', 'XLSX_BOM_OUTPUT': 'xlsx_bom', 'HTML_IBOM_OUTPUT': 'html_bom_interactive', 'HTML_BOM_OUTPUT': 'html_bom', 'CSV_COMP_COUNT_OUPUT': 'csv_comp_count', 'CSV_IMPEDANCE_TABLE_OUTPUT': 'csv_impedance_table', 'TXT_FAB_NOTES_OUTPUT': 'txt_fabrication_notes', 'TXT_ASSEMBLY_NOTES_OUTPUT': 'txt_assembly_notes', 'PNG_3D_VIEWER_TOP': 'png_3d_viewer_top', 'PNG_3D_VIEWER_BOTTOM': 'png_3d_viewer_bottom', 'PNG_3D_VIEWER_ANGLED_TOP': 'png_3d_viewer_angled_top', 'PNG_3D_VIEWER_ANGLED_BOTTOM': 'png_3d_viewer_angled_bottom', 'STEP_OUTPUT': 'step', 'BLENDER_OUTPUT': 'blender', 'PDF_SCHEMATIC_OUTPUT': 'pdf_schematic', 'PDF_FABRICATION_OUTPUT': 'pdf_fabrication', 'PDF_ASSEMBLY_OUTPUT': 'pdf_assembly', 'ZIP_COMPRESS_FAB_OUTPUT': 'zip_compress_fab', 'HTML_KICANVAS_OUTPUT': 'html_kicanvas', 'HTML_KIRI_OUTPUT': 'html_kiri', 'MD_README_OUTPUT': 'md_readme', 'HTML_NAV_RES_OUTPUT': 'html_navigate_results', 'NAME': 'xlsx_bom', 'COMMENT': 'Bill of Materials in XLSX format', 'DIR': 'Manufacturing/Assembly', 'FILT_PRE_TRANSFORM': 'field_rename'} (kibot - config_reader.py:664)
DEBUG:- Updated definitions: {'NAME': 'xlsx_bom', 'COMMENT': 'Bill of Materials in XLSX format', 'DIR': 'Manufacturing/Assembly', 'KICOST_CONFIG': '', 'FILT_PRE_TRANSFORM': 'field_rename', 'PROJECT_NAME': 'ALB/MLB test', 'BOARD_NAME': 'alb_mlb test', 'COMPANY': 'General Atomics EMS', 'DESIGNER': 'Marcus Reighter', 'LOGO': 'Logos/Logo.png', 'GIT_URL': 'https://github.com/emptyd0nkey/albmlb', 'CHECK_ZONE_FILLS': True, 'STACKUP_TABLE_NOTE': 'external layer thicknesses are specified after plating', 'MPN_FIELD': 'Manufacturer Part Number', 'MAN_FIELD': 'Manufacturer', 'GROUP_ROUND_SLOTS': True, 'GROUP_PTH_NPTH': 'no', 'GROUP_PTH_NPTH_DRL': False, 'PLOT_REFS': True, 'COLOR_THEME': 'Altium_Theme', 'SHEET_WKS': '${KIPRJMOD}/Templates/KDT_Template_PCB_GIT_A4.kicad_wks', 'FAB_SCALING': 1, 'ASSEMBLY_SCALING': 1, 'EXCLUDE_REFS': '[MB*]', '3D_VIEWER_ROT_X': 2, '3D_VIEWER_ROT_Y': -1, '3D_VIEWER_ROT_Z': 1, '3D_VIEWER_ZOOM': -1, 'KEY_COLOR': '#00FF00', 'OUTPUT_DIR': './', 'REPORT_DIR': 'Reports', 'SCHEMATIC_DIR': 'Schematic', 'MANUFACTURING_DIR': 'Manufacturing', 'ASSEMBLY_DIR': '@MANUFACTURING_DIR@/Assembly', 'FABRICATION_DIR': '@MANUFACTURING_DIR@/Fabrication', 'GERBERS_DIR': '@FABRICATION_DIR@/Gerbers', 'FAB_DRILL_TABLES_DIR': '@FABRICATION_DIR@/Drill Tables', 'TESTING_DIR': 'Testing', 'TESTPOINTS_DIR': '@TESTING_DIR@/Testpoints', 'IMAGES_DIR': 'Images', '3D_DIR': '3D', 'RESOURCES_DIR': 'kibot_resources', 'REPORT_TEMPLATE_DIR': '@RESOURCES_DIR@/templates', 'SCRIPTS_DIR': '@RESOURCES_DIR@/scripts', 'LAYER_TITLE_PAGE': 'TitlePage', 'LAYER_DNP_TOP': 'F.DNP', 'LAYER_DNP_BOTTOM': 'B.DNP', 'LAYER_DRILL_MAP': 'DrillMap', 'LAYER_TP_LIST_TOP': 'F.TestPointList', 'LAYER_TP_LIST_BOTTOM': 'B.TestPointList', 'LAYER_ASSEMBLY_TEXT_TOP': 'F.AssemblyText', 'LAYER_ASSEMBLY_TEXT_BOTTOM': 'B.AssemblyText', 'LAYER_DNP_CROSS_TOP': 'F.DNP', 'LAYER_DNP_CROSS_BOTTOM': 'B.DNP', 'FILT_FIELD_RENAME': 'field_rename', 'FILT_TP_ONLY': 'only_testpoints', 'FILT_TP_EXCLUDE': 'exclude_testpoints', 'FILT_TP_TOP_ONLY': 'only_testpoints_top', 'FILT_TP_BOTTOM_ONLY': 'only_testpoints_bottom', 'SCH_VARIANT_OUTPUT': 'value_split', 'NETLIST_OUTPUT': 'netlist', 'GERBER_OUTPUT': 'gbr_gerbers', 'ODB_OUTPUT': 'zip_odb', 'EXCELLON_DRILL_OUTPUT': 'drl_excellon', 'PDF_DRILL_MAP_OUTPUT': 'pdf_drill_map', 'DXF_DRILL_MAP_OUTPUT': 'dxf_drill_map', 'CSV_DRILL_TABLE_OUTPUT': 'csv_drill_table', 'CSV_POS_OUTPUT': 'csv_position', 'CSV_TP_OUTPUT': 'csv_testpoints', 'CSV_TP_TOP_OUTPUT': 'csv_testpoints_top', 'CSV_TP_BOTTOM_OUTPUT': 'csv_testpoints_bottom', 'CSV_BOM_OUTPUT': 'csv_bom', 'XLSX_BOM_OUTPUT': 'xlsx_bom', 'HTML_IBOM_OUTPUT': 'html_bom_interactive', 'HTML_BOM_OUTPUT': 'html_bom', 'CSV_COMP_COUNT_OUPUT': 'csv_comp_count', 'CSV_IMPEDANCE_TABLE_OUTPUT': 'csv_impedance_table', 'TXT_FAB_NOTES_OUTPUT': 'txt_fabrication_notes', 'TXT_ASSEMBLY_NOTES_OUTPUT': 'txt_assembly_notes', 'PNG_3D_VIEWER_TOP': 'png_3d_viewer_top', 'PNG_3D_VIEWER_BOTTOM': 'png_3d_viewer_bottom', 'PNG_3D_VIEWER_ANGLED_TOP': 'png_3d_viewer_angled_top', 'PNG_3D_VIEWER_ANGLED_BOTTOM': 'png_3d_viewer_angled_bottom', 'STEP_OUTPUT': 'step', 'BLENDER_OUTPUT': 'blender', 'PDF_SCHEMATIC_OUTPUT': 'pdf_schematic', 'PDF_FABRICATION_OUTPUT': 'pdf_fabrication', 'PDF_ASSEMBLY_OUTPUT': 'pdf_assembly', 'ZIP_COMPRESS_FAB_OUTPUT': 'zip_compress_fab', 'HTML_KICANVAS_OUTPUT': 'html_kicanvas', 'HTML_KIRI_OUTPUT': 'html_kiri', 'MD_README_OUTPUT': 'md_readme', 'HTML_NAV_RES_OUTPUT': 'html_navigate_results'} (kibot - config_reader.py:667)
DEBUG:Applying preprocessor definitions (kibot - config_reader.py:672)
DEBUG:- Applying CLI definitions: {} (kibot - config_reader.py:679)
DEBUG:- Applying collected definitions: {'NAME': 'xlsx_bom', 'COMMENT': 'Bill of Materials in XLSX format', 'DIR': 'Manufacturing/Assembly', 'KICOST_CONFIG': '', 'FILT_PRE_TRANSFORM': 'field_rename', 'PROJECT_NAME': 'ALB/MLB test', 'BOARD_NAME': 'alb_mlb test', 'COMPANY': 'General Atomics EMS', 'DESIGNER': 'Marcus Reighter', 'LOGO': 'Logos/Logo.png', 'GIT_URL': 'https://github.com/emptyd0nkey/albmlb', 'CHECK_ZONE_FILLS': True, 'STACKUP_TABLE_NOTE': 'external layer thicknesses are specified after plating', 'MPN_FIELD': 'Manufacturer Part Number', 'MAN_FIELD': 'Manufacturer', 'GROUP_ROUND_SLOTS': True, 'GROUP_PTH_NPTH': 'no', 'GROUP_PTH_NPTH_DRL': False, 'PLOT_REFS': True, 'COLOR_THEME': 'Altium_Theme', 'SHEET_WKS': '${KIPRJMOD}/Templates/KDT_Template_PCB_GIT_A4.kicad_wks', 'FAB_SCALING': 1, 'ASSEMBLY_SCALING': 1, 'EXCLUDE_REFS': '[MB*]', '3D_VIEWER_ROT_X': 2, '3D_VIEWER_ROT_Y': -1, '3D_VIEWER_ROT_Z': 1, '3D_VIEWER_ZOOM': -1, 'KEY_COLOR': '#00FF00', 'OUTPUT_DIR': './', 'REPORT_DIR': 'Reports', 'SCHEMATIC_DIR': 'Schematic', 'MANUFACTURING_DIR': 'Manufacturing', 'ASSEMBLY_DIR': '@MANUFACTURING_DIR@/Assembly', 'FABRICATION_DIR': '@MANUFACTURING_DIR@/Fabrication', 'GERBERS_DIR': '@FABRICATION_DIR@/Gerbers', 'FAB_DRILL_TABLES_DIR': '@FABRICATION_DIR@/Drill Tables', 'TESTING_DIR': 'Testing', 'TESTPOINTS_DIR': '@TESTING_DIR@/Testpoints', 'IMAGES_DIR': 'Images', '3D_DIR': '3D', 'RESOURCES_DIR': 'kibot_resources', 'REPORT_TEMPLATE_DIR': '@RESOURCES_DIR@/templates', 'SCRIPTS_DIR': '@RESOURCES_DIR@/scripts', 'LAYER_TITLE_PAGE': 'TitlePage', 'LAYER_DNP_TOP': 'F.DNP', 'LAYER_DNP_BOTTOM': 'B.DNP', 'LAYER_DRILL_MAP': 'DrillMap', 'LAYER_TP_LIST_TOP': 'F.TestPointList', 'LAYER_TP_LIST_BOTTOM': 'B.TestPointList', 'LAYER_ASSEMBLY_TEXT_TOP': 'F.AssemblyText', 'LAYER_ASSEMBLY_TEXT_BOTTOM': 'B.AssemblyText', 'LAYER_DNP_CROSS_TOP': 'F.DNP', 'LAYER_DNP_CROSS_BOTTOM': 'B.DNP', 'FILT_FIELD_RENAME': 'field_rename', 'FILT_TP_ONLY': 'only_testpoints', 'FILT_TP_EXCLUDE': 'exclude_testpoints', 'FILT_TP_TOP_ONLY': 'only_testpoints_top', 'FILT_TP_BOTTOM_ONLY': 'only_testpoints_bottom', 'SCH_VARIANT_OUTPUT': 'value_split', 'NETLIST_OUTPUT': 'netlist', 'GERBER_OUTPUT': 'gbr_gerbers', 'ODB_OUTPUT': 'zip_odb', 'EXCELLON_DRILL_OUTPUT': 'drl_excellon', 'PDF_DRILL_MAP_OUTPUT': 'pdf_drill_map', 'DXF_DRILL_MAP_OUTPUT': 'dxf_drill_map', 'CSV_DRILL_TABLE_OUTPUT': 'csv_drill_table', 'CSV_POS_OUTPUT': 'csv_position', 'CSV_TP_OUTPUT': 'csv_testpoints', 'CSV_TP_TOP_OUTPUT': 'csv_testpoints_top', 'CSV_TP_BOTTOM_OUTPUT': 'csv_testpoints_bottom', 'CSV_BOM_OUTPUT': 'csv_bom', 'XLSX_BOM_OUTPUT': 'xlsx_bom', 'HTML_IBOM_OUTPUT': 'html_bom_interactive', 'HTML_BOM_OUTPUT': 'html_bom', 'CSV_COMP_COUNT_OUPUT': 'csv_comp_count', 'CSV_IMPEDANCE_TABLE_OUTPUT': 'csv_impedance_table', 'TXT_FAB_NOTES_OUTPUT': 'txt_fabrication_notes', 'TXT_ASSEMBLY_NOTES_OUTPUT': 'txt_assembly_notes', 'PNG_3D_VIEWER_TOP': 'png_3d_viewer_top', 'PNG_3D_VIEWER_BOTTOM': 'png_3d_viewer_bottom', 'PNG_3D_VIEWER_ANGLED_TOP': 'png_3d_viewer_angled_top', 'PNG_3D_VIEWER_ANGLED_BOTTOM': 'png_3d_viewer_angled_bottom', 'STEP_OUTPUT': 'step', 'BLENDER_OUTPUT': 'blender', 'PDF_SCHEMATIC_OUTPUT': 'pdf_schematic', 'PDF_FABRICATION_OUTPUT': 'pdf_fabrication', 'PDF_ASSEMBLY_OUTPUT': 'pdf_assembly', 'ZIP_COMPRESS_FAB_OUTPUT': 'zip_compress_fab', 'HTML_KICANVAS_OUTPUT': 'html_kicanvas', 'HTML_KIRI_OUTPUT': 'html_kiri', 'MD_README_OUTPUT': 'md_readme', 'HTML_NAV_RES_OUTPUT': 'html_navigate_results'} (kibot - config_reader.py:682)
DEBUG:- Replacing @NAME@ -> xlsx_bom (<class 'str'>) (kibot - config_reader.py:80)
DEBUG:- Replacing @COMMENT@ -> Bill of Materials in XLSX format (<class 'str'>) (kibot - config_reader.py:80)
DEBUG:- Replacing @DIR@ -> Manufacturing/Assembly (<class 'str'>) (kibot - config_reader.py:80)
DEBUG:- Replacing @KICOST_CONFIG@ ->  (<class 'str'>) (kibot - config_reader.py:80)
DEBUG:- Replacing @FILT_PRE_TRANSFORM@ -> field_rename (<class 'str'>) (kibot - config_reader.py:80)
DEBUG:- Applying CLI definitions: {} (kibot - config_reader.py:679)
DEBUG:- Applying collected definitions: {'NAME': 'xlsx_bom', 'COMMENT': 'Bill of Materials in XLSX format', 'DIR': 'Manufacturing/Assembly', 'KICOST_CONFIG': '', 'FILT_PRE_TRANSFORM': 'field_rename', 'PROJECT_NAME': 'ALB/MLB test', 'BOARD_NAME': 'alb_mlb test', 'COMPANY': 'General Atomics EMS', 'DESIGNER': 'Marcus Reighter', 'LOGO': 'Logos/Logo.png', 'GIT_URL': 'https://github.com/emptyd0nkey/albmlb', 'CHECK_ZONE_FILLS': True, 'STACKUP_TABLE_NOTE': 'external layer thicknesses are specified after plating', 'MPN_FIELD': 'Manufacturer Part Number', 'MAN_FIELD': 'Manufacturer', 'GROUP_ROUND_SLOTS': True, 'GROUP_PTH_NPTH': 'no', 'GROUP_PTH_NPTH_DRL': False, 'PLOT_REFS': True, 'COLOR_THEME': 'Altium_Theme', 'SHEET_WKS': '${KIPRJMOD}/Templates/KDT_Template_PCB_GIT_A4.kicad_wks', 'FAB_SCALING': 1, 'ASSEMBLY_SCALING': 1, 'EXCLUDE_REFS': '[MB*]', '3D_VIEWER_ROT_X': 2, '3D_VIEWER_ROT_Y': -1, '3D_VIEWER_ROT_Z': 1, '3D_VIEWER_ZOOM': -1, 'KEY_COLOR': '#00FF00', 'OUTPUT_DIR': './', 'REPORT_DIR': 'Reports', 'SCHEMATIC_DIR': 'Schematic', 'MANUFACTURING_DIR': 'Manufacturing', 'ASSEMBLY_DIR': '@MANUFACTURING_DIR@/Assembly', 'FABRICATION_DIR': '@MANUFACTURING_DIR@/Fabrication', 'GERBERS_DIR': '@FABRICATION_DIR@/Gerbers', 'FAB_DRILL_TABLES_DIR': '@FABRICATION_DIR@/Drill Tables', 'TESTING_DIR': 'Testing', 'TESTPOINTS_DIR': '@TESTING_DIR@/Testpoints', 'IMAGES_DIR': 'Images', '3D_DIR': '3D', 'RESOURCES_DIR': 'kibot_resources', 'REPORT_TEMPLATE_DIR': '@RESOURCES_DIR@/templates', 'SCRIPTS_DIR': '@RESOURCES_DIR@/scripts', 'LAYER_TITLE_PAGE': 'TitlePage', 'LAYER_DNP_TOP': 'F.DNP', 'LAYER_DNP_BOTTOM': 'B.DNP', 'LAYER_DRILL_MAP': 'DrillMap', 'LAYER_TP_LIST_TOP': 'F.TestPointList', 'LAYER_TP_LIST_BOTTOM': 'B.TestPointList', 'LAYER_ASSEMBLY_TEXT_TOP': 'F.AssemblyText', 'LAYER_ASSEMBLY_TEXT_BOTTOM': 'B.AssemblyText', 'LAYER_DNP_CROSS_TOP': 'F.DNP', 'LAYER_DNP_CROSS_BOTTOM': 'B.DNP', 'FILT_FIELD_RENAME': 'field_rename', 'FILT_TP_ONLY': 'only_testpoints', 'FILT_TP_EXCLUDE': 'exclude_testpoints', 'FILT_TP_TOP_ONLY': 'only_testpoints_top', 'FILT_TP_BOTTOM_ONLY': 'only_testpoints_bottom', 'SCH_VARIANT_OUTPUT': 'value_split', 'NETLIST_OUTPUT': 'netlist', 'GERBER_OUTPUT': 'gbr_gerbers', 'ODB_OUTPUT': 'zip_odb', 'EXCELLON_DRILL_OUTPUT': 'drl_excellon', 'PDF_DRILL_MAP_OUTPUT': 'pdf_drill_map', 'DXF_DRILL_MAP_OUTPUT': 'dxf_drill_map', 'CSV_DRILL_TABLE_OUTPUT': 'csv_drill_table', 'CSV_POS_OUTPUT': 'csv_position', 'CSV_TP_OUTPUT': 'csv_testpoints', 'CSV_TP_TOP_OUTPUT': 'csv_testpoints_top', 'CSV_TP_BOTTOM_OUTPUT': 'csv_testpoints_bottom', 'CSV_BOM_OUTPUT': 'csv_bom', 'XLSX_BOM_OUTPUT': 'xlsx_bom', 'HTML_IBOM_OUTPUT': 'html_bom_interactive', 'HTML_BOM_OUTPUT': 'html_bom', 'CSV_COMP_COUNT_OUPUT': 'csv_comp_count', 'CSV_IMPEDANCE_TABLE_OUTPUT': 'csv_impedance_table', 'TXT_FAB_NOTES_OUTPUT': 'txt_fabrication_notes', 'TXT_ASSEMBLY_NOTES_OUTPUT': 'txt_assembly_notes', 'PNG_3D_VIEWER_TOP': 'png_3d_viewer_top', 'PNG_3D_VIEWER_BOTTOM': 'png_3d_viewer_bottom', 'PNG_3D_VIEWER_ANGLED_TOP': 'png_3d_viewer_angled_top', 'PNG_3D_VIEWER_ANGLED_BOTTOM': 'png_3d_viewer_angled_bottom', 'STEP_OUTPUT': 'step', 'BLENDER_OUTPUT': 'blender', 'PDF_SCHEMATIC_OUTPUT': 'pdf_schematic', 'PDF_FABRICATION_OUTPUT': 'pdf_fabrication', 'PDF_ASSEMBLY_OUTPUT': 'pdf_assembly', 'ZIP_COMPRESS_FAB_OUTPUT': 'zip_compress_fab', 'HTML_KICANVAS_OUTPUT': 'html_kicanvas', 'HTML_KIRI_OUTPUT': 'html_kiri', 'MD_README_OUTPUT': 'md_readme', 'HTML_NAV_RES_OUTPUT': 'html_navigate_results'} (kibot - config_reader.py:682)
DEBUG:YAML after expanding definitions:
# KiBot output for generating Bill of Materials in XLSX format
# https://kibot.readthedocs.io/en/latest/configuration/outputs/bom.html

kibot:
  version: 1

outputs:
- name: xlsx_bom
  comment: 'Bill of Materials in XLSX format'
  type: bom
  category: 'Manufacturing/Assembly'
  dir: 'Manufacturing/Assembly'
  options:
    format: XLSX
    pre_transform: 
      - _value_split
      - field_rename
    count_smd_tht: true
    distributors:
        - Mouser
        - Digi-Key
        - TME
        # - Arrow
        # - Farnell
    xlsx:
      title: 'Bill of Materials'
      datasheet_as_link: 'Datasheet'
      logo: false
      style: modern-blue
      kicost: true
      kicost_config: ''
      specs: true

    columns:
      - "Row"
      - "Quantity Per PCB"
      - "References"
      - "Value"
      - "Datasheet"
      - "Footprint"
      - "Description"
      - "manf"
      - "manf#"
      - "Supplier Part Number"
      # - "arrow#"
      # - "digikey#"
      # - "farnell#"
      # - "mouser#"
      # - "newark#"
      # - "rs#"
      # - "tme#"
 (kibot - config_reader.py:688)
DEBUG:Pre-parsing output options for `xlsx_bom` (bom) (kibot - config_reader.py:171)
DEBUG:Outputs loaded from `kibot_yaml/kibot_out_xlsx_bom.yaml`: ['xlsx_bom'] (kibot - config_reader.py:363)
DEBUG:Found local definitions (kibot - config_reader.py:653)
DEBUG:- Local definitions: {'NAME': 'html_bom_interactive', 'COMMENT': 'Interactive BOM in HTML format', 'DIR': 'Manufacturing/Assembly', 'EXCLUDE_FILTER': 'exclude_testpoints', 'TITLE': '', 'MPN_FIELD': 'Manufacturer Part Number'} (kibot - config_reader.py:663)
DEBUG:- Current definitions: {'PROJECT_NAME': 'ALB/MLB test', 'BOARD_NAME': 'alb_mlb test', 'COMPANY': 'General Atomics EMS', 'DESIGNER': 'Marcus Reighter', 'LOGO': 'Logos/Logo.png', 'GIT_URL': 'https://github.com/emptyd0nkey/albmlb', 'CHECK_ZONE_FILLS': True, 'STACKUP_TABLE_NOTE': 'external layer thicknesses are specified after plating', 'MPN_FIELD': 'Manufacturer Part Number', 'MAN_FIELD': 'Manufacturer', 'GROUP_ROUND_SLOTS': True, 'GROUP_PTH_NPTH': 'no', 'GROUP_PTH_NPTH_DRL': False, 'PLOT_REFS': True, 'COLOR_THEME': 'Altium_Theme', 'SHEET_WKS': '${KIPRJMOD}/Templates/KDT_Template_PCB_GIT_A4.kicad_wks', 'FAB_SCALING': 1, 'ASSEMBLY_SCALING': 1, 'EXCLUDE_REFS': '[MB*]', '3D_VIEWER_ROT_X': 2, '3D_VIEWER_ROT_Y': -1, '3D_VIEWER_ROT_Z': 1, '3D_VIEWER_ZOOM': -1, 'KEY_COLOR': '#00FF00', 'OUTPUT_DIR': './', 'REPORT_DIR': 'Reports', 'SCHEMATIC_DIR': 'Schematic', 'MANUFACTURING_DIR': 'Manufacturing', 'ASSEMBLY_DIR': '@MANUFACTURING_DIR@/Assembly', 'FABRICATION_DIR': '@MANUFACTURING_DIR@/Fabrication', 'GERBERS_DIR': '@FABRICATION_DIR@/Gerbers', 'FAB_DRILL_TABLES_DIR': '@FABRICATION_DIR@/Drill Tables', 'TESTING_DIR': 'Testing', 'TESTPOINTS_DIR': '@TESTING_DIR@/Testpoints', 'IMAGES_DIR': 'Images', '3D_DIR': '3D', 'RESOURCES_DIR': 'kibot_resources', 'REPORT_TEMPLATE_DIR': '@RESOURCES_DIR@/templates', 'SCRIPTS_DIR': '@RESOURCES_DIR@/scripts', 'LAYER_TITLE_PAGE': 'TitlePage', 'LAYER_DNP_TOP': 'F.DNP', 'LAYER_DNP_BOTTOM': 'B.DNP', 'LAYER_DRILL_MAP': 'DrillMap', 'LAYER_TP_LIST_TOP': 'F.TestPointList', 'LAYER_TP_LIST_BOTTOM': 'B.TestPointList', 'LAYER_ASSEMBLY_TEXT_TOP': 'F.AssemblyText', 'LAYER_ASSEMBLY_TEXT_BOTTOM': 'B.AssemblyText', 'LAYER_DNP_CROSS_TOP': 'F.DNP', 'LAYER_DNP_CROSS_BOTTOM': 'B.DNP', 'FILT_FIELD_RENAME': 'field_rename', 'FILT_TP_ONLY': 'only_testpoints', 'FILT_TP_EXCLUDE': 'exclude_testpoints', 'FILT_TP_TOP_ONLY': 'only_testpoints_top', 'FILT_TP_BOTTOM_ONLY': 'only_testpoints_bottom', 'SCH_VARIANT_OUTPUT': 'value_split', 'NETLIST_OUTPUT': 'netlist', 'GERBER_OUTPUT': 'gbr_gerbers', 'ODB_OUTPUT': 'zip_odb', 'EXCELLON_DRILL_OUTPUT': 'drl_excellon', 'PDF_DRILL_MAP_OUTPUT': 'pdf_drill_map', 'DXF_DRILL_MAP_OUTPUT': 'dxf_drill_map', 'CSV_DRILL_TABLE_OUTPUT': 'csv_drill_table', 'CSV_POS_OUTPUT': 'csv_position', 'CSV_TP_OUTPUT': 'csv_testpoints', 'CSV_TP_TOP_OUTPUT': 'csv_testpoints_top', 'CSV_TP_BOTTOM_OUTPUT': 'csv_testpoints_bottom', 'CSV_BOM_OUTPUT': 'csv_bom', 'XLSX_BOM_OUTPUT': 'xlsx_bom', 'HTML_IBOM_OUTPUT': 'html_bom_interactive', 'HTML_BOM_OUTPUT': 'html_bom', 'CSV_COMP_COUNT_OUPUT': 'csv_comp_count', 'CSV_IMPEDANCE_TABLE_OUTPUT': 'csv_impedance_table', 'TXT_FAB_NOTES_OUTPUT': 'txt_fabrication_notes', 'TXT_ASSEMBLY_NOTES_OUTPUT': 'txt_assembly_notes', 'PNG_3D_VIEWER_TOP': 'png_3d_viewer_top', 'PNG_3D_VIEWER_BOTTOM': 'png_3d_viewer_bottom', 'PNG_3D_VIEWER_ANGLED_TOP': 'png_3d_viewer_angled_top', 'PNG_3D_VIEWER_ANGLED_BOTTOM': 'png_3d_viewer_angled_bottom', 'STEP_OUTPUT': 'step', 'BLENDER_OUTPUT': 'blender', 'PDF_SCHEMATIC_OUTPUT': 'pdf_schematic', 'PDF_FABRICATION_OUTPUT': 'pdf_fabrication', 'PDF_ASSEMBLY_OUTPUT': 'pdf_assembly', 'ZIP_COMPRESS_FAB_OUTPUT': 'zip_compress_fab', 'HTML_KICANVAS_OUTPUT': 'html_kicanvas', 'HTML_KIRI_OUTPUT': 'html_kiri', 'MD_README_OUTPUT': 'md_readme', 'HTML_NAV_RES_OUTPUT': 'html_navigate_results', 'NAME': 'html_bom_interactive', 'COMMENT': 'Interactive BOM in HTML format', 'DIR': 'Manufacturing/Assembly', 'EXCLUDE_FILTER': 'exclude_testpoints', 'TITLE': 'alb_mlb test Assembly'} (kibot - config_reader.py:664)
DEBUG:- Updated definitions: {'NAME': 'html_bom_interactive', 'COMMENT': 'Interactive BOM in HTML format', 'DIR': 'Manufacturing/Assembly', 'EXCLUDE_FILTER': 'exclude_testpoints', 'TITLE': 'alb_mlb test Assembly', 'MPN_FIELD': 'Manufacturer Part Number', 'PROJECT_NAME': 'ALB/MLB test', 'BOARD_NAME': 'alb_mlb test', 'COMPANY': 'General Atomics EMS', 'DESIGNER': 'Marcus Reighter', 'LOGO': 'Logos/Logo.png', 'GIT_URL': 'https://github.com/emptyd0nkey/albmlb', 'CHECK_ZONE_FILLS': True, 'STACKUP_TABLE_NOTE': 'external layer thicknesses are specified after plating', 'MAN_FIELD': 'Manufacturer', 'GROUP_ROUND_SLOTS': True, 'GROUP_PTH_NPTH': 'no', 'GROUP_PTH_NPTH_DRL': False, 'PLOT_REFS': True, 'COLOR_THEME': 'Altium_Theme', 'SHEET_WKS': '${KIPRJMOD}/Templates/KDT_Template_PCB_GIT_A4.kicad_wks', 'FAB_SCALING': 1, 'ASSEMBLY_SCALING': 1, 'EXCLUDE_REFS': '[MB*]', '3D_VIEWER_ROT_X': 2, '3D_VIEWER_ROT_Y': -1, '3D_VIEWER_ROT_Z': 1, '3D_VIEWER_ZOOM': -1, 'KEY_COLOR': '#00FF00', 'OUTPUT_DIR': './', 'REPORT_DIR': 'Reports', 'SCHEMATIC_DIR': 'Schematic', 'MANUFACTURING_DIR': 'Manufacturing', 'ASSEMBLY_DIR': '@MANUFACTURING_DIR@/Assembly', 'FABRICATION_DIR': '@MANUFACTURING_DIR@/Fabrication', 'GERBERS_DIR': '@FABRICATION_DIR@/Gerbers', 'FAB_DRILL_TABLES_DIR': '@FABRICATION_DIR@/Drill Tables', 'TESTING_DIR': 'Testing', 'TESTPOINTS_DIR': '@TESTING_DIR@/Testpoints', 'IMAGES_DIR': 'Images', '3D_DIR': '3D', 'RESOURCES_DIR': 'kibot_resources', 'REPORT_TEMPLATE_DIR': '@RESOURCES_DIR@/templates', 'SCRIPTS_DIR': '@RESOURCES_DIR@/scripts', 'LAYER_TITLE_PAGE': 'TitlePage', 'LAYER_DNP_TOP': 'F.DNP', 'LAYER_DNP_BOTTOM': 'B.DNP', 'LAYER_DRILL_MAP': 'DrillMap', 'LAYER_TP_LIST_TOP': 'F.TestPointList', 'LAYER_TP_LIST_BOTTOM': 'B.TestPointList', 'LAYER_ASSEMBLY_TEXT_TOP': 'F.AssemblyText', 'LAYER_ASSEMBLY_TEXT_BOTTOM': 'B.AssemblyText', 'LAYER_DNP_CROSS_TOP': 'F.DNP', 'LAYER_DNP_CROSS_BOTTOM': 'B.DNP', 'FILT_FIELD_RENAME': 'field_rename', 'FILT_TP_ONLY': 'only_testpoints', 'FILT_TP_EXCLUDE': 'exclude_testpoints', 'FILT_TP_TOP_ONLY': 'only_testpoints_top', 'FILT_TP_BOTTOM_ONLY': 'only_testpoints_bottom', 'SCH_VARIANT_OUTPUT': 'value_split', 'NETLIST_OUTPUT': 'netlist', 'GERBER_OUTPUT': 'gbr_gerbers', 'ODB_OUTPUT': 'zip_odb', 'EXCELLON_DRILL_OUTPUT': 'drl_excellon', 'PDF_DRILL_MAP_OUTPUT': 'pdf_drill_map', 'DXF_DRILL_MAP_OUTPUT': 'dxf_drill_map', 'CSV_DRILL_TABLE_OUTPUT': 'csv_drill_table', 'CSV_POS_OUTPUT': 'csv_position', 'CSV_TP_OUTPUT': 'csv_testpoints', 'CSV_TP_TOP_OUTPUT': 'csv_testpoints_top', 'CSV_TP_BOTTOM_OUTPUT': 'csv_testpoints_bottom', 'CSV_BOM_OUTPUT': 'csv_bom', 'XLSX_BOM_OUTPUT': 'xlsx_bom', 'HTML_IBOM_OUTPUT': 'html_bom_interactive', 'HTML_BOM_OUTPUT': 'html_bom', 'CSV_COMP_COUNT_OUPUT': 'csv_comp_count', 'CSV_IMPEDANCE_TABLE_OUTPUT': 'csv_impedance_table', 'TXT_FAB_NOTES_OUTPUT': 'txt_fabrication_notes', 'TXT_ASSEMBLY_NOTES_OUTPUT': 'txt_assembly_notes', 'PNG_3D_VIEWER_TOP': 'png_3d_viewer_top', 'PNG_3D_VIEWER_BOTTOM': 'png_3d_viewer_bottom', 'PNG_3D_VIEWER_ANGLED_TOP': 'png_3d_viewer_angled_top', 'PNG_3D_VIEWER_ANGLED_BOTTOM': 'png_3d_viewer_angled_bottom', 'STEP_OUTPUT': 'step', 'BLENDER_OUTPUT': 'blender', 'PDF_SCHEMATIC_OUTPUT': 'pdf_schematic', 'PDF_FABRICATION_OUTPUT': 'pdf_fabrication', 'PDF_ASSEMBLY_OUTPUT': 'pdf_assembly', 'ZIP_COMPRESS_FAB_OUTPUT': 'zip_compress_fab', 'HTML_KICANVAS_OUTPUT': 'html_kicanvas', 'HTML_KIRI_OUTPUT': 'html_kiri', 'MD_README_OUTPUT': 'md_readme', 'HTML_NAV_RES_OUTPUT': 'html_navigate_results'} (kibot - config_reader.py:667)
DEBUG:Applying preprocessor definitions (kibot - config_reader.py:672)
DEBUG:- Applying CLI definitions: {} (kibot - config_reader.py:679)
DEBUG:- Applying collected definitions: {'NAME': 'html_bom_interactive', 'COMMENT': 'Interactive BOM in HTML format', 'DIR': 'Manufacturing/Assembly', 'EXCLUDE_FILTER': 'exclude_testpoints', 'TITLE': 'alb_mlb test Assembly', 'MPN_FIELD': 'Manufacturer Part Number', 'PROJECT_NAME': 'ALB/MLB test', 'BOARD_NAME': 'alb_mlb test', 'COMPANY': 'General Atomics EMS', 'DESIGNER': 'Marcus Reighter', 'LOGO': 'Logos/Logo.png', 'GIT_URL': 'https://github.com/emptyd0nkey/albmlb', 'CHECK_ZONE_FILLS': True, 'STACKUP_TABLE_NOTE': 'external layer thicknesses are specified after plating', 'MAN_FIELD': 'Manufacturer', 'GROUP_ROUND_SLOTS': True, 'GROUP_PTH_NPTH': 'no', 'GROUP_PTH_NPTH_DRL': False, 'PLOT_REFS': True, 'COLOR_THEME': 'Altium_Theme', 'SHEET_WKS': '${KIPRJMOD}/Templates/KDT_Template_PCB_GIT_A4.kicad_wks', 'FAB_SCALING': 1, 'ASSEMBLY_SCALING': 1, 'EXCLUDE_REFS': '[MB*]', '3D_VIEWER_ROT_X': 2, '3D_VIEWER_ROT_Y': -1, '3D_VIEWER_ROT_Z': 1, '3D_VIEWER_ZOOM': -1, 'KEY_COLOR': '#00FF00', 'OUTPUT_DIR': './', 'REPORT_DIR': 'Reports', 'SCHEMATIC_DIR': 'Schematic', 'MANUFACTURING_DIR': 'Manufacturing', 'ASSEMBLY_DIR': '@MANUFACTURING_DIR@/Assembly', 'FABRICATION_DIR': '@MANUFACTURING_DIR@/Fabrication', 'GERBERS_DIR': '@FABRICATION_DIR@/Gerbers', 'FAB_DRILL_TABLES_DIR': '@FABRICATION_DIR@/Drill Tables', 'TESTING_DIR': 'Testing', 'TESTPOINTS_DIR': '@TESTING_DIR@/Testpoints', 'IMAGES_DIR': 'Images', '3D_DIR': '3D', 'RESOURCES_DIR': 'kibot_resources', 'REPORT_TEMPLATE_DIR': '@RESOURCES_DIR@/templates', 'SCRIPTS_DIR': '@RESOURCES_DIR@/scripts', 'LAYER_TITLE_PAGE': 'TitlePage', 'LAYER_DNP_TOP': 'F.DNP', 'LAYER_DNP_BOTTOM': 'B.DNP', 'LAYER_DRILL_MAP': 'DrillMap', 'LAYER_TP_LIST_TOP': 'F.TestPointList', 'LAYER_TP_LIST_BOTTOM': 'B.TestPointList', 'LAYER_ASSEMBLY_TEXT_TOP': 'F.AssemblyText', 'LAYER_ASSEMBLY_TEXT_BOTTOM': 'B.AssemblyText', 'LAYER_DNP_CROSS_TOP': 'F.DNP', 'LAYER_DNP_CROSS_BOTTOM': 'B.DNP', 'FILT_FIELD_RENAME': 'field_rename', 'FILT_TP_ONLY': 'only_testpoints', 'FILT_TP_EXCLUDE': 'exclude_testpoints', 'FILT_TP_TOP_ONLY': 'only_testpoints_top', 'FILT_TP_BOTTOM_ONLY': 'only_testpoints_bottom', 'SCH_VARIANT_OUTPUT': 'value_split', 'NETLIST_OUTPUT': 'netlist', 'GERBER_OUTPUT': 'gbr_gerbers', 'ODB_OUTPUT': 'zip_odb', 'EXCELLON_DRILL_OUTPUT': 'drl_excellon', 'PDF_DRILL_MAP_OUTPUT': 'pdf_drill_map', 'DXF_DRILL_MAP_OUTPUT': 'dxf_drill_map', 'CSV_DRILL_TABLE_OUTPUT': 'csv_drill_table', 'CSV_POS_OUTPUT': 'csv_position', 'CSV_TP_OUTPUT': 'csv_testpoints', 'CSV_TP_TOP_OUTPUT': 'csv_testpoints_top', 'CSV_TP_BOTTOM_OUTPUT': 'csv_testpoints_bottom', 'CSV_BOM_OUTPUT': 'csv_bom', 'XLSX_BOM_OUTPUT': 'xlsx_bom', 'HTML_IBOM_OUTPUT': 'html_bom_interactive', 'HTML_BOM_OUTPUT': 'html_bom', 'CSV_COMP_COUNT_OUPUT': 'csv_comp_count', 'CSV_IMPEDANCE_TABLE_OUTPUT': 'csv_impedance_table', 'TXT_FAB_NOTES_OUTPUT': 'txt_fabrication_notes', 'TXT_ASSEMBLY_NOTES_OUTPUT': 'txt_assembly_notes', 'PNG_3D_VIEWER_TOP': 'png_3d_viewer_top', 'PNG_3D_VIEWER_BOTTOM': 'png_3d_viewer_bottom', 'PNG_3D_VIEWER_ANGLED_TOP': 'png_3d_viewer_angled_top', 'PNG_3D_VIEWER_ANGLED_BOTTOM': 'png_3d_viewer_angled_bottom', 'STEP_OUTPUT': 'step', 'BLENDER_OUTPUT': 'blender', 'PDF_SCHEMATIC_OUTPUT': 'pdf_schematic', 'PDF_FABRICATION_OUTPUT': 'pdf_fabrication', 'PDF_ASSEMBLY_OUTPUT': 'pdf_assembly', 'ZIP_COMPRESS_FAB_OUTPUT': 'zip_compress_fab', 'HTML_KICANVAS_OUTPUT': 'html_kicanvas', 'HTML_KIRI_OUTPUT': 'html_kiri', 'MD_README_OUTPUT': 'md_readme', 'HTML_NAV_RES_OUTPUT': 'html_navigate_results'} (kibot - config_reader.py:682)
DEBUG:- Replacing @NAME@ -> html_bom_interactive (<class 'str'>) (kibot - config_reader.py:80)
DEBUG:- Replacing @COMMENT@ -> Interactive BOM in HTML format (<class 'str'>) (kibot - config_reader.py:80)
DEBUG:- Replacing @DIR@ -> Manufacturing/Assembly (<class 'str'>) (kibot - config_reader.py:80)
DEBUG:- Replacing @EXCLUDE_FILTER@ -> exclude_testpoints (<class 'str'>) (kibot - config_reader.py:80)
DEBUG:- Replacing @TITLE@ -> alb_mlb test Assembly (<class 'str'>) (kibot - config_reader.py:80)
DEBUG:- Replacing @MPN_FIELD@ -> Manufacturer Part Number (<class 'str'>) (kibot - config_reader.py:80)
DEBUG:- Applying CLI definitions: {} (kibot - config_reader.py:679)
DEBUG:- Applying collected definitions: {'NAME': 'html_bom_interactive', 'COMMENT': 'Interactive BOM in HTML format', 'DIR': 'Manufacturing/Assembly', 'EXCLUDE_FILTER': 'exclude_testpoints', 'TITLE': 'alb_mlb test Assembly', 'MPN_FIELD': 'Manufacturer Part Number', 'PROJECT_NAME': 'ALB/MLB test', 'BOARD_NAME': 'alb_mlb test', 'COMPANY': 'General Atomics EMS', 'DESIGNER': 'Marcus Reighter', 'LOGO': 'Logos/Logo.png', 'GIT_URL': 'https://github.com/emptyd0nkey/albmlb', 'CHECK_ZONE_FILLS': True, 'STACKUP_TABLE_NOTE': 'external layer thicknesses are specified after plating', 'MAN_FIELD': 'Manufacturer', 'GROUP_ROUND_SLOTS': True, 'GROUP_PTH_NPTH': 'no', 'GROUP_PTH_NPTH_DRL': False, 'PLOT_REFS': True, 'COLOR_THEME': 'Altium_Theme', 'SHEET_WKS': '${KIPRJMOD}/Templates/KDT_Template_PCB_GIT_A4.kicad_wks', 'FAB_SCALING': 1, 'ASSEMBLY_SCALING': 1, 'EXCLUDE_REFS': '[MB*]', '3D_VIEWER_ROT_X': 2, '3D_VIEWER_ROT_Y': -1, '3D_VIEWER_ROT_Z': 1, '3D_VIEWER_ZOOM': -1, 'KEY_COLOR': '#00FF00', 'OUTPUT_DIR': './', 'REPORT_DIR': 'Reports', 'SCHEMATIC_DIR': 'Schematic', 'MANUFACTURING_DIR': 'Manufacturing', 'ASSEMBLY_DIR': '@MANUFACTURING_DIR@/Assembly', 'FABRICATION_DIR': '@MANUFACTURING_DIR@/Fabrication', 'GERBERS_DIR': '@FABRICATION_DIR@/Gerbers', 'FAB_DRILL_TABLES_DIR': '@FABRICATION_DIR@/Drill Tables', 'TESTING_DIR': 'Testing', 'TESTPOINTS_DIR': '@TESTING_DIR@/Testpoints', 'IMAGES_DIR': 'Images', '3D_DIR': '3D', 'RESOURCES_DIR': 'kibot_resources', 'REPORT_TEMPLATE_DIR': '@RESOURCES_DIR@/templates', 'SCRIPTS_DIR': '@RESOURCES_DIR@/scripts', 'LAYER_TITLE_PAGE': 'TitlePage', 'LAYER_DNP_TOP': 'F.DNP', 'LAYER_DNP_BOTTOM': 'B.DNP', 'LAYER_DRILL_MAP': 'DrillMap', 'LAYER_TP_LIST_TOP': 'F.TestPointList', 'LAYER_TP_LIST_BOTTOM': 'B.TestPointList', 'LAYER_ASSEMBLY_TEXT_TOP': 'F.AssemblyText', 'LAYER_ASSEMBLY_TEXT_BOTTOM': 'B.AssemblyText', 'LAYER_DNP_CROSS_TOP': 'F.DNP', 'LAYER_DNP_CROSS_BOTTOM': 'B.DNP', 'FILT_FIELD_RENAME': 'field_rename', 'FILT_TP_ONLY': 'only_testpoints', 'FILT_TP_EXCLUDE': 'exclude_testpoints', 'FILT_TP_TOP_ONLY': 'only_testpoints_top', 'FILT_TP_BOTTOM_ONLY': 'only_testpoints_bottom', 'SCH_VARIANT_OUTPUT': 'value_split', 'NETLIST_OUTPUT': 'netlist', 'GERBER_OUTPUT': 'gbr_gerbers', 'ODB_OUTPUT': 'zip_odb', 'EXCELLON_DRILL_OUTPUT': 'drl_excellon', 'PDF_DRILL_MAP_OUTPUT': 'pdf_drill_map', 'DXF_DRILL_MAP_OUTPUT': 'dxf_drill_map', 'CSV_DRILL_TABLE_OUTPUT': 'csv_drill_table', 'CSV_POS_OUTPUT': 'csv_position', 'CSV_TP_OUTPUT': 'csv_testpoints', 'CSV_TP_TOP_OUTPUT': 'csv_testpoints_top', 'CSV_TP_BOTTOM_OUTPUT': 'csv_testpoints_bottom', 'CSV_BOM_OUTPUT': 'csv_bom', 'XLSX_BOM_OUTPUT': 'xlsx_bom', 'HTML_IBOM_OUTPUT': 'html_bom_interactive', 'HTML_BOM_OUTPUT': 'html_bom', 'CSV_COMP_COUNT_OUPUT': 'csv_comp_count', 'CSV_IMPEDANCE_TABLE_OUTPUT': 'csv_impedance_table', 'TXT_FAB_NOTES_OUTPUT': 'txt_fabrication_notes', 'TXT_ASSEMBLY_NOTES_OUTPUT': 'txt_assembly_notes', 'PNG_3D_VIEWER_TOP': 'png_3d_viewer_top', 'PNG_3D_VIEWER_BOTTOM': 'png_3d_viewer_bottom', 'PNG_3D_VIEWER_ANGLED_TOP': 'png_3d_viewer_angled_top', 'PNG_3D_VIEWER_ANGLED_BOTTOM': 'png_3d_viewer_angled_bottom', 'STEP_OUTPUT': 'step', 'BLENDER_OUTPUT': 'blender', 'PDF_SCHEMATIC_OUTPUT': 'pdf_schematic', 'PDF_FABRICATION_OUTPUT': 'pdf_fabrication', 'PDF_ASSEMBLY_OUTPUT': 'pdf_assembly', 'ZIP_COMPRESS_FAB_OUTPUT': 'zip_compress_fab', 'HTML_KICANVAS_OUTPUT': 'html_kicanvas', 'HTML_KIRI_OUTPUT': 'html_kiri', 'MD_README_OUTPUT': 'md_readme', 'HTML_NAV_RES_OUTPUT': 'html_navigate_results'} (kibot - config_reader.py:682)
DEBUG:YAML after expanding definitions:
# KiBot output for generating Interactive HTML BoM
# https://kibot.readthedocs.io/en/latest/configuration/outputs/ibom.html

kibot:
  version: 1

outputs:
- name: html_bom_interactive
  comment: 'Interactive BOM in HTML format'
  type: ibom
  dir: 'Manufacturing/Assembly'
  category: 'Manufacturing/Assembly'
  options:
    # extra_data_file: '%F.net'
    dark_mode: true
    show_fields: 'Value,Footprint,Manufacturer Part Number'
    group_fields: 'Value,Manufacturer Part Number'
    show_fabrication: true
    highlight_pin1: "selected"
    exclude_filter: 'exclude_testpoints'
    hide_excluded: true
    forced_name: 'alb_mlb test Assembly'
    mark_when_checked: 'Placed'

 (kibot - config_reader.py:688)
DEBUG:Pre-parsing output options for `html_bom_interactive` (ibom) (kibot - config_reader.py:171)
DEBUG:Outputs loaded from `kibot_yaml/kibot_out_html_ibom.yaml`: ['html_bom_interactive'] (kibot - config_reader.py:363)
DEBUG:Found local definitions (kibot - config_reader.py:653)
DEBUG:- Local definitions: {'NAME': 'csv_report', 'COMMENT': 'Report in CSV format', 'DIR': 'Manufacturing', 'OUTPUT_ID': '', 'TEMPLATE': 'total_components'} (kibot - config_reader.py:663)
DEBUG:- Current definitions: {'PROJECT_NAME': 'ALB/MLB test', 'BOARD_NAME': 'alb_mlb test', 'COMPANY': 'General Atomics EMS', 'DESIGNER': 'Marcus Reighter', 'LOGO': 'Logos/Logo.png', 'GIT_URL': 'https://github.com/emptyd0nkey/albmlb', 'CHECK_ZONE_FILLS': True, 'STACKUP_TABLE_NOTE': 'external layer thicknesses are specified after plating', 'MPN_FIELD': 'Manufacturer Part Number', 'MAN_FIELD': 'Manufacturer', 'GROUP_ROUND_SLOTS': True, 'GROUP_PTH_NPTH': 'no', 'GROUP_PTH_NPTH_DRL': False, 'PLOT_REFS': True, 'COLOR_THEME': 'Altium_Theme', 'SHEET_WKS': '${KIPRJMOD}/Templates/KDT_Template_PCB_GIT_A4.kicad_wks', 'FAB_SCALING': 1, 'ASSEMBLY_SCALING': 1, 'EXCLUDE_REFS': '[MB*]', '3D_VIEWER_ROT_X': 2, '3D_VIEWER_ROT_Y': -1, '3D_VIEWER_ROT_Z': 1, '3D_VIEWER_ZOOM': -1, 'KEY_COLOR': '#00FF00', 'OUTPUT_DIR': './', 'REPORT_DIR': 'Reports', 'SCHEMATIC_DIR': 'Schematic', 'MANUFACTURING_DIR': 'Manufacturing', 'ASSEMBLY_DIR': '@MANUFACTURING_DIR@/Assembly', 'FABRICATION_DIR': '@MANUFACTURING_DIR@/Fabrication', 'GERBERS_DIR': '@FABRICATION_DIR@/Gerbers', 'FAB_DRILL_TABLES_DIR': '@FABRICATION_DIR@/Drill Tables', 'TESTING_DIR': 'Testing', 'TESTPOINTS_DIR': '@TESTING_DIR@/Testpoints', 'IMAGES_DIR': 'Images', '3D_DIR': '3D', 'RESOURCES_DIR': 'kibot_resources', 'REPORT_TEMPLATE_DIR': '@RESOURCES_DIR@/templates', 'SCRIPTS_DIR': '@RESOURCES_DIR@/scripts', 'LAYER_TITLE_PAGE': 'TitlePage', 'LAYER_DNP_TOP': 'F.DNP', 'LAYER_DNP_BOTTOM': 'B.DNP', 'LAYER_DRILL_MAP': 'DrillMap', 'LAYER_TP_LIST_TOP': 'F.TestPointList', 'LAYER_TP_LIST_BOTTOM': 'B.TestPointList', 'LAYER_ASSEMBLY_TEXT_TOP': 'F.AssemblyText', 'LAYER_ASSEMBLY_TEXT_BOTTOM': 'B.AssemblyText', 'LAYER_DNP_CROSS_TOP': 'F.DNP', 'LAYER_DNP_CROSS_BOTTOM': 'B.DNP', 'FILT_FIELD_RENAME': 'field_rename', 'FILT_TP_ONLY': 'only_testpoints', 'FILT_TP_EXCLUDE': 'exclude_testpoints', 'FILT_TP_TOP_ONLY': 'only_testpoints_top', 'FILT_TP_BOTTOM_ONLY': 'only_testpoints_bottom', 'SCH_VARIANT_OUTPUT': 'value_split', 'NETLIST_OUTPUT': 'netlist', 'GERBER_OUTPUT': 'gbr_gerbers', 'ODB_OUTPUT': 'zip_odb', 'EXCELLON_DRILL_OUTPUT': 'drl_excellon', 'PDF_DRILL_MAP_OUTPUT': 'pdf_drill_map', 'DXF_DRILL_MAP_OUTPUT': 'dxf_drill_map', 'CSV_DRILL_TABLE_OUTPUT': 'csv_drill_table', 'CSV_POS_OUTPUT': 'csv_position', 'CSV_TP_OUTPUT': 'csv_testpoints', 'CSV_TP_TOP_OUTPUT': 'csv_testpoints_top', 'CSV_TP_BOTTOM_OUTPUT': 'csv_testpoints_bottom', 'CSV_BOM_OUTPUT': 'csv_bom', 'XLSX_BOM_OUTPUT': 'xlsx_bom', 'HTML_IBOM_OUTPUT': 'html_bom_interactive', 'HTML_BOM_OUTPUT': 'html_bom', 'CSV_COMP_COUNT_OUPUT': 'csv_comp_count', 'CSV_IMPEDANCE_TABLE_OUTPUT': 'csv_impedance_table', 'TXT_FAB_NOTES_OUTPUT': 'txt_fabrication_notes', 'TXT_ASSEMBLY_NOTES_OUTPUT': 'txt_assembly_notes', 'PNG_3D_VIEWER_TOP': 'png_3d_viewer_top', 'PNG_3D_VIEWER_BOTTOM': 'png_3d_viewer_bottom', 'PNG_3D_VIEWER_ANGLED_TOP': 'png_3d_viewer_angled_top', 'PNG_3D_VIEWER_ANGLED_BOTTOM': 'png_3d_viewer_angled_bottom', 'STEP_OUTPUT': 'step', 'BLENDER_OUTPUT': 'blender', 'PDF_SCHEMATIC_OUTPUT': 'pdf_schematic', 'PDF_FABRICATION_OUTPUT': 'pdf_fabrication', 'PDF_ASSEMBLY_OUTPUT': 'pdf_assembly', 'ZIP_COMPRESS_FAB_OUTPUT': 'zip_compress_fab', 'HTML_KICANVAS_OUTPUT': 'html_kicanvas', 'HTML_KIRI_OUTPUT': 'html_kiri', 'MD_README_OUTPUT': 'md_readme', 'HTML_NAV_RES_OUTPUT': 'html_navigate_results', 'NAME': 'csv_comp_count', 'COMMENT': 'Component report (count) in CSV format', 'DIR': 'Manufacturing/Assembly', 'OUTPUT_ID': 'components_count', 'TEMPLATE': 'total_components'} (kibot - config_reader.py:664)
DEBUG:- Updated definitions: {'NAME': 'csv_comp_count', 'COMMENT': 'Component report (count) in CSV format', 'DIR': 'Manufacturing/Assembly', 'OUTPUT_ID': 'components_count', 'TEMPLATE': 'total_components', 'PROJECT_NAME': 'ALB/MLB test', 'BOARD_NAME': 'alb_mlb test', 'COMPANY': 'General Atomics EMS', 'DESIGNER': 'Marcus Reighter', 'LOGO': 'Logos/Logo.png', 'GIT_URL': 'https://github.com/emptyd0nkey/albmlb', 'CHECK_ZONE_FILLS': True, 'STACKUP_TABLE_NOTE': 'external layer thicknesses are specified after plating', 'MPN_FIELD': 'Manufacturer Part Number', 'MAN_FIELD': 'Manufacturer', 'GROUP_ROUND_SLOTS': True, 'GROUP_PTH_NPTH': 'no', 'GROUP_PTH_NPTH_DRL': False, 'PLOT_REFS': True, 'COLOR_THEME': 'Altium_Theme', 'SHEET_WKS': '${KIPRJMOD}/Templates/KDT_Template_PCB_GIT_A4.kicad_wks', 'FAB_SCALING': 1, 'ASSEMBLY_SCALING': 1, 'EXCLUDE_REFS': '[MB*]', '3D_VIEWER_ROT_X': 2, '3D_VIEWER_ROT_Y': -1, '3D_VIEWER_ROT_Z': 1, '3D_VIEWER_ZOOM': -1, 'KEY_COLOR': '#00FF00', 'OUTPUT_DIR': './', 'REPORT_DIR': 'Reports', 'SCHEMATIC_DIR': 'Schematic', 'MANUFACTURING_DIR': 'Manufacturing', 'ASSEMBLY_DIR': '@MANUFACTURING_DIR@/Assembly', 'FABRICATION_DIR': '@MANUFACTURING_DIR@/Fabrication', 'GERBERS_DIR': '@FABRICATION_DIR@/Gerbers', 'FAB_DRILL_TABLES_DIR': '@FABRICATION_DIR@/Drill Tables', 'TESTING_DIR': 'Testing', 'TESTPOINTS_DIR': '@TESTING_DIR@/Testpoints', 'IMAGES_DIR': 'Images', '3D_DIR': '3D', 'RESOURCES_DIR': 'kibot_resources', 'REPORT_TEMPLATE_DIR': '@RESOURCES_DIR@/templates', 'SCRIPTS_DIR': '@RESOURCES_DIR@/scripts', 'LAYER_TITLE_PAGE': 'TitlePage', 'LAYER_DNP_TOP': 'F.DNP', 'LAYER_DNP_BOTTOM': 'B.DNP', 'LAYER_DRILL_MAP': 'DrillMap', 'LAYER_TP_LIST_TOP': 'F.TestPointList', 'LAYER_TP_LIST_BOTTOM': 'B.TestPointList', 'LAYER_ASSEMBLY_TEXT_TOP': 'F.AssemblyText', 'LAYER_ASSEMBLY_TEXT_BOTTOM': 'B.AssemblyText', 'LAYER_DNP_CROSS_TOP': 'F.DNP', 'LAYER_DNP_CROSS_BOTTOM': 'B.DNP', 'FILT_FIELD_RENAME': 'field_rename', 'FILT_TP_ONLY': 'only_testpoints', 'FILT_TP_EXCLUDE': 'exclude_testpoints', 'FILT_TP_TOP_ONLY': 'only_testpoints_top', 'FILT_TP_BOTTOM_ONLY': 'only_testpoints_bottom', 'SCH_VARIANT_OUTPUT': 'value_split', 'NETLIST_OUTPUT': 'netlist', 'GERBER_OUTPUT': 'gbr_gerbers', 'ODB_OUTPUT': 'zip_odb', 'EXCELLON_DRILL_OUTPUT': 'drl_excellon', 'PDF_DRILL_MAP_OUTPUT': 'pdf_drill_map', 'DXF_DRILL_MAP_OUTPUT': 'dxf_drill_map', 'CSV_DRILL_TABLE_OUTPUT': 'csv_drill_table', 'CSV_POS_OUTPUT': 'csv_position', 'CSV_TP_OUTPUT': 'csv_testpoints', 'CSV_TP_TOP_OUTPUT': 'csv_testpoints_top', 'CSV_TP_BOTTOM_OUTPUT': 'csv_testpoints_bottom', 'CSV_BOM_OUTPUT': 'csv_bom', 'XLSX_BOM_OUTPUT': 'xlsx_bom', 'HTML_IBOM_OUTPUT': 'html_bom_interactive', 'HTML_BOM_OUTPUT': 'html_bom', 'CSV_COMP_COUNT_OUPUT': 'csv_comp_count', 'CSV_IMPEDANCE_TABLE_OUTPUT': 'csv_impedance_table', 'TXT_FAB_NOTES_OUTPUT': 'txt_fabrication_notes', 'TXT_ASSEMBLY_NOTES_OUTPUT': 'txt_assembly_notes', 'PNG_3D_VIEWER_TOP': 'png_3d_viewer_top', 'PNG_3D_VIEWER_BOTTOM': 'png_3d_viewer_bottom', 'PNG_3D_VIEWER_ANGLED_TOP': 'png_3d_viewer_angled_top', 'PNG_3D_VIEWER_ANGLED_BOTTOM': 'png_3d_viewer_angled_bottom', 'STEP_OUTPUT': 'step', 'BLENDER_OUTPUT': 'blender', 'PDF_SCHEMATIC_OUTPUT': 'pdf_schematic', 'PDF_FABRICATION_OUTPUT': 'pdf_fabrication', 'PDF_ASSEMBLY_OUTPUT': 'pdf_assembly', 'ZIP_COMPRESS_FAB_OUTPUT': 'zip_compress_fab', 'HTML_KICANVAS_OUTPUT': 'html_kicanvas', 'HTML_KIRI_OUTPUT': 'html_kiri', 'MD_README_OUTPUT': 'md_readme', 'HTML_NAV_RES_OUTPUT': 'html_navigate_results'} (kibot - config_reader.py:667)
DEBUG:Applying preprocessor definitions (kibot - config_reader.py:672)
DEBUG:- Applying CLI definitions: {} (kibot - config_reader.py:679)
DEBUG:- Applying collected definitions: {'NAME': 'csv_comp_count', 'COMMENT': 'Component report (count) in CSV format', 'DIR': 'Manufacturing/Assembly', 'OUTPUT_ID': 'components_count', 'TEMPLATE': 'total_components', 'PROJECT_NAME': 'ALB/MLB test', 'BOARD_NAME': 'alb_mlb test', 'COMPANY': 'General Atomics EMS', 'DESIGNER': 'Marcus Reighter', 'LOGO': 'Logos/Logo.png', 'GIT_URL': 'https://github.com/emptyd0nkey/albmlb', 'CHECK_ZONE_FILLS': True, 'STACKUP_TABLE_NOTE': 'external layer thicknesses are specified after plating', 'MPN_FIELD': 'Manufacturer Part Number', 'MAN_FIELD': 'Manufacturer', 'GROUP_ROUND_SLOTS': True, 'GROUP_PTH_NPTH': 'no', 'GROUP_PTH_NPTH_DRL': False, 'PLOT_REFS': True, 'COLOR_THEME': 'Altium_Theme', 'SHEET_WKS': '${KIPRJMOD}/Templates/KDT_Template_PCB_GIT_A4.kicad_wks', 'FAB_SCALING': 1, 'ASSEMBLY_SCALING': 1, 'EXCLUDE_REFS': '[MB*]', '3D_VIEWER_ROT_X': 2, '3D_VIEWER_ROT_Y': -1, '3D_VIEWER_ROT_Z': 1, '3D_VIEWER_ZOOM': -1, 'KEY_COLOR': '#00FF00', 'OUTPUT_DIR': './', 'REPORT_DIR': 'Reports', 'SCHEMATIC_DIR': 'Schematic', 'MANUFACTURING_DIR': 'Manufacturing', 'ASSEMBLY_DIR': '@MANUFACTURING_DIR@/Assembly', 'FABRICATION_DIR': '@MANUFACTURING_DIR@/Fabrication', 'GERBERS_DIR': '@FABRICATION_DIR@/Gerbers', 'FAB_DRILL_TABLES_DIR': '@FABRICATION_DIR@/Drill Tables', 'TESTING_DIR': 'Testing', 'TESTPOINTS_DIR': '@TESTING_DIR@/Testpoints', 'IMAGES_DIR': 'Images', '3D_DIR': '3D', 'RESOURCES_DIR': 'kibot_resources', 'REPORT_TEMPLATE_DIR': '@RESOURCES_DIR@/templates', 'SCRIPTS_DIR': '@RESOURCES_DIR@/scripts', 'LAYER_TITLE_PAGE': 'TitlePage', 'LAYER_DNP_TOP': 'F.DNP', 'LAYER_DNP_BOTTOM': 'B.DNP', 'LAYER_DRILL_MAP': 'DrillMap', 'LAYER_TP_LIST_TOP': 'F.TestPointList', 'LAYER_TP_LIST_BOTTOM': 'B.TestPointList', 'LAYER_ASSEMBLY_TEXT_TOP': 'F.AssemblyText', 'LAYER_ASSEMBLY_TEXT_BOTTOM': 'B.AssemblyText', 'LAYER_DNP_CROSS_TOP': 'F.DNP', 'LAYER_DNP_CROSS_BOTTOM': 'B.DNP', 'FILT_FIELD_RENAME': 'field_rename', 'FILT_TP_ONLY': 'only_testpoints', 'FILT_TP_EXCLUDE': 'exclude_testpoints', 'FILT_TP_TOP_ONLY': 'only_testpoints_top', 'FILT_TP_BOTTOM_ONLY': 'only_testpoints_bottom', 'SCH_VARIANT_OUTPUT': 'value_split', 'NETLIST_OUTPUT': 'netlist', 'GERBER_OUTPUT': 'gbr_gerbers', 'ODB_OUTPUT': 'zip_odb', 'EXCELLON_DRILL_OUTPUT': 'drl_excellon', 'PDF_DRILL_MAP_OUTPUT': 'pdf_drill_map', 'DXF_DRILL_MAP_OUTPUT': 'dxf_drill_map', 'CSV_DRILL_TABLE_OUTPUT': 'csv_drill_table', 'CSV_POS_OUTPUT': 'csv_position', 'CSV_TP_OUTPUT': 'csv_testpoints', 'CSV_TP_TOP_OUTPUT': 'csv_testpoints_top', 'CSV_TP_BOTTOM_OUTPUT': 'csv_testpoints_bottom', 'CSV_BOM_OUTPUT': 'csv_bom', 'XLSX_BOM_OUTPUT': 'xlsx_bom', 'HTML_IBOM_OUTPUT': 'html_bom_interactive', 'HTML_BOM_OUTPUT': 'html_bom', 'CSV_COMP_COUNT_OUPUT': 'csv_comp_count', 'CSV_IMPEDANCE_TABLE_OUTPUT': 'csv_impedance_table', 'TXT_FAB_NOTES_OUTPUT': 'txt_fabrication_notes', 'TXT_ASSEMBLY_NOTES_OUTPUT': 'txt_assembly_notes', 'PNG_3D_VIEWER_TOP': 'png_3d_viewer_top', 'PNG_3D_VIEWER_BOTTOM': 'png_3d_viewer_bottom', 'PNG_3D_VIEWER_ANGLED_TOP': 'png_3d_viewer_angled_top', 'PNG_3D_VIEWER_ANGLED_BOTTOM': 'png_3d_viewer_angled_bottom', 'STEP_OUTPUT': 'step', 'BLENDER_OUTPUT': 'blender', 'PDF_SCHEMATIC_OUTPUT': 'pdf_schematic', 'PDF_FABRICATION_OUTPUT': 'pdf_fabrication', 'PDF_ASSEMBLY_OUTPUT': 'pdf_assembly', 'ZIP_COMPRESS_FAB_OUTPUT': 'zip_compress_fab', 'HTML_KICANVAS_OUTPUT': 'html_kicanvas', 'HTML_KIRI_OUTPUT': 'html_kiri', 'MD_README_OUTPUT': 'md_readme', 'HTML_NAV_RES_OUTPUT': 'html_navigate_results'} (kibot - config_reader.py:682)
DEBUG:- Replacing @NAME@ -> csv_comp_count (<class 'str'>) (kibot - config_reader.py:80)
DEBUG:- Replacing @COMMENT@ -> Component report (count) in CSV format (<class 'str'>) (kibot - config_reader.py:80)
DEBUG:- Replacing @DIR@ -> Manufacturing/Assembly (<class 'str'>) (kibot - config_reader.py:80)
DEBUG:- Replacing @OUTPUT_ID@ -> components_count (<class 'str'>) (kibot - config_reader.py:80)
DEBUG:- Replacing @TEMPLATE@ -> total_components (<class 'str'>) (kibot - config_reader.py:80)
DEBUG:- Applying CLI definitions: {} (kibot - config_reader.py:679)
DEBUG:- Applying collected definitions: {'NAME': 'csv_comp_count', 'COMMENT': 'Component report (count) in CSV format', 'DIR': 'Manufacturing/Assembly', 'OUTPUT_ID': 'components_count', 'TEMPLATE': 'total_components', 'PROJECT_NAME': 'ALB/MLB test', 'BOARD_NAME': 'alb_mlb test', 'COMPANY': 'General Atomics EMS', 'DESIGNER': 'Marcus Reighter', 'LOGO': 'Logos/Logo.png', 'GIT_URL': 'https://github.com/emptyd0nkey/albmlb', 'CHECK_ZONE_FILLS': True, 'STACKUP_TABLE_NOTE': 'external layer thicknesses are specified after plating', 'MPN_FIELD': 'Manufacturer Part Number', 'MAN_FIELD': 'Manufacturer', 'GROUP_ROUND_SLOTS': True, 'GROUP_PTH_NPTH': 'no', 'GROUP_PTH_NPTH_DRL': False, 'PLOT_REFS': True, 'COLOR_THEME': 'Altium_Theme', 'SHEET_WKS': '${KIPRJMOD}/Templates/KDT_Template_PCB_GIT_A4.kicad_wks', 'FAB_SCALING': 1, 'ASSEMBLY_SCALING': 1, 'EXCLUDE_REFS': '[MB*]', '3D_VIEWER_ROT_X': 2, '3D_VIEWER_ROT_Y': -1, '3D_VIEWER_ROT_Z': 1, '3D_VIEWER_ZOOM': -1, 'KEY_COLOR': '#00FF00', 'OUTPUT_DIR': './', 'REPORT_DIR': 'Reports', 'SCHEMATIC_DIR': 'Schematic', 'MANUFACTURING_DIR': 'Manufacturing', 'ASSEMBLY_DIR': '@MANUFACTURING_DIR@/Assembly', 'FABRICATION_DIR': '@MANUFACTURING_DIR@/Fabrication', 'GERBERS_DIR': '@FABRICATION_DIR@/Gerbers', 'FAB_DRILL_TABLES_DIR': '@FABRICATION_DIR@/Drill Tables', 'TESTING_DIR': 'Testing', 'TESTPOINTS_DIR': '@TESTING_DIR@/Testpoints', 'IMAGES_DIR': 'Images', '3D_DIR': '3D', 'RESOURCES_DIR': 'kibot_resources', 'REPORT_TEMPLATE_DIR': '@RESOURCES_DIR@/templates', 'SCRIPTS_DIR': '@RESOURCES_DIR@/scripts', 'LAYER_TITLE_PAGE': 'TitlePage', 'LAYER_DNP_TOP': 'F.DNP', 'LAYER_DNP_BOTTOM': 'B.DNP', 'LAYER_DRILL_MAP': 'DrillMap', 'LAYER_TP_LIST_TOP': 'F.TestPointList', 'LAYER_TP_LIST_BOTTOM': 'B.TestPointList', 'LAYER_ASSEMBLY_TEXT_TOP': 'F.AssemblyText', 'LAYER_ASSEMBLY_TEXT_BOTTOM': 'B.AssemblyText', 'LAYER_DNP_CROSS_TOP': 'F.DNP', 'LAYER_DNP_CROSS_BOTTOM': 'B.DNP', 'FILT_FIELD_RENAME': 'field_rename', 'FILT_TP_ONLY': 'only_testpoints', 'FILT_TP_EXCLUDE': 'exclude_testpoints', 'FILT_TP_TOP_ONLY': 'only_testpoints_top', 'FILT_TP_BOTTOM_ONLY': 'only_testpoints_bottom', 'SCH_VARIANT_OUTPUT': 'value_split', 'NETLIST_OUTPUT': 'netlist', 'GERBER_OUTPUT': 'gbr_gerbers', 'ODB_OUTPUT': 'zip_odb', 'EXCELLON_DRILL_OUTPUT': 'drl_excellon', 'PDF_DRILL_MAP_OUTPUT': 'pdf_drill_map', 'DXF_DRILL_MAP_OUTPUT': 'dxf_drill_map', 'CSV_DRILL_TABLE_OUTPUT': 'csv_drill_table', 'CSV_POS_OUTPUT': 'csv_position', 'CSV_TP_OUTPUT': 'csv_testpoints', 'CSV_TP_TOP_OUTPUT': 'csv_testpoints_top', 'CSV_TP_BOTTOM_OUTPUT': 'csv_testpoints_bottom', 'CSV_BOM_OUTPUT': 'csv_bom', 'XLSX_BOM_OUTPUT': 'xlsx_bom', 'HTML_IBOM_OUTPUT': 'html_bom_interactive', 'HTML_BOM_OUTPUT': 'html_bom', 'CSV_COMP_COUNT_OUPUT': 'csv_comp_count', 'CSV_IMPEDANCE_TABLE_OUTPUT': 'csv_impedance_table', 'TXT_FAB_NOTES_OUTPUT': 'txt_fabrication_notes', 'TXT_ASSEMBLY_NOTES_OUTPUT': 'txt_assembly_notes', 'PNG_3D_VIEWER_TOP': 'png_3d_viewer_top', 'PNG_3D_VIEWER_BOTTOM': 'png_3d_viewer_bottom', 'PNG_3D_VIEWER_ANGLED_TOP': 'png_3d_viewer_angled_top', 'PNG_3D_VIEWER_ANGLED_BOTTOM': 'png_3d_viewer_angled_bottom', 'STEP_OUTPUT': 'step', 'BLENDER_OUTPUT': 'blender', 'PDF_SCHEMATIC_OUTPUT': 'pdf_schematic', 'PDF_FABRICATION_OUTPUT': 'pdf_fabrication', 'PDF_ASSEMBLY_OUTPUT': 'pdf_assembly', 'ZIP_COMPRESS_FAB_OUTPUT': 'zip_compress_fab', 'HTML_KICANVAS_OUTPUT': 'html_kicanvas', 'HTML_KIRI_OUTPUT': 'html_kiri', 'MD_README_OUTPUT': 'md_readme', 'HTML_NAV_RES_OUTPUT': 'html_navigate_results'} (kibot - config_reader.py:682)
DEBUG:YAML after expanding definitions:
# KiBot output for CSV Report
# https://kibot.readthedocs.io/en/latest/configuration/outputs/report.html

kibot:
  version: 1

outputs:
  - name: csv_comp_count
    comment: 'Component report (count) in CSV format'
    type: report
    category: 'Manufacturing/Assembly'
    dir: 'Manufacturing/Assembly'
    output_id: components_count
    options:
      output: '%f-%I%v.csv'
      template: total_components
      exclude_filter: '_mechanical'
      csv_remove_leading_spaces: true
 (kibot - config_reader.py:688)
DEBUG:Pre-parsing output options for `csv_comp_count` (report) (kibot - config_reader.py:171)
DEBUG:Outputs loaded from `kibot_yaml/kibot_out_csv_report.yaml`: ['csv_comp_count'] (kibot - config_reader.py:363)
DEBUG:Found local definitions (kibot - config_reader.py:653)
DEBUG:- Local definitions: {'NAME': 'csv_report', 'COMMENT': 'Report in CSV format', 'DIR': 'Manufacturing', 'OUTPUT_ID': '', 'TEMPLATE': 'total_components'} (kibot - config_reader.py:663)
DEBUG:- Current definitions: {'PROJECT_NAME': 'ALB/MLB test', 'BOARD_NAME': 'alb_mlb test', 'COMPANY': 'General Atomics EMS', 'DESIGNER': 'Marcus Reighter', 'LOGO': 'Logos/Logo.png', 'GIT_URL': 'https://github.com/emptyd0nkey/albmlb', 'CHECK_ZONE_FILLS': True, 'STACKUP_TABLE_NOTE': 'external layer thicknesses are specified after plating', 'MPN_FIELD': 'Manufacturer Part Number', 'MAN_FIELD': 'Manufacturer', 'GROUP_ROUND_SLOTS': True, 'GROUP_PTH_NPTH': 'no', 'GROUP_PTH_NPTH_DRL': False, 'PLOT_REFS': True, 'COLOR_THEME': 'Altium_Theme', 'SHEET_WKS': '${KIPRJMOD}/Templates/KDT_Template_PCB_GIT_A4.kicad_wks', 'FAB_SCALING': 1, 'ASSEMBLY_SCALING': 1, 'EXCLUDE_REFS': '[MB*]', '3D_VIEWER_ROT_X': 2, '3D_VIEWER_ROT_Y': -1, '3D_VIEWER_ROT_Z': 1, '3D_VIEWER_ZOOM': -1, 'KEY_COLOR': '#00FF00', 'OUTPUT_DIR': './', 'REPORT_DIR': 'Reports', 'SCHEMATIC_DIR': 'Schematic', 'MANUFACTURING_DIR': 'Manufacturing', 'ASSEMBLY_DIR': '@MANUFACTURING_DIR@/Assembly', 'FABRICATION_DIR': '@MANUFACTURING_DIR@/Fabrication', 'GERBERS_DIR': '@FABRICATION_DIR@/Gerbers', 'FAB_DRILL_TABLES_DIR': '@FABRICATION_DIR@/Drill Tables', 'TESTING_DIR': 'Testing', 'TESTPOINTS_DIR': '@TESTING_DIR@/Testpoints', 'IMAGES_DIR': 'Images', '3D_DIR': '3D', 'RESOURCES_DIR': 'kibot_resources', 'REPORT_TEMPLATE_DIR': '@RESOURCES_DIR@/templates', 'SCRIPTS_DIR': '@RESOURCES_DIR@/scripts', 'LAYER_TITLE_PAGE': 'TitlePage', 'LAYER_DNP_TOP': 'F.DNP', 'LAYER_DNP_BOTTOM': 'B.DNP', 'LAYER_DRILL_MAP': 'DrillMap', 'LAYER_TP_LIST_TOP': 'F.TestPointList', 'LAYER_TP_LIST_BOTTOM': 'B.TestPointList', 'LAYER_ASSEMBLY_TEXT_TOP': 'F.AssemblyText', 'LAYER_ASSEMBLY_TEXT_BOTTOM': 'B.AssemblyText', 'LAYER_DNP_CROSS_TOP': 'F.DNP', 'LAYER_DNP_CROSS_BOTTOM': 'B.DNP', 'FILT_FIELD_RENAME': 'field_rename', 'FILT_TP_ONLY': 'only_testpoints', 'FILT_TP_EXCLUDE': 'exclude_testpoints', 'FILT_TP_TOP_ONLY': 'only_testpoints_top', 'FILT_TP_BOTTOM_ONLY': 'only_testpoints_bottom', 'SCH_VARIANT_OUTPUT': 'value_split', 'NETLIST_OUTPUT': 'netlist', 'GERBER_OUTPUT': 'gbr_gerbers', 'ODB_OUTPUT': 'zip_odb', 'EXCELLON_DRILL_OUTPUT': 'drl_excellon', 'PDF_DRILL_MAP_OUTPUT': 'pdf_drill_map', 'DXF_DRILL_MAP_OUTPUT': 'dxf_drill_map', 'CSV_DRILL_TABLE_OUTPUT': 'csv_drill_table', 'CSV_POS_OUTPUT': 'csv_position', 'CSV_TP_OUTPUT': 'csv_testpoints', 'CSV_TP_TOP_OUTPUT': 'csv_testpoints_top', 'CSV_TP_BOTTOM_OUTPUT': 'csv_testpoints_bottom', 'CSV_BOM_OUTPUT': 'csv_bom', 'XLSX_BOM_OUTPUT': 'xlsx_bom', 'HTML_IBOM_OUTPUT': 'html_bom_interactive', 'HTML_BOM_OUTPUT': 'html_bom', 'CSV_COMP_COUNT_OUPUT': 'csv_comp_count', 'CSV_IMPEDANCE_TABLE_OUTPUT': 'csv_impedance_table', 'TXT_FAB_NOTES_OUTPUT': 'txt_fabrication_notes', 'TXT_ASSEMBLY_NOTES_OUTPUT': 'txt_assembly_notes', 'PNG_3D_VIEWER_TOP': 'png_3d_viewer_top', 'PNG_3D_VIEWER_BOTTOM': 'png_3d_viewer_bottom', 'PNG_3D_VIEWER_ANGLED_TOP': 'png_3d_viewer_angled_top', 'PNG_3D_VIEWER_ANGLED_BOTTOM': 'png_3d_viewer_angled_bottom', 'STEP_OUTPUT': 'step', 'BLENDER_OUTPUT': 'blender', 'PDF_SCHEMATIC_OUTPUT': 'pdf_schematic', 'PDF_FABRICATION_OUTPUT': 'pdf_fabrication', 'PDF_ASSEMBLY_OUTPUT': 'pdf_assembly', 'ZIP_COMPRESS_FAB_OUTPUT': 'zip_compress_fab', 'HTML_KICANVAS_OUTPUT': 'html_kicanvas', 'HTML_KIRI_OUTPUT': 'html_kiri', 'MD_README_OUTPUT': 'md_readme', 'HTML_NAV_RES_OUTPUT': 'html_navigate_results', 'NAME': 'csv_impedance_table', 'COMMENT': 'Impedance table in CSV format', 'DIR': 'Manufacturing/Fabrication', 'OUTPUT_ID': 'impedance_table', 'TEMPLATE': 'kibot_resources/templates/impedance_table.txt'} (kibot - config_reader.py:664)
DEBUG:- Updated definitions: {'NAME': 'csv_impedance_table', 'COMMENT': 'Impedance table in CSV format', 'DIR': 'Manufacturing/Fabrication', 'OUTPUT_ID': 'impedance_table', 'TEMPLATE': 'kibot_resources/templates/impedance_table.txt', 'PROJECT_NAME': 'ALB/MLB test', 'BOARD_NAME': 'alb_mlb test', 'COMPANY': 'General Atomics EMS', 'DESIGNER': 'Marcus Reighter', 'LOGO': 'Logos/Logo.png', 'GIT_URL': 'https://github.com/emptyd0nkey/albmlb', 'CHECK_ZONE_FILLS': True, 'STACKUP_TABLE_NOTE': 'external layer thicknesses are specified after plating', 'MPN_FIELD': 'Manufacturer Part Number', 'MAN_FIELD': 'Manufacturer', 'GROUP_ROUND_SLOTS': True, 'GROUP_PTH_NPTH': 'no', 'GROUP_PTH_NPTH_DRL': False, 'PLOT_REFS': True, 'COLOR_THEME': 'Altium_Theme', 'SHEET_WKS': '${KIPRJMOD}/Templates/KDT_Template_PCB_GIT_A4.kicad_wks', 'FAB_SCALING': 1, 'ASSEMBLY_SCALING': 1, 'EXCLUDE_REFS': '[MB*]', '3D_VIEWER_ROT_X': 2, '3D_VIEWER_ROT_Y': -1, '3D_VIEWER_ROT_Z': 1, '3D_VIEWER_ZOOM': -1, 'KEY_COLOR': '#00FF00', 'OUTPUT_DIR': './', 'REPORT_DIR': 'Reports', 'SCHEMATIC_DIR': 'Schematic', 'MANUFACTURING_DIR': 'Manufacturing', 'ASSEMBLY_DIR': '@MANUFACTURING_DIR@/Assembly', 'FABRICATION_DIR': '@MANUFACTURING_DIR@/Fabrication', 'GERBERS_DIR': '@FABRICATION_DIR@/Gerbers', 'FAB_DRILL_TABLES_DIR': '@FABRICATION_DIR@/Drill Tables', 'TESTING_DIR': 'Testing', 'TESTPOINTS_DIR': '@TESTING_DIR@/Testpoints', 'IMAGES_DIR': 'Images', '3D_DIR': '3D', 'RESOURCES_DIR': 'kibot_resources', 'REPORT_TEMPLATE_DIR': '@RESOURCES_DIR@/templates', 'SCRIPTS_DIR': '@RESOURCES_DIR@/scripts', 'LAYER_TITLE_PAGE': 'TitlePage', 'LAYER_DNP_TOP': 'F.DNP', 'LAYER_DNP_BOTTOM': 'B.DNP', 'LAYER_DRILL_MAP': 'DrillMap', 'LAYER_TP_LIST_TOP': 'F.TestPointList', 'LAYER_TP_LIST_BOTTOM': 'B.TestPointList', 'LAYER_ASSEMBLY_TEXT_TOP': 'F.AssemblyText', 'LAYER_ASSEMBLY_TEXT_BOTTOM': 'B.AssemblyText', 'LAYER_DNP_CROSS_TOP': 'F.DNP', 'LAYER_DNP_CROSS_BOTTOM': 'B.DNP', 'FILT_FIELD_RENAME': 'field_rename', 'FILT_TP_ONLY': 'only_testpoints', 'FILT_TP_EXCLUDE': 'exclude_testpoints', 'FILT_TP_TOP_ONLY': 'only_testpoints_top', 'FILT_TP_BOTTOM_ONLY': 'only_testpoints_bottom', 'SCH_VARIANT_OUTPUT': 'value_split', 'NETLIST_OUTPUT': 'netlist', 'GERBER_OUTPUT': 'gbr_gerbers', 'ODB_OUTPUT': 'zip_odb', 'EXCELLON_DRILL_OUTPUT': 'drl_excellon', 'PDF_DRILL_MAP_OUTPUT': 'pdf_drill_map', 'DXF_DRILL_MAP_OUTPUT': 'dxf_drill_map', 'CSV_DRILL_TABLE_OUTPUT': 'csv_drill_table', 'CSV_POS_OUTPUT': 'csv_position', 'CSV_TP_OUTPUT': 'csv_testpoints', 'CSV_TP_TOP_OUTPUT': 'csv_testpoints_top', 'CSV_TP_BOTTOM_OUTPUT': 'csv_testpoints_bottom', 'CSV_BOM_OUTPUT': 'csv_bom', 'XLSX_BOM_OUTPUT': 'xlsx_bom', 'HTML_IBOM_OUTPUT': 'html_bom_interactive', 'HTML_BOM_OUTPUT': 'html_bom', 'CSV_COMP_COUNT_OUPUT': 'csv_comp_count', 'CSV_IMPEDANCE_TABLE_OUTPUT': 'csv_impedance_table', 'TXT_FAB_NOTES_OUTPUT': 'txt_fabrication_notes', 'TXT_ASSEMBLY_NOTES_OUTPUT': 'txt_assembly_notes', 'PNG_3D_VIEWER_TOP': 'png_3d_viewer_top', 'PNG_3D_VIEWER_BOTTOM': 'png_3d_viewer_bottom', 'PNG_3D_VIEWER_ANGLED_TOP': 'png_3d_viewer_angled_top', 'PNG_3D_VIEWER_ANGLED_BOTTOM': 'png_3d_viewer_angled_bottom', 'STEP_OUTPUT': 'step', 'BLENDER_OUTPUT': 'blender', 'PDF_SCHEMATIC_OUTPUT': 'pdf_schematic', 'PDF_FABRICATION_OUTPUT': 'pdf_fabrication', 'PDF_ASSEMBLY_OUTPUT': 'pdf_assembly', 'ZIP_COMPRESS_FAB_OUTPUT': 'zip_compress_fab', 'HTML_KICANVAS_OUTPUT': 'html_kicanvas', 'HTML_KIRI_OUTPUT': 'html_kiri', 'MD_README_OUTPUT': 'md_readme', 'HTML_NAV_RES_OUTPUT': 'html_navigate_results'} (kibot - config_reader.py:667)
DEBUG:Applying preprocessor definitions (kibot - config_reader.py:672)
DEBUG:- Applying CLI definitions: {} (kibot - config_reader.py:679)
DEBUG:- Applying collected definitions: {'NAME': 'csv_impedance_table', 'COMMENT': 'Impedance table in CSV format', 'DIR': 'Manufacturing/Fabrication', 'OUTPUT_ID': 'impedance_table', 'TEMPLATE': 'kibot_resources/templates/impedance_table.txt', 'PROJECT_NAME': 'ALB/MLB test', 'BOARD_NAME': 'alb_mlb test', 'COMPANY': 'General Atomics EMS', 'DESIGNER': 'Marcus Reighter', 'LOGO': 'Logos/Logo.png', 'GIT_URL': 'https://github.com/emptyd0nkey/albmlb', 'CHECK_ZONE_FILLS': True, 'STACKUP_TABLE_NOTE': 'external layer thicknesses are specified after plating', 'MPN_FIELD': 'Manufacturer Part Number', 'MAN_FIELD': 'Manufacturer', 'GROUP_ROUND_SLOTS': True, 'GROUP_PTH_NPTH': 'no', 'GROUP_PTH_NPTH_DRL': False, 'PLOT_REFS': True, 'COLOR_THEME': 'Altium_Theme', 'SHEET_WKS': '${KIPRJMOD}/Templates/KDT_Template_PCB_GIT_A4.kicad_wks', 'FAB_SCALING': 1, 'ASSEMBLY_SCALING': 1, 'EXCLUDE_REFS': '[MB*]', '3D_VIEWER_ROT_X': 2, '3D_VIEWER_ROT_Y': -1, '3D_VIEWER_ROT_Z': 1, '3D_VIEWER_ZOOM': -1, 'KEY_COLOR': '#00FF00', 'OUTPUT_DIR': './', 'REPORT_DIR': 'Reports', 'SCHEMATIC_DIR': 'Schematic', 'MANUFACTURING_DIR': 'Manufacturing', 'ASSEMBLY_DIR': '@MANUFACTURING_DIR@/Assembly', 'FABRICATION_DIR': '@MANUFACTURING_DIR@/Fabrication', 'GERBERS_DIR': '@FABRICATION_DIR@/Gerbers', 'FAB_DRILL_TABLES_DIR': '@FABRICATION_DIR@/Drill Tables', 'TESTING_DIR': 'Testing', 'TESTPOINTS_DIR': '@TESTING_DIR@/Testpoints', 'IMAGES_DIR': 'Images', '3D_DIR': '3D', 'RESOURCES_DIR': 'kibot_resources', 'REPORT_TEMPLATE_DIR': '@RESOURCES_DIR@/templates', 'SCRIPTS_DIR': '@RESOURCES_DIR@/scripts', 'LAYER_TITLE_PAGE': 'TitlePage', 'LAYER_DNP_TOP': 'F.DNP', 'LAYER_DNP_BOTTOM': 'B.DNP', 'LAYER_DRILL_MAP': 'DrillMap', 'LAYER_TP_LIST_TOP': 'F.TestPointList', 'LAYER_TP_LIST_BOTTOM': 'B.TestPointList', 'LAYER_ASSEMBLY_TEXT_TOP': 'F.AssemblyText', 'LAYER_ASSEMBLY_TEXT_BOTTOM': 'B.AssemblyText', 'LAYER_DNP_CROSS_TOP': 'F.DNP', 'LAYER_DNP_CROSS_BOTTOM': 'B.DNP', 'FILT_FIELD_RENAME': 'field_rename', 'FILT_TP_ONLY': 'only_testpoints', 'FILT_TP_EXCLUDE': 'exclude_testpoints', 'FILT_TP_TOP_ONLY': 'only_testpoints_top', 'FILT_TP_BOTTOM_ONLY': 'only_testpoints_bottom', 'SCH_VARIANT_OUTPUT': 'value_split', 'NETLIST_OUTPUT': 'netlist', 'GERBER_OUTPUT': 'gbr_gerbers', 'ODB_OUTPUT': 'zip_odb', 'EXCELLON_DRILL_OUTPUT': 'drl_excellon', 'PDF_DRILL_MAP_OUTPUT': 'pdf_drill_map', 'DXF_DRILL_MAP_OUTPUT': 'dxf_drill_map', 'CSV_DRILL_TABLE_OUTPUT': 'csv_drill_table', 'CSV_POS_OUTPUT': 'csv_position', 'CSV_TP_OUTPUT': 'csv_testpoints', 'CSV_TP_TOP_OUTPUT': 'csv_testpoints_top', 'CSV_TP_BOTTOM_OUTPUT': 'csv_testpoints_bottom', 'CSV_BOM_OUTPUT': 'csv_bom', 'XLSX_BOM_OUTPUT': 'xlsx_bom', 'HTML_IBOM_OUTPUT': 'html_bom_interactive', 'HTML_BOM_OUTPUT': 'html_bom', 'CSV_COMP_COUNT_OUPUT': 'csv_comp_count', 'CSV_IMPEDANCE_TABLE_OUTPUT': 'csv_impedance_table', 'TXT_FAB_NOTES_OUTPUT': 'txt_fabrication_notes', 'TXT_ASSEMBLY_NOTES_OUTPUT': 'txt_assembly_notes', 'PNG_3D_VIEWER_TOP': 'png_3d_viewer_top', 'PNG_3D_VIEWER_BOTTOM': 'png_3d_viewer_bottom', 'PNG_3D_VIEWER_ANGLED_TOP': 'png_3d_viewer_angled_top', 'PNG_3D_VIEWER_ANGLED_BOTTOM': 'png_3d_viewer_angled_bottom', 'STEP_OUTPUT': 'step', 'BLENDER_OUTPUT': 'blender', 'PDF_SCHEMATIC_OUTPUT': 'pdf_schematic', 'PDF_FABRICATION_OUTPUT': 'pdf_fabrication', 'PDF_ASSEMBLY_OUTPUT': 'pdf_assembly', 'ZIP_COMPRESS_FAB_OUTPUT': 'zip_compress_fab', 'HTML_KICANVAS_OUTPUT': 'html_kicanvas', 'HTML_KIRI_OUTPUT': 'html_kiri', 'MD_README_OUTPUT': 'md_readme', 'HTML_NAV_RES_OUTPUT': 'html_navigate_results'} (kibot - config_reader.py:682)
DEBUG:- Replacing @NAME@ -> csv_impedance_table (<class 'str'>) (kibot - config_reader.py:80)
DEBUG:- Replacing @COMMENT@ -> Impedance table in CSV format (<class 'str'>) (kibot - config_reader.py:80)
DEBUG:- Replacing @DIR@ -> Manufacturing/Fabrication (<class 'str'>) (kibot - config_reader.py:80)
DEBUG:- Replacing @OUTPUT_ID@ -> impedance_table (<class 'str'>) (kibot - config_reader.py:80)
DEBUG:- Replacing @TEMPLATE@ -> kibot_resources/templates/impedance_table.txt (<class 'str'>) (kibot - config_reader.py:80)
DEBUG:- Applying CLI definitions: {} (kibot - config_reader.py:679)
DEBUG:- Applying collected definitions: {'NAME': 'csv_impedance_table', 'COMMENT': 'Impedance table in CSV format', 'DIR': 'Manufacturing/Fabrication', 'OUTPUT_ID': 'impedance_table', 'TEMPLATE': 'kibot_resources/templates/impedance_table.txt', 'PROJECT_NAME': 'ALB/MLB test', 'BOARD_NAME': 'alb_mlb test', 'COMPANY': 'General Atomics EMS', 'DESIGNER': 'Marcus Reighter', 'LOGO': 'Logos/Logo.png', 'GIT_URL': 'https://github.com/emptyd0nkey/albmlb', 'CHECK_ZONE_FILLS': True, 'STACKUP_TABLE_NOTE': 'external layer thicknesses are specified after plating', 'MPN_FIELD': 'Manufacturer Part Number', 'MAN_FIELD': 'Manufacturer', 'GROUP_ROUND_SLOTS': True, 'GROUP_PTH_NPTH': 'no', 'GROUP_PTH_NPTH_DRL': False, 'PLOT_REFS': True, 'COLOR_THEME': 'Altium_Theme', 'SHEET_WKS': '${KIPRJMOD}/Templates/KDT_Template_PCB_GIT_A4.kicad_wks', 'FAB_SCALING': 1, 'ASSEMBLY_SCALING': 1, 'EXCLUDE_REFS': '[MB*]', '3D_VIEWER_ROT_X': 2, '3D_VIEWER_ROT_Y': -1, '3D_VIEWER_ROT_Z': 1, '3D_VIEWER_ZOOM': -1, 'KEY_COLOR': '#00FF00', 'OUTPUT_DIR': './', 'REPORT_DIR': 'Reports', 'SCHEMATIC_DIR': 'Schematic', 'MANUFACTURING_DIR': 'Manufacturing', 'ASSEMBLY_DIR': '@MANUFACTURING_DIR@/Assembly', 'FABRICATION_DIR': '@MANUFACTURING_DIR@/Fabrication', 'GERBERS_DIR': '@FABRICATION_DIR@/Gerbers', 'FAB_DRILL_TABLES_DIR': '@FABRICATION_DIR@/Drill Tables', 'TESTING_DIR': 'Testing', 'TESTPOINTS_DIR': '@TESTING_DIR@/Testpoints', 'IMAGES_DIR': 'Images', '3D_DIR': '3D', 'RESOURCES_DIR': 'kibot_resources', 'REPORT_TEMPLATE_DIR': '@RESOURCES_DIR@/templates', 'SCRIPTS_DIR': '@RESOURCES_DIR@/scripts', 'LAYER_TITLE_PAGE': 'TitlePage', 'LAYER_DNP_TOP': 'F.DNP', 'LAYER_DNP_BOTTOM': 'B.DNP', 'LAYER_DRILL_MAP': 'DrillMap', 'LAYER_TP_LIST_TOP': 'F.TestPointList', 'LAYER_TP_LIST_BOTTOM': 'B.TestPointList', 'LAYER_ASSEMBLY_TEXT_TOP': 'F.AssemblyText', 'LAYER_ASSEMBLY_TEXT_BOTTOM': 'B.AssemblyText', 'LAYER_DNP_CROSS_TOP': 'F.DNP', 'LAYER_DNP_CROSS_BOTTOM': 'B.DNP', 'FILT_FIELD_RENAME': 'field_rename', 'FILT_TP_ONLY': 'only_testpoints', 'FILT_TP_EXCLUDE': 'exclude_testpoints', 'FILT_TP_TOP_ONLY': 'only_testpoints_top', 'FILT_TP_BOTTOM_ONLY': 'only_testpoints_bottom', 'SCH_VARIANT_OUTPUT': 'value_split', 'NETLIST_OUTPUT': 'netlist', 'GERBER_OUTPUT': 'gbr_gerbers', 'ODB_OUTPUT': 'zip_odb', 'EXCELLON_DRILL_OUTPUT': 'drl_excellon', 'PDF_DRILL_MAP_OUTPUT': 'pdf_drill_map', 'DXF_DRILL_MAP_OUTPUT': 'dxf_drill_map', 'CSV_DRILL_TABLE_OUTPUT': 'csv_drill_table', 'CSV_POS_OUTPUT': 'csv_position', 'CSV_TP_OUTPUT': 'csv_testpoints', 'CSV_TP_TOP_OUTPUT': 'csv_testpoints_top', 'CSV_TP_BOTTOM_OUTPUT': 'csv_testpoints_bottom', 'CSV_BOM_OUTPUT': 'csv_bom', 'XLSX_BOM_OUTPUT': 'xlsx_bom', 'HTML_IBOM_OUTPUT': 'html_bom_interactive', 'HTML_BOM_OUTPUT': 'html_bom', 'CSV_COMP_COUNT_OUPUT': 'csv_comp_count', 'CSV_IMPEDANCE_TABLE_OUTPUT': 'csv_impedance_table', 'TXT_FAB_NOTES_OUTPUT': 'txt_fabrication_notes', 'TXT_ASSEMBLY_NOTES_OUTPUT': 'txt_assembly_notes', 'PNG_3D_VIEWER_TOP': 'png_3d_viewer_top', 'PNG_3D_VIEWER_BOTTOM': 'png_3d_viewer_bottom', 'PNG_3D_VIEWER_ANGLED_TOP': 'png_3d_viewer_angled_top', 'PNG_3D_VIEWER_ANGLED_BOTTOM': 'png_3d_viewer_angled_bottom', 'STEP_OUTPUT': 'step', 'BLENDER_OUTPUT': 'blender', 'PDF_SCHEMATIC_OUTPUT': 'pdf_schematic', 'PDF_FABRICATION_OUTPUT': 'pdf_fabrication', 'PDF_ASSEMBLY_OUTPUT': 'pdf_assembly', 'ZIP_COMPRESS_FAB_OUTPUT': 'zip_compress_fab', 'HTML_KICANVAS_OUTPUT': 'html_kicanvas', 'HTML_KIRI_OUTPUT': 'html_kiri', 'MD_README_OUTPUT': 'md_readme', 'HTML_NAV_RES_OUTPUT': 'html_navigate_results'} (kibot - config_reader.py:682)
DEBUG:YAML after expanding definitions:
# KiBot output for CSV Report
# https://kibot.readthedocs.io/en/latest/configuration/outputs/report.html

kibot:
  version: 1

outputs:
  - name: csv_impedance_table
    comment: 'Impedance table in CSV format'
    type: report
    category: 'Manufacturing/Fabrication'
    dir: 'Manufacturing/Fabrication'
    output_id: impedance_table
    options:
      output: '%f-%I%v.csv'
      template: kibot_resources/templates/impedance_table.txt
      exclude_filter: '_mechanical'
      csv_remove_leading_spaces: true
 (kibot - config_reader.py:688)
DEBUG:Pre-parsing output options for `csv_impedance_table` (report) (kibot - config_reader.py:171)
DEBUG:Outputs loaded from `kibot_yaml/kibot_out_csv_report.yaml`: ['csv_impedance_table'] (kibot - config_reader.py:363)
DEBUG:Found local definitions (kibot - config_reader.py:653)
DEBUG:- Local definitions: {'NAME': 'txt_fabrication_notes', 'COMMENT': 'Report', 'DIR': 'Manufacturing', 'OUTPUT_ID': '_notes', 'TEMPLATE': 'kibot_ressources/template/fabrication_notes.txt'} (kibot - config_reader.py:663)
DEBUG:- Current definitions: {'PROJECT_NAME': 'ALB/MLB test', 'BOARD_NAME': 'alb_mlb test', 'COMPANY': 'General Atomics EMS', 'DESIGNER': 'Marcus Reighter', 'LOGO': 'Logos/Logo.png', 'GIT_URL': 'https://github.com/emptyd0nkey/albmlb', 'CHECK_ZONE_FILLS': True, 'STACKUP_TABLE_NOTE': 'external layer thicknesses are specified after plating', 'MPN_FIELD': 'Manufacturer Part Number', 'MAN_FIELD': 'Manufacturer', 'GROUP_ROUND_SLOTS': True, 'GROUP_PTH_NPTH': 'no', 'GROUP_PTH_NPTH_DRL': False, 'PLOT_REFS': True, 'COLOR_THEME': 'Altium_Theme', 'SHEET_WKS': '${KIPRJMOD}/Templates/KDT_Template_PCB_GIT_A4.kicad_wks', 'FAB_SCALING': 1, 'ASSEMBLY_SCALING': 1, 'EXCLUDE_REFS': '[MB*]', '3D_VIEWER_ROT_X': 2, '3D_VIEWER_ROT_Y': -1, '3D_VIEWER_ROT_Z': 1, '3D_VIEWER_ZOOM': -1, 'KEY_COLOR': '#00FF00', 'OUTPUT_DIR': './', 'REPORT_DIR': 'Reports', 'SCHEMATIC_DIR': 'Schematic', 'MANUFACTURING_DIR': 'Manufacturing', 'ASSEMBLY_DIR': '@MANUFACTURING_DIR@/Assembly', 'FABRICATION_DIR': '@MANUFACTURING_DIR@/Fabrication', 'GERBERS_DIR': '@FABRICATION_DIR@/Gerbers', 'FAB_DRILL_TABLES_DIR': '@FABRICATION_DIR@/Drill Tables', 'TESTING_DIR': 'Testing', 'TESTPOINTS_DIR': '@TESTING_DIR@/Testpoints', 'IMAGES_DIR': 'Images', '3D_DIR': '3D', 'RESOURCES_DIR': 'kibot_resources', 'REPORT_TEMPLATE_DIR': '@RESOURCES_DIR@/templates', 'SCRIPTS_DIR': '@RESOURCES_DIR@/scripts', 'LAYER_TITLE_PAGE': 'TitlePage', 'LAYER_DNP_TOP': 'F.DNP', 'LAYER_DNP_BOTTOM': 'B.DNP', 'LAYER_DRILL_MAP': 'DrillMap', 'LAYER_TP_LIST_TOP': 'F.TestPointList', 'LAYER_TP_LIST_BOTTOM': 'B.TestPointList', 'LAYER_ASSEMBLY_TEXT_TOP': 'F.AssemblyText', 'LAYER_ASSEMBLY_TEXT_BOTTOM': 'B.AssemblyText', 'LAYER_DNP_CROSS_TOP': 'F.DNP', 'LAYER_DNP_CROSS_BOTTOM': 'B.DNP', 'FILT_FIELD_RENAME': 'field_rename', 'FILT_TP_ONLY': 'only_testpoints', 'FILT_TP_EXCLUDE': 'exclude_testpoints', 'FILT_TP_TOP_ONLY': 'only_testpoints_top', 'FILT_TP_BOTTOM_ONLY': 'only_testpoints_bottom', 'SCH_VARIANT_OUTPUT': 'value_split', 'NETLIST_OUTPUT': 'netlist', 'GERBER_OUTPUT': 'gbr_gerbers', 'ODB_OUTPUT': 'zip_odb', 'EXCELLON_DRILL_OUTPUT': 'drl_excellon', 'PDF_DRILL_MAP_OUTPUT': 'pdf_drill_map', 'DXF_DRILL_MAP_OUTPUT': 'dxf_drill_map', 'CSV_DRILL_TABLE_OUTPUT': 'csv_drill_table', 'CSV_POS_OUTPUT': 'csv_position', 'CSV_TP_OUTPUT': 'csv_testpoints', 'CSV_TP_TOP_OUTPUT': 'csv_testpoints_top', 'CSV_TP_BOTTOM_OUTPUT': 'csv_testpoints_bottom', 'CSV_BOM_OUTPUT': 'csv_bom', 'XLSX_BOM_OUTPUT': 'xlsx_bom', 'HTML_IBOM_OUTPUT': 'html_bom_interactive', 'HTML_BOM_OUTPUT': 'html_bom', 'CSV_COMP_COUNT_OUPUT': 'csv_comp_count', 'CSV_IMPEDANCE_TABLE_OUTPUT': 'csv_impedance_table', 'TXT_FAB_NOTES_OUTPUT': 'txt_fabrication_notes', 'TXT_ASSEMBLY_NOTES_OUTPUT': 'txt_assembly_notes', 'PNG_3D_VIEWER_TOP': 'png_3d_viewer_top', 'PNG_3D_VIEWER_BOTTOM': 'png_3d_viewer_bottom', 'PNG_3D_VIEWER_ANGLED_TOP': 'png_3d_viewer_angled_top', 'PNG_3D_VIEWER_ANGLED_BOTTOM': 'png_3d_viewer_angled_bottom', 'STEP_OUTPUT': 'step', 'BLENDER_OUTPUT': 'blender', 'PDF_SCHEMATIC_OUTPUT': 'pdf_schematic', 'PDF_FABRICATION_OUTPUT': 'pdf_fabrication', 'PDF_ASSEMBLY_OUTPUT': 'pdf_assembly', 'ZIP_COMPRESS_FAB_OUTPUT': 'zip_compress_fab', 'HTML_KICANVAS_OUTPUT': 'html_kicanvas', 'HTML_KIRI_OUTPUT': 'html_kiri', 'MD_README_OUTPUT': 'md_readme', 'HTML_NAV_RES_OUTPUT': 'html_navigate_results', 'NAME': 'txt_fabrication_notes', 'COMMENT': 'Fabrication notes in TXT format', 'DIR': 'Manufacturing/Fabrication', 'OUTPUT_ID': 'fabrication_notes', 'TEMPLATE': 'kibot_resources/templates/fabrication_notes.txt'} (kibot - config_reader.py:664)
DEBUG:- Updated definitions: {'NAME': 'txt_fabrication_notes', 'COMMENT': 'Fabrication notes in TXT format', 'DIR': 'Manufacturing/Fabrication', 'OUTPUT_ID': 'fabrication_notes', 'TEMPLATE': 'kibot_resources/templates/fabrication_notes.txt', 'PROJECT_NAME': 'ALB/MLB test', 'BOARD_NAME': 'alb_mlb test', 'COMPANY': 'General Atomics EMS', 'DESIGNER': 'Marcus Reighter', 'LOGO': 'Logos/Logo.png', 'GIT_URL': 'https://github.com/emptyd0nkey/albmlb', 'CHECK_ZONE_FILLS': True, 'STACKUP_TABLE_NOTE': 'external layer thicknesses are specified after plating', 'MPN_FIELD': 'Manufacturer Part Number', 'MAN_FIELD': 'Manufacturer', 'GROUP_ROUND_SLOTS': True, 'GROUP_PTH_NPTH': 'no', 'GROUP_PTH_NPTH_DRL': False, 'PLOT_REFS': True, 'COLOR_THEME': 'Altium_Theme', 'SHEET_WKS': '${KIPRJMOD}/Templates/KDT_Template_PCB_GIT_A4.kicad_wks', 'FAB_SCALING': 1, 'ASSEMBLY_SCALING': 1, 'EXCLUDE_REFS': '[MB*]', '3D_VIEWER_ROT_X': 2, '3D_VIEWER_ROT_Y': -1, '3D_VIEWER_ROT_Z': 1, '3D_VIEWER_ZOOM': -1, 'KEY_COLOR': '#00FF00', 'OUTPUT_DIR': './', 'REPORT_DIR': 'Reports', 'SCHEMATIC_DIR': 'Schematic', 'MANUFACTURING_DIR': 'Manufacturing', 'ASSEMBLY_DIR': '@MANUFACTURING_DIR@/Assembly', 'FABRICATION_DIR': '@MANUFACTURING_DIR@/Fabrication', 'GERBERS_DIR': '@FABRICATION_DIR@/Gerbers', 'FAB_DRILL_TABLES_DIR': '@FABRICATION_DIR@/Drill Tables', 'TESTING_DIR': 'Testing', 'TESTPOINTS_DIR': '@TESTING_DIR@/Testpoints', 'IMAGES_DIR': 'Images', '3D_DIR': '3D', 'RESOURCES_DIR': 'kibot_resources', 'REPORT_TEMPLATE_DIR': '@RESOURCES_DIR@/templates', 'SCRIPTS_DIR': '@RESOURCES_DIR@/scripts', 'LAYER_TITLE_PAGE': 'TitlePage', 'LAYER_DNP_TOP': 'F.DNP', 'LAYER_DNP_BOTTOM': 'B.DNP', 'LAYER_DRILL_MAP': 'DrillMap', 'LAYER_TP_LIST_TOP': 'F.TestPointList', 'LAYER_TP_LIST_BOTTOM': 'B.TestPointList', 'LAYER_ASSEMBLY_TEXT_TOP': 'F.AssemblyText', 'LAYER_ASSEMBLY_TEXT_BOTTOM': 'B.AssemblyText', 'LAYER_DNP_CROSS_TOP': 'F.DNP', 'LAYER_DNP_CROSS_BOTTOM': 'B.DNP', 'FILT_FIELD_RENAME': 'field_rename', 'FILT_TP_ONLY': 'only_testpoints', 'FILT_TP_EXCLUDE': 'exclude_testpoints', 'FILT_TP_TOP_ONLY': 'only_testpoints_top', 'FILT_TP_BOTTOM_ONLY': 'only_testpoints_bottom', 'SCH_VARIANT_OUTPUT': 'value_split', 'NETLIST_OUTPUT': 'netlist', 'GERBER_OUTPUT': 'gbr_gerbers', 'ODB_OUTPUT': 'zip_odb', 'EXCELLON_DRILL_OUTPUT': 'drl_excellon', 'PDF_DRILL_MAP_OUTPUT': 'pdf_drill_map', 'DXF_DRILL_MAP_OUTPUT': 'dxf_drill_map', 'CSV_DRILL_TABLE_OUTPUT': 'csv_drill_table', 'CSV_POS_OUTPUT': 'csv_position', 'CSV_TP_OUTPUT': 'csv_testpoints', 'CSV_TP_TOP_OUTPUT': 'csv_testpoints_top', 'CSV_TP_BOTTOM_OUTPUT': 'csv_testpoints_bottom', 'CSV_BOM_OUTPUT': 'csv_bom', 'XLSX_BOM_OUTPUT': 'xlsx_bom', 'HTML_IBOM_OUTPUT': 'html_bom_interactive', 'HTML_BOM_OUTPUT': 'html_bom', 'CSV_COMP_COUNT_OUPUT': 'csv_comp_count', 'CSV_IMPEDANCE_TABLE_OUTPUT': 'csv_impedance_table', 'TXT_FAB_NOTES_OUTPUT': 'txt_fabrication_notes', 'TXT_ASSEMBLY_NOTES_OUTPUT': 'txt_assembly_notes', 'PNG_3D_VIEWER_TOP': 'png_3d_viewer_top', 'PNG_3D_VIEWER_BOTTOM': 'png_3d_viewer_bottom', 'PNG_3D_VIEWER_ANGLED_TOP': 'png_3d_viewer_angled_top', 'PNG_3D_VIEWER_ANGLED_BOTTOM': 'png_3d_viewer_angled_bottom', 'STEP_OUTPUT': 'step', 'BLENDER_OUTPUT': 'blender', 'PDF_SCHEMATIC_OUTPUT': 'pdf_schematic', 'PDF_FABRICATION_OUTPUT': 'pdf_fabrication', 'PDF_ASSEMBLY_OUTPUT': 'pdf_assembly', 'ZIP_COMPRESS_FAB_OUTPUT': 'zip_compress_fab', 'HTML_KICANVAS_OUTPUT': 'html_kicanvas', 'HTML_KIRI_OUTPUT': 'html_kiri', 'MD_README_OUTPUT': 'md_readme', 'HTML_NAV_RES_OUTPUT': 'html_navigate_results'} (kibot - config_reader.py:667)
DEBUG:Applying preprocessor definitions (kibot - config_reader.py:672)
DEBUG:- Applying CLI definitions: {} (kibot - config_reader.py:679)
DEBUG:- Applying collected definitions: {'NAME': 'txt_fabrication_notes', 'COMMENT': 'Fabrication notes in TXT format', 'DIR': 'Manufacturing/Fabrication', 'OUTPUT_ID': 'fabrication_notes', 'TEMPLATE': 'kibot_resources/templates/fabrication_notes.txt', 'PROJECT_NAME': 'ALB/MLB test', 'BOARD_NAME': 'alb_mlb test', 'COMPANY': 'General Atomics EMS', 'DESIGNER': 'Marcus Reighter', 'LOGO': 'Logos/Logo.png', 'GIT_URL': 'https://github.com/emptyd0nkey/albmlb', 'CHECK_ZONE_FILLS': True, 'STACKUP_TABLE_NOTE': 'external layer thicknesses are specified after plating', 'MPN_FIELD': 'Manufacturer Part Number', 'MAN_FIELD': 'Manufacturer', 'GROUP_ROUND_SLOTS': True, 'GROUP_PTH_NPTH': 'no', 'GROUP_PTH_NPTH_DRL': False, 'PLOT_REFS': True, 'COLOR_THEME': 'Altium_Theme', 'SHEET_WKS': '${KIPRJMOD}/Templates/KDT_Template_PCB_GIT_A4.kicad_wks', 'FAB_SCALING': 1, 'ASSEMBLY_SCALING': 1, 'EXCLUDE_REFS': '[MB*]', '3D_VIEWER_ROT_X': 2, '3D_VIEWER_ROT_Y': -1, '3D_VIEWER_ROT_Z': 1, '3D_VIEWER_ZOOM': -1, 'KEY_COLOR': '#00FF00', 'OUTPUT_DIR': './', 'REPORT_DIR': 'Reports', 'SCHEMATIC_DIR': 'Schematic', 'MANUFACTURING_DIR': 'Manufacturing', 'ASSEMBLY_DIR': '@MANUFACTURING_DIR@/Assembly', 'FABRICATION_DIR': '@MANUFACTURING_DIR@/Fabrication', 'GERBERS_DIR': '@FABRICATION_DIR@/Gerbers', 'FAB_DRILL_TABLES_DIR': '@FABRICATION_DIR@/Drill Tables', 'TESTING_DIR': 'Testing', 'TESTPOINTS_DIR': '@TESTING_DIR@/Testpoints', 'IMAGES_DIR': 'Images', '3D_DIR': '3D', 'RESOURCES_DIR': 'kibot_resources', 'REPORT_TEMPLATE_DIR': '@RESOURCES_DIR@/templates', 'SCRIPTS_DIR': '@RESOURCES_DIR@/scripts', 'LAYER_TITLE_PAGE': 'TitlePage', 'LAYER_DNP_TOP': 'F.DNP', 'LAYER_DNP_BOTTOM': 'B.DNP', 'LAYER_DRILL_MAP': 'DrillMap', 'LAYER_TP_LIST_TOP': 'F.TestPointList', 'LAYER_TP_LIST_BOTTOM': 'B.TestPointList', 'LAYER_ASSEMBLY_TEXT_TOP': 'F.AssemblyText', 'LAYER_ASSEMBLY_TEXT_BOTTOM': 'B.AssemblyText', 'LAYER_DNP_CROSS_TOP': 'F.DNP', 'LAYER_DNP_CROSS_BOTTOM': 'B.DNP', 'FILT_FIELD_RENAME': 'field_rename', 'FILT_TP_ONLY': 'only_testpoints', 'FILT_TP_EXCLUDE': 'exclude_testpoints', 'FILT_TP_TOP_ONLY': 'only_testpoints_top', 'FILT_TP_BOTTOM_ONLY': 'only_testpoints_bottom', 'SCH_VARIANT_OUTPUT': 'value_split', 'NETLIST_OUTPUT': 'netlist', 'GERBER_OUTPUT': 'gbr_gerbers', 'ODB_OUTPUT': 'zip_odb', 'EXCELLON_DRILL_OUTPUT': 'drl_excellon', 'PDF_DRILL_MAP_OUTPUT': 'pdf_drill_map', 'DXF_DRILL_MAP_OUTPUT': 'dxf_drill_map', 'CSV_DRILL_TABLE_OUTPUT': 'csv_drill_table', 'CSV_POS_OUTPUT': 'csv_position', 'CSV_TP_OUTPUT': 'csv_testpoints', 'CSV_TP_TOP_OUTPUT': 'csv_testpoints_top', 'CSV_TP_BOTTOM_OUTPUT': 'csv_testpoints_bottom', 'CSV_BOM_OUTPUT': 'csv_bom', 'XLSX_BOM_OUTPUT': 'xlsx_bom', 'HTML_IBOM_OUTPUT': 'html_bom_interactive', 'HTML_BOM_OUTPUT': 'html_bom', 'CSV_COMP_COUNT_OUPUT': 'csv_comp_count', 'CSV_IMPEDANCE_TABLE_OUTPUT': 'csv_impedance_table', 'TXT_FAB_NOTES_OUTPUT': 'txt_fabrication_notes', 'TXT_ASSEMBLY_NOTES_OUTPUT': 'txt_assembly_notes', 'PNG_3D_VIEWER_TOP': 'png_3d_viewer_top', 'PNG_3D_VIEWER_BOTTOM': 'png_3d_viewer_bottom', 'PNG_3D_VIEWER_ANGLED_TOP': 'png_3d_viewer_angled_top', 'PNG_3D_VIEWER_ANGLED_BOTTOM': 'png_3d_viewer_angled_bottom', 'STEP_OUTPUT': 'step', 'BLENDER_OUTPUT': 'blender', 'PDF_SCHEMATIC_OUTPUT': 'pdf_schematic', 'PDF_FABRICATION_OUTPUT': 'pdf_fabrication', 'PDF_ASSEMBLY_OUTPUT': 'pdf_assembly', 'ZIP_COMPRESS_FAB_OUTPUT': 'zip_compress_fab', 'HTML_KICANVAS_OUTPUT': 'html_kicanvas', 'HTML_KIRI_OUTPUT': 'html_kiri', 'MD_README_OUTPUT': 'md_readme', 'HTML_NAV_RES_OUTPUT': 'html_navigate_results'} (kibot - config_reader.py:682)
DEBUG:- Replacing @NAME@ -> txt_fabrication_notes (<class 'str'>) (kibot - config_reader.py:80)
DEBUG:- Replacing @COMMENT@ -> Fabrication notes in TXT format (<class 'str'>) (kibot - config_reader.py:80)
DEBUG:- Replacing @DIR@ -> Manufacturing/Fabrication (<class 'str'>) (kibot - config_reader.py:80)
DEBUG:- Replacing @OUTPUT_ID@ -> fabrication_notes (<class 'str'>) (kibot - config_reader.py:80)
DEBUG:- Replacing @TEMPLATE@ -> kibot_resources/templates/fabrication_notes.txt (<class 'str'>) (kibot - config_reader.py:80)
DEBUG:- Applying CLI definitions: {} (kibot - config_reader.py:679)
DEBUG:- Applying collected definitions: {'NAME': 'txt_fabrication_notes', 'COMMENT': 'Fabrication notes in TXT format', 'DIR': 'Manufacturing/Fabrication', 'OUTPUT_ID': 'fabrication_notes', 'TEMPLATE': 'kibot_resources/templates/fabrication_notes.txt', 'PROJECT_NAME': 'ALB/MLB test', 'BOARD_NAME': 'alb_mlb test', 'COMPANY': 'General Atomics EMS', 'DESIGNER': 'Marcus Reighter', 'LOGO': 'Logos/Logo.png', 'GIT_URL': 'https://github.com/emptyd0nkey/albmlb', 'CHECK_ZONE_FILLS': True, 'STACKUP_TABLE_NOTE': 'external layer thicknesses are specified after plating', 'MPN_FIELD': 'Manufacturer Part Number', 'MAN_FIELD': 'Manufacturer', 'GROUP_ROUND_SLOTS': True, 'GROUP_PTH_NPTH': 'no', 'GROUP_PTH_NPTH_DRL': False, 'PLOT_REFS': True, 'COLOR_THEME': 'Altium_Theme', 'SHEET_WKS': '${KIPRJMOD}/Templates/KDT_Template_PCB_GIT_A4.kicad_wks', 'FAB_SCALING': 1, 'ASSEMBLY_SCALING': 1, 'EXCLUDE_REFS': '[MB*]', '3D_VIEWER_ROT_X': 2, '3D_VIEWER_ROT_Y': -1, '3D_VIEWER_ROT_Z': 1, '3D_VIEWER_ZOOM': -1, 'KEY_COLOR': '#00FF00', 'OUTPUT_DIR': './', 'REPORT_DIR': 'Reports', 'SCHEMATIC_DIR': 'Schematic', 'MANUFACTURING_DIR': 'Manufacturing', 'ASSEMBLY_DIR': '@MANUFACTURING_DIR@/Assembly', 'FABRICATION_DIR': '@MANUFACTURING_DIR@/Fabrication', 'GERBERS_DIR': '@FABRICATION_DIR@/Gerbers', 'FAB_DRILL_TABLES_DIR': '@FABRICATION_DIR@/Drill Tables', 'TESTING_DIR': 'Testing', 'TESTPOINTS_DIR': '@TESTING_DIR@/Testpoints', 'IMAGES_DIR': 'Images', '3D_DIR': '3D', 'RESOURCES_DIR': 'kibot_resources', 'REPORT_TEMPLATE_DIR': '@RESOURCES_DIR@/templates', 'SCRIPTS_DIR': '@RESOURCES_DIR@/scripts', 'LAYER_TITLE_PAGE': 'TitlePage', 'LAYER_DNP_TOP': 'F.DNP', 'LAYER_DNP_BOTTOM': 'B.DNP', 'LAYER_DRILL_MAP': 'DrillMap', 'LAYER_TP_LIST_TOP': 'F.TestPointList', 'LAYER_TP_LIST_BOTTOM': 'B.TestPointList', 'LAYER_ASSEMBLY_TEXT_TOP': 'F.AssemblyText', 'LAYER_ASSEMBLY_TEXT_BOTTOM': 'B.AssemblyText', 'LAYER_DNP_CROSS_TOP': 'F.DNP', 'LAYER_DNP_CROSS_BOTTOM': 'B.DNP', 'FILT_FIELD_RENAME': 'field_rename', 'FILT_TP_ONLY': 'only_testpoints', 'FILT_TP_EXCLUDE': 'exclude_testpoints', 'FILT_TP_TOP_ONLY': 'only_testpoints_top', 'FILT_TP_BOTTOM_ONLY': 'only_testpoints_bottom', 'SCH_VARIANT_OUTPUT': 'value_split', 'NETLIST_OUTPUT': 'netlist', 'GERBER_OUTPUT': 'gbr_gerbers', 'ODB_OUTPUT': 'zip_odb', 'EXCELLON_DRILL_OUTPUT': 'drl_excellon', 'PDF_DRILL_MAP_OUTPUT': 'pdf_drill_map', 'DXF_DRILL_MAP_OUTPUT': 'dxf_drill_map', 'CSV_DRILL_TABLE_OUTPUT': 'csv_drill_table', 'CSV_POS_OUTPUT': 'csv_position', 'CSV_TP_OUTPUT': 'csv_testpoints', 'CSV_TP_TOP_OUTPUT': 'csv_testpoints_top', 'CSV_TP_BOTTOM_OUTPUT': 'csv_testpoints_bottom', 'CSV_BOM_OUTPUT': 'csv_bom', 'XLSX_BOM_OUTPUT': 'xlsx_bom', 'HTML_IBOM_OUTPUT': 'html_bom_interactive', 'HTML_BOM_OUTPUT': 'html_bom', 'CSV_COMP_COUNT_OUPUT': 'csv_comp_count', 'CSV_IMPEDANCE_TABLE_OUTPUT': 'csv_impedance_table', 'TXT_FAB_NOTES_OUTPUT': 'txt_fabrication_notes', 'TXT_ASSEMBLY_NOTES_OUTPUT': 'txt_assembly_notes', 'PNG_3D_VIEWER_TOP': 'png_3d_viewer_top', 'PNG_3D_VIEWER_BOTTOM': 'png_3d_viewer_bottom', 'PNG_3D_VIEWER_ANGLED_TOP': 'png_3d_viewer_angled_top', 'PNG_3D_VIEWER_ANGLED_BOTTOM': 'png_3d_viewer_angled_bottom', 'STEP_OUTPUT': 'step', 'BLENDER_OUTPUT': 'blender', 'PDF_SCHEMATIC_OUTPUT': 'pdf_schematic', 'PDF_FABRICATION_OUTPUT': 'pdf_fabrication', 'PDF_ASSEMBLY_OUTPUT': 'pdf_assembly', 'ZIP_COMPRESS_FAB_OUTPUT': 'zip_compress_fab', 'HTML_KICANVAS_OUTPUT': 'html_kicanvas', 'HTML_KIRI_OUTPUT': 'html_kiri', 'MD_README_OUTPUT': 'md_readme', 'HTML_NAV_RES_OUTPUT': 'html_navigate_results'} (kibot - config_reader.py:682)
DEBUG:YAML after expanding definitions:
# KiBot output for TXT Report (e.g. Fabrication/Assembly notes)
# https://kibot.readthedocs.io/en/latest/configuration/outputs/report.html

kibot:
  version: 1

outputs:
  - name: txt_fabrication_notes
    comment: 'Fabrication notes in TXT format'
    type: report
    category: 'Manufacturing/Fabrication'
    dir: 'Manufacturing/Fabrication'
    output_id: fabrication_notes
    options:
      output: '%f-%I%v.txt'
      template: kibot_resources/templates/fabrication_notes.txt
      exclude_filter: '_mechanical'
      mm_digits: 3
      display_trailing_zeros: True
 (kibot - config_reader.py:688)
DEBUG:Pre-parsing output options for `txt_fabrication_notes` (report) (kibot - config_reader.py:171)
DEBUG:Outputs loaded from `kibot_yaml/kibot_out_txt_report.yaml`: ['txt_fabrication_notes'] (kibot - config_reader.py:363)
DEBUG:Found local definitions (kibot - config_reader.py:653)
DEBUG:- Local definitions: {'NAME': 'txt_fabrication_notes', 'COMMENT': 'Report', 'DIR': 'Manufacturing', 'OUTPUT_ID': '_notes', 'TEMPLATE': 'kibot_ressources/template/fabrication_notes.txt'} (kibot - config_reader.py:663)
DEBUG:- Current definitions: {'PROJECT_NAME': 'ALB/MLB test', 'BOARD_NAME': 'alb_mlb test', 'COMPANY': 'General Atomics EMS', 'DESIGNER': 'Marcus Reighter', 'LOGO': 'Logos/Logo.png', 'GIT_URL': 'https://github.com/emptyd0nkey/albmlb', 'CHECK_ZONE_FILLS': True, 'STACKUP_TABLE_NOTE': 'external layer thicknesses are specified after plating', 'MPN_FIELD': 'Manufacturer Part Number', 'MAN_FIELD': 'Manufacturer', 'GROUP_ROUND_SLOTS': True, 'GROUP_PTH_NPTH': 'no', 'GROUP_PTH_NPTH_DRL': False, 'PLOT_REFS': True, 'COLOR_THEME': 'Altium_Theme', 'SHEET_WKS': '${KIPRJMOD}/Templates/KDT_Template_PCB_GIT_A4.kicad_wks', 'FAB_SCALING': 1, 'ASSEMBLY_SCALING': 1, 'EXCLUDE_REFS': '[MB*]', '3D_VIEWER_ROT_X': 2, '3D_VIEWER_ROT_Y': -1, '3D_VIEWER_ROT_Z': 1, '3D_VIEWER_ZOOM': -1, 'KEY_COLOR': '#00FF00', 'OUTPUT_DIR': './', 'REPORT_DIR': 'Reports', 'SCHEMATIC_DIR': 'Schematic', 'MANUFACTURING_DIR': 'Manufacturing', 'ASSEMBLY_DIR': '@MANUFACTURING_DIR@/Assembly', 'FABRICATION_DIR': '@MANUFACTURING_DIR@/Fabrication', 'GERBERS_DIR': '@FABRICATION_DIR@/Gerbers', 'FAB_DRILL_TABLES_DIR': '@FABRICATION_DIR@/Drill Tables', 'TESTING_DIR': 'Testing', 'TESTPOINTS_DIR': '@TESTING_DIR@/Testpoints', 'IMAGES_DIR': 'Images', '3D_DIR': '3D', 'RESOURCES_DIR': 'kibot_resources', 'REPORT_TEMPLATE_DIR': '@RESOURCES_DIR@/templates', 'SCRIPTS_DIR': '@RESOURCES_DIR@/scripts', 'LAYER_TITLE_PAGE': 'TitlePage', 'LAYER_DNP_TOP': 'F.DNP', 'LAYER_DNP_BOTTOM': 'B.DNP', 'LAYER_DRILL_MAP': 'DrillMap', 'LAYER_TP_LIST_TOP': 'F.TestPointList', 'LAYER_TP_LIST_BOTTOM': 'B.TestPointList', 'LAYER_ASSEMBLY_TEXT_TOP': 'F.AssemblyText', 'LAYER_ASSEMBLY_TEXT_BOTTOM': 'B.AssemblyText', 'LAYER_DNP_CROSS_TOP': 'F.DNP', 'LAYER_DNP_CROSS_BOTTOM': 'B.DNP', 'FILT_FIELD_RENAME': 'field_rename', 'FILT_TP_ONLY': 'only_testpoints', 'FILT_TP_EXCLUDE': 'exclude_testpoints', 'FILT_TP_TOP_ONLY': 'only_testpoints_top', 'FILT_TP_BOTTOM_ONLY': 'only_testpoints_bottom', 'SCH_VARIANT_OUTPUT': 'value_split', 'NETLIST_OUTPUT': 'netlist', 'GERBER_OUTPUT': 'gbr_gerbers', 'ODB_OUTPUT': 'zip_odb', 'EXCELLON_DRILL_OUTPUT': 'drl_excellon', 'PDF_DRILL_MAP_OUTPUT': 'pdf_drill_map', 'DXF_DRILL_MAP_OUTPUT': 'dxf_drill_map', 'CSV_DRILL_TABLE_OUTPUT': 'csv_drill_table', 'CSV_POS_OUTPUT': 'csv_position', 'CSV_TP_OUTPUT': 'csv_testpoints', 'CSV_TP_TOP_OUTPUT': 'csv_testpoints_top', 'CSV_TP_BOTTOM_OUTPUT': 'csv_testpoints_bottom', 'CSV_BOM_OUTPUT': 'csv_bom', 'XLSX_BOM_OUTPUT': 'xlsx_bom', 'HTML_IBOM_OUTPUT': 'html_bom_interactive', 'HTML_BOM_OUTPUT': 'html_bom', 'CSV_COMP_COUNT_OUPUT': 'csv_comp_count', 'CSV_IMPEDANCE_TABLE_OUTPUT': 'csv_impedance_table', 'TXT_FAB_NOTES_OUTPUT': 'txt_fabrication_notes', 'TXT_ASSEMBLY_NOTES_OUTPUT': 'txt_assembly_notes', 'PNG_3D_VIEWER_TOP': 'png_3d_viewer_top', 'PNG_3D_VIEWER_BOTTOM': 'png_3d_viewer_bottom', 'PNG_3D_VIEWER_ANGLED_TOP': 'png_3d_viewer_angled_top', 'PNG_3D_VIEWER_ANGLED_BOTTOM': 'png_3d_viewer_angled_bottom', 'STEP_OUTPUT': 'step', 'BLENDER_OUTPUT': 'blender', 'PDF_SCHEMATIC_OUTPUT': 'pdf_schematic', 'PDF_FABRICATION_OUTPUT': 'pdf_fabrication', 'PDF_ASSEMBLY_OUTPUT': 'pdf_assembly', 'ZIP_COMPRESS_FAB_OUTPUT': 'zip_compress_fab', 'HTML_KICANVAS_OUTPUT': 'html_kicanvas', 'HTML_KIRI_OUTPUT': 'html_kiri', 'MD_README_OUTPUT': 'md_readme', 'HTML_NAV_RES_OUTPUT': 'html_navigate_results', 'NAME': 'txt_assembly_notes', 'COMMENT': 'Assembly notes in TXT format', 'DIR': 'Manufacturing/Assembly', 'OUTPUT_ID': 'assembly_notes', 'TEMPLATE': 'kibot_resources/templates/assembly_notes.txt'} (kibot - config_reader.py:664)
DEBUG:- Updated definitions: {'NAME': 'txt_assembly_notes', 'COMMENT': 'Assembly notes in TXT format', 'DIR': 'Manufacturing/Assembly', 'OUTPUT_ID': 'assembly_notes', 'TEMPLATE': 'kibot_resources/templates/assembly_notes.txt', 'PROJECT_NAME': 'ALB/MLB test', 'BOARD_NAME': 'alb_mlb test', 'COMPANY': 'General Atomics EMS', 'DESIGNER': 'Marcus Reighter', 'LOGO': 'Logos/Logo.png', 'GIT_URL': 'https://github.com/emptyd0nkey/albmlb', 'CHECK_ZONE_FILLS': True, 'STACKUP_TABLE_NOTE': 'external layer thicknesses are specified after plating', 'MPN_FIELD': 'Manufacturer Part Number', 'MAN_FIELD': 'Manufacturer', 'GROUP_ROUND_SLOTS': True, 'GROUP_PTH_NPTH': 'no', 'GROUP_PTH_NPTH_DRL': False, 'PLOT_REFS': True, 'COLOR_THEME': 'Altium_Theme', 'SHEET_WKS': '${KIPRJMOD}/Templates/KDT_Template_PCB_GIT_A4.kicad_wks', 'FAB_SCALING': 1, 'ASSEMBLY_SCALING': 1, 'EXCLUDE_REFS': '[MB*]', '3D_VIEWER_ROT_X': 2, '3D_VIEWER_ROT_Y': -1, '3D_VIEWER_ROT_Z': 1, '3D_VIEWER_ZOOM': -1, 'KEY_COLOR': '#00FF00', 'OUTPUT_DIR': './', 'REPORT_DIR': 'Reports', 'SCHEMATIC_DIR': 'Schematic', 'MANUFACTURING_DIR': 'Manufacturing', 'ASSEMBLY_DIR': '@MANUFACTURING_DIR@/Assembly', 'FABRICATION_DIR': '@MANUFACTURING_DIR@/Fabrication', 'GERBERS_DIR': '@FABRICATION_DIR@/Gerbers', 'FAB_DRILL_TABLES_DIR': '@FABRICATION_DIR@/Drill Tables', 'TESTING_DIR': 'Testing', 'TESTPOINTS_DIR': '@TESTING_DIR@/Testpoints', 'IMAGES_DIR': 'Images', '3D_DIR': '3D', 'RESOURCES_DIR': 'kibot_resources', 'REPORT_TEMPLATE_DIR': '@RESOURCES_DIR@/templates', 'SCRIPTS_DIR': '@RESOURCES_DIR@/scripts', 'LAYER_TITLE_PAGE': 'TitlePage', 'LAYER_DNP_TOP': 'F.DNP', 'LAYER_DNP_BOTTOM': 'B.DNP', 'LAYER_DRILL_MAP': 'DrillMap', 'LAYER_TP_LIST_TOP': 'F.TestPointList', 'LAYER_TP_LIST_BOTTOM': 'B.TestPointList', 'LAYER_ASSEMBLY_TEXT_TOP': 'F.AssemblyText', 'LAYER_ASSEMBLY_TEXT_BOTTOM': 'B.AssemblyText', 'LAYER_DNP_CROSS_TOP': 'F.DNP', 'LAYER_DNP_CROSS_BOTTOM': 'B.DNP', 'FILT_FIELD_RENAME': 'field_rename', 'FILT_TP_ONLY': 'only_testpoints', 'FILT_TP_EXCLUDE': 'exclude_testpoints', 'FILT_TP_TOP_ONLY': 'only_testpoints_top', 'FILT_TP_BOTTOM_ONLY': 'only_testpoints_bottom', 'SCH_VARIANT_OUTPUT': 'value_split', 'NETLIST_OUTPUT': 'netlist', 'GERBER_OUTPUT': 'gbr_gerbers', 'ODB_OUTPUT': 'zip_odb', 'EXCELLON_DRILL_OUTPUT': 'drl_excellon', 'PDF_DRILL_MAP_OUTPUT': 'pdf_drill_map', 'DXF_DRILL_MAP_OUTPUT': 'dxf_drill_map', 'CSV_DRILL_TABLE_OUTPUT': 'csv_drill_table', 'CSV_POS_OUTPUT': 'csv_position', 'CSV_TP_OUTPUT': 'csv_testpoints', 'CSV_TP_TOP_OUTPUT': 'csv_testpoints_top', 'CSV_TP_BOTTOM_OUTPUT': 'csv_testpoints_bottom', 'CSV_BOM_OUTPUT': 'csv_bom', 'XLSX_BOM_OUTPUT': 'xlsx_bom', 'HTML_IBOM_OUTPUT': 'html_bom_interactive', 'HTML_BOM_OUTPUT': 'html_bom', 'CSV_COMP_COUNT_OUPUT': 'csv_comp_count', 'CSV_IMPEDANCE_TABLE_OUTPUT': 'csv_impedance_table', 'TXT_FAB_NOTES_OUTPUT': 'txt_fabrication_notes', 'TXT_ASSEMBLY_NOTES_OUTPUT': 'txt_assembly_notes', 'PNG_3D_VIEWER_TOP': 'png_3d_viewer_top', 'PNG_3D_VIEWER_BOTTOM': 'png_3d_viewer_bottom', 'PNG_3D_VIEWER_ANGLED_TOP': 'png_3d_viewer_angled_top', 'PNG_3D_VIEWER_ANGLED_BOTTOM': 'png_3d_viewer_angled_bottom', 'STEP_OUTPUT': 'step', 'BLENDER_OUTPUT': 'blender', 'PDF_SCHEMATIC_OUTPUT': 'pdf_schematic', 'PDF_FABRICATION_OUTPUT': 'pdf_fabrication', 'PDF_ASSEMBLY_OUTPUT': 'pdf_assembly', 'ZIP_COMPRESS_FAB_OUTPUT': 'zip_compress_fab', 'HTML_KICANVAS_OUTPUT': 'html_kicanvas', 'HTML_KIRI_OUTPUT': 'html_kiri', 'MD_README_OUTPUT': 'md_readme', 'HTML_NAV_RES_OUTPUT': 'html_navigate_results'} (kibot - config_reader.py:667)
DEBUG:Applying preprocessor definitions (kibot - config_reader.py:672)
DEBUG:- Applying CLI definitions: {} (kibot - config_reader.py:679)
DEBUG:- Applying collected definitions: {'NAME': 'txt_assembly_notes', 'COMMENT': 'Assembly notes in TXT format', 'DIR': 'Manufacturing/Assembly', 'OUTPUT_ID': 'assembly_notes', 'TEMPLATE': 'kibot_resources/templates/assembly_notes.txt', 'PROJECT_NAME': 'ALB/MLB test', 'BOARD_NAME': 'alb_mlb test', 'COMPANY': 'General Atomics EMS', 'DESIGNER': 'Marcus Reighter', 'LOGO': 'Logos/Logo.png', 'GIT_URL': 'https://github.com/emptyd0nkey/albmlb', 'CHECK_ZONE_FILLS': True, 'STACKUP_TABLE_NOTE': 'external layer thicknesses are specified after plating', 'MPN_FIELD': 'Manufacturer Part Number', 'MAN_FIELD': 'Manufacturer', 'GROUP_ROUND_SLOTS': True, 'GROUP_PTH_NPTH': 'no', 'GROUP_PTH_NPTH_DRL': False, 'PLOT_REFS': True, 'COLOR_THEME': 'Altium_Theme', 'SHEET_WKS': '${KIPRJMOD}/Templates/KDT_Template_PCB_GIT_A4.kicad_wks', 'FAB_SCALING': 1, 'ASSEMBLY_SCALING': 1, 'EXCLUDE_REFS': '[MB*]', '3D_VIEWER_ROT_X': 2, '3D_VIEWER_ROT_Y': -1, '3D_VIEWER_ROT_Z': 1, '3D_VIEWER_ZOOM': -1, 'KEY_COLOR': '#00FF00', 'OUTPUT_DIR': './', 'REPORT_DIR': 'Reports', 'SCHEMATIC_DIR': 'Schematic', 'MANUFACTURING_DIR': 'Manufacturing', 'ASSEMBLY_DIR': '@MANUFACTURING_DIR@/Assembly', 'FABRICATION_DIR': '@MANUFACTURING_DIR@/Fabrication', 'GERBERS_DIR': '@FABRICATION_DIR@/Gerbers', 'FAB_DRILL_TABLES_DIR': '@FABRICATION_DIR@/Drill Tables', 'TESTING_DIR': 'Testing', 'TESTPOINTS_DIR': '@TESTING_DIR@/Testpoints', 'IMAGES_DIR': 'Images', '3D_DIR': '3D', 'RESOURCES_DIR': 'kibot_resources', 'REPORT_TEMPLATE_DIR': '@RESOURCES_DIR@/templates', 'SCRIPTS_DIR': '@RESOURCES_DIR@/scripts', 'LAYER_TITLE_PAGE': 'TitlePage', 'LAYER_DNP_TOP': 'F.DNP', 'LAYER_DNP_BOTTOM': 'B.DNP', 'LAYER_DRILL_MAP': 'DrillMap', 'LAYER_TP_LIST_TOP': 'F.TestPointList', 'LAYER_TP_LIST_BOTTOM': 'B.TestPointList', 'LAYER_ASSEMBLY_TEXT_TOP': 'F.AssemblyText', 'LAYER_ASSEMBLY_TEXT_BOTTOM': 'B.AssemblyText', 'LAYER_DNP_CROSS_TOP': 'F.DNP', 'LAYER_DNP_CROSS_BOTTOM': 'B.DNP', 'FILT_FIELD_RENAME': 'field_rename', 'FILT_TP_ONLY': 'only_testpoints', 'FILT_TP_EXCLUDE': 'exclude_testpoints', 'FILT_TP_TOP_ONLY': 'only_testpoints_top', 'FILT_TP_BOTTOM_ONLY': 'only_testpoints_bottom', 'SCH_VARIANT_OUTPUT': 'value_split', 'NETLIST_OUTPUT': 'netlist', 'GERBER_OUTPUT': 'gbr_gerbers', 'ODB_OUTPUT': 'zip_odb', 'EXCELLON_DRILL_OUTPUT': 'drl_excellon', 'PDF_DRILL_MAP_OUTPUT': 'pdf_drill_map', 'DXF_DRILL_MAP_OUTPUT': 'dxf_drill_map', 'CSV_DRILL_TABLE_OUTPUT': 'csv_drill_table', 'CSV_POS_OUTPUT': 'csv_position', 'CSV_TP_OUTPUT': 'csv_testpoints', 'CSV_TP_TOP_OUTPUT': 'csv_testpoints_top', 'CSV_TP_BOTTOM_OUTPUT': 'csv_testpoints_bottom', 'CSV_BOM_OUTPUT': 'csv_bom', 'XLSX_BOM_OUTPUT': 'xlsx_bom', 'HTML_IBOM_OUTPUT': 'html_bom_interactive', 'HTML_BOM_OUTPUT': 'html_bom', 'CSV_COMP_COUNT_OUPUT': 'csv_comp_count', 'CSV_IMPEDANCE_TABLE_OUTPUT': 'csv_impedance_table', 'TXT_FAB_NOTES_OUTPUT': 'txt_fabrication_notes', 'TXT_ASSEMBLY_NOTES_OUTPUT': 'txt_assembly_notes', 'PNG_3D_VIEWER_TOP': 'png_3d_viewer_top', 'PNG_3D_VIEWER_BOTTOM': 'png_3d_viewer_bottom', 'PNG_3D_VIEWER_ANGLED_TOP': 'png_3d_viewer_angled_top', 'PNG_3D_VIEWER_ANGLED_BOTTOM': 'png_3d_viewer_angled_bottom', 'STEP_OUTPUT': 'step', 'BLENDER_OUTPUT': 'blender', 'PDF_SCHEMATIC_OUTPUT': 'pdf_schematic', 'PDF_FABRICATION_OUTPUT': 'pdf_fabrication', 'PDF_ASSEMBLY_OUTPUT': 'pdf_assembly', 'ZIP_COMPRESS_FAB_OUTPUT': 'zip_compress_fab', 'HTML_KICANVAS_OUTPUT': 'html_kicanvas', 'HTML_KIRI_OUTPUT': 'html_kiri', 'MD_README_OUTPUT': 'md_readme', 'HTML_NAV_RES_OUTPUT': 'html_navigate_results'} (kibot - config_reader.py:682)
DEBUG:- Replacing @NAME@ -> txt_assembly_notes (<class 'str'>) (kibot - config_reader.py:80)
DEBUG:- Replacing @COMMENT@ -> Assembly notes in TXT format (<class 'str'>) (kibot - config_reader.py:80)
DEBUG:- Replacing @DIR@ -> Manufacturing/Assembly (<class 'str'>) (kibot - config_reader.py:80)
DEBUG:- Replacing @OUTPUT_ID@ -> assembly_notes (<class 'str'>) (kibot - config_reader.py:80)
DEBUG:- Replacing @TEMPLATE@ -> kibot_resources/templates/assembly_notes.txt (<class 'str'>) (kibot - config_reader.py:80)
DEBUG:- Applying CLI definitions: {} (kibot - config_reader.py:679)
DEBUG:- Applying collected definitions: {'NAME': 'txt_assembly_notes', 'COMMENT': 'Assembly notes in TXT format', 'DIR': 'Manufacturing/Assembly', 'OUTPUT_ID': 'assembly_notes', 'TEMPLATE': 'kibot_resources/templates/assembly_notes.txt', 'PROJECT_NAME': 'ALB/MLB test', 'BOARD_NAME': 'alb_mlb test', 'COMPANY': 'General Atomics EMS', 'DESIGNER': 'Marcus Reighter', 'LOGO': 'Logos/Logo.png', 'GIT_URL': 'https://github.com/emptyd0nkey/albmlb', 'CHECK_ZONE_FILLS': True, 'STACKUP_TABLE_NOTE': 'external layer thicknesses are specified after plating', 'MPN_FIELD': 'Manufacturer Part Number', 'MAN_FIELD': 'Manufacturer', 'GROUP_ROUND_SLOTS': True, 'GROUP_PTH_NPTH': 'no', 'GROUP_PTH_NPTH_DRL': False, 'PLOT_REFS': True, 'COLOR_THEME': 'Altium_Theme', 'SHEET_WKS': '${KIPRJMOD}/Templates/KDT_Template_PCB_GIT_A4.kicad_wks', 'FAB_SCALING': 1, 'ASSEMBLY_SCALING': 1, 'EXCLUDE_REFS': '[MB*]', '3D_VIEWER_ROT_X': 2, '3D_VIEWER_ROT_Y': -1, '3D_VIEWER_ROT_Z': 1, '3D_VIEWER_ZOOM': -1, 'KEY_COLOR': '#00FF00', 'OUTPUT_DIR': './', 'REPORT_DIR': 'Reports', 'SCHEMATIC_DIR': 'Schematic', 'MANUFACTURING_DIR': 'Manufacturing', 'ASSEMBLY_DIR': '@MANUFACTURING_DIR@/Assembly', 'FABRICATION_DIR': '@MANUFACTURING_DIR@/Fabrication', 'GERBERS_DIR': '@FABRICATION_DIR@/Gerbers', 'FAB_DRILL_TABLES_DIR': '@FABRICATION_DIR@/Drill Tables', 'TESTING_DIR': 'Testing', 'TESTPOINTS_DIR': '@TESTING_DIR@/Testpoints', 'IMAGES_DIR': 'Images', '3D_DIR': '3D', 'RESOURCES_DIR': 'kibot_resources', 'REPORT_TEMPLATE_DIR': '@RESOURCES_DIR@/templates', 'SCRIPTS_DIR': '@RESOURCES_DIR@/scripts', 'LAYER_TITLE_PAGE': 'TitlePage', 'LAYER_DNP_TOP': 'F.DNP', 'LAYER_DNP_BOTTOM': 'B.DNP', 'LAYER_DRILL_MAP': 'DrillMap', 'LAYER_TP_LIST_TOP': 'F.TestPointList', 'LAYER_TP_LIST_BOTTOM': 'B.TestPointList', 'LAYER_ASSEMBLY_TEXT_TOP': 'F.AssemblyText', 'LAYER_ASSEMBLY_TEXT_BOTTOM': 'B.AssemblyText', 'LAYER_DNP_CROSS_TOP': 'F.DNP', 'LAYER_DNP_CROSS_BOTTOM': 'B.DNP', 'FILT_FIELD_RENAME': 'field_rename', 'FILT_TP_ONLY': 'only_testpoints', 'FILT_TP_EXCLUDE': 'exclude_testpoints', 'FILT_TP_TOP_ONLY': 'only_testpoints_top', 'FILT_TP_BOTTOM_ONLY': 'only_testpoints_bottom', 'SCH_VARIANT_OUTPUT': 'value_split', 'NETLIST_OUTPUT': 'netlist', 'GERBER_OUTPUT': 'gbr_gerbers', 'ODB_OUTPUT': 'zip_odb', 'EXCELLON_DRILL_OUTPUT': 'drl_excellon', 'PDF_DRILL_MAP_OUTPUT': 'pdf_drill_map', 'DXF_DRILL_MAP_OUTPUT': 'dxf_drill_map', 'CSV_DRILL_TABLE_OUTPUT': 'csv_drill_table', 'CSV_POS_OUTPUT': 'csv_position', 'CSV_TP_OUTPUT': 'csv_testpoints', 'CSV_TP_TOP_OUTPUT': 'csv_testpoints_top', 'CSV_TP_BOTTOM_OUTPUT': 'csv_testpoints_bottom', 'CSV_BOM_OUTPUT': 'csv_bom', 'XLSX_BOM_OUTPUT': 'xlsx_bom', 'HTML_IBOM_OUTPUT': 'html_bom_interactive', 'HTML_BOM_OUTPUT': 'html_bom', 'CSV_COMP_COUNT_OUPUT': 'csv_comp_count', 'CSV_IMPEDANCE_TABLE_OUTPUT': 'csv_impedance_table', 'TXT_FAB_NOTES_OUTPUT': 'txt_fabrication_notes', 'TXT_ASSEMBLY_NOTES_OUTPUT': 'txt_assembly_notes', 'PNG_3D_VIEWER_TOP': 'png_3d_viewer_top', 'PNG_3D_VIEWER_BOTTOM': 'png_3d_viewer_bottom', 'PNG_3D_VIEWER_ANGLED_TOP': 'png_3d_viewer_angled_top', 'PNG_3D_VIEWER_ANGLED_BOTTOM': 'png_3d_viewer_angled_bottom', 'STEP_OUTPUT': 'step', 'BLENDER_OUTPUT': 'blender', 'PDF_SCHEMATIC_OUTPUT': 'pdf_schematic', 'PDF_FABRICATION_OUTPUT': 'pdf_fabrication', 'PDF_ASSEMBLY_OUTPUT': 'pdf_assembly', 'ZIP_COMPRESS_FAB_OUTPUT': 'zip_compress_fab', 'HTML_KICANVAS_OUTPUT': 'html_kicanvas', 'HTML_KIRI_OUTPUT': 'html_kiri', 'MD_README_OUTPUT': 'md_readme', 'HTML_NAV_RES_OUTPUT': 'html_navigate_results'} (kibot - config_reader.py:682)
DEBUG:YAML after expanding definitions:
# KiBot output for TXT Report (e.g. Fabrication/Assembly notes)
# https://kibot.readthedocs.io/en/latest/configuration/outputs/report.html

kibot:
  version: 1

outputs:
  - name: txt_assembly_notes
    comment: 'Assembly notes in TXT format'
    type: report
    category: 'Manufacturing/Assembly'
    dir: 'Manufacturing/Assembly'
    output_id: assembly_notes
    options:
      output: '%f-%I%v.txt'
      template: kibot_resources/templates/assembly_notes.txt
      exclude_filter: '_mechanical'
      mm_digits: 3
      display_trailing_zeros: True
 (kibot - config_reader.py:688)
DEBUG:Pre-parsing output options for `txt_assembly_notes` (report) (kibot - config_reader.py:171)
DEBUG:Outputs loaded from `kibot_yaml/kibot_out_txt_report.yaml`: ['txt_assembly_notes'] (kibot - config_reader.py:363)
DEBUG:Found local definitions (kibot - config_reader.py:653)
DEBUG:- Local definitions: {'NAME': 'png_3d_viewer', 'COMMENT': '3D viewer PCB render in PNG format', 'DIR': 'Images', 'SUFFIX': '', 'VIEW': 'top', 'RAYTRACING': True, 'ROTATE_X': 0, 'ROTATE_Y': 0, 'ROTATE_Z': 0, 'ZOOM': 0, 'HEIGHT': 2000, 'WIDTH': 2000, 'KEY_COLOR': '#00FF00'} (kibot - config_reader.py:663)
DEBUG:- Current definitions: {'PROJECT_NAME': 'ALB/MLB test', 'BOARD_NAME': 'alb_mlb test', 'COMPANY': 'General Atomics EMS', 'DESIGNER': 'Marcus Reighter', 'LOGO': 'Logos/Logo.png', 'GIT_URL': 'https://github.com/emptyd0nkey/albmlb', 'CHECK_ZONE_FILLS': True, 'STACKUP_TABLE_NOTE': 'external layer thicknesses are specified after plating', 'MPN_FIELD': 'Manufacturer Part Number', 'MAN_FIELD': 'Manufacturer', 'GROUP_ROUND_SLOTS': True, 'GROUP_PTH_NPTH': 'no', 'GROUP_PTH_NPTH_DRL': False, 'PLOT_REFS': True, 'COLOR_THEME': 'Altium_Theme', 'SHEET_WKS': '${KIPRJMOD}/Templates/KDT_Template_PCB_GIT_A4.kicad_wks', 'FAB_SCALING': 1, 'ASSEMBLY_SCALING': 1, 'EXCLUDE_REFS': '[MB*]', '3D_VIEWER_ROT_X': 2, '3D_VIEWER_ROT_Y': -1, '3D_VIEWER_ROT_Z': 1, '3D_VIEWER_ZOOM': -1, 'KEY_COLOR': '#00FF00', 'OUTPUT_DIR': './', 'REPORT_DIR': 'Reports', 'SCHEMATIC_DIR': 'Schematic', 'MANUFACTURING_DIR': 'Manufacturing', 'ASSEMBLY_DIR': '@MANUFACTURING_DIR@/Assembly', 'FABRICATION_DIR': '@MANUFACTURING_DIR@/Fabrication', 'GERBERS_DIR': '@FABRICATION_DIR@/Gerbers', 'FAB_DRILL_TABLES_DIR': '@FABRICATION_DIR@/Drill Tables', 'TESTING_DIR': 'Testing', 'TESTPOINTS_DIR': '@TESTING_DIR@/Testpoints', 'IMAGES_DIR': 'Images', '3D_DIR': '3D', 'RESOURCES_DIR': 'kibot_resources', 'REPORT_TEMPLATE_DIR': '@RESOURCES_DIR@/templates', 'SCRIPTS_DIR': '@RESOURCES_DIR@/scripts', 'LAYER_TITLE_PAGE': 'TitlePage', 'LAYER_DNP_TOP': 'F.DNP', 'LAYER_DNP_BOTTOM': 'B.DNP', 'LAYER_DRILL_MAP': 'DrillMap', 'LAYER_TP_LIST_TOP': 'F.TestPointList', 'LAYER_TP_LIST_BOTTOM': 'B.TestPointList', 'LAYER_ASSEMBLY_TEXT_TOP': 'F.AssemblyText', 'LAYER_ASSEMBLY_TEXT_BOTTOM': 'B.AssemblyText', 'LAYER_DNP_CROSS_TOP': 'F.DNP', 'LAYER_DNP_CROSS_BOTTOM': 'B.DNP', 'FILT_FIELD_RENAME': 'field_rename', 'FILT_TP_ONLY': 'only_testpoints', 'FILT_TP_EXCLUDE': 'exclude_testpoints', 'FILT_TP_TOP_ONLY': 'only_testpoints_top', 'FILT_TP_BOTTOM_ONLY': 'only_testpoints_bottom', 'SCH_VARIANT_OUTPUT': 'value_split', 'NETLIST_OUTPUT': 'netlist', 'GERBER_OUTPUT': 'gbr_gerbers', 'ODB_OUTPUT': 'zip_odb', 'EXCELLON_DRILL_OUTPUT': 'drl_excellon', 'PDF_DRILL_MAP_OUTPUT': 'pdf_drill_map', 'DXF_DRILL_MAP_OUTPUT': 'dxf_drill_map', 'CSV_DRILL_TABLE_OUTPUT': 'csv_drill_table', 'CSV_POS_OUTPUT': 'csv_position', 'CSV_TP_OUTPUT': 'csv_testpoints', 'CSV_TP_TOP_OUTPUT': 'csv_testpoints_top', 'CSV_TP_BOTTOM_OUTPUT': 'csv_testpoints_bottom', 'CSV_BOM_OUTPUT': 'csv_bom', 'XLSX_BOM_OUTPUT': 'xlsx_bom', 'HTML_IBOM_OUTPUT': 'html_bom_interactive', 'HTML_BOM_OUTPUT': 'html_bom', 'CSV_COMP_COUNT_OUPUT': 'csv_comp_count', 'CSV_IMPEDANCE_TABLE_OUTPUT': 'csv_impedance_table', 'TXT_FAB_NOTES_OUTPUT': 'txt_fabrication_notes', 'TXT_ASSEMBLY_NOTES_OUTPUT': 'txt_assembly_notes', 'PNG_3D_VIEWER_TOP': 'png_3d_viewer_top', 'PNG_3D_VIEWER_BOTTOM': 'png_3d_viewer_bottom', 'PNG_3D_VIEWER_ANGLED_TOP': 'png_3d_viewer_angled_top', 'PNG_3D_VIEWER_ANGLED_BOTTOM': 'png_3d_viewer_angled_bottom', 'STEP_OUTPUT': 'step', 'BLENDER_OUTPUT': 'blender', 'PDF_SCHEMATIC_OUTPUT': 'pdf_schematic', 'PDF_FABRICATION_OUTPUT': 'pdf_fabrication', 'PDF_ASSEMBLY_OUTPUT': 'pdf_assembly', 'ZIP_COMPRESS_FAB_OUTPUT': 'zip_compress_fab', 'HTML_KICANVAS_OUTPUT': 'html_kicanvas', 'HTML_KIRI_OUTPUT': 'html_kiri', 'MD_README_OUTPUT': 'md_readme', 'HTML_NAV_RES_OUTPUT': 'html_navigate_results', 'NAME': 'png_3d_viewer_top', 'COMMENT': 'Top 3D viewer PCB render in PNG format', 'DIR': 'Images', 'SUFFIX': 'top', 'VIEW': 'top'} (kibot - config_reader.py:664)
DEBUG:- Updated definitions: {'NAME': 'png_3d_viewer_top', 'COMMENT': 'Top 3D viewer PCB render in PNG format', 'DIR': 'Images', 'SUFFIX': 'top', 'VIEW': 'top', 'RAYTRACING': True, 'ROTATE_X': 0, 'ROTATE_Y': 0, 'ROTATE_Z': 0, 'ZOOM': 0, 'HEIGHT': 2000, 'WIDTH': 2000, 'KEY_COLOR': '#00FF00', 'PROJECT_NAME': 'ALB/MLB test', 'BOARD_NAME': 'alb_mlb test', 'COMPANY': 'General Atomics EMS', 'DESIGNER': 'Marcus Reighter', 'LOGO': 'Logos/Logo.png', 'GIT_URL': 'https://github.com/emptyd0nkey/albmlb', 'CHECK_ZONE_FILLS': True, 'STACKUP_TABLE_NOTE': 'external layer thicknesses are specified after plating', 'MPN_FIELD': 'Manufacturer Part Number', 'MAN_FIELD': 'Manufacturer', 'GROUP_ROUND_SLOTS': True, 'GROUP_PTH_NPTH': 'no', 'GROUP_PTH_NPTH_DRL': False, 'PLOT_REFS': True, 'COLOR_THEME': 'Altium_Theme', 'SHEET_WKS': '${KIPRJMOD}/Templates/KDT_Template_PCB_GIT_A4.kicad_wks', 'FAB_SCALING': 1, 'ASSEMBLY_SCALING': 1, 'EXCLUDE_REFS': '[MB*]', '3D_VIEWER_ROT_X': 2, '3D_VIEWER_ROT_Y': -1, '3D_VIEWER_ROT_Z': 1, '3D_VIEWER_ZOOM': -1, 'OUTPUT_DIR': './', 'REPORT_DIR': 'Reports', 'SCHEMATIC_DIR': 'Schematic', 'MANUFACTURING_DIR': 'Manufacturing', 'ASSEMBLY_DIR': '@MANUFACTURING_DIR@/Assembly', 'FABRICATION_DIR': '@MANUFACTURING_DIR@/Fabrication', 'GERBERS_DIR': '@FABRICATION_DIR@/Gerbers', 'FAB_DRILL_TABLES_DIR': '@FABRICATION_DIR@/Drill Tables', 'TESTING_DIR': 'Testing', 'TESTPOINTS_DIR': '@TESTING_DIR@/Testpoints', 'IMAGES_DIR': 'Images', '3D_DIR': '3D', 'RESOURCES_DIR': 'kibot_resources', 'REPORT_TEMPLATE_DIR': '@RESOURCES_DIR@/templates', 'SCRIPTS_DIR': '@RESOURCES_DIR@/scripts', 'LAYER_TITLE_PAGE': 'TitlePage', 'LAYER_DNP_TOP': 'F.DNP', 'LAYER_DNP_BOTTOM': 'B.DNP', 'LAYER_DRILL_MAP': 'DrillMap', 'LAYER_TP_LIST_TOP': 'F.TestPointList', 'LAYER_TP_LIST_BOTTOM': 'B.TestPointList', 'LAYER_ASSEMBLY_TEXT_TOP': 'F.AssemblyText', 'LAYER_ASSEMBLY_TEXT_BOTTOM': 'B.AssemblyText', 'LAYER_DNP_CROSS_TOP': 'F.DNP', 'LAYER_DNP_CROSS_BOTTOM': 'B.DNP', 'FILT_FIELD_RENAME': 'field_rename', 'FILT_TP_ONLY': 'only_testpoints', 'FILT_TP_EXCLUDE': 'exclude_testpoints', 'FILT_TP_TOP_ONLY': 'only_testpoints_top', 'FILT_TP_BOTTOM_ONLY': 'only_testpoints_bottom', 'SCH_VARIANT_OUTPUT': 'value_split', 'NETLIST_OUTPUT': 'netlist', 'GERBER_OUTPUT': 'gbr_gerbers', 'ODB_OUTPUT': 'zip_odb', 'EXCELLON_DRILL_OUTPUT': 'drl_excellon', 'PDF_DRILL_MAP_OUTPUT': 'pdf_drill_map', 'DXF_DRILL_MAP_OUTPUT': 'dxf_drill_map', 'CSV_DRILL_TABLE_OUTPUT': 'csv_drill_table', 'CSV_POS_OUTPUT': 'csv_position', 'CSV_TP_OUTPUT': 'csv_testpoints', 'CSV_TP_TOP_OUTPUT': 'csv_testpoints_top', 'CSV_TP_BOTTOM_OUTPUT': 'csv_testpoints_bottom', 'CSV_BOM_OUTPUT': 'csv_bom', 'XLSX_BOM_OUTPUT': 'xlsx_bom', 'HTML_IBOM_OUTPUT': 'html_bom_interactive', 'HTML_BOM_OUTPUT': 'html_bom', 'CSV_COMP_COUNT_OUPUT': 'csv_comp_count', 'CSV_IMPEDANCE_TABLE_OUTPUT': 'csv_impedance_table', 'TXT_FAB_NOTES_OUTPUT': 'txt_fabrication_notes', 'TXT_ASSEMBLY_NOTES_OUTPUT': 'txt_assembly_notes', 'PNG_3D_VIEWER_TOP': 'png_3d_viewer_top', 'PNG_3D_VIEWER_BOTTOM': 'png_3d_viewer_bottom', 'PNG_3D_VIEWER_ANGLED_TOP': 'png_3d_viewer_angled_top', 'PNG_3D_VIEWER_ANGLED_BOTTOM': 'png_3d_viewer_angled_bottom', 'STEP_OUTPUT': 'step', 'BLENDER_OUTPUT': 'blender', 'PDF_SCHEMATIC_OUTPUT': 'pdf_schematic', 'PDF_FABRICATION_OUTPUT': 'pdf_fabrication', 'PDF_ASSEMBLY_OUTPUT': 'pdf_assembly', 'ZIP_COMPRESS_FAB_OUTPUT': 'zip_compress_fab', 'HTML_KICANVAS_OUTPUT': 'html_kicanvas', 'HTML_KIRI_OUTPUT': 'html_kiri', 'MD_README_OUTPUT': 'md_readme', 'HTML_NAV_RES_OUTPUT': 'html_navigate_results'} (kibot - config_reader.py:667)
DEBUG:Applying preprocessor definitions (kibot - config_reader.py:672)
DEBUG:- Applying CLI definitions: {} (kibot - config_reader.py:679)
DEBUG:- Applying collected definitions: {'NAME': 'png_3d_viewer_top', 'COMMENT': 'Top 3D viewer PCB render in PNG format', 'DIR': 'Images', 'SUFFIX': 'top', 'VIEW': 'top', 'RAYTRACING': True, 'ROTATE_X': 0, 'ROTATE_Y': 0, 'ROTATE_Z': 0, 'ZOOM': 0, 'HEIGHT': 2000, 'WIDTH': 2000, 'KEY_COLOR': '#00FF00', 'PROJECT_NAME': 'ALB/MLB test', 'BOARD_NAME': 'alb_mlb test', 'COMPANY': 'General Atomics EMS', 'DESIGNER': 'Marcus Reighter', 'LOGO': 'Logos/Logo.png', 'GIT_URL': 'https://github.com/emptyd0nkey/albmlb', 'CHECK_ZONE_FILLS': True, 'STACKUP_TABLE_NOTE': 'external layer thicknesses are specified after plating', 'MPN_FIELD': 'Manufacturer Part Number', 'MAN_FIELD': 'Manufacturer', 'GROUP_ROUND_SLOTS': True, 'GROUP_PTH_NPTH': 'no', 'GROUP_PTH_NPTH_DRL': False, 'PLOT_REFS': True, 'COLOR_THEME': 'Altium_Theme', 'SHEET_WKS': '${KIPRJMOD}/Templates/KDT_Template_PCB_GIT_A4.kicad_wks', 'FAB_SCALING': 1, 'ASSEMBLY_SCALING': 1, 'EXCLUDE_REFS': '[MB*]', '3D_VIEWER_ROT_X': 2, '3D_VIEWER_ROT_Y': -1, '3D_VIEWER_ROT_Z': 1, '3D_VIEWER_ZOOM': -1, 'OUTPUT_DIR': './', 'REPORT_DIR': 'Reports', 'SCHEMATIC_DIR': 'Schematic', 'MANUFACTURING_DIR': 'Manufacturing', 'ASSEMBLY_DIR': '@MANUFACTURING_DIR@/Assembly', 'FABRICATION_DIR': '@MANUFACTURING_DIR@/Fabrication', 'GERBERS_DIR': '@FABRICATION_DIR@/Gerbers', 'FAB_DRILL_TABLES_DIR': '@FABRICATION_DIR@/Drill Tables', 'TESTING_DIR': 'Testing', 'TESTPOINTS_DIR': '@TESTING_DIR@/Testpoints', 'IMAGES_DIR': 'Images', '3D_DIR': '3D', 'RESOURCES_DIR': 'kibot_resources', 'REPORT_TEMPLATE_DIR': '@RESOURCES_DIR@/templates', 'SCRIPTS_DIR': '@RESOURCES_DIR@/scripts', 'LAYER_TITLE_PAGE': 'TitlePage', 'LAYER_DNP_TOP': 'F.DNP', 'LAYER_DNP_BOTTOM': 'B.DNP', 'LAYER_DRILL_MAP': 'DrillMap', 'LAYER_TP_LIST_TOP': 'F.TestPointList', 'LAYER_TP_LIST_BOTTOM': 'B.TestPointList', 'LAYER_ASSEMBLY_TEXT_TOP': 'F.AssemblyText', 'LAYER_ASSEMBLY_TEXT_BOTTOM': 'B.AssemblyText', 'LAYER_DNP_CROSS_TOP': 'F.DNP', 'LAYER_DNP_CROSS_BOTTOM': 'B.DNP', 'FILT_FIELD_RENAME': 'field_rename', 'FILT_TP_ONLY': 'only_testpoints', 'FILT_TP_EXCLUDE': 'exclude_testpoints', 'FILT_TP_TOP_ONLY': 'only_testpoints_top', 'FILT_TP_BOTTOM_ONLY': 'only_testpoints_bottom', 'SCH_VARIANT_OUTPUT': 'value_split', 'NETLIST_OUTPUT': 'netlist', 'GERBER_OUTPUT': 'gbr_gerbers', 'ODB_OUTPUT': 'zip_odb', 'EXCELLON_DRILL_OUTPUT': 'drl_excellon', 'PDF_DRILL_MAP_OUTPUT': 'pdf_drill_map', 'DXF_DRILL_MAP_OUTPUT': 'dxf_drill_map', 'CSV_DRILL_TABLE_OUTPUT': 'csv_drill_table', 'CSV_POS_OUTPUT': 'csv_position', 'CSV_TP_OUTPUT': 'csv_testpoints', 'CSV_TP_TOP_OUTPUT': 'csv_testpoints_top', 'CSV_TP_BOTTOM_OUTPUT': 'csv_testpoints_bottom', 'CSV_BOM_OUTPUT': 'csv_bom', 'XLSX_BOM_OUTPUT': 'xlsx_bom', 'HTML_IBOM_OUTPUT': 'html_bom_interactive', 'HTML_BOM_OUTPUT': 'html_bom', 'CSV_COMP_COUNT_OUPUT': 'csv_comp_count', 'CSV_IMPEDANCE_TABLE_OUTPUT': 'csv_impedance_table', 'TXT_FAB_NOTES_OUTPUT': 'txt_fabrication_notes', 'TXT_ASSEMBLY_NOTES_OUTPUT': 'txt_assembly_notes', 'PNG_3D_VIEWER_TOP': 'png_3d_viewer_top', 'PNG_3D_VIEWER_BOTTOM': 'png_3d_viewer_bottom', 'PNG_3D_VIEWER_ANGLED_TOP': 'png_3d_viewer_angled_top', 'PNG_3D_VIEWER_ANGLED_BOTTOM': 'png_3d_viewer_angled_bottom', 'STEP_OUTPUT': 'step', 'BLENDER_OUTPUT': 'blender', 'PDF_SCHEMATIC_OUTPUT': 'pdf_schematic', 'PDF_FABRICATION_OUTPUT': 'pdf_fabrication', 'PDF_ASSEMBLY_OUTPUT': 'pdf_assembly', 'ZIP_COMPRESS_FAB_OUTPUT': 'zip_compress_fab', 'HTML_KICANVAS_OUTPUT': 'html_kicanvas', 'HTML_KIRI_OUTPUT': 'html_kiri', 'MD_README_OUTPUT': 'md_readme', 'HTML_NAV_RES_OUTPUT': 'html_navigate_results'} (kibot - config_reader.py:682)
DEBUG:- Replacing @NAME@ -> png_3d_viewer_top (<class 'str'>) (kibot - config_reader.py:80)
DEBUG:- Replacing @COMMENT@ -> Top 3D viewer PCB render in PNG format (<class 'str'>) (kibot - config_reader.py:80)
DEBUG:- Replacing @DIR@ -> Images (<class 'str'>) (kibot - config_reader.py:80)
DEBUG:- Replacing @SUFFIX@ -> top (<class 'str'>) (kibot - config_reader.py:80)
DEBUG:- Replacing @VIEW@ -> top (<class 'str'>) (kibot - config_reader.py:80)
DEBUG:- Replacing @RAYTRACING@ -> true (<class 'str'>) (kibot - config_reader.py:80)
DEBUG:- Replacing @ROTATE_X@ -> 0 (<class 'str'>) (kibot - config_reader.py:80)
DEBUG:- Replacing @ROTATE_Y@ -> 0 (<class 'str'>) (kibot - config_reader.py:80)
DEBUG:- Replacing @ROTATE_Z@ -> 0 (<class 'str'>) (kibot - config_reader.py:80)
DEBUG:- Replacing @ZOOM@ -> 0 (<class 'str'>) (kibot - config_reader.py:80)
DEBUG:- Replacing @HEIGHT@ -> 2000 (<class 'str'>) (kibot - config_reader.py:80)
DEBUG:- Replacing @WIDTH@ -> 2000 (<class 'str'>) (kibot - config_reader.py:80)
DEBUG:- Replacing @KEY_COLOR@ -> #00FF00 (<class 'str'>) (kibot - config_reader.py:80)
DEBUG:- Applying CLI definitions: {} (kibot - config_reader.py:679)
DEBUG:- Applying collected definitions: {'NAME': 'png_3d_viewer_top', 'COMMENT': 'Top 3D viewer PCB render in PNG format', 'DIR': 'Images', 'SUFFIX': 'top', 'VIEW': 'top', 'RAYTRACING': True, 'ROTATE_X': 0, 'ROTATE_Y': 0, 'ROTATE_Z': 0, 'ZOOM': 0, 'HEIGHT': 2000, 'WIDTH': 2000, 'KEY_COLOR': '#00FF00', 'PROJECT_NAME': 'ALB/MLB test', 'BOARD_NAME': 'alb_mlb test', 'COMPANY': 'General Atomics EMS', 'DESIGNER': 'Marcus Reighter', 'LOGO': 'Logos/Logo.png', 'GIT_URL': 'https://github.com/emptyd0nkey/albmlb', 'CHECK_ZONE_FILLS': True, 'STACKUP_TABLE_NOTE': 'external layer thicknesses are specified after plating', 'MPN_FIELD': 'Manufacturer Part Number', 'MAN_FIELD': 'Manufacturer', 'GROUP_ROUND_SLOTS': True, 'GROUP_PTH_NPTH': 'no', 'GROUP_PTH_NPTH_DRL': False, 'PLOT_REFS': True, 'COLOR_THEME': 'Altium_Theme', 'SHEET_WKS': '${KIPRJMOD}/Templates/KDT_Template_PCB_GIT_A4.kicad_wks', 'FAB_SCALING': 1, 'ASSEMBLY_SCALING': 1, 'EXCLUDE_REFS': '[MB*]', '3D_VIEWER_ROT_X': 2, '3D_VIEWER_ROT_Y': -1, '3D_VIEWER_ROT_Z': 1, '3D_VIEWER_ZOOM': -1, 'OUTPUT_DIR': './', 'REPORT_DIR': 'Reports', 'SCHEMATIC_DIR': 'Schematic', 'MANUFACTURING_DIR': 'Manufacturing', 'ASSEMBLY_DIR': '@MANUFACTURING_DIR@/Assembly', 'FABRICATION_DIR': '@MANUFACTURING_DIR@/Fabrication', 'GERBERS_DIR': '@FABRICATION_DIR@/Gerbers', 'FAB_DRILL_TABLES_DIR': '@FABRICATION_DIR@/Drill Tables', 'TESTING_DIR': 'Testing', 'TESTPOINTS_DIR': '@TESTING_DIR@/Testpoints', 'IMAGES_DIR': 'Images', '3D_DIR': '3D', 'RESOURCES_DIR': 'kibot_resources', 'REPORT_TEMPLATE_DIR': '@RESOURCES_DIR@/templates', 'SCRIPTS_DIR': '@RESOURCES_DIR@/scripts', 'LAYER_TITLE_PAGE': 'TitlePage', 'LAYER_DNP_TOP': 'F.DNP', 'LAYER_DNP_BOTTOM': 'B.DNP', 'LAYER_DRILL_MAP': 'DrillMap', 'LAYER_TP_LIST_TOP': 'F.TestPointList', 'LAYER_TP_LIST_BOTTOM': 'B.TestPointList', 'LAYER_ASSEMBLY_TEXT_TOP': 'F.AssemblyText', 'LAYER_ASSEMBLY_TEXT_BOTTOM': 'B.AssemblyText', 'LAYER_DNP_CROSS_TOP': 'F.DNP', 'LAYER_DNP_CROSS_BOTTOM': 'B.DNP', 'FILT_FIELD_RENAME': 'field_rename', 'FILT_TP_ONLY': 'only_testpoints', 'FILT_TP_EXCLUDE': 'exclude_testpoints', 'FILT_TP_TOP_ONLY': 'only_testpoints_top', 'FILT_TP_BOTTOM_ONLY': 'only_testpoints_bottom', 'SCH_VARIANT_OUTPUT': 'value_split', 'NETLIST_OUTPUT': 'netlist', 'GERBER_OUTPUT': 'gbr_gerbers', 'ODB_OUTPUT': 'zip_odb', 'EXCELLON_DRILL_OUTPUT': 'drl_excellon', 'PDF_DRILL_MAP_OUTPUT': 'pdf_drill_map', 'DXF_DRILL_MAP_OUTPUT': 'dxf_drill_map', 'CSV_DRILL_TABLE_OUTPUT': 'csv_drill_table', 'CSV_POS_OUTPUT': 'csv_position', 'CSV_TP_OUTPUT': 'csv_testpoints', 'CSV_TP_TOP_OUTPUT': 'csv_testpoints_top', 'CSV_TP_BOTTOM_OUTPUT': 'csv_testpoints_bottom', 'CSV_BOM_OUTPUT': 'csv_bom', 'XLSX_BOM_OUTPUT': 'xlsx_bom', 'HTML_IBOM_OUTPUT': 'html_bom_interactive', 'HTML_BOM_OUTPUT': 'html_bom', 'CSV_COMP_COUNT_OUPUT': 'csv_comp_count', 'CSV_IMPEDANCE_TABLE_OUTPUT': 'csv_impedance_table', 'TXT_FAB_NOTES_OUTPUT': 'txt_fabrication_notes', 'TXT_ASSEMBLY_NOTES_OUTPUT': 'txt_assembly_notes', 'PNG_3D_VIEWER_TOP': 'png_3d_viewer_top', 'PNG_3D_VIEWER_BOTTOM': 'png_3d_viewer_bottom', 'PNG_3D_VIEWER_ANGLED_TOP': 'png_3d_viewer_angled_top', 'PNG_3D_VIEWER_ANGLED_BOTTOM': 'png_3d_viewer_angled_bottom', 'STEP_OUTPUT': 'step', 'BLENDER_OUTPUT': 'blender', 'PDF_SCHEMATIC_OUTPUT': 'pdf_schematic', 'PDF_FABRICATION_OUTPUT': 'pdf_fabrication', 'PDF_ASSEMBLY_OUTPUT': 'pdf_assembly', 'ZIP_COMPRESS_FAB_OUTPUT': 'zip_compress_fab', 'HTML_KICANVAS_OUTPUT': 'html_kicanvas', 'HTML_KIRI_OUTPUT': 'html_kiri', 'MD_README_OUTPUT': 'md_readme', 'HTML_NAV_RES_OUTPUT': 'html_navigate_results'} (kibot - config_reader.py:682)
DEBUG:YAML after expanding definitions:
# KiBot output for 3D Viewer renders in PNG format
# https://kibot.readthedocs.io/en/latest/configuration/outputs/render_3d.html

kibot:
  version: 1

outputs:
- name: png_3d_viewer_top
  comment: 'Top 3D viewer PCB render in PNG format'
  type: render_3d
  category: 'Images'
  dir: 'Images'
  options:
    output: '%f-top%I%v.%x'
    auto_crop: true
    enable_crop_workaround: true
    rotate_x: 0
    rotate_y: 0
    rotate_z: 0
    zoom: 0
    height: 2000
    width: 2000
    view: 'top'
    ray_tracing: true
    force_stackup_colors: true
    orthographic: true
    transparent_background: true
    transparent_background_color: '#00FF00'
    transparent_background_fuzz: 40

 (kibot - config_reader.py:688)
DEBUG:Pre-parsing output options for `png_3d_viewer_top` (render_3d) (kibot - config_reader.py:171)
DEBUG:Outputs loaded from `kibot_yaml/kibot_out_png_3d_viewer.yaml`: ['png_3d_viewer_top'] (kibot - config_reader.py:363)
DEBUG:Found local definitions (kibot - config_reader.py:653)
DEBUG:- Local definitions: {'NAME': 'png_3d_viewer', 'COMMENT': '3D viewer PCB render in PNG format', 'DIR': 'Images', 'SUFFIX': '', 'VIEW': 'top', 'RAYTRACING': True, 'ROTATE_X': 0, 'ROTATE_Y': 0, 'ROTATE_Z': 0, 'ZOOM': 0, 'HEIGHT': 2000, 'WIDTH': 2000, 'KEY_COLOR': '#00FF00'} (kibot - config_reader.py:663)
DEBUG:- Current definitions: {'PROJECT_NAME': 'ALB/MLB test', 'BOARD_NAME': 'alb_mlb test', 'COMPANY': 'General Atomics EMS', 'DESIGNER': 'Marcus Reighter', 'LOGO': 'Logos/Logo.png', 'GIT_URL': 'https://github.com/emptyd0nkey/albmlb', 'CHECK_ZONE_FILLS': True, 'STACKUP_TABLE_NOTE': 'external layer thicknesses are specified after plating', 'MPN_FIELD': 'Manufacturer Part Number', 'MAN_FIELD': 'Manufacturer', 'GROUP_ROUND_SLOTS': True, 'GROUP_PTH_NPTH': 'no', 'GROUP_PTH_NPTH_DRL': False, 'PLOT_REFS': True, 'COLOR_THEME': 'Altium_Theme', 'SHEET_WKS': '${KIPRJMOD}/Templates/KDT_Template_PCB_GIT_A4.kicad_wks', 'FAB_SCALING': 1, 'ASSEMBLY_SCALING': 1, 'EXCLUDE_REFS': '[MB*]', '3D_VIEWER_ROT_X': 2, '3D_VIEWER_ROT_Y': -1, '3D_VIEWER_ROT_Z': 1, '3D_VIEWER_ZOOM': -1, 'KEY_COLOR': '#00FF00', 'OUTPUT_DIR': './', 'REPORT_DIR': 'Reports', 'SCHEMATIC_DIR': 'Schematic', 'MANUFACTURING_DIR': 'Manufacturing', 'ASSEMBLY_DIR': '@MANUFACTURING_DIR@/Assembly', 'FABRICATION_DIR': '@MANUFACTURING_DIR@/Fabrication', 'GERBERS_DIR': '@FABRICATION_DIR@/Gerbers', 'FAB_DRILL_TABLES_DIR': '@FABRICATION_DIR@/Drill Tables', 'TESTING_DIR': 'Testing', 'TESTPOINTS_DIR': '@TESTING_DIR@/Testpoints', 'IMAGES_DIR': 'Images', '3D_DIR': '3D', 'RESOURCES_DIR': 'kibot_resources', 'REPORT_TEMPLATE_DIR': '@RESOURCES_DIR@/templates', 'SCRIPTS_DIR': '@RESOURCES_DIR@/scripts', 'LAYER_TITLE_PAGE': 'TitlePage', 'LAYER_DNP_TOP': 'F.DNP', 'LAYER_DNP_BOTTOM': 'B.DNP', 'LAYER_DRILL_MAP': 'DrillMap', 'LAYER_TP_LIST_TOP': 'F.TestPointList', 'LAYER_TP_LIST_BOTTOM': 'B.TestPointList', 'LAYER_ASSEMBLY_TEXT_TOP': 'F.AssemblyText', 'LAYER_ASSEMBLY_TEXT_BOTTOM': 'B.AssemblyText', 'LAYER_DNP_CROSS_TOP': 'F.DNP', 'LAYER_DNP_CROSS_BOTTOM': 'B.DNP', 'FILT_FIELD_RENAME': 'field_rename', 'FILT_TP_ONLY': 'only_testpoints', 'FILT_TP_EXCLUDE': 'exclude_testpoints', 'FILT_TP_TOP_ONLY': 'only_testpoints_top', 'FILT_TP_BOTTOM_ONLY': 'only_testpoints_bottom', 'SCH_VARIANT_OUTPUT': 'value_split', 'NETLIST_OUTPUT': 'netlist', 'GERBER_OUTPUT': 'gbr_gerbers', 'ODB_OUTPUT': 'zip_odb', 'EXCELLON_DRILL_OUTPUT': 'drl_excellon', 'PDF_DRILL_MAP_OUTPUT': 'pdf_drill_map', 'DXF_DRILL_MAP_OUTPUT': 'dxf_drill_map', 'CSV_DRILL_TABLE_OUTPUT': 'csv_drill_table', 'CSV_POS_OUTPUT': 'csv_position', 'CSV_TP_OUTPUT': 'csv_testpoints', 'CSV_TP_TOP_OUTPUT': 'csv_testpoints_top', 'CSV_TP_BOTTOM_OUTPUT': 'csv_testpoints_bottom', 'CSV_BOM_OUTPUT': 'csv_bom', 'XLSX_BOM_OUTPUT': 'xlsx_bom', 'HTML_IBOM_OUTPUT': 'html_bom_interactive', 'HTML_BOM_OUTPUT': 'html_bom', 'CSV_COMP_COUNT_OUPUT': 'csv_comp_count', 'CSV_IMPEDANCE_TABLE_OUTPUT': 'csv_impedance_table', 'TXT_FAB_NOTES_OUTPUT': 'txt_fabrication_notes', 'TXT_ASSEMBLY_NOTES_OUTPUT': 'txt_assembly_notes', 'PNG_3D_VIEWER_TOP': 'png_3d_viewer_top', 'PNG_3D_VIEWER_BOTTOM': 'png_3d_viewer_bottom', 'PNG_3D_VIEWER_ANGLED_TOP': 'png_3d_viewer_angled_top', 'PNG_3D_VIEWER_ANGLED_BOTTOM': 'png_3d_viewer_angled_bottom', 'STEP_OUTPUT': 'step', 'BLENDER_OUTPUT': 'blender', 'PDF_SCHEMATIC_OUTPUT': 'pdf_schematic', 'PDF_FABRICATION_OUTPUT': 'pdf_fabrication', 'PDF_ASSEMBLY_OUTPUT': 'pdf_assembly', 'ZIP_COMPRESS_FAB_OUTPUT': 'zip_compress_fab', 'HTML_KICANVAS_OUTPUT': 'html_kicanvas', 'HTML_KIRI_OUTPUT': 'html_kiri', 'MD_README_OUTPUT': 'md_readme', 'HTML_NAV_RES_OUTPUT': 'html_navigate_results', 'NAME': 'png_3d_viewer_bottom', 'COMMENT': 'Bottom 3D viewer PCB render in PNG format', 'DIR': 'Images', 'SUFFIX': 'bottom', 'VIEW': 'bottom'} (kibot - config_reader.py:664)
DEBUG:- Updated definitions: {'NAME': 'png_3d_viewer_bottom', 'COMMENT': 'Bottom 3D viewer PCB render in PNG format', 'DIR': 'Images', 'SUFFIX': 'bottom', 'VIEW': 'bottom', 'RAYTRACING': True, 'ROTATE_X': 0, 'ROTATE_Y': 0, 'ROTATE_Z': 0, 'ZOOM': 0, 'HEIGHT': 2000, 'WIDTH': 2000, 'KEY_COLOR': '#00FF00', 'PROJECT_NAME': 'ALB/MLB test', 'BOARD_NAME': 'alb_mlb test', 'COMPANY': 'General Atomics EMS', 'DESIGNER': 'Marcus Reighter', 'LOGO': 'Logos/Logo.png', 'GIT_URL': 'https://github.com/emptyd0nkey/albmlb', 'CHECK_ZONE_FILLS': True, 'STACKUP_TABLE_NOTE': 'external layer thicknesses are specified after plating', 'MPN_FIELD': 'Manufacturer Part Number', 'MAN_FIELD': 'Manufacturer', 'GROUP_ROUND_SLOTS': True, 'GROUP_PTH_NPTH': 'no', 'GROUP_PTH_NPTH_DRL': False, 'PLOT_REFS': True, 'COLOR_THEME': 'Altium_Theme', 'SHEET_WKS': '${KIPRJMOD}/Templates/KDT_Template_PCB_GIT_A4.kicad_wks', 'FAB_SCALING': 1, 'ASSEMBLY_SCALING': 1, 'EXCLUDE_REFS': '[MB*]', '3D_VIEWER_ROT_X': 2, '3D_VIEWER_ROT_Y': -1, '3D_VIEWER_ROT_Z': 1, '3D_VIEWER_ZOOM': -1, 'OUTPUT_DIR': './', 'REPORT_DIR': 'Reports', 'SCHEMATIC_DIR': 'Schematic', 'MANUFACTURING_DIR': 'Manufacturing', 'ASSEMBLY_DIR': '@MANUFACTURING_DIR@/Assembly', 'FABRICATION_DIR': '@MANUFACTURING_DIR@/Fabrication', 'GERBERS_DIR': '@FABRICATION_DIR@/Gerbers', 'FAB_DRILL_TABLES_DIR': '@FABRICATION_DIR@/Drill Tables', 'TESTING_DIR': 'Testing', 'TESTPOINTS_DIR': '@TESTING_DIR@/Testpoints', 'IMAGES_DIR': 'Images', '3D_DIR': '3D', 'RESOURCES_DIR': 'kibot_resources', 'REPORT_TEMPLATE_DIR': '@RESOURCES_DIR@/templates', 'SCRIPTS_DIR': '@RESOURCES_DIR@/scripts', 'LAYER_TITLE_PAGE': 'TitlePage', 'LAYER_DNP_TOP': 'F.DNP', 'LAYER_DNP_BOTTOM': 'B.DNP', 'LAYER_DRILL_MAP': 'DrillMap', 'LAYER_TP_LIST_TOP': 'F.TestPointList', 'LAYER_TP_LIST_BOTTOM': 'B.TestPointList', 'LAYER_ASSEMBLY_TEXT_TOP': 'F.AssemblyText', 'LAYER_ASSEMBLY_TEXT_BOTTOM': 'B.AssemblyText', 'LAYER_DNP_CROSS_TOP': 'F.DNP', 'LAYER_DNP_CROSS_BOTTOM': 'B.DNP', 'FILT_FIELD_RENAME': 'field_rename', 'FILT_TP_ONLY': 'only_testpoints', 'FILT_TP_EXCLUDE': 'exclude_testpoints', 'FILT_TP_TOP_ONLY': 'only_testpoints_top', 'FILT_TP_BOTTOM_ONLY': 'only_testpoints_bottom', 'SCH_VARIANT_OUTPUT': 'value_split', 'NETLIST_OUTPUT': 'netlist', 'GERBER_OUTPUT': 'gbr_gerbers', 'ODB_OUTPUT': 'zip_odb', 'EXCELLON_DRILL_OUTPUT': 'drl_excellon', 'PDF_DRILL_MAP_OUTPUT': 'pdf_drill_map', 'DXF_DRILL_MAP_OUTPUT': 'dxf_drill_map', 'CSV_DRILL_TABLE_OUTPUT': 'csv_drill_table', 'CSV_POS_OUTPUT': 'csv_position', 'CSV_TP_OUTPUT': 'csv_testpoints', 'CSV_TP_TOP_OUTPUT': 'csv_testpoints_top', 'CSV_TP_BOTTOM_OUTPUT': 'csv_testpoints_bottom', 'CSV_BOM_OUTPUT': 'csv_bom', 'XLSX_BOM_OUTPUT': 'xlsx_bom', 'HTML_IBOM_OUTPUT': 'html_bom_interactive', 'HTML_BOM_OUTPUT': 'html_bom', 'CSV_COMP_COUNT_OUPUT': 'csv_comp_count', 'CSV_IMPEDANCE_TABLE_OUTPUT': 'csv_impedance_table', 'TXT_FAB_NOTES_OUTPUT': 'txt_fabrication_notes', 'TXT_ASSEMBLY_NOTES_OUTPUT': 'txt_assembly_notes', 'PNG_3D_VIEWER_TOP': 'png_3d_viewer_top', 'PNG_3D_VIEWER_BOTTOM': 'png_3d_viewer_bottom', 'PNG_3D_VIEWER_ANGLED_TOP': 'png_3d_viewer_angled_top', 'PNG_3D_VIEWER_ANGLED_BOTTOM': 'png_3d_viewer_angled_bottom', 'STEP_OUTPUT': 'step', 'BLENDER_OUTPUT': 'blender', 'PDF_SCHEMATIC_OUTPUT': 'pdf_schematic', 'PDF_FABRICATION_OUTPUT': 'pdf_fabrication', 'PDF_ASSEMBLY_OUTPUT': 'pdf_assembly', 'ZIP_COMPRESS_FAB_OUTPUT': 'zip_compress_fab', 'HTML_KICANVAS_OUTPUT': 'html_kicanvas', 'HTML_KIRI_OUTPUT': 'html_kiri', 'MD_README_OUTPUT': 'md_readme', 'HTML_NAV_RES_OUTPUT': 'html_navigate_results'} (kibot - config_reader.py:667)
DEBUG:Applying preprocessor definitions (kibot - config_reader.py:672)
DEBUG:- Applying CLI definitions: {} (kibot - config_reader.py:679)
DEBUG:- Applying collected definitions: {'NAME': 'png_3d_viewer_bottom', 'COMMENT': 'Bottom 3D viewer PCB render in PNG format', 'DIR': 'Images', 'SUFFIX': 'bottom', 'VIEW': 'bottom', 'RAYTRACING': True, 'ROTATE_X': 0, 'ROTATE_Y': 0, 'ROTATE_Z': 0, 'ZOOM': 0, 'HEIGHT': 2000, 'WIDTH': 2000, 'KEY_COLOR': '#00FF00', 'PROJECT_NAME': 'ALB/MLB test', 'BOARD_NAME': 'alb_mlb test', 'COMPANY': 'General Atomics EMS', 'DESIGNER': 'Marcus Reighter', 'LOGO': 'Logos/Logo.png', 'GIT_URL': 'https://github.com/emptyd0nkey/albmlb', 'CHECK_ZONE_FILLS': True, 'STACKUP_TABLE_NOTE': 'external layer thicknesses are specified after plating', 'MPN_FIELD': 'Manufacturer Part Number', 'MAN_FIELD': 'Manufacturer', 'GROUP_ROUND_SLOTS': True, 'GROUP_PTH_NPTH': 'no', 'GROUP_PTH_NPTH_DRL': False, 'PLOT_REFS': True, 'COLOR_THEME': 'Altium_Theme', 'SHEET_WKS': '${KIPRJMOD}/Templates/KDT_Template_PCB_GIT_A4.kicad_wks', 'FAB_SCALING': 1, 'ASSEMBLY_SCALING': 1, 'EXCLUDE_REFS': '[MB*]', '3D_VIEWER_ROT_X': 2, '3D_VIEWER_ROT_Y': -1, '3D_VIEWER_ROT_Z': 1, '3D_VIEWER_ZOOM': -1, 'OUTPUT_DIR': './', 'REPORT_DIR': 'Reports', 'SCHEMATIC_DIR': 'Schematic', 'MANUFACTURING_DIR': 'Manufacturing', 'ASSEMBLY_DIR': '@MANUFACTURING_DIR@/Assembly', 'FABRICATION_DIR': '@MANUFACTURING_DIR@/Fabrication', 'GERBERS_DIR': '@FABRICATION_DIR@/Gerbers', 'FAB_DRILL_TABLES_DIR': '@FABRICATION_DIR@/Drill Tables', 'TESTING_DIR': 'Testing', 'TESTPOINTS_DIR': '@TESTING_DIR@/Testpoints', 'IMAGES_DIR': 'Images', '3D_DIR': '3D', 'RESOURCES_DIR': 'kibot_resources', 'REPORT_TEMPLATE_DIR': '@RESOURCES_DIR@/templates', 'SCRIPTS_DIR': '@RESOURCES_DIR@/scripts', 'LAYER_TITLE_PAGE': 'TitlePage', 'LAYER_DNP_TOP': 'F.DNP', 'LAYER_DNP_BOTTOM': 'B.DNP', 'LAYER_DRILL_MAP': 'DrillMap', 'LAYER_TP_LIST_TOP': 'F.TestPointList', 'LAYER_TP_LIST_BOTTOM': 'B.TestPointList', 'LAYER_ASSEMBLY_TEXT_TOP': 'F.AssemblyText', 'LAYER_ASSEMBLY_TEXT_BOTTOM': 'B.AssemblyText', 'LAYER_DNP_CROSS_TOP': 'F.DNP', 'LAYER_DNP_CROSS_BOTTOM': 'B.DNP', 'FILT_FIELD_RENAME': 'field_rename', 'FILT_TP_ONLY': 'only_testpoints', 'FILT_TP_EXCLUDE': 'exclude_testpoints', 'FILT_TP_TOP_ONLY': 'only_testpoints_top', 'FILT_TP_BOTTOM_ONLY': 'only_testpoints_bottom', 'SCH_VARIANT_OUTPUT': 'value_split', 'NETLIST_OUTPUT': 'netlist', 'GERBER_OUTPUT': 'gbr_gerbers', 'ODB_OUTPUT': 'zip_odb', 'EXCELLON_DRILL_OUTPUT': 'drl_excellon', 'PDF_DRILL_MAP_OUTPUT': 'pdf_drill_map', 'DXF_DRILL_MAP_OUTPUT': 'dxf_drill_map', 'CSV_DRILL_TABLE_OUTPUT': 'csv_drill_table', 'CSV_POS_OUTPUT': 'csv_position', 'CSV_TP_OUTPUT': 'csv_testpoints', 'CSV_TP_TOP_OUTPUT': 'csv_testpoints_top', 'CSV_TP_BOTTOM_OUTPUT': 'csv_testpoints_bottom', 'CSV_BOM_OUTPUT': 'csv_bom', 'XLSX_BOM_OUTPUT': 'xlsx_bom', 'HTML_IBOM_OUTPUT': 'html_bom_interactive', 'HTML_BOM_OUTPUT': 'html_bom', 'CSV_COMP_COUNT_OUPUT': 'csv_comp_count', 'CSV_IMPEDANCE_TABLE_OUTPUT': 'csv_impedance_table', 'TXT_FAB_NOTES_OUTPUT': 'txt_fabrication_notes', 'TXT_ASSEMBLY_NOTES_OUTPUT': 'txt_assembly_notes', 'PNG_3D_VIEWER_TOP': 'png_3d_viewer_top', 'PNG_3D_VIEWER_BOTTOM': 'png_3d_viewer_bottom', 'PNG_3D_VIEWER_ANGLED_TOP': 'png_3d_viewer_angled_top', 'PNG_3D_VIEWER_ANGLED_BOTTOM': 'png_3d_viewer_angled_bottom', 'STEP_OUTPUT': 'step', 'BLENDER_OUTPUT': 'blender', 'PDF_SCHEMATIC_OUTPUT': 'pdf_schematic', 'PDF_FABRICATION_OUTPUT': 'pdf_fabrication', 'PDF_ASSEMBLY_OUTPUT': 'pdf_assembly', 'ZIP_COMPRESS_FAB_OUTPUT': 'zip_compress_fab', 'HTML_KICANVAS_OUTPUT': 'html_kicanvas', 'HTML_KIRI_OUTPUT': 'html_kiri', 'MD_README_OUTPUT': 'md_readme', 'HTML_NAV_RES_OUTPUT': 'html_navigate_results'} (kibot - config_reader.py:682)
DEBUG:- Replacing @NAME@ -> png_3d_viewer_bottom (<class 'str'>) (kibot - config_reader.py:80)
DEBUG:- Replacing @COMMENT@ -> Bottom 3D viewer PCB render in PNG format (<class 'str'>) (kibot - config_reader.py:80)
DEBUG:- Replacing @DIR@ -> Images (<class 'str'>) (kibot - config_reader.py:80)
DEBUG:- Replacing @SUFFIX@ -> bottom (<class 'str'>) (kibot - config_reader.py:80)
DEBUG:- Replacing @VIEW@ -> bottom (<class 'str'>) (kibot - config_reader.py:80)
DEBUG:- Replacing @RAYTRACING@ -> true (<class 'str'>) (kibot - config_reader.py:80)
DEBUG:- Replacing @ROTATE_X@ -> 0 (<class 'str'>) (kibot - config_reader.py:80)
DEBUG:- Replacing @ROTATE_Y@ -> 0 (<class 'str'>) (kibot - config_reader.py:80)
DEBUG:- Replacing @ROTATE_Z@ -> 0 (<class 'str'>) (kibot - config_reader.py:80)
DEBUG:- Replacing @ZOOM@ -> 0 (<class 'str'>) (kibot - config_reader.py:80)
DEBUG:- Replacing @HEIGHT@ -> 2000 (<class 'str'>) (kibot - config_reader.py:80)
DEBUG:- Replacing @WIDTH@ -> 2000 (<class 'str'>) (kibot - config_reader.py:80)
DEBUG:- Replacing @KEY_COLOR@ -> #00FF00 (<class 'str'>) (kibot - config_reader.py:80)
DEBUG:- Applying CLI definitions: {} (kibot - config_reader.py:679)
DEBUG:- Applying collected definitions: {'NAME': 'png_3d_viewer_bottom', 'COMMENT': 'Bottom 3D viewer PCB render in PNG format', 'DIR': 'Images', 'SUFFIX': 'bottom', 'VIEW': 'bottom', 'RAYTRACING': True, 'ROTATE_X': 0, 'ROTATE_Y': 0, 'ROTATE_Z': 0, 'ZOOM': 0, 'HEIGHT': 2000, 'WIDTH': 2000, 'KEY_COLOR': '#00FF00', 'PROJECT_NAME': 'ALB/MLB test', 'BOARD_NAME': 'alb_mlb test', 'COMPANY': 'General Atomics EMS', 'DESIGNER': 'Marcus Reighter', 'LOGO': 'Logos/Logo.png', 'GIT_URL': 'https://github.com/emptyd0nkey/albmlb', 'CHECK_ZONE_FILLS': True, 'STACKUP_TABLE_NOTE': 'external layer thicknesses are specified after plating', 'MPN_FIELD': 'Manufacturer Part Number', 'MAN_FIELD': 'Manufacturer', 'GROUP_ROUND_SLOTS': True, 'GROUP_PTH_NPTH': 'no', 'GROUP_PTH_NPTH_DRL': False, 'PLOT_REFS': True, 'COLOR_THEME': 'Altium_Theme', 'SHEET_WKS': '${KIPRJMOD}/Templates/KDT_Template_PCB_GIT_A4.kicad_wks', 'FAB_SCALING': 1, 'ASSEMBLY_SCALING': 1, 'EXCLUDE_REFS': '[MB*]', '3D_VIEWER_ROT_X': 2, '3D_VIEWER_ROT_Y': -1, '3D_VIEWER_ROT_Z': 1, '3D_VIEWER_ZOOM': -1, 'OUTPUT_DIR': './', 'REPORT_DIR': 'Reports', 'SCHEMATIC_DIR': 'Schematic', 'MANUFACTURING_DIR': 'Manufacturing', 'ASSEMBLY_DIR': '@MANUFACTURING_DIR@/Assembly', 'FABRICATION_DIR': '@MANUFACTURING_DIR@/Fabrication', 'GERBERS_DIR': '@FABRICATION_DIR@/Gerbers', 'FAB_DRILL_TABLES_DIR': '@FABRICATION_DIR@/Drill Tables', 'TESTING_DIR': 'Testing', 'TESTPOINTS_DIR': '@TESTING_DIR@/Testpoints', 'IMAGES_DIR': 'Images', '3D_DIR': '3D', 'RESOURCES_DIR': 'kibot_resources', 'REPORT_TEMPLATE_DIR': '@RESOURCES_DIR@/templates', 'SCRIPTS_DIR': '@RESOURCES_DIR@/scripts', 'LAYER_TITLE_PAGE': 'TitlePage', 'LAYER_DNP_TOP': 'F.DNP', 'LAYER_DNP_BOTTOM': 'B.DNP', 'LAYER_DRILL_MAP': 'DrillMap', 'LAYER_TP_LIST_TOP': 'F.TestPointList', 'LAYER_TP_LIST_BOTTOM': 'B.TestPointList', 'LAYER_ASSEMBLY_TEXT_TOP': 'F.AssemblyText', 'LAYER_ASSEMBLY_TEXT_BOTTOM': 'B.AssemblyText', 'LAYER_DNP_CROSS_TOP': 'F.DNP', 'LAYER_DNP_CROSS_BOTTOM': 'B.DNP', 'FILT_FIELD_RENAME': 'field_rename', 'FILT_TP_ONLY': 'only_testpoints', 'FILT_TP_EXCLUDE': 'exclude_testpoints', 'FILT_TP_TOP_ONLY': 'only_testpoints_top', 'FILT_TP_BOTTOM_ONLY': 'only_testpoints_bottom', 'SCH_VARIANT_OUTPUT': 'value_split', 'NETLIST_OUTPUT': 'netlist', 'GERBER_OUTPUT': 'gbr_gerbers', 'ODB_OUTPUT': 'zip_odb', 'EXCELLON_DRILL_OUTPUT': 'drl_excellon', 'PDF_DRILL_MAP_OUTPUT': 'pdf_drill_map', 'DXF_DRILL_MAP_OUTPUT': 'dxf_drill_map', 'CSV_DRILL_TABLE_OUTPUT': 'csv_drill_table', 'CSV_POS_OUTPUT': 'csv_position', 'CSV_TP_OUTPUT': 'csv_testpoints', 'CSV_TP_TOP_OUTPUT': 'csv_testpoints_top', 'CSV_TP_BOTTOM_OUTPUT': 'csv_testpoints_bottom', 'CSV_BOM_OUTPUT': 'csv_bom', 'XLSX_BOM_OUTPUT': 'xlsx_bom', 'HTML_IBOM_OUTPUT': 'html_bom_interactive', 'HTML_BOM_OUTPUT': 'html_bom', 'CSV_COMP_COUNT_OUPUT': 'csv_comp_count', 'CSV_IMPEDANCE_TABLE_OUTPUT': 'csv_impedance_table', 'TXT_FAB_NOTES_OUTPUT': 'txt_fabrication_notes', 'TXT_ASSEMBLY_NOTES_OUTPUT': 'txt_assembly_notes', 'PNG_3D_VIEWER_TOP': 'png_3d_viewer_top', 'PNG_3D_VIEWER_BOTTOM': 'png_3d_viewer_bottom', 'PNG_3D_VIEWER_ANGLED_TOP': 'png_3d_viewer_angled_top', 'PNG_3D_VIEWER_ANGLED_BOTTOM': 'png_3d_viewer_angled_bottom', 'STEP_OUTPUT': 'step', 'BLENDER_OUTPUT': 'blender', 'PDF_SCHEMATIC_OUTPUT': 'pdf_schematic', 'PDF_FABRICATION_OUTPUT': 'pdf_fabrication', 'PDF_ASSEMBLY_OUTPUT': 'pdf_assembly', 'ZIP_COMPRESS_FAB_OUTPUT': 'zip_compress_fab', 'HTML_KICANVAS_OUTPUT': 'html_kicanvas', 'HTML_KIRI_OUTPUT': 'html_kiri', 'MD_README_OUTPUT': 'md_readme', 'HTML_NAV_RES_OUTPUT': 'html_navigate_results'} (kibot - config_reader.py:682)
DEBUG:YAML after expanding definitions:
# KiBot output for 3D Viewer renders in PNG format
# https://kibot.readthedocs.io/en/latest/configuration/outputs/render_3d.html

kibot:
  version: 1

outputs:
- name: png_3d_viewer_bottom
  comment: 'Bottom 3D viewer PCB render in PNG format'
  type: render_3d
  category: 'Images'
  dir: 'Images'
  options:
    output: '%f-bottom%I%v.%x'
    auto_crop: true
    enable_crop_workaround: true
    rotate_x: 0
    rotate_y: 0
    rotate_z: 0
    zoom: 0
    height: 2000
    width: 2000
    view: 'bottom'
    ray_tracing: true
    force_stackup_colors: true
    orthographic: true
    transparent_background: true
    transparent_background_color: '#00FF00'
    transparent_background_fuzz: 40

 (kibot - config_reader.py:688)
DEBUG:Pre-parsing output options for `png_3d_viewer_bottom` (render_3d) (kibot - config_reader.py:171)
DEBUG:Outputs loaded from `kibot_yaml/kibot_out_png_3d_viewer.yaml`: ['png_3d_viewer_bottom'] (kibot - config_reader.py:363)
DEBUG:Found local definitions (kibot - config_reader.py:653)
DEBUG:- Local definitions: {'NAME': 'png_3d_viewer', 'COMMENT': '3D viewer PCB render in PNG format', 'DIR': 'Images', 'SUFFIX': '', 'VIEW': 'top', 'RAYTRACING': True, 'ROTATE_X': 0, 'ROTATE_Y': 0, 'ROTATE_Z': 0, 'ZOOM': 0, 'HEIGHT': 2000, 'WIDTH': 2000, 'KEY_COLOR': '#00FF00'} (kibot - config_reader.py:663)
DEBUG:- Current definitions: {'PROJECT_NAME': 'ALB/MLB test', 'BOARD_NAME': 'alb_mlb test', 'COMPANY': 'General Atomics EMS', 'DESIGNER': 'Marcus Reighter', 'LOGO': 'Logos/Logo.png', 'GIT_URL': 'https://github.com/emptyd0nkey/albmlb', 'CHECK_ZONE_FILLS': True, 'STACKUP_TABLE_NOTE': 'external layer thicknesses are specified after plating', 'MPN_FIELD': 'Manufacturer Part Number', 'MAN_FIELD': 'Manufacturer', 'GROUP_ROUND_SLOTS': True, 'GROUP_PTH_NPTH': 'no', 'GROUP_PTH_NPTH_DRL': False, 'PLOT_REFS': True, 'COLOR_THEME': 'Altium_Theme', 'SHEET_WKS': '${KIPRJMOD}/Templates/KDT_Template_PCB_GIT_A4.kicad_wks', 'FAB_SCALING': 1, 'ASSEMBLY_SCALING': 1, 'EXCLUDE_REFS': '[MB*]', '3D_VIEWER_ROT_X': 2, '3D_VIEWER_ROT_Y': -1, '3D_VIEWER_ROT_Z': 1, '3D_VIEWER_ZOOM': -1, 'KEY_COLOR': '#00FF00', 'OUTPUT_DIR': './', 'REPORT_DIR': 'Reports', 'SCHEMATIC_DIR': 'Schematic', 'MANUFACTURING_DIR': 'Manufacturing', 'ASSEMBLY_DIR': '@MANUFACTURING_DIR@/Assembly', 'FABRICATION_DIR': '@MANUFACTURING_DIR@/Fabrication', 'GERBERS_DIR': '@FABRICATION_DIR@/Gerbers', 'FAB_DRILL_TABLES_DIR': '@FABRICATION_DIR@/Drill Tables', 'TESTING_DIR': 'Testing', 'TESTPOINTS_DIR': '@TESTING_DIR@/Testpoints', 'IMAGES_DIR': 'Images', '3D_DIR': '3D', 'RESOURCES_DIR': 'kibot_resources', 'REPORT_TEMPLATE_DIR': '@RESOURCES_DIR@/templates', 'SCRIPTS_DIR': '@RESOURCES_DIR@/scripts', 'LAYER_TITLE_PAGE': 'TitlePage', 'LAYER_DNP_TOP': 'F.DNP', 'LAYER_DNP_BOTTOM': 'B.DNP', 'LAYER_DRILL_MAP': 'DrillMap', 'LAYER_TP_LIST_TOP': 'F.TestPointList', 'LAYER_TP_LIST_BOTTOM': 'B.TestPointList', 'LAYER_ASSEMBLY_TEXT_TOP': 'F.AssemblyText', 'LAYER_ASSEMBLY_TEXT_BOTTOM': 'B.AssemblyText', 'LAYER_DNP_CROSS_TOP': 'F.DNP', 'LAYER_DNP_CROSS_BOTTOM': 'B.DNP', 'FILT_FIELD_RENAME': 'field_rename', 'FILT_TP_ONLY': 'only_testpoints', 'FILT_TP_EXCLUDE': 'exclude_testpoints', 'FILT_TP_TOP_ONLY': 'only_testpoints_top', 'FILT_TP_BOTTOM_ONLY': 'only_testpoints_bottom', 'SCH_VARIANT_OUTPUT': 'value_split', 'NETLIST_OUTPUT': 'netlist', 'GERBER_OUTPUT': 'gbr_gerbers', 'ODB_OUTPUT': 'zip_odb', 'EXCELLON_DRILL_OUTPUT': 'drl_excellon', 'PDF_DRILL_MAP_OUTPUT': 'pdf_drill_map', 'DXF_DRILL_MAP_OUTPUT': 'dxf_drill_map', 'CSV_DRILL_TABLE_OUTPUT': 'csv_drill_table', 'CSV_POS_OUTPUT': 'csv_position', 'CSV_TP_OUTPUT': 'csv_testpoints', 'CSV_TP_TOP_OUTPUT': 'csv_testpoints_top', 'CSV_TP_BOTTOM_OUTPUT': 'csv_testpoints_bottom', 'CSV_BOM_OUTPUT': 'csv_bom', 'XLSX_BOM_OUTPUT': 'xlsx_bom', 'HTML_IBOM_OUTPUT': 'html_bom_interactive', 'HTML_BOM_OUTPUT': 'html_bom', 'CSV_COMP_COUNT_OUPUT': 'csv_comp_count', 'CSV_IMPEDANCE_TABLE_OUTPUT': 'csv_impedance_table', 'TXT_FAB_NOTES_OUTPUT': 'txt_fabrication_notes', 'TXT_ASSEMBLY_NOTES_OUTPUT': 'txt_assembly_notes', 'PNG_3D_VIEWER_TOP': 'png_3d_viewer_top', 'PNG_3D_VIEWER_BOTTOM': 'png_3d_viewer_bottom', 'PNG_3D_VIEWER_ANGLED_TOP': 'png_3d_viewer_angled_top', 'PNG_3D_VIEWER_ANGLED_BOTTOM': 'png_3d_viewer_angled_bottom', 'STEP_OUTPUT': 'step', 'BLENDER_OUTPUT': 'blender', 'PDF_SCHEMATIC_OUTPUT': 'pdf_schematic', 'PDF_FABRICATION_OUTPUT': 'pdf_fabrication', 'PDF_ASSEMBLY_OUTPUT': 'pdf_assembly', 'ZIP_COMPRESS_FAB_OUTPUT': 'zip_compress_fab', 'HTML_KICANVAS_OUTPUT': 'html_kicanvas', 'HTML_KIRI_OUTPUT': 'html_kiri', 'MD_README_OUTPUT': 'md_readme', 'HTML_NAV_RES_OUTPUT': 'html_navigate_results', 'NAME': 'png_3d_viewer_angled_top', 'COMMENT': 'Top (angled) 3D viewer PCB render in PNG format', 'DIR': 'Images', 'SUFFIX': 'angled_top', 'VIEW': 'top', 'ROTATE_X': 2, 'ROTATE_Y': -1, 'ROTATE_Z': 1, 'ZOOM': -1} (kibot - config_reader.py:664)
DEBUG:- Updated definitions: {'NAME': 'png_3d_viewer_angled_top', 'COMMENT': 'Top (angled) 3D viewer PCB render in PNG format', 'DIR': 'Images', 'SUFFIX': 'angled_top', 'VIEW': 'top', 'RAYTRACING': True, 'ROTATE_X': 2, 'ROTATE_Y': -1, 'ROTATE_Z': 1, 'ZOOM': -1, 'HEIGHT': 2000, 'WIDTH': 2000, 'KEY_COLOR': '#00FF00', 'PROJECT_NAME': 'ALB/MLB test', 'BOARD_NAME': 'alb_mlb test', 'COMPANY': 'General Atomics EMS', 'DESIGNER': 'Marcus Reighter', 'LOGO': 'Logos/Logo.png', 'GIT_URL': 'https://github.com/emptyd0nkey/albmlb', 'CHECK_ZONE_FILLS': True, 'STACKUP_TABLE_NOTE': 'external layer thicknesses are specified after plating', 'MPN_FIELD': 'Manufacturer Part Number', 'MAN_FIELD': 'Manufacturer', 'GROUP_ROUND_SLOTS': True, 'GROUP_PTH_NPTH': 'no', 'GROUP_PTH_NPTH_DRL': False, 'PLOT_REFS': True, 'COLOR_THEME': 'Altium_Theme', 'SHEET_WKS': '${KIPRJMOD}/Templates/KDT_Template_PCB_GIT_A4.kicad_wks', 'FAB_SCALING': 1, 'ASSEMBLY_SCALING': 1, 'EXCLUDE_REFS': '[MB*]', '3D_VIEWER_ROT_X': 2, '3D_VIEWER_ROT_Y': -1, '3D_VIEWER_ROT_Z': 1, '3D_VIEWER_ZOOM': -1, 'OUTPUT_DIR': './', 'REPORT_DIR': 'Reports', 'SCHEMATIC_DIR': 'Schematic', 'MANUFACTURING_DIR': 'Manufacturing', 'ASSEMBLY_DIR': '@MANUFACTURING_DIR@/Assembly', 'FABRICATION_DIR': '@MANUFACTURING_DIR@/Fabrication', 'GERBERS_DIR': '@FABRICATION_DIR@/Gerbers', 'FAB_DRILL_TABLES_DIR': '@FABRICATION_DIR@/Drill Tables', 'TESTING_DIR': 'Testing', 'TESTPOINTS_DIR': '@TESTING_DIR@/Testpoints', 'IMAGES_DIR': 'Images', '3D_DIR': '3D', 'RESOURCES_DIR': 'kibot_resources', 'REPORT_TEMPLATE_DIR': '@RESOURCES_DIR@/templates', 'SCRIPTS_DIR': '@RESOURCES_DIR@/scripts', 'LAYER_TITLE_PAGE': 'TitlePage', 'LAYER_DNP_TOP': 'F.DNP', 'LAYER_DNP_BOTTOM': 'B.DNP', 'LAYER_DRILL_MAP': 'DrillMap', 'LAYER_TP_LIST_TOP': 'F.TestPointList', 'LAYER_TP_LIST_BOTTOM': 'B.TestPointList', 'LAYER_ASSEMBLY_TEXT_TOP': 'F.AssemblyText', 'LAYER_ASSEMBLY_TEXT_BOTTOM': 'B.AssemblyText', 'LAYER_DNP_CROSS_TOP': 'F.DNP', 'LAYER_DNP_CROSS_BOTTOM': 'B.DNP', 'FILT_FIELD_RENAME': 'field_rename', 'FILT_TP_ONLY': 'only_testpoints', 'FILT_TP_EXCLUDE': 'exclude_testpoints', 'FILT_TP_TOP_ONLY': 'only_testpoints_top', 'FILT_TP_BOTTOM_ONLY': 'only_testpoints_bottom', 'SCH_VARIANT_OUTPUT': 'value_split', 'NETLIST_OUTPUT': 'netlist', 'GERBER_OUTPUT': 'gbr_gerbers', 'ODB_OUTPUT': 'zip_odb', 'EXCELLON_DRILL_OUTPUT': 'drl_excellon', 'PDF_DRILL_MAP_OUTPUT': 'pdf_drill_map', 'DXF_DRILL_MAP_OUTPUT': 'dxf_drill_map', 'CSV_DRILL_TABLE_OUTPUT': 'csv_drill_table', 'CSV_POS_OUTPUT': 'csv_position', 'CSV_TP_OUTPUT': 'csv_testpoints', 'CSV_TP_TOP_OUTPUT': 'csv_testpoints_top', 'CSV_TP_BOTTOM_OUTPUT': 'csv_testpoints_bottom', 'CSV_BOM_OUTPUT': 'csv_bom', 'XLSX_BOM_OUTPUT': 'xlsx_bom', 'HTML_IBOM_OUTPUT': 'html_bom_interactive', 'HTML_BOM_OUTPUT': 'html_bom', 'CSV_COMP_COUNT_OUPUT': 'csv_comp_count', 'CSV_IMPEDANCE_TABLE_OUTPUT': 'csv_impedance_table', 'TXT_FAB_NOTES_OUTPUT': 'txt_fabrication_notes', 'TXT_ASSEMBLY_NOTES_OUTPUT': 'txt_assembly_notes', 'PNG_3D_VIEWER_TOP': 'png_3d_viewer_top', 'PNG_3D_VIEWER_BOTTOM': 'png_3d_viewer_bottom', 'PNG_3D_VIEWER_ANGLED_TOP': 'png_3d_viewer_angled_top', 'PNG_3D_VIEWER_ANGLED_BOTTOM': 'png_3d_viewer_angled_bottom', 'STEP_OUTPUT': 'step', 'BLENDER_OUTPUT': 'blender', 'PDF_SCHEMATIC_OUTPUT': 'pdf_schematic', 'PDF_FABRICATION_OUTPUT': 'pdf_fabrication', 'PDF_ASSEMBLY_OUTPUT': 'pdf_assembly', 'ZIP_COMPRESS_FAB_OUTPUT': 'zip_compress_fab', 'HTML_KICANVAS_OUTPUT': 'html_kicanvas', 'HTML_KIRI_OUTPUT': 'html_kiri', 'MD_README_OUTPUT': 'md_readme', 'HTML_NAV_RES_OUTPUT': 'html_navigate_results'} (kibot - config_reader.py:667)
DEBUG:Applying preprocessor definitions (kibot - config_reader.py:672)
DEBUG:- Applying CLI definitions: {} (kibot - config_reader.py:679)
DEBUG:- Applying collected definitions: {'NAME': 'png_3d_viewer_angled_top', 'COMMENT': 'Top (angled) 3D viewer PCB render in PNG format', 'DIR': 'Images', 'SUFFIX': 'angled_top', 'VIEW': 'top', 'RAYTRACING': True, 'ROTATE_X': 2, 'ROTATE_Y': -1, 'ROTATE_Z': 1, 'ZOOM': -1, 'HEIGHT': 2000, 'WIDTH': 2000, 'KEY_COLOR': '#00FF00', 'PROJECT_NAME': 'ALB/MLB test', 'BOARD_NAME': 'alb_mlb test', 'COMPANY': 'General Atomics EMS', 'DESIGNER': 'Marcus Reighter', 'LOGO': 'Logos/Logo.png', 'GIT_URL': 'https://github.com/emptyd0nkey/albmlb', 'CHECK_ZONE_FILLS': True, 'STACKUP_TABLE_NOTE': 'external layer thicknesses are specified after plating', 'MPN_FIELD': 'Manufacturer Part Number', 'MAN_FIELD': 'Manufacturer', 'GROUP_ROUND_SLOTS': True, 'GROUP_PTH_NPTH': 'no', 'GROUP_PTH_NPTH_DRL': False, 'PLOT_REFS': True, 'COLOR_THEME': 'Altium_Theme', 'SHEET_WKS': '${KIPRJMOD}/Templates/KDT_Template_PCB_GIT_A4.kicad_wks', 'FAB_SCALING': 1, 'ASSEMBLY_SCALING': 1, 'EXCLUDE_REFS': '[MB*]', '3D_VIEWER_ROT_X': 2, '3D_VIEWER_ROT_Y': -1, '3D_VIEWER_ROT_Z': 1, '3D_VIEWER_ZOOM': -1, 'OUTPUT_DIR': './', 'REPORT_DIR': 'Reports', 'SCHEMATIC_DIR': 'Schematic', 'MANUFACTURING_DIR': 'Manufacturing', 'ASSEMBLY_DIR': '@MANUFACTURING_DIR@/Assembly', 'FABRICATION_DIR': '@MANUFACTURING_DIR@/Fabrication', 'GERBERS_DIR': '@FABRICATION_DIR@/Gerbers', 'FAB_DRILL_TABLES_DIR': '@FABRICATION_DIR@/Drill Tables', 'TESTING_DIR': 'Testing', 'TESTPOINTS_DIR': '@TESTING_DIR@/Testpoints', 'IMAGES_DIR': 'Images', '3D_DIR': '3D', 'RESOURCES_DIR': 'kibot_resources', 'REPORT_TEMPLATE_DIR': '@RESOURCES_DIR@/templates', 'SCRIPTS_DIR': '@RESOURCES_DIR@/scripts', 'LAYER_TITLE_PAGE': 'TitlePage', 'LAYER_DNP_TOP': 'F.DNP', 'LAYER_DNP_BOTTOM': 'B.DNP', 'LAYER_DRILL_MAP': 'DrillMap', 'LAYER_TP_LIST_TOP': 'F.TestPointList', 'LAYER_TP_LIST_BOTTOM': 'B.TestPointList', 'LAYER_ASSEMBLY_TEXT_TOP': 'F.AssemblyText', 'LAYER_ASSEMBLY_TEXT_BOTTOM': 'B.AssemblyText', 'LAYER_DNP_CROSS_TOP': 'F.DNP', 'LAYER_DNP_CROSS_BOTTOM': 'B.DNP', 'FILT_FIELD_RENAME': 'field_rename', 'FILT_TP_ONLY': 'only_testpoints', 'FILT_TP_EXCLUDE': 'exclude_testpoints', 'FILT_TP_TOP_ONLY': 'only_testpoints_top', 'FILT_TP_BOTTOM_ONLY': 'only_testpoints_bottom', 'SCH_VARIANT_OUTPUT': 'value_split', 'NETLIST_OUTPUT': 'netlist', 'GERBER_OUTPUT': 'gbr_gerbers', 'ODB_OUTPUT': 'zip_odb', 'EXCELLON_DRILL_OUTPUT': 'drl_excellon', 'PDF_DRILL_MAP_OUTPUT': 'pdf_drill_map', 'DXF_DRILL_MAP_OUTPUT': 'dxf_drill_map', 'CSV_DRILL_TABLE_OUTPUT': 'csv_drill_table', 'CSV_POS_OUTPUT': 'csv_position', 'CSV_TP_OUTPUT': 'csv_testpoints', 'CSV_TP_TOP_OUTPUT': 'csv_testpoints_top', 'CSV_TP_BOTTOM_OUTPUT': 'csv_testpoints_bottom', 'CSV_BOM_OUTPUT': 'csv_bom', 'XLSX_BOM_OUTPUT': 'xlsx_bom', 'HTML_IBOM_OUTPUT': 'html_bom_interactive', 'HTML_BOM_OUTPUT': 'html_bom', 'CSV_COMP_COUNT_OUPUT': 'csv_comp_count', 'CSV_IMPEDANCE_TABLE_OUTPUT': 'csv_impedance_table', 'TXT_FAB_NOTES_OUTPUT': 'txt_fabrication_notes', 'TXT_ASSEMBLY_NOTES_OUTPUT': 'txt_assembly_notes', 'PNG_3D_VIEWER_TOP': 'png_3d_viewer_top', 'PNG_3D_VIEWER_BOTTOM': 'png_3d_viewer_bottom', 'PNG_3D_VIEWER_ANGLED_TOP': 'png_3d_viewer_angled_top', 'PNG_3D_VIEWER_ANGLED_BOTTOM': 'png_3d_viewer_angled_bottom', 'STEP_OUTPUT': 'step', 'BLENDER_OUTPUT': 'blender', 'PDF_SCHEMATIC_OUTPUT': 'pdf_schematic', 'PDF_FABRICATION_OUTPUT': 'pdf_fabrication', 'PDF_ASSEMBLY_OUTPUT': 'pdf_assembly', 'ZIP_COMPRESS_FAB_OUTPUT': 'zip_compress_fab', 'HTML_KICANVAS_OUTPUT': 'html_kicanvas', 'HTML_KIRI_OUTPUT': 'html_kiri', 'MD_README_OUTPUT': 'md_readme', 'HTML_NAV_RES_OUTPUT': 'html_navigate_results'} (kibot - config_reader.py:682)
DEBUG:- Replacing @NAME@ -> png_3d_viewer_angled_top (<class 'str'>) (kibot - config_reader.py:80)
DEBUG:- Replacing @COMMENT@ -> Top (angled) 3D viewer PCB render in PNG format (<class 'str'>) (kibot - config_reader.py:80)
DEBUG:- Replacing @DIR@ -> Images (<class 'str'>) (kibot - config_reader.py:80)
DEBUG:- Replacing @SUFFIX@ -> angled_top (<class 'str'>) (kibot - config_reader.py:80)
DEBUG:- Replacing @VIEW@ -> top (<class 'str'>) (kibot - config_reader.py:80)
DEBUG:- Replacing @RAYTRACING@ -> true (<class 'str'>) (kibot - config_reader.py:80)
DEBUG:- Replacing @ROTATE_X@ -> 2 (<class 'str'>) (kibot - config_reader.py:80)
DEBUG:- Replacing @ROTATE_Y@ -> -1 (<class 'str'>) (kibot - config_reader.py:80)
DEBUG:- Replacing @ROTATE_Z@ -> 1 (<class 'str'>) (kibot - config_reader.py:80)
DEBUG:- Replacing @ZOOM@ -> -1 (<class 'str'>) (kibot - config_reader.py:80)
DEBUG:- Replacing @HEIGHT@ -> 2000 (<class 'str'>) (kibot - config_reader.py:80)
DEBUG:- Replacing @WIDTH@ -> 2000 (<class 'str'>) (kibot - config_reader.py:80)
DEBUG:- Replacing @KEY_COLOR@ -> #00FF00 (<class 'str'>) (kibot - config_reader.py:80)
DEBUG:- Applying CLI definitions: {} (kibot - config_reader.py:679)
DEBUG:- Applying collected definitions: {'NAME': 'png_3d_viewer_angled_top', 'COMMENT': 'Top (angled) 3D viewer PCB render in PNG format', 'DIR': 'Images', 'SUFFIX': 'angled_top', 'VIEW': 'top', 'RAYTRACING': True, 'ROTATE_X': 2, 'ROTATE_Y': -1, 'ROTATE_Z': 1, 'ZOOM': -1, 'HEIGHT': 2000, 'WIDTH': 2000, 'KEY_COLOR': '#00FF00', 'PROJECT_NAME': 'ALB/MLB test', 'BOARD_NAME': 'alb_mlb test', 'COMPANY': 'General Atomics EMS', 'DESIGNER': 'Marcus Reighter', 'LOGO': 'Logos/Logo.png', 'GIT_URL': 'https://github.com/emptyd0nkey/albmlb', 'CHECK_ZONE_FILLS': True, 'STACKUP_TABLE_NOTE': 'external layer thicknesses are specified after plating', 'MPN_FIELD': 'Manufacturer Part Number', 'MAN_FIELD': 'Manufacturer', 'GROUP_ROUND_SLOTS': True, 'GROUP_PTH_NPTH': 'no', 'GROUP_PTH_NPTH_DRL': False, 'PLOT_REFS': True, 'COLOR_THEME': 'Altium_Theme', 'SHEET_WKS': '${KIPRJMOD}/Templates/KDT_Template_PCB_GIT_A4.kicad_wks', 'FAB_SCALING': 1, 'ASSEMBLY_SCALING': 1, 'EXCLUDE_REFS': '[MB*]', '3D_VIEWER_ROT_X': 2, '3D_VIEWER_ROT_Y': -1, '3D_VIEWER_ROT_Z': 1, '3D_VIEWER_ZOOM': -1, 'OUTPUT_DIR': './', 'REPORT_DIR': 'Reports', 'SCHEMATIC_DIR': 'Schematic', 'MANUFACTURING_DIR': 'Manufacturing', 'ASSEMBLY_DIR': '@MANUFACTURING_DIR@/Assembly', 'FABRICATION_DIR': '@MANUFACTURING_DIR@/Fabrication', 'GERBERS_DIR': '@FABRICATION_DIR@/Gerbers', 'FAB_DRILL_TABLES_DIR': '@FABRICATION_DIR@/Drill Tables', 'TESTING_DIR': 'Testing', 'TESTPOINTS_DIR': '@TESTING_DIR@/Testpoints', 'IMAGES_DIR': 'Images', '3D_DIR': '3D', 'RESOURCES_DIR': 'kibot_resources', 'REPORT_TEMPLATE_DIR': '@RESOURCES_DIR@/templates', 'SCRIPTS_DIR': '@RESOURCES_DIR@/scripts', 'LAYER_TITLE_PAGE': 'TitlePage', 'LAYER_DNP_TOP': 'F.DNP', 'LAYER_DNP_BOTTOM': 'B.DNP', 'LAYER_DRILL_MAP': 'DrillMap', 'LAYER_TP_LIST_TOP': 'F.TestPointList', 'LAYER_TP_LIST_BOTTOM': 'B.TestPointList', 'LAYER_ASSEMBLY_TEXT_TOP': 'F.AssemblyText', 'LAYER_ASSEMBLY_TEXT_BOTTOM': 'B.AssemblyText', 'LAYER_DNP_CROSS_TOP': 'F.DNP', 'LAYER_DNP_CROSS_BOTTOM': 'B.DNP', 'FILT_FIELD_RENAME': 'field_rename', 'FILT_TP_ONLY': 'only_testpoints', 'FILT_TP_EXCLUDE': 'exclude_testpoints', 'FILT_TP_TOP_ONLY': 'only_testpoints_top', 'FILT_TP_BOTTOM_ONLY': 'only_testpoints_bottom', 'SCH_VARIANT_OUTPUT': 'value_split', 'NETLIST_OUTPUT': 'netlist', 'GERBER_OUTPUT': 'gbr_gerbers', 'ODB_OUTPUT': 'zip_odb', 'EXCELLON_DRILL_OUTPUT': 'drl_excellon', 'PDF_DRILL_MAP_OUTPUT': 'pdf_drill_map', 'DXF_DRILL_MAP_OUTPUT': 'dxf_drill_map', 'CSV_DRILL_TABLE_OUTPUT': 'csv_drill_table', 'CSV_POS_OUTPUT': 'csv_position', 'CSV_TP_OUTPUT': 'csv_testpoints', 'CSV_TP_TOP_OUTPUT': 'csv_testpoints_top', 'CSV_TP_BOTTOM_OUTPUT': 'csv_testpoints_bottom', 'CSV_BOM_OUTPUT': 'csv_bom', 'XLSX_BOM_OUTPUT': 'xlsx_bom', 'HTML_IBOM_OUTPUT': 'html_bom_interactive', 'HTML_BOM_OUTPUT': 'html_bom', 'CSV_COMP_COUNT_OUPUT': 'csv_comp_count', 'CSV_IMPEDANCE_TABLE_OUTPUT': 'csv_impedance_table', 'TXT_FAB_NOTES_OUTPUT': 'txt_fabrication_notes', 'TXT_ASSEMBLY_NOTES_OUTPUT': 'txt_assembly_notes', 'PNG_3D_VIEWER_TOP': 'png_3d_viewer_top', 'PNG_3D_VIEWER_BOTTOM': 'png_3d_viewer_bottom', 'PNG_3D_VIEWER_ANGLED_TOP': 'png_3d_viewer_angled_top', 'PNG_3D_VIEWER_ANGLED_BOTTOM': 'png_3d_viewer_angled_bottom', 'STEP_OUTPUT': 'step', 'BLENDER_OUTPUT': 'blender', 'PDF_SCHEMATIC_OUTPUT': 'pdf_schematic', 'PDF_FABRICATION_OUTPUT': 'pdf_fabrication', 'PDF_ASSEMBLY_OUTPUT': 'pdf_assembly', 'ZIP_COMPRESS_FAB_OUTPUT': 'zip_compress_fab', 'HTML_KICANVAS_OUTPUT': 'html_kicanvas', 'HTML_KIRI_OUTPUT': 'html_kiri', 'MD_README_OUTPUT': 'md_readme', 'HTML_NAV_RES_OUTPUT': 'html_navigate_results'} (kibot - config_reader.py:682)
DEBUG:YAML after expanding definitions:
# KiBot output for 3D Viewer renders in PNG format
# https://kibot.readthedocs.io/en/latest/configuration/outputs/render_3d.html

kibot:
  version: 1

outputs:
- name: png_3d_viewer_angled_top
  comment: 'Top (angled) 3D viewer PCB render in PNG format'
  type: render_3d
  category: 'Images'
  dir: 'Images'
  options:
    output: '%f-angled_top%I%v.%x'
    auto_crop: true
    enable_crop_workaround: true
    rotate_x: 2
    rotate_y: -1
    rotate_z: 1
    zoom: -1
    height: 2000
    width: 2000
    view: 'top'
    ray_tracing: true
    force_stackup_colors: true
    orthographic: true
    transparent_background: true
    transparent_background_color: '#00FF00'
    transparent_background_fuzz: 40

 (kibot - config_reader.py:688)
DEBUG:Pre-parsing output options for `png_3d_viewer_angled_top` (render_3d) (kibot - config_reader.py:171)
DEBUG:Outputs loaded from `kibot_yaml/kibot_out_png_3d_viewer.yaml`: ['png_3d_viewer_angled_top'] (kibot - config_reader.py:363)
DEBUG:Found local definitions (kibot - config_reader.py:653)
DEBUG:- Local definitions: {'NAME': 'png_3d_viewer', 'COMMENT': '3D viewer PCB render in PNG format', 'DIR': 'Images', 'SUFFIX': '', 'VIEW': 'top', 'RAYTRACING': True, 'ROTATE_X': 0, 'ROTATE_Y': 0, 'ROTATE_Z': 0, 'ZOOM': 0, 'HEIGHT': 2000, 'WIDTH': 2000, 'KEY_COLOR': '#00FF00'} (kibot - config_reader.py:663)
DEBUG:- Current definitions: {'PROJECT_NAME': 'ALB/MLB test', 'BOARD_NAME': 'alb_mlb test', 'COMPANY': 'General Atomics EMS', 'DESIGNER': 'Marcus Reighter', 'LOGO': 'Logos/Logo.png', 'GIT_URL': 'https://github.com/emptyd0nkey/albmlb', 'CHECK_ZONE_FILLS': True, 'STACKUP_TABLE_NOTE': 'external layer thicknesses are specified after plating', 'MPN_FIELD': 'Manufacturer Part Number', 'MAN_FIELD': 'Manufacturer', 'GROUP_ROUND_SLOTS': True, 'GROUP_PTH_NPTH': 'no', 'GROUP_PTH_NPTH_DRL': False, 'PLOT_REFS': True, 'COLOR_THEME': 'Altium_Theme', 'SHEET_WKS': '${KIPRJMOD}/Templates/KDT_Template_PCB_GIT_A4.kicad_wks', 'FAB_SCALING': 1, 'ASSEMBLY_SCALING': 1, 'EXCLUDE_REFS': '[MB*]', '3D_VIEWER_ROT_X': 2, '3D_VIEWER_ROT_Y': -1, '3D_VIEWER_ROT_Z': 1, '3D_VIEWER_ZOOM': -1, 'KEY_COLOR': '#00FF00', 'OUTPUT_DIR': './', 'REPORT_DIR': 'Reports', 'SCHEMATIC_DIR': 'Schematic', 'MANUFACTURING_DIR': 'Manufacturing', 'ASSEMBLY_DIR': '@MANUFACTURING_DIR@/Assembly', 'FABRICATION_DIR': '@MANUFACTURING_DIR@/Fabrication', 'GERBERS_DIR': '@FABRICATION_DIR@/Gerbers', 'FAB_DRILL_TABLES_DIR': '@FABRICATION_DIR@/Drill Tables', 'TESTING_DIR': 'Testing', 'TESTPOINTS_DIR': '@TESTING_DIR@/Testpoints', 'IMAGES_DIR': 'Images', '3D_DIR': '3D', 'RESOURCES_DIR': 'kibot_resources', 'REPORT_TEMPLATE_DIR': '@RESOURCES_DIR@/templates', 'SCRIPTS_DIR': '@RESOURCES_DIR@/scripts', 'LAYER_TITLE_PAGE': 'TitlePage', 'LAYER_DNP_TOP': 'F.DNP', 'LAYER_DNP_BOTTOM': 'B.DNP', 'LAYER_DRILL_MAP': 'DrillMap', 'LAYER_TP_LIST_TOP': 'F.TestPointList', 'LAYER_TP_LIST_BOTTOM': 'B.TestPointList', 'LAYER_ASSEMBLY_TEXT_TOP': 'F.AssemblyText', 'LAYER_ASSEMBLY_TEXT_BOTTOM': 'B.AssemblyText', 'LAYER_DNP_CROSS_TOP': 'F.DNP', 'LAYER_DNP_CROSS_BOTTOM': 'B.DNP', 'FILT_FIELD_RENAME': 'field_rename', 'FILT_TP_ONLY': 'only_testpoints', 'FILT_TP_EXCLUDE': 'exclude_testpoints', 'FILT_TP_TOP_ONLY': 'only_testpoints_top', 'FILT_TP_BOTTOM_ONLY': 'only_testpoints_bottom', 'SCH_VARIANT_OUTPUT': 'value_split', 'NETLIST_OUTPUT': 'netlist', 'GERBER_OUTPUT': 'gbr_gerbers', 'ODB_OUTPUT': 'zip_odb', 'EXCELLON_DRILL_OUTPUT': 'drl_excellon', 'PDF_DRILL_MAP_OUTPUT': 'pdf_drill_map', 'DXF_DRILL_MAP_OUTPUT': 'dxf_drill_map', 'CSV_DRILL_TABLE_OUTPUT': 'csv_drill_table', 'CSV_POS_OUTPUT': 'csv_position', 'CSV_TP_OUTPUT': 'csv_testpoints', 'CSV_TP_TOP_OUTPUT': 'csv_testpoints_top', 'CSV_TP_BOTTOM_OUTPUT': 'csv_testpoints_bottom', 'CSV_BOM_OUTPUT': 'csv_bom', 'XLSX_BOM_OUTPUT': 'xlsx_bom', 'HTML_IBOM_OUTPUT': 'html_bom_interactive', 'HTML_BOM_OUTPUT': 'html_bom', 'CSV_COMP_COUNT_OUPUT': 'csv_comp_count', 'CSV_IMPEDANCE_TABLE_OUTPUT': 'csv_impedance_table', 'TXT_FAB_NOTES_OUTPUT': 'txt_fabrication_notes', 'TXT_ASSEMBLY_NOTES_OUTPUT': 'txt_assembly_notes', 'PNG_3D_VIEWER_TOP': 'png_3d_viewer_top', 'PNG_3D_VIEWER_BOTTOM': 'png_3d_viewer_bottom', 'PNG_3D_VIEWER_ANGLED_TOP': 'png_3d_viewer_angled_top', 'PNG_3D_VIEWER_ANGLED_BOTTOM': 'png_3d_viewer_angled_bottom', 'STEP_OUTPUT': 'step', 'BLENDER_OUTPUT': 'blender', 'PDF_SCHEMATIC_OUTPUT': 'pdf_schematic', 'PDF_FABRICATION_OUTPUT': 'pdf_fabrication', 'PDF_ASSEMBLY_OUTPUT': 'pdf_assembly', 'ZIP_COMPRESS_FAB_OUTPUT': 'zip_compress_fab', 'HTML_KICANVAS_OUTPUT': 'html_kicanvas', 'HTML_KIRI_OUTPUT': 'html_kiri', 'MD_README_OUTPUT': 'md_readme', 'HTML_NAV_RES_OUTPUT': 'html_navigate_results', 'NAME': 'png_3d_viewer_angled_bottom', 'COMMENT': 'Bottom (angled) 3D viewer PCB render in PNG format', 'DIR': 'Images', 'SUFFIX': 'angled_bottom', 'VIEW': 'bottom', 'ROTATE_X': 2, 'ROTATE_Y': -1, 'ROTATE_Z': -1, 'ZOOM': -1} (kibot - config_reader.py:664)
DEBUG:- Updated definitions: {'NAME': 'png_3d_viewer_angled_bottom', 'COMMENT': 'Bottom (angled) 3D viewer PCB render in PNG format', 'DIR': 'Images', 'SUFFIX': 'angled_bottom', 'VIEW': 'bottom', 'RAYTRACING': True, 'ROTATE_X': 2, 'ROTATE_Y': -1, 'ROTATE_Z': -1, 'ZOOM': -1, 'HEIGHT': 2000, 'WIDTH': 2000, 'KEY_COLOR': '#00FF00', 'PROJECT_NAME': 'ALB/MLB test', 'BOARD_NAME': 'alb_mlb test', 'COMPANY': 'General Atomics EMS', 'DESIGNER': 'Marcus Reighter', 'LOGO': 'Logos/Logo.png', 'GIT_URL': 'https://github.com/emptyd0nkey/albmlb', 'CHECK_ZONE_FILLS': True, 'STACKUP_TABLE_NOTE': 'external layer thicknesses are specified after plating', 'MPN_FIELD': 'Manufacturer Part Number', 'MAN_FIELD': 'Manufacturer', 'GROUP_ROUND_SLOTS': True, 'GROUP_PTH_NPTH': 'no', 'GROUP_PTH_NPTH_DRL': False, 'PLOT_REFS': True, 'COLOR_THEME': 'Altium_Theme', 'SHEET_WKS': '${KIPRJMOD}/Templates/KDT_Template_PCB_GIT_A4.kicad_wks', 'FAB_SCALING': 1, 'ASSEMBLY_SCALING': 1, 'EXCLUDE_REFS': '[MB*]', '3D_VIEWER_ROT_X': 2, '3D_VIEWER_ROT_Y': -1, '3D_VIEWER_ROT_Z': 1, '3D_VIEWER_ZOOM': -1, 'OUTPUT_DIR': './', 'REPORT_DIR': 'Reports', 'SCHEMATIC_DIR': 'Schematic', 'MANUFACTURING_DIR': 'Manufacturing', 'ASSEMBLY_DIR': '@MANUFACTURING_DIR@/Assembly', 'FABRICATION_DIR': '@MANUFACTURING_DIR@/Fabrication', 'GERBERS_DIR': '@FABRICATION_DIR@/Gerbers', 'FAB_DRILL_TABLES_DIR': '@FABRICATION_DIR@/Drill Tables', 'TESTING_DIR': 'Testing', 'TESTPOINTS_DIR': '@TESTING_DIR@/Testpoints', 'IMAGES_DIR': 'Images', '3D_DIR': '3D', 'RESOURCES_DIR': 'kibot_resources', 'REPORT_TEMPLATE_DIR': '@RESOURCES_DIR@/templates', 'SCRIPTS_DIR': '@RESOURCES_DIR@/scripts', 'LAYER_TITLE_PAGE': 'TitlePage', 'LAYER_DNP_TOP': 'F.DNP', 'LAYER_DNP_BOTTOM': 'B.DNP', 'LAYER_DRILL_MAP': 'DrillMap', 'LAYER_TP_LIST_TOP': 'F.TestPointList', 'LAYER_TP_LIST_BOTTOM': 'B.TestPointList', 'LAYER_ASSEMBLY_TEXT_TOP': 'F.AssemblyText', 'LAYER_ASSEMBLY_TEXT_BOTTOM': 'B.AssemblyText', 'LAYER_DNP_CROSS_TOP': 'F.DNP', 'LAYER_DNP_CROSS_BOTTOM': 'B.DNP', 'FILT_FIELD_RENAME': 'field_rename', 'FILT_TP_ONLY': 'only_testpoints', 'FILT_TP_EXCLUDE': 'exclude_testpoints', 'FILT_TP_TOP_ONLY': 'only_testpoints_top', 'FILT_TP_BOTTOM_ONLY': 'only_testpoints_bottom', 'SCH_VARIANT_OUTPUT': 'value_split', 'NETLIST_OUTPUT': 'netlist', 'GERBER_OUTPUT': 'gbr_gerbers', 'ODB_OUTPUT': 'zip_odb', 'EXCELLON_DRILL_OUTPUT': 'drl_excellon', 'PDF_DRILL_MAP_OUTPUT': 'pdf_drill_map', 'DXF_DRILL_MAP_OUTPUT': 'dxf_drill_map', 'CSV_DRILL_TABLE_OUTPUT': 'csv_drill_table', 'CSV_POS_OUTPUT': 'csv_position', 'CSV_TP_OUTPUT': 'csv_testpoints', 'CSV_TP_TOP_OUTPUT': 'csv_testpoints_top', 'CSV_TP_BOTTOM_OUTPUT': 'csv_testpoints_bottom', 'CSV_BOM_OUTPUT': 'csv_bom', 'XLSX_BOM_OUTPUT': 'xlsx_bom', 'HTML_IBOM_OUTPUT': 'html_bom_interactive', 'HTML_BOM_OUTPUT': 'html_bom', 'CSV_COMP_COUNT_OUPUT': 'csv_comp_count', 'CSV_IMPEDANCE_TABLE_OUTPUT': 'csv_impedance_table', 'TXT_FAB_NOTES_OUTPUT': 'txt_fabrication_notes', 'TXT_ASSEMBLY_NOTES_OUTPUT': 'txt_assembly_notes', 'PNG_3D_VIEWER_TOP': 'png_3d_viewer_top', 'PNG_3D_VIEWER_BOTTOM': 'png_3d_viewer_bottom', 'PNG_3D_VIEWER_ANGLED_TOP': 'png_3d_viewer_angled_top', 'PNG_3D_VIEWER_ANGLED_BOTTOM': 'png_3d_viewer_angled_bottom', 'STEP_OUTPUT': 'step', 'BLENDER_OUTPUT': 'blender', 'PDF_SCHEMATIC_OUTPUT': 'pdf_schematic', 'PDF_FABRICATION_OUTPUT': 'pdf_fabrication', 'PDF_ASSEMBLY_OUTPUT': 'pdf_assembly', 'ZIP_COMPRESS_FAB_OUTPUT': 'zip_compress_fab', 'HTML_KICANVAS_OUTPUT': 'html_kicanvas', 'HTML_KIRI_OUTPUT': 'html_kiri', 'MD_README_OUTPUT': 'md_readme', 'HTML_NAV_RES_OUTPUT': 'html_navigate_results'} (kibot - config_reader.py:667)
DEBUG:Applying preprocessor definitions (kibot - config_reader.py:672)
DEBUG:- Applying CLI definitions: {} (kibot - config_reader.py:679)
DEBUG:- Applying collected definitions: {'NAME': 'png_3d_viewer_angled_bottom', 'COMMENT': 'Bottom (angled) 3D viewer PCB render in PNG format', 'DIR': 'Images', 'SUFFIX': 'angled_bottom', 'VIEW': 'bottom', 'RAYTRACING': True, 'ROTATE_X': 2, 'ROTATE_Y': -1, 'ROTATE_Z': -1, 'ZOOM': -1, 'HEIGHT': 2000, 'WIDTH': 2000, 'KEY_COLOR': '#00FF00', 'PROJECT_NAME': 'ALB/MLB test', 'BOARD_NAME': 'alb_mlb test', 'COMPANY': 'General Atomics EMS', 'DESIGNER': 'Marcus Reighter', 'LOGO': 'Logos/Logo.png', 'GIT_URL': 'https://github.com/emptyd0nkey/albmlb', 'CHECK_ZONE_FILLS': True, 'STACKUP_TABLE_NOTE': 'external layer thicknesses are specified after plating', 'MPN_FIELD': 'Manufacturer Part Number', 'MAN_FIELD': 'Manufacturer', 'GROUP_ROUND_SLOTS': True, 'GROUP_PTH_NPTH': 'no', 'GROUP_PTH_NPTH_DRL': False, 'PLOT_REFS': True, 'COLOR_THEME': 'Altium_Theme', 'SHEET_WKS': '${KIPRJMOD}/Templates/KDT_Template_PCB_GIT_A4.kicad_wks', 'FAB_SCALING': 1, 'ASSEMBLY_SCALING': 1, 'EXCLUDE_REFS': '[MB*]', '3D_VIEWER_ROT_X': 2, '3D_VIEWER_ROT_Y': -1, '3D_VIEWER_ROT_Z': 1, '3D_VIEWER_ZOOM': -1, 'OUTPUT_DIR': './', 'REPORT_DIR': 'Reports', 'SCHEMATIC_DIR': 'Schematic', 'MANUFACTURING_DIR': 'Manufacturing', 'ASSEMBLY_DIR': '@MANUFACTURING_DIR@/Assembly', 'FABRICATION_DIR': '@MANUFACTURING_DIR@/Fabrication', 'GERBERS_DIR': '@FABRICATION_DIR@/Gerbers', 'FAB_DRILL_TABLES_DIR': '@FABRICATION_DIR@/Drill Tables', 'TESTING_DIR': 'Testing', 'TESTPOINTS_DIR': '@TESTING_DIR@/Testpoints', 'IMAGES_DIR': 'Images', '3D_DIR': '3D', 'RESOURCES_DIR': 'kibot_resources', 'REPORT_TEMPLATE_DIR': '@RESOURCES_DIR@/templates', 'SCRIPTS_DIR': '@RESOURCES_DIR@/scripts', 'LAYER_TITLE_PAGE': 'TitlePage', 'LAYER_DNP_TOP': 'F.DNP', 'LAYER_DNP_BOTTOM': 'B.DNP', 'LAYER_DRILL_MAP': 'DrillMap', 'LAYER_TP_LIST_TOP': 'F.TestPointList', 'LAYER_TP_LIST_BOTTOM': 'B.TestPointList', 'LAYER_ASSEMBLY_TEXT_TOP': 'F.AssemblyText', 'LAYER_ASSEMBLY_TEXT_BOTTOM': 'B.AssemblyText', 'LAYER_DNP_CROSS_TOP': 'F.DNP', 'LAYER_DNP_CROSS_BOTTOM': 'B.DNP', 'FILT_FIELD_RENAME': 'field_rename', 'FILT_TP_ONLY': 'only_testpoints', 'FILT_TP_EXCLUDE': 'exclude_testpoints', 'FILT_TP_TOP_ONLY': 'only_testpoints_top', 'FILT_TP_BOTTOM_ONLY': 'only_testpoints_bottom', 'SCH_VARIANT_OUTPUT': 'value_split', 'NETLIST_OUTPUT': 'netlist', 'GERBER_OUTPUT': 'gbr_gerbers', 'ODB_OUTPUT': 'zip_odb', 'EXCELLON_DRILL_OUTPUT': 'drl_excellon', 'PDF_DRILL_MAP_OUTPUT': 'pdf_drill_map', 'DXF_DRILL_MAP_OUTPUT': 'dxf_drill_map', 'CSV_DRILL_TABLE_OUTPUT': 'csv_drill_table', 'CSV_POS_OUTPUT': 'csv_position', 'CSV_TP_OUTPUT': 'csv_testpoints', 'CSV_TP_TOP_OUTPUT': 'csv_testpoints_top', 'CSV_TP_BOTTOM_OUTPUT': 'csv_testpoints_bottom', 'CSV_BOM_OUTPUT': 'csv_bom', 'XLSX_BOM_OUTPUT': 'xlsx_bom', 'HTML_IBOM_OUTPUT': 'html_bom_interactive', 'HTML_BOM_OUTPUT': 'html_bom', 'CSV_COMP_COUNT_OUPUT': 'csv_comp_count', 'CSV_IMPEDANCE_TABLE_OUTPUT': 'csv_impedance_table', 'TXT_FAB_NOTES_OUTPUT': 'txt_fabrication_notes', 'TXT_ASSEMBLY_NOTES_OUTPUT': 'txt_assembly_notes', 'PNG_3D_VIEWER_TOP': 'png_3d_viewer_top', 'PNG_3D_VIEWER_BOTTOM': 'png_3d_viewer_bottom', 'PNG_3D_VIEWER_ANGLED_TOP': 'png_3d_viewer_angled_top', 'PNG_3D_VIEWER_ANGLED_BOTTOM': 'png_3d_viewer_angled_bottom', 'STEP_OUTPUT': 'step', 'BLENDER_OUTPUT': 'blender', 'PDF_SCHEMATIC_OUTPUT': 'pdf_schematic', 'PDF_FABRICATION_OUTPUT': 'pdf_fabrication', 'PDF_ASSEMBLY_OUTPUT': 'pdf_assembly', 'ZIP_COMPRESS_FAB_OUTPUT': 'zip_compress_fab', 'HTML_KICANVAS_OUTPUT': 'html_kicanvas', 'HTML_KIRI_OUTPUT': 'html_kiri', 'MD_README_OUTPUT': 'md_readme', 'HTML_NAV_RES_OUTPUT': 'html_navigate_results'} (kibot - config_reader.py:682)
DEBUG:- Replacing @NAME@ -> png_3d_viewer_angled_bottom (<class 'str'>) (kibot - config_reader.py:80)
DEBUG:- Replacing @COMMENT@ -> Bottom (angled) 3D viewer PCB render in PNG format (<class 'str'>) (kibot - config_reader.py:80)
DEBUG:- Replacing @DIR@ -> Images (<class 'str'>) (kibot - config_reader.py:80)
DEBUG:- Replacing @SUFFIX@ -> angled_bottom (<class 'str'>) (kibot - config_reader.py:80)
DEBUG:- Replacing @VIEW@ -> bottom (<class 'str'>) (kibot - config_reader.py:80)
DEBUG:- Replacing @RAYTRACING@ -> true (<class 'str'>) (kibot - config_reader.py:80)
DEBUG:- Replacing @ROTATE_X@ -> 2 (<class 'str'>) (kibot - config_reader.py:80)
DEBUG:- Replacing @ROTATE_Y@ -> -1 (<class 'str'>) (kibot - config_reader.py:80)
DEBUG:- Replacing @ROTATE_Z@ -> -1 (<class 'str'>) (kibot - config_reader.py:80)
DEBUG:- Replacing @ZOOM@ -> -1 (<class 'str'>) (kibot - config_reader.py:80)
DEBUG:- Replacing @HEIGHT@ -> 2000 (<class 'str'>) (kibot - config_reader.py:80)
DEBUG:- Replacing @WIDTH@ -> 2000 (<class 'str'>) (kibot - config_reader.py:80)
DEBUG:- Replacing @KEY_COLOR@ -> #00FF00 (<class 'str'>) (kibot - config_reader.py:80)
DEBUG:- Applying CLI definitions: {} (kibot - config_reader.py:679)
DEBUG:- Applying collected definitions: {'NAME': 'png_3d_viewer_angled_bottom', 'COMMENT': 'Bottom (angled) 3D viewer PCB render in PNG format', 'DIR': 'Images', 'SUFFIX': 'angled_bottom', 'VIEW': 'bottom', 'RAYTRACING': True, 'ROTATE_X': 2, 'ROTATE_Y': -1, 'ROTATE_Z': -1, 'ZOOM': -1, 'HEIGHT': 2000, 'WIDTH': 2000, 'KEY_COLOR': '#00FF00', 'PROJECT_NAME': 'ALB/MLB test', 'BOARD_NAME': 'alb_mlb test', 'COMPANY': 'General Atomics EMS', 'DESIGNER': 'Marcus Reighter', 'LOGO': 'Logos/Logo.png', 'GIT_URL': 'https://github.com/emptyd0nkey/albmlb', 'CHECK_ZONE_FILLS': True, 'STACKUP_TABLE_NOTE': 'external layer thicknesses are specified after plating', 'MPN_FIELD': 'Manufacturer Part Number', 'MAN_FIELD': 'Manufacturer', 'GROUP_ROUND_SLOTS': True, 'GROUP_PTH_NPTH': 'no', 'GROUP_PTH_NPTH_DRL': False, 'PLOT_REFS': True, 'COLOR_THEME': 'Altium_Theme', 'SHEET_WKS': '${KIPRJMOD}/Templates/KDT_Template_PCB_GIT_A4.kicad_wks', 'FAB_SCALING': 1, 'ASSEMBLY_SCALING': 1, 'EXCLUDE_REFS': '[MB*]', '3D_VIEWER_ROT_X': 2, '3D_VIEWER_ROT_Y': -1, '3D_VIEWER_ROT_Z': 1, '3D_VIEWER_ZOOM': -1, 'OUTPUT_DIR': './', 'REPORT_DIR': 'Reports', 'SCHEMATIC_DIR': 'Schematic', 'MANUFACTURING_DIR': 'Manufacturing', 'ASSEMBLY_DIR': '@MANUFACTURING_DIR@/Assembly', 'FABRICATION_DIR': '@MANUFACTURING_DIR@/Fabrication', 'GERBERS_DIR': '@FABRICATION_DIR@/Gerbers', 'FAB_DRILL_TABLES_DIR': '@FABRICATION_DIR@/Drill Tables', 'TESTING_DIR': 'Testing', 'TESTPOINTS_DIR': '@TESTING_DIR@/Testpoints', 'IMAGES_DIR': 'Images', '3D_DIR': '3D', 'RESOURCES_DIR': 'kibot_resources', 'REPORT_TEMPLATE_DIR': '@RESOURCES_DIR@/templates', 'SCRIPTS_DIR': '@RESOURCES_DIR@/scripts', 'LAYER_TITLE_PAGE': 'TitlePage', 'LAYER_DNP_TOP': 'F.DNP', 'LAYER_DNP_BOTTOM': 'B.DNP', 'LAYER_DRILL_MAP': 'DrillMap', 'LAYER_TP_LIST_TOP': 'F.TestPointList', 'LAYER_TP_LIST_BOTTOM': 'B.TestPointList', 'LAYER_ASSEMBLY_TEXT_TOP': 'F.AssemblyText', 'LAYER_ASSEMBLY_TEXT_BOTTOM': 'B.AssemblyText', 'LAYER_DNP_CROSS_TOP': 'F.DNP', 'LAYER_DNP_CROSS_BOTTOM': 'B.DNP', 'FILT_FIELD_RENAME': 'field_rename', 'FILT_TP_ONLY': 'only_testpoints', 'FILT_TP_EXCLUDE': 'exclude_testpoints', 'FILT_TP_TOP_ONLY': 'only_testpoints_top', 'FILT_TP_BOTTOM_ONLY': 'only_testpoints_bottom', 'SCH_VARIANT_OUTPUT': 'value_split', 'NETLIST_OUTPUT': 'netlist', 'GERBER_OUTPUT': 'gbr_gerbers', 'ODB_OUTPUT': 'zip_odb', 'EXCELLON_DRILL_OUTPUT': 'drl_excellon', 'PDF_DRILL_MAP_OUTPUT': 'pdf_drill_map', 'DXF_DRILL_MAP_OUTPUT': 'dxf_drill_map', 'CSV_DRILL_TABLE_OUTPUT': 'csv_drill_table', 'CSV_POS_OUTPUT': 'csv_position', 'CSV_TP_OUTPUT': 'csv_testpoints', 'CSV_TP_TOP_OUTPUT': 'csv_testpoints_top', 'CSV_TP_BOTTOM_OUTPUT': 'csv_testpoints_bottom', 'CSV_BOM_OUTPUT': 'csv_bom', 'XLSX_BOM_OUTPUT': 'xlsx_bom', 'HTML_IBOM_OUTPUT': 'html_bom_interactive', 'HTML_BOM_OUTPUT': 'html_bom', 'CSV_COMP_COUNT_OUPUT': 'csv_comp_count', 'CSV_IMPEDANCE_TABLE_OUTPUT': 'csv_impedance_table', 'TXT_FAB_NOTES_OUTPUT': 'txt_fabrication_notes', 'TXT_ASSEMBLY_NOTES_OUTPUT': 'txt_assembly_notes', 'PNG_3D_VIEWER_TOP': 'png_3d_viewer_top', 'PNG_3D_VIEWER_BOTTOM': 'png_3d_viewer_bottom', 'PNG_3D_VIEWER_ANGLED_TOP': 'png_3d_viewer_angled_top', 'PNG_3D_VIEWER_ANGLED_BOTTOM': 'png_3d_viewer_angled_bottom', 'STEP_OUTPUT': 'step', 'BLENDER_OUTPUT': 'blender', 'PDF_SCHEMATIC_OUTPUT': 'pdf_schematic', 'PDF_FABRICATION_OUTPUT': 'pdf_fabrication', 'PDF_ASSEMBLY_OUTPUT': 'pdf_assembly', 'ZIP_COMPRESS_FAB_OUTPUT': 'zip_compress_fab', 'HTML_KICANVAS_OUTPUT': 'html_kicanvas', 'HTML_KIRI_OUTPUT': 'html_kiri', 'MD_README_OUTPUT': 'md_readme', 'HTML_NAV_RES_OUTPUT': 'html_navigate_results'} (kibot - config_reader.py:682)
DEBUG:YAML after expanding definitions:
# KiBot output for 3D Viewer renders in PNG format
# https://kibot.readthedocs.io/en/latest/configuration/outputs/render_3d.html

kibot:
  version: 1

outputs:
- name: png_3d_viewer_angled_bottom
  comment: 'Bottom (angled) 3D viewer PCB render in PNG format'
  type: render_3d
  category: 'Images'
  dir: 'Images'
  options:
    output: '%f-angled_bottom%I%v.%x'
    auto_crop: true
    enable_crop_workaround: true
    rotate_x: 2
    rotate_y: -1
    rotate_z: -1
    zoom: -1
    height: 2000
    width: 2000
    view: 'bottom'
    ray_tracing: true
    force_stackup_colors: true
    orthographic: true
    transparent_background: true
    transparent_background_color: '#00FF00'
    transparent_background_fuzz: 40

 (kibot - config_reader.py:688)
DEBUG:Pre-parsing output options for `png_3d_viewer_angled_bottom` (render_3d) (kibot - config_reader.py:171)
DEBUG:Outputs loaded from `kibot_yaml/kibot_out_png_3d_viewer.yaml`: ['png_3d_viewer_angled_bottom'] (kibot - config_reader.py:363)
DEBUG:Applying preprocessor definitions (kibot - config_reader.py:672)
DEBUG:- Applying CLI definitions: {} (kibot - config_reader.py:679)
DEBUG:- Applying collected definitions: {'PROJECT_NAME': 'ALB/MLB test', 'BOARD_NAME': 'alb_mlb test', 'COMPANY': 'General Atomics EMS', 'DESIGNER': 'Marcus Reighter', 'LOGO': 'Logos/Logo.png', 'GIT_URL': 'https://github.com/emptyd0nkey/albmlb', 'CHECK_ZONE_FILLS': True, 'STACKUP_TABLE_NOTE': 'external layer thicknesses are specified after plating', 'MPN_FIELD': 'Manufacturer Part Number', 'MAN_FIELD': 'Manufacturer', 'GROUP_ROUND_SLOTS': True, 'GROUP_PTH_NPTH': 'no', 'GROUP_PTH_NPTH_DRL': False, 'PLOT_REFS': True, 'COLOR_THEME': 'Altium_Theme', 'SHEET_WKS': '${KIPRJMOD}/Templates/KDT_Template_PCB_GIT_A4.kicad_wks', 'FAB_SCALING': 1, 'ASSEMBLY_SCALING': 1, 'EXCLUDE_REFS': '[MB*]', '3D_VIEWER_ROT_X': 2, '3D_VIEWER_ROT_Y': -1, '3D_VIEWER_ROT_Z': 1, '3D_VIEWER_ZOOM': -1, 'KEY_COLOR': '#00FF00', 'OUTPUT_DIR': './', 'REPORT_DIR': 'Reports', 'SCHEMATIC_DIR': 'Schematic', 'MANUFACTURING_DIR': 'Manufacturing', 'ASSEMBLY_DIR': '@MANUFACTURING_DIR@/Assembly', 'FABRICATION_DIR': '@MANUFACTURING_DIR@/Fabrication', 'GERBERS_DIR': '@FABRICATION_DIR@/Gerbers', 'FAB_DRILL_TABLES_DIR': '@FABRICATION_DIR@/Drill Tables', 'TESTING_DIR': 'Testing', 'TESTPOINTS_DIR': '@TESTING_DIR@/Testpoints', 'IMAGES_DIR': 'Images', '3D_DIR': '3D', 'RESOURCES_DIR': 'kibot_resources', 'REPORT_TEMPLATE_DIR': '@RESOURCES_DIR@/templates', 'SCRIPTS_DIR': '@RESOURCES_DIR@/scripts', 'LAYER_TITLE_PAGE': 'TitlePage', 'LAYER_DNP_TOP': 'F.DNP', 'LAYER_DNP_BOTTOM': 'B.DNP', 'LAYER_DRILL_MAP': 'DrillMap', 'LAYER_TP_LIST_TOP': 'F.TestPointList', 'LAYER_TP_LIST_BOTTOM': 'B.TestPointList', 'LAYER_ASSEMBLY_TEXT_TOP': 'F.AssemblyText', 'LAYER_ASSEMBLY_TEXT_BOTTOM': 'B.AssemblyText', 'LAYER_DNP_CROSS_TOP': 'F.DNP', 'LAYER_DNP_CROSS_BOTTOM': 'B.DNP', 'FILT_FIELD_RENAME': 'field_rename', 'FILT_TP_ONLY': 'only_testpoints', 'FILT_TP_EXCLUDE': 'exclude_testpoints', 'FILT_TP_TOP_ONLY': 'only_testpoints_top', 'FILT_TP_BOTTOM_ONLY': 'only_testpoints_bottom', 'SCH_VARIANT_OUTPUT': 'value_split', 'NETLIST_OUTPUT': 'netlist', 'GERBER_OUTPUT': 'gbr_gerbers', 'ODB_OUTPUT': 'zip_odb', 'EXCELLON_DRILL_OUTPUT': 'drl_excellon', 'PDF_DRILL_MAP_OUTPUT': 'pdf_drill_map', 'DXF_DRILL_MAP_OUTPUT': 'dxf_drill_map', 'CSV_DRILL_TABLE_OUTPUT': 'csv_drill_table', 'CSV_POS_OUTPUT': 'csv_position', 'CSV_TP_OUTPUT': 'csv_testpoints', 'CSV_TP_TOP_OUTPUT': 'csv_testpoints_top', 'CSV_TP_BOTTOM_OUTPUT': 'csv_testpoints_bottom', 'CSV_BOM_OUTPUT': 'csv_bom', 'XLSX_BOM_OUTPUT': 'xlsx_bom', 'HTML_IBOM_OUTPUT': 'html_bom_interactive', 'HTML_BOM_OUTPUT': 'html_bom', 'CSV_COMP_COUNT_OUPUT': 'csv_comp_count', 'CSV_IMPEDANCE_TABLE_OUTPUT': 'csv_impedance_table', 'TXT_FAB_NOTES_OUTPUT': 'txt_fabrication_notes', 'TXT_ASSEMBLY_NOTES_OUTPUT': 'txt_assembly_notes', 'PNG_3D_VIEWER_TOP': 'png_3d_viewer_top', 'PNG_3D_VIEWER_BOTTOM': 'png_3d_viewer_bottom', 'PNG_3D_VIEWER_ANGLED_TOP': 'png_3d_viewer_angled_top', 'PNG_3D_VIEWER_ANGLED_BOTTOM': 'png_3d_viewer_angled_bottom', 'STEP_OUTPUT': 'step', 'BLENDER_OUTPUT': 'blender', 'PDF_SCHEMATIC_OUTPUT': 'pdf_schematic', 'PDF_FABRICATION_OUTPUT': 'pdf_fabrication', 'PDF_ASSEMBLY_OUTPUT': 'pdf_assembly', 'ZIP_COMPRESS_FAB_OUTPUT': 'zip_compress_fab', 'HTML_KICANVAS_OUTPUT': 'html_kicanvas', 'HTML_KIRI_OUTPUT': 'html_kiri', 'MD_README_OUTPUT': 'md_readme', 'HTML_NAV_RES_OUTPUT': 'html_navigate_results', 'NAME': 'step', 'COMMENT': 'PCB 3D model in STEP format', 'DIR': '3D'} (kibot - config_reader.py:682)
DEBUG:- Replacing @NAME@ -> step (<class 'str'>) (kibot - config_reader.py:80)
DEBUG:- Replacing @COMMENT@ -> PCB 3D model in STEP format (<class 'str'>) (kibot - config_reader.py:80)
DEBUG:- Replacing @DIR@ -> 3D (<class 'str'>) (kibot - config_reader.py:80)
DEBUG:- Applying CLI definitions: {} (kibot - config_reader.py:679)
DEBUG:- Applying collected definitions: {'PROJECT_NAME': 'ALB/MLB test', 'BOARD_NAME': 'alb_mlb test', 'COMPANY': 'General Atomics EMS', 'DESIGNER': 'Marcus Reighter', 'LOGO': 'Logos/Logo.png', 'GIT_URL': 'https://github.com/emptyd0nkey/albmlb', 'CHECK_ZONE_FILLS': True, 'STACKUP_TABLE_NOTE': 'external layer thicknesses are specified after plating', 'MPN_FIELD': 'Manufacturer Part Number', 'MAN_FIELD': 'Manufacturer', 'GROUP_ROUND_SLOTS': True, 'GROUP_PTH_NPTH': 'no', 'GROUP_PTH_NPTH_DRL': False, 'PLOT_REFS': True, 'COLOR_THEME': 'Altium_Theme', 'SHEET_WKS': '${KIPRJMOD}/Templates/KDT_Template_PCB_GIT_A4.kicad_wks', 'FAB_SCALING': 1, 'ASSEMBLY_SCALING': 1, 'EXCLUDE_REFS': '[MB*]', '3D_VIEWER_ROT_X': 2, '3D_VIEWER_ROT_Y': -1, '3D_VIEWER_ROT_Z': 1, '3D_VIEWER_ZOOM': -1, 'KEY_COLOR': '#00FF00', 'OUTPUT_DIR': './', 'REPORT_DIR': 'Reports', 'SCHEMATIC_DIR': 'Schematic', 'MANUFACTURING_DIR': 'Manufacturing', 'ASSEMBLY_DIR': '@MANUFACTURING_DIR@/Assembly', 'FABRICATION_DIR': '@MANUFACTURING_DIR@/Fabrication', 'GERBERS_DIR': '@FABRICATION_DIR@/Gerbers', 'FAB_DRILL_TABLES_DIR': '@FABRICATION_DIR@/Drill Tables', 'TESTING_DIR': 'Testing', 'TESTPOINTS_DIR': '@TESTING_DIR@/Testpoints', 'IMAGES_DIR': 'Images', '3D_DIR': '3D', 'RESOURCES_DIR': 'kibot_resources', 'REPORT_TEMPLATE_DIR': '@RESOURCES_DIR@/templates', 'SCRIPTS_DIR': '@RESOURCES_DIR@/scripts', 'LAYER_TITLE_PAGE': 'TitlePage', 'LAYER_DNP_TOP': 'F.DNP', 'LAYER_DNP_BOTTOM': 'B.DNP', 'LAYER_DRILL_MAP': 'DrillMap', 'LAYER_TP_LIST_TOP': 'F.TestPointList', 'LAYER_TP_LIST_BOTTOM': 'B.TestPointList', 'LAYER_ASSEMBLY_TEXT_TOP': 'F.AssemblyText', 'LAYER_ASSEMBLY_TEXT_BOTTOM': 'B.AssemblyText', 'LAYER_DNP_CROSS_TOP': 'F.DNP', 'LAYER_DNP_CROSS_BOTTOM': 'B.DNP', 'FILT_FIELD_RENAME': 'field_rename', 'FILT_TP_ONLY': 'only_testpoints', 'FILT_TP_EXCLUDE': 'exclude_testpoints', 'FILT_TP_TOP_ONLY': 'only_testpoints_top', 'FILT_TP_BOTTOM_ONLY': 'only_testpoints_bottom', 'SCH_VARIANT_OUTPUT': 'value_split', 'NETLIST_OUTPUT': 'netlist', 'GERBER_OUTPUT': 'gbr_gerbers', 'ODB_OUTPUT': 'zip_odb', 'EXCELLON_DRILL_OUTPUT': 'drl_excellon', 'PDF_DRILL_MAP_OUTPUT': 'pdf_drill_map', 'DXF_DRILL_MAP_OUTPUT': 'dxf_drill_map', 'CSV_DRILL_TABLE_OUTPUT': 'csv_drill_table', 'CSV_POS_OUTPUT': 'csv_position', 'CSV_TP_OUTPUT': 'csv_testpoints', 'CSV_TP_TOP_OUTPUT': 'csv_testpoints_top', 'CSV_TP_BOTTOM_OUTPUT': 'csv_testpoints_bottom', 'CSV_BOM_OUTPUT': 'csv_bom', 'XLSX_BOM_OUTPUT': 'xlsx_bom', 'HTML_IBOM_OUTPUT': 'html_bom_interactive', 'HTML_BOM_OUTPUT': 'html_bom', 'CSV_COMP_COUNT_OUPUT': 'csv_comp_count', 'CSV_IMPEDANCE_TABLE_OUTPUT': 'csv_impedance_table', 'TXT_FAB_NOTES_OUTPUT': 'txt_fabrication_notes', 'TXT_ASSEMBLY_NOTES_OUTPUT': 'txt_assembly_notes', 'PNG_3D_VIEWER_TOP': 'png_3d_viewer_top', 'PNG_3D_VIEWER_BOTTOM': 'png_3d_viewer_bottom', 'PNG_3D_VIEWER_ANGLED_TOP': 'png_3d_viewer_angled_top', 'PNG_3D_VIEWER_ANGLED_BOTTOM': 'png_3d_viewer_angled_bottom', 'STEP_OUTPUT': 'step', 'BLENDER_OUTPUT': 'blender', 'PDF_SCHEMATIC_OUTPUT': 'pdf_schematic', 'PDF_FABRICATION_OUTPUT': 'pdf_fabrication', 'PDF_ASSEMBLY_OUTPUT': 'pdf_assembly', 'ZIP_COMPRESS_FAB_OUTPUT': 'zip_compress_fab', 'HTML_KICANVAS_OUTPUT': 'html_kicanvas', 'HTML_KIRI_OUTPUT': 'html_kiri', 'MD_README_OUTPUT': 'md_readme', 'HTML_NAV_RES_OUTPUT': 'html_navigate_results', 'NAME': 'step', 'COMMENT': 'PCB 3D model in STEP format', 'DIR': '3D'} (kibot - config_reader.py:682)
DEBUG:YAML after expanding definitions:
# KiBot output for generating PCB 3D model in STEP format
# https://kibot.readthedocs.io/en/latest/configuration/outputs/step.html

kibot:
  version: 1

outputs:
- name: step
  comment: 'PCB 3D model in STEP format'
  type: step
  category: '3D'
  dir: '3D'
  options:
    output: '%f%I%v.%x'

definitions:
  NAME: step
  COMMENT: PCB 3D model in STEP format
  DIR: 3D (kibot - config_reader.py:688)
DEBUG:Pre-parsing output options for `step` (step) (kibot - config_reader.py:171)
DEBUG:Outputs loaded from `kibot_yaml/kibot_out_step.yaml`: ['step'] (kibot - config_reader.py:363)
DEBUG:Applying preprocessor definitions (kibot - config_reader.py:672)
DEBUG:- Applying CLI definitions: {} (kibot - config_reader.py:679)
DEBUG:- Applying collected definitions: {'PROJECT_NAME': 'ALB/MLB test', 'BOARD_NAME': 'alb_mlb test', 'COMPANY': 'General Atomics EMS', 'DESIGNER': 'Marcus Reighter', 'LOGO': 'Logos/Logo.png', 'GIT_URL': 'https://github.com/emptyd0nkey/albmlb', 'CHECK_ZONE_FILLS': True, 'STACKUP_TABLE_NOTE': 'external layer thicknesses are specified after plating', 'MPN_FIELD': 'Manufacturer Part Number', 'MAN_FIELD': 'Manufacturer', 'GROUP_ROUND_SLOTS': True, 'GROUP_PTH_NPTH': 'no', 'GROUP_PTH_NPTH_DRL': False, 'PLOT_REFS': True, 'COLOR_THEME': 'Altium_Theme', 'SHEET_WKS': '${KIPRJMOD}/Templates/KDT_Template_PCB_GIT_A4.kicad_wks', 'FAB_SCALING': 1, 'ASSEMBLY_SCALING': 1, 'EXCLUDE_REFS': '[MB*]', '3D_VIEWER_ROT_X': 2, '3D_VIEWER_ROT_Y': -1, '3D_VIEWER_ROT_Z': 1, '3D_VIEWER_ZOOM': -1, 'KEY_COLOR': '#00FF00', 'OUTPUT_DIR': './', 'REPORT_DIR': 'Reports', 'SCHEMATIC_DIR': 'Schematic', 'MANUFACTURING_DIR': 'Manufacturing', 'ASSEMBLY_DIR': '@MANUFACTURING_DIR@/Assembly', 'FABRICATION_DIR': '@MANUFACTURING_DIR@/Fabrication', 'GERBERS_DIR': '@FABRICATION_DIR@/Gerbers', 'FAB_DRILL_TABLES_DIR': '@FABRICATION_DIR@/Drill Tables', 'TESTING_DIR': 'Testing', 'TESTPOINTS_DIR': '@TESTING_DIR@/Testpoints', 'IMAGES_DIR': 'Images', '3D_DIR': '3D', 'RESOURCES_DIR': 'kibot_resources', 'REPORT_TEMPLATE_DIR': '@RESOURCES_DIR@/templates', 'SCRIPTS_DIR': '@RESOURCES_DIR@/scripts', 'LAYER_TITLE_PAGE': 'TitlePage', 'LAYER_DNP_TOP': 'F.DNP', 'LAYER_DNP_BOTTOM': 'B.DNP', 'LAYER_DRILL_MAP': 'DrillMap', 'LAYER_TP_LIST_TOP': 'F.TestPointList', 'LAYER_TP_LIST_BOTTOM': 'B.TestPointList', 'LAYER_ASSEMBLY_TEXT_TOP': 'F.AssemblyText', 'LAYER_ASSEMBLY_TEXT_BOTTOM': 'B.AssemblyText', 'LAYER_DNP_CROSS_TOP': 'F.DNP', 'LAYER_DNP_CROSS_BOTTOM': 'B.DNP', 'FILT_FIELD_RENAME': 'field_rename', 'FILT_TP_ONLY': 'only_testpoints', 'FILT_TP_EXCLUDE': 'exclude_testpoints', 'FILT_TP_TOP_ONLY': 'only_testpoints_top', 'FILT_TP_BOTTOM_ONLY': 'only_testpoints_bottom', 'SCH_VARIANT_OUTPUT': 'value_split', 'NETLIST_OUTPUT': 'netlist', 'GERBER_OUTPUT': 'gbr_gerbers', 'ODB_OUTPUT': 'zip_odb', 'EXCELLON_DRILL_OUTPUT': 'drl_excellon', 'PDF_DRILL_MAP_OUTPUT': 'pdf_drill_map', 'DXF_DRILL_MAP_OUTPUT': 'dxf_drill_map', 'CSV_DRILL_TABLE_OUTPUT': 'csv_drill_table', 'CSV_POS_OUTPUT': 'csv_position', 'CSV_TP_OUTPUT': 'csv_testpoints', 'CSV_TP_TOP_OUTPUT': 'csv_testpoints_top', 'CSV_TP_BOTTOM_OUTPUT': 'csv_testpoints_bottom', 'CSV_BOM_OUTPUT': 'csv_bom', 'XLSX_BOM_OUTPUT': 'xlsx_bom', 'HTML_IBOM_OUTPUT': 'html_bom_interactive', 'HTML_BOM_OUTPUT': 'html_bom', 'CSV_COMP_COUNT_OUPUT': 'csv_comp_count', 'CSV_IMPEDANCE_TABLE_OUTPUT': 'csv_impedance_table', 'TXT_FAB_NOTES_OUTPUT': 'txt_fabrication_notes', 'TXT_ASSEMBLY_NOTES_OUTPUT': 'txt_assembly_notes', 'PNG_3D_VIEWER_TOP': 'png_3d_viewer_top', 'PNG_3D_VIEWER_BOTTOM': 'png_3d_viewer_bottom', 'PNG_3D_VIEWER_ANGLED_TOP': 'png_3d_viewer_angled_top', 'PNG_3D_VIEWER_ANGLED_BOTTOM': 'png_3d_viewer_angled_bottom', 'STEP_OUTPUT': 'step', 'BLENDER_OUTPUT': 'blender', 'PDF_SCHEMATIC_OUTPUT': 'pdf_schematic', 'PDF_FABRICATION_OUTPUT': 'pdf_fabrication', 'PDF_ASSEMBLY_OUTPUT': 'pdf_assembly', 'ZIP_COMPRESS_FAB_OUTPUT': 'zip_compress_fab', 'HTML_KICANVAS_OUTPUT': 'html_kicanvas', 'HTML_KIRI_OUTPUT': 'html_kiri', 'MD_README_OUTPUT': 'md_readme', 'HTML_NAV_RES_OUTPUT': 'html_navigate_results', 'NAME': 'pdf_schematic', 'COMMENT': 'Schematic in PDF format', 'DIR': 'Schematic', 'DEFAULT_FONT': 'Times New Roman'} (kibot - config_reader.py:682)
DEBUG:- Replacing @COLOR_THEME@ -> Altium_Theme (<class 'str'>) (kibot - config_reader.py:80)
DEBUG:- Replacing @NAME@ -> pdf_schematic (<class 'str'>) (kibot - config_reader.py:80)
DEBUG:- Replacing @COMMENT@ -> Schematic in PDF format (<class 'str'>) (kibot - config_reader.py:80)
DEBUG:- Replacing @DIR@ -> Schematic (<class 'str'>) (kibot - config_reader.py:80)
DEBUG:- Replacing @DEFAULT_FONT@ -> Times New Roman (<class 'str'>) (kibot - config_reader.py:80)
DEBUG:- Applying CLI definitions: {} (kibot - config_reader.py:679)
DEBUG:- Applying collected definitions: {'PROJECT_NAME': 'ALB/MLB test', 'BOARD_NAME': 'alb_mlb test', 'COMPANY': 'General Atomics EMS', 'DESIGNER': 'Marcus Reighter', 'LOGO': 'Logos/Logo.png', 'GIT_URL': 'https://github.com/emptyd0nkey/albmlb', 'CHECK_ZONE_FILLS': True, 'STACKUP_TABLE_NOTE': 'external layer thicknesses are specified after plating', 'MPN_FIELD': 'Manufacturer Part Number', 'MAN_FIELD': 'Manufacturer', 'GROUP_ROUND_SLOTS': True, 'GROUP_PTH_NPTH': 'no', 'GROUP_PTH_NPTH_DRL': False, 'PLOT_REFS': True, 'COLOR_THEME': 'Altium_Theme', 'SHEET_WKS': '${KIPRJMOD}/Templates/KDT_Template_PCB_GIT_A4.kicad_wks', 'FAB_SCALING': 1, 'ASSEMBLY_SCALING': 1, 'EXCLUDE_REFS': '[MB*]', '3D_VIEWER_ROT_X': 2, '3D_VIEWER_ROT_Y': -1, '3D_VIEWER_ROT_Z': 1, '3D_VIEWER_ZOOM': -1, 'KEY_COLOR': '#00FF00', 'OUTPUT_DIR': './', 'REPORT_DIR': 'Reports', 'SCHEMATIC_DIR': 'Schematic', 'MANUFACTURING_DIR': 'Manufacturing', 'ASSEMBLY_DIR': '@MANUFACTURING_DIR@/Assembly', 'FABRICATION_DIR': '@MANUFACTURING_DIR@/Fabrication', 'GERBERS_DIR': '@FABRICATION_DIR@/Gerbers', 'FAB_DRILL_TABLES_DIR': '@FABRICATION_DIR@/Drill Tables', 'TESTING_DIR': 'Testing', 'TESTPOINTS_DIR': '@TESTING_DIR@/Testpoints', 'IMAGES_DIR': 'Images', '3D_DIR': '3D', 'RESOURCES_DIR': 'kibot_resources', 'REPORT_TEMPLATE_DIR': '@RESOURCES_DIR@/templates', 'SCRIPTS_DIR': '@RESOURCES_DIR@/scripts', 'LAYER_TITLE_PAGE': 'TitlePage', 'LAYER_DNP_TOP': 'F.DNP', 'LAYER_DNP_BOTTOM': 'B.DNP', 'LAYER_DRILL_MAP': 'DrillMap', 'LAYER_TP_LIST_TOP': 'F.TestPointList', 'LAYER_TP_LIST_BOTTOM': 'B.TestPointList', 'LAYER_ASSEMBLY_TEXT_TOP': 'F.AssemblyText', 'LAYER_ASSEMBLY_TEXT_BOTTOM': 'B.AssemblyText', 'LAYER_DNP_CROSS_TOP': 'F.DNP', 'LAYER_DNP_CROSS_BOTTOM': 'B.DNP', 'FILT_FIELD_RENAME': 'field_rename', 'FILT_TP_ONLY': 'only_testpoints', 'FILT_TP_EXCLUDE': 'exclude_testpoints', 'FILT_TP_TOP_ONLY': 'only_testpoints_top', 'FILT_TP_BOTTOM_ONLY': 'only_testpoints_bottom', 'SCH_VARIANT_OUTPUT': 'value_split', 'NETLIST_OUTPUT': 'netlist', 'GERBER_OUTPUT': 'gbr_gerbers', 'ODB_OUTPUT': 'zip_odb', 'EXCELLON_DRILL_OUTPUT': 'drl_excellon', 'PDF_DRILL_MAP_OUTPUT': 'pdf_drill_map', 'DXF_DRILL_MAP_OUTPUT': 'dxf_drill_map', 'CSV_DRILL_TABLE_OUTPUT': 'csv_drill_table', 'CSV_POS_OUTPUT': 'csv_position', 'CSV_TP_OUTPUT': 'csv_testpoints', 'CSV_TP_TOP_OUTPUT': 'csv_testpoints_top', 'CSV_TP_BOTTOM_OUTPUT': 'csv_testpoints_bottom', 'CSV_BOM_OUTPUT': 'csv_bom', 'XLSX_BOM_OUTPUT': 'xlsx_bom', 'HTML_IBOM_OUTPUT': 'html_bom_interactive', 'HTML_BOM_OUTPUT': 'html_bom', 'CSV_COMP_COUNT_OUPUT': 'csv_comp_count', 'CSV_IMPEDANCE_TABLE_OUTPUT': 'csv_impedance_table', 'TXT_FAB_NOTES_OUTPUT': 'txt_fabrication_notes', 'TXT_ASSEMBLY_NOTES_OUTPUT': 'txt_assembly_notes', 'PNG_3D_VIEWER_TOP': 'png_3d_viewer_top', 'PNG_3D_VIEWER_BOTTOM': 'png_3d_viewer_bottom', 'PNG_3D_VIEWER_ANGLED_TOP': 'png_3d_viewer_angled_top', 'PNG_3D_VIEWER_ANGLED_BOTTOM': 'png_3d_viewer_angled_bottom', 'STEP_OUTPUT': 'step', 'BLENDER_OUTPUT': 'blender', 'PDF_SCHEMATIC_OUTPUT': 'pdf_schematic', 'PDF_FABRICATION_OUTPUT': 'pdf_fabrication', 'PDF_ASSEMBLY_OUTPUT': 'pdf_assembly', 'ZIP_COMPRESS_FAB_OUTPUT': 'zip_compress_fab', 'HTML_KICANVAS_OUTPUT': 'html_kicanvas', 'HTML_KIRI_OUTPUT': 'html_kiri', 'MD_README_OUTPUT': 'md_readme', 'HTML_NAV_RES_OUTPUT': 'html_navigate_results', 'NAME': 'pdf_schematic', 'COMMENT': 'Schematic in PDF format', 'DIR': 'Schematic', 'DEFAULT_FONT': 'Times New Roman'} (kibot - config_reader.py:682)
DEBUG:YAML after expanding definitions:
# KiBot output for generating schematics in PDF format
# https://kibot.readthedocs.io/en/latest/configuration/outputs/pdf_sch_print.html

kibot:
  version: 1

outputs:
- name: pdf_schematic
  comment: 'Schematic in PDF format'
  type: pdf_sch_print
  dir: 'Schematic'
  category: 'Schematic'
  options:
    background_color: false
    color_theme: 'Altium_Theme'
    default_font: 'Times New Roman'

definitions:
  NAME: pdf_schematic
  COMMENT: Schematic in PDF format
  COLOR_THEME: Altium_Theme
  DEFAULT_FONT: Times New Roman
  DIR: Schematic (kibot - config_reader.py:688)
DEBUG:Pre-parsing output options for `pdf_schematic` (pdf_sch_print) (kibot - config_reader.py:171)
DEBUG:Outputs loaded from `kibot_yaml/kibot_out_pdf_schematic.yaml`: ['pdf_schematic'] (kibot - config_reader.py:363)
DEBUG:Found local definitions (kibot - config_reader.py:653)
DEBUG:- Local definitions: {'NAME': 'pdf_fabrication', 'COMMENT': 'Fabrication document in PDF format', 'DIR': 'Manufacturing/Fabrication', 'DOC_TITLE': 'Fabrication', 'COLOR_THEME': 'Altium_Theme', 'SHEET_WKS': '${KIPRJMOD}/Templates/KDT_Template_PCB_GIT_A4.kicad_wks', 'SCALING': 1.0, 'FAB_EXCLUDE_FILTER': 'only_testpoints', 'LAYER_DRILL_MAP': 'DrillMap', 'LAYER_TP_LIST_TOP': 'F.TestPointList', 'LAYER_TP_LIST_BOTTOM': 'B.TestPointList', 'PTH_NPTH': 'yes', 'GROUP_ROUND_SLOTS': True, 'NAME_TP_TOP': 'csv_testpoints_top', 'NAME_TP_BOTTOM': 'csv_testpoints_bottom', 'NAME_IMPEDANCE_TABLE': 'csv_impedance_table', 'NAME_DRILL_TABLE': 'csv_drill_table'} (kibot - config_reader.py:663)
DEBUG:- Current definitions: {'PROJECT_NAME': 'ALB/MLB test', 'BOARD_NAME': 'alb_mlb test', 'COMPANY': 'General Atomics EMS', 'DESIGNER': 'Marcus Reighter', 'LOGO': 'Logos/Logo.png', 'GIT_URL': 'https://github.com/emptyd0nkey/albmlb', 'CHECK_ZONE_FILLS': True, 'STACKUP_TABLE_NOTE': 'external layer thicknesses are specified after plating', 'MPN_FIELD': 'Manufacturer Part Number', 'MAN_FIELD': 'Manufacturer', 'GROUP_ROUND_SLOTS': True, 'GROUP_PTH_NPTH': 'no', 'GROUP_PTH_NPTH_DRL': False, 'PLOT_REFS': True, 'COLOR_THEME': 'Altium_Theme', 'SHEET_WKS': '${KIPRJMOD}/Templates/KDT_Template_PCB_GIT_A4.kicad_wks', 'FAB_SCALING': 1, 'ASSEMBLY_SCALING': 1, 'EXCLUDE_REFS': '[MB*]', '3D_VIEWER_ROT_X': 2, '3D_VIEWER_ROT_Y': -1, '3D_VIEWER_ROT_Z': 1, '3D_VIEWER_ZOOM': -1, 'KEY_COLOR': '#00FF00', 'OUTPUT_DIR': './', 'REPORT_DIR': 'Reports', 'SCHEMATIC_DIR': 'Schematic', 'MANUFACTURING_DIR': 'Manufacturing', 'ASSEMBLY_DIR': '@MANUFACTURING_DIR@/Assembly', 'FABRICATION_DIR': '@MANUFACTURING_DIR@/Fabrication', 'GERBERS_DIR': '@FABRICATION_DIR@/Gerbers', 'FAB_DRILL_TABLES_DIR': '@FABRICATION_DIR@/Drill Tables', 'TESTING_DIR': 'Testing', 'TESTPOINTS_DIR': '@TESTING_DIR@/Testpoints', 'IMAGES_DIR': 'Images', '3D_DIR': '3D', 'RESOURCES_DIR': 'kibot_resources', 'REPORT_TEMPLATE_DIR': '@RESOURCES_DIR@/templates', 'SCRIPTS_DIR': '@RESOURCES_DIR@/scripts', 'LAYER_TITLE_PAGE': 'TitlePage', 'LAYER_DNP_TOP': 'F.DNP', 'LAYER_DNP_BOTTOM': 'B.DNP', 'LAYER_DRILL_MAP': 'DrillMap', 'LAYER_TP_LIST_TOP': 'F.TestPointList', 'LAYER_TP_LIST_BOTTOM': 'B.TestPointList', 'LAYER_ASSEMBLY_TEXT_TOP': 'F.AssemblyText', 'LAYER_ASSEMBLY_TEXT_BOTTOM': 'B.AssemblyText', 'LAYER_DNP_CROSS_TOP': 'F.DNP', 'LAYER_DNP_CROSS_BOTTOM': 'B.DNP', 'FILT_FIELD_RENAME': 'field_rename', 'FILT_TP_ONLY': 'only_testpoints', 'FILT_TP_EXCLUDE': 'exclude_testpoints', 'FILT_TP_TOP_ONLY': 'only_testpoints_top', 'FILT_TP_BOTTOM_ONLY': 'only_testpoints_bottom', 'SCH_VARIANT_OUTPUT': 'value_split', 'NETLIST_OUTPUT': 'netlist', 'GERBER_OUTPUT': 'gbr_gerbers', 'ODB_OUTPUT': 'zip_odb', 'EXCELLON_DRILL_OUTPUT': 'drl_excellon', 'PDF_DRILL_MAP_OUTPUT': 'pdf_drill_map', 'DXF_DRILL_MAP_OUTPUT': 'dxf_drill_map', 'CSV_DRILL_TABLE_OUTPUT': 'csv_drill_table', 'CSV_POS_OUTPUT': 'csv_position', 'CSV_TP_OUTPUT': 'csv_testpoints', 'CSV_TP_TOP_OUTPUT': 'csv_testpoints_top', 'CSV_TP_BOTTOM_OUTPUT': 'csv_testpoints_bottom', 'CSV_BOM_OUTPUT': 'csv_bom', 'XLSX_BOM_OUTPUT': 'xlsx_bom', 'HTML_IBOM_OUTPUT': 'html_bom_interactive', 'HTML_BOM_OUTPUT': 'html_bom', 'CSV_COMP_COUNT_OUPUT': 'csv_comp_count', 'CSV_IMPEDANCE_TABLE_OUTPUT': 'csv_impedance_table', 'TXT_FAB_NOTES_OUTPUT': 'txt_fabrication_notes', 'TXT_ASSEMBLY_NOTES_OUTPUT': 'txt_assembly_notes', 'PNG_3D_VIEWER_TOP': 'png_3d_viewer_top', 'PNG_3D_VIEWER_BOTTOM': 'png_3d_viewer_bottom', 'PNG_3D_VIEWER_ANGLED_TOP': 'png_3d_viewer_angled_top', 'PNG_3D_VIEWER_ANGLED_BOTTOM': 'png_3d_viewer_angled_bottom', 'STEP_OUTPUT': 'step', 'BLENDER_OUTPUT': 'blender', 'PDF_SCHEMATIC_OUTPUT': 'pdf_schematic', 'PDF_FABRICATION_OUTPUT': 'pdf_fabrication', 'PDF_ASSEMBLY_OUTPUT': 'pdf_assembly', 'ZIP_COMPRESS_FAB_OUTPUT': 'zip_compress_fab', 'HTML_KICANVAS_OUTPUT': 'html_kicanvas', 'HTML_KIRI_OUTPUT': 'html_kiri', 'MD_README_OUTPUT': 'md_readme', 'HTML_NAV_RES_OUTPUT': 'html_navigate_results', 'NAME': 'pdf_fabrication', 'COMMENT': 'Fabrication document in PDF format', 'DIR': 'Manufacturing/Fabrication', 'SCALING': 1, 'PTH_NPTH': 'no', 'FAB_EXCLUDE_FILTER': 'only_testpoints', 'NAME_TP_TOP': 'csv_testpoints_top', 'NAME_TP_BOTTOM': 'csv_testpoints_bottom', 'NAME_IMPEDANCE_TABLE': 'csv_impedance_table', 'NAME_DRILL_TABLE': 'csv_drill_table'} (kibot - config_reader.py:664)
DEBUG:- Updated definitions: {'NAME': 'pdf_fabrication', 'COMMENT': 'Fabrication document in PDF format', 'DIR': 'Manufacturing/Fabrication', 'DOC_TITLE': 'Fabrication', 'COLOR_THEME': 'Altium_Theme', 'SHEET_WKS': '${KIPRJMOD}/Templates/KDT_Template_PCB_GIT_A4.kicad_wks', 'SCALING': 1, 'FAB_EXCLUDE_FILTER': 'only_testpoints', 'LAYER_DRILL_MAP': 'DrillMap', 'LAYER_TP_LIST_TOP': 'F.TestPointList', 'LAYER_TP_LIST_BOTTOM': 'B.TestPointList', 'PTH_NPTH': 'no', 'GROUP_ROUND_SLOTS': True, 'NAME_TP_TOP': 'csv_testpoints_top', 'NAME_TP_BOTTOM': 'csv_testpoints_bottom', 'NAME_IMPEDANCE_TABLE': 'csv_impedance_table', 'NAME_DRILL_TABLE': 'csv_drill_table', 'PROJECT_NAME': 'ALB/MLB test', 'BOARD_NAME': 'alb_mlb test', 'COMPANY': 'General Atomics EMS', 'DESIGNER': 'Marcus Reighter', 'LOGO': 'Logos/Logo.png', 'GIT_URL': 'https://github.com/emptyd0nkey/albmlb', 'CHECK_ZONE_FILLS': True, 'STACKUP_TABLE_NOTE': 'external layer thicknesses are specified after plating', 'MPN_FIELD': 'Manufacturer Part Number', 'MAN_FIELD': 'Manufacturer', 'GROUP_PTH_NPTH': 'no', 'GROUP_PTH_NPTH_DRL': False, 'PLOT_REFS': True, 'FAB_SCALING': 1, 'ASSEMBLY_SCALING': 1, 'EXCLUDE_REFS': '[MB*]', '3D_VIEWER_ROT_X': 2, '3D_VIEWER_ROT_Y': -1, '3D_VIEWER_ROT_Z': 1, '3D_VIEWER_ZOOM': -1, 'KEY_COLOR': '#00FF00', 'OUTPUT_DIR': './', 'REPORT_DIR': 'Reports', 'SCHEMATIC_DIR': 'Schematic', 'MANUFACTURING_DIR': 'Manufacturing', 'ASSEMBLY_DIR': '@MANUFACTURING_DIR@/Assembly', 'FABRICATION_DIR': '@MANUFACTURING_DIR@/Fabrication', 'GERBERS_DIR': '@FABRICATION_DIR@/Gerbers', 'FAB_DRILL_TABLES_DIR': '@FABRICATION_DIR@/Drill Tables', 'TESTING_DIR': 'Testing', 'TESTPOINTS_DIR': '@TESTING_DIR@/Testpoints', 'IMAGES_DIR': 'Images', '3D_DIR': '3D', 'RESOURCES_DIR': 'kibot_resources', 'REPORT_TEMPLATE_DIR': '@RESOURCES_DIR@/templates', 'SCRIPTS_DIR': '@RESOURCES_DIR@/scripts', 'LAYER_TITLE_PAGE': 'TitlePage', 'LAYER_DNP_TOP': 'F.DNP', 'LAYER_DNP_BOTTOM': 'B.DNP', 'LAYER_ASSEMBLY_TEXT_TOP': 'F.AssemblyText', 'LAYER_ASSEMBLY_TEXT_BOTTOM': 'B.AssemblyText', 'LAYER_DNP_CROSS_TOP': 'F.DNP', 'LAYER_DNP_CROSS_BOTTOM': 'B.DNP', 'FILT_FIELD_RENAME': 'field_rename', 'FILT_TP_ONLY': 'only_testpoints', 'FILT_TP_EXCLUDE': 'exclude_testpoints', 'FILT_TP_TOP_ONLY': 'only_testpoints_top', 'FILT_TP_BOTTOM_ONLY': 'only_testpoints_bottom', 'SCH_VARIANT_OUTPUT': 'value_split', 'NETLIST_OUTPUT': 'netlist', 'GERBER_OUTPUT': 'gbr_gerbers', 'ODB_OUTPUT': 'zip_odb', 'EXCELLON_DRILL_OUTPUT': 'drl_excellon', 'PDF_DRILL_MAP_OUTPUT': 'pdf_drill_map', 'DXF_DRILL_MAP_OUTPUT': 'dxf_drill_map', 'CSV_DRILL_TABLE_OUTPUT': 'csv_drill_table', 'CSV_POS_OUTPUT': 'csv_position', 'CSV_TP_OUTPUT': 'csv_testpoints', 'CSV_TP_TOP_OUTPUT': 'csv_testpoints_top', 'CSV_TP_BOTTOM_OUTPUT': 'csv_testpoints_bottom', 'CSV_BOM_OUTPUT': 'csv_bom', 'XLSX_BOM_OUTPUT': 'xlsx_bom', 'HTML_IBOM_OUTPUT': 'html_bom_interactive', 'HTML_BOM_OUTPUT': 'html_bom', 'CSV_COMP_COUNT_OUPUT': 'csv_comp_count', 'CSV_IMPEDANCE_TABLE_OUTPUT': 'csv_impedance_table', 'TXT_FAB_NOTES_OUTPUT': 'txt_fabrication_notes', 'TXT_ASSEMBLY_NOTES_OUTPUT': 'txt_assembly_notes', 'PNG_3D_VIEWER_TOP': 'png_3d_viewer_top', 'PNG_3D_VIEWER_BOTTOM': 'png_3d_viewer_bottom', 'PNG_3D_VIEWER_ANGLED_TOP': 'png_3d_viewer_angled_top', 'PNG_3D_VIEWER_ANGLED_BOTTOM': 'png_3d_viewer_angled_bottom', 'STEP_OUTPUT': 'step', 'BLENDER_OUTPUT': 'blender', 'PDF_SCHEMATIC_OUTPUT': 'pdf_schematic', 'PDF_FABRICATION_OUTPUT': 'pdf_fabrication', 'PDF_ASSEMBLY_OUTPUT': 'pdf_assembly', 'ZIP_COMPRESS_FAB_OUTPUT': 'zip_compress_fab', 'HTML_KICANVAS_OUTPUT': 'html_kicanvas', 'HTML_KIRI_OUTPUT': 'html_kiri', 'MD_README_OUTPUT': 'md_readme', 'HTML_NAV_RES_OUTPUT': 'html_navigate_results'} (kibot - config_reader.py:667)
DEBUG:Applying preprocessor definitions (kibot - config_reader.py:672)
DEBUG:- Applying CLI definitions: {} (kibot - config_reader.py:679)
DEBUG:- Applying collected definitions: {'NAME': 'pdf_fabrication', 'COMMENT': 'Fabrication document in PDF format', 'DIR': 'Manufacturing/Fabrication', 'DOC_TITLE': 'Fabrication', 'COLOR_THEME': 'Altium_Theme', 'SHEET_WKS': '${KIPRJMOD}/Templates/KDT_Template_PCB_GIT_A4.kicad_wks', 'SCALING': 1, 'FAB_EXCLUDE_FILTER': 'only_testpoints', 'LAYER_DRILL_MAP': 'DrillMap', 'LAYER_TP_LIST_TOP': 'F.TestPointList', 'LAYER_TP_LIST_BOTTOM': 'B.TestPointList', 'PTH_NPTH': 'no', 'GROUP_ROUND_SLOTS': True, 'NAME_TP_TOP': 'csv_testpoints_top', 'NAME_TP_BOTTOM': 'csv_testpoints_bottom', 'NAME_IMPEDANCE_TABLE': 'csv_impedance_table', 'NAME_DRILL_TABLE': 'csv_drill_table', 'PROJECT_NAME': 'ALB/MLB test', 'BOARD_NAME': 'alb_mlb test', 'COMPANY': 'General Atomics EMS', 'DESIGNER': 'Marcus Reighter', 'LOGO': 'Logos/Logo.png', 'GIT_URL': 'https://github.com/emptyd0nkey/albmlb', 'CHECK_ZONE_FILLS': True, 'STACKUP_TABLE_NOTE': 'external layer thicknesses are specified after plating', 'MPN_FIELD': 'Manufacturer Part Number', 'MAN_FIELD': 'Manufacturer', 'GROUP_PTH_NPTH': 'no', 'GROUP_PTH_NPTH_DRL': False, 'PLOT_REFS': True, 'FAB_SCALING': 1, 'ASSEMBLY_SCALING': 1, 'EXCLUDE_REFS': '[MB*]', '3D_VIEWER_ROT_X': 2, '3D_VIEWER_ROT_Y': -1, '3D_VIEWER_ROT_Z': 1, '3D_VIEWER_ZOOM': -1, 'KEY_COLOR': '#00FF00', 'OUTPUT_DIR': './', 'REPORT_DIR': 'Reports', 'SCHEMATIC_DIR': 'Schematic', 'MANUFACTURING_DIR': 'Manufacturing', 'ASSEMBLY_DIR': '@MANUFACTURING_DIR@/Assembly', 'FABRICATION_DIR': '@MANUFACTURING_DIR@/Fabrication', 'GERBERS_DIR': '@FABRICATION_DIR@/Gerbers', 'FAB_DRILL_TABLES_DIR': '@FABRICATION_DIR@/Drill Tables', 'TESTING_DIR': 'Testing', 'TESTPOINTS_DIR': '@TESTING_DIR@/Testpoints', 'IMAGES_DIR': 'Images', '3D_DIR': '3D', 'RESOURCES_DIR': 'kibot_resources', 'REPORT_TEMPLATE_DIR': '@RESOURCES_DIR@/templates', 'SCRIPTS_DIR': '@RESOURCES_DIR@/scripts', 'LAYER_TITLE_PAGE': 'TitlePage', 'LAYER_DNP_TOP': 'F.DNP', 'LAYER_DNP_BOTTOM': 'B.DNP', 'LAYER_ASSEMBLY_TEXT_TOP': 'F.AssemblyText', 'LAYER_ASSEMBLY_TEXT_BOTTOM': 'B.AssemblyText', 'LAYER_DNP_CROSS_TOP': 'F.DNP', 'LAYER_DNP_CROSS_BOTTOM': 'B.DNP', 'FILT_FIELD_RENAME': 'field_rename', 'FILT_TP_ONLY': 'only_testpoints', 'FILT_TP_EXCLUDE': 'exclude_testpoints', 'FILT_TP_TOP_ONLY': 'only_testpoints_top', 'FILT_TP_BOTTOM_ONLY': 'only_testpoints_bottom', 'SCH_VARIANT_OUTPUT': 'value_split', 'NETLIST_OUTPUT': 'netlist', 'GERBER_OUTPUT': 'gbr_gerbers', 'ODB_OUTPUT': 'zip_odb', 'EXCELLON_DRILL_OUTPUT': 'drl_excellon', 'PDF_DRILL_MAP_OUTPUT': 'pdf_drill_map', 'DXF_DRILL_MAP_OUTPUT': 'dxf_drill_map', 'CSV_DRILL_TABLE_OUTPUT': 'csv_drill_table', 'CSV_POS_OUTPUT': 'csv_position', 'CSV_TP_OUTPUT': 'csv_testpoints', 'CSV_TP_TOP_OUTPUT': 'csv_testpoints_top', 'CSV_TP_BOTTOM_OUTPUT': 'csv_testpoints_bottom', 'CSV_BOM_OUTPUT': 'csv_bom', 'XLSX_BOM_OUTPUT': 'xlsx_bom', 'HTML_IBOM_OUTPUT': 'html_bom_interactive', 'HTML_BOM_OUTPUT': 'html_bom', 'CSV_COMP_COUNT_OUPUT': 'csv_comp_count', 'CSV_IMPEDANCE_TABLE_OUTPUT': 'csv_impedance_table', 'TXT_FAB_NOTES_OUTPUT': 'txt_fabrication_notes', 'TXT_ASSEMBLY_NOTES_OUTPUT': 'txt_assembly_notes', 'PNG_3D_VIEWER_TOP': 'png_3d_viewer_top', 'PNG_3D_VIEWER_BOTTOM': 'png_3d_viewer_bottom', 'PNG_3D_VIEWER_ANGLED_TOP': 'png_3d_viewer_angled_top', 'PNG_3D_VIEWER_ANGLED_BOTTOM': 'png_3d_viewer_angled_bottom', 'STEP_OUTPUT': 'step', 'BLENDER_OUTPUT': 'blender', 'PDF_SCHEMATIC_OUTPUT': 'pdf_schematic', 'PDF_FABRICATION_OUTPUT': 'pdf_fabrication', 'PDF_ASSEMBLY_OUTPUT': 'pdf_assembly', 'ZIP_COMPRESS_FAB_OUTPUT': 'zip_compress_fab', 'HTML_KICANVAS_OUTPUT': 'html_kicanvas', 'HTML_KIRI_OUTPUT': 'html_kiri', 'MD_README_OUTPUT': 'md_readme', 'HTML_NAV_RES_OUTPUT': 'html_navigate_results'} (kibot - config_reader.py:682)
DEBUG:- Replacing @NAME@ -> pdf_fabrication (<class 'str'>) (kibot - config_reader.py:80)
DEBUG:- Replacing @COMMENT@ -> Fabrication document in PDF format (<class 'str'>) (kibot - config_reader.py:80)
DEBUG:- Replacing @DIR@ -> Manufacturing/Fabrication (<class 'str'>) (kibot - config_reader.py:80)
DEBUG:- Replacing @DOC_TITLE@ -> Fabrication (<class 'str'>) (kibot - config_reader.py:80)
DEBUG:- Replacing @COLOR_THEME@ -> Altium_Theme (<class 'str'>) (kibot - config_reader.py:80)
DEBUG:- Replacing @SHEET_WKS@ -> ${KIPRJMOD}/Templates/KDT_Template_PCB_GIT_A4.kicad_wks (<class 'str'>) (kibot - config_reader.py:80)
DEBUG:- Replacing @SCALING@ -> 1 (<class 'str'>) (kibot - config_reader.py:80)
DEBUG:- Replacing @FAB_EXCLUDE_FILTER@ -> only_testpoints (<class 'str'>) (kibot - config_reader.py:80)
DEBUG:- Replacing @LAYER_DRILL_MAP@ -> DrillMap (<class 'str'>) (kibot - config_reader.py:80)
DEBUG:- Replacing @LAYER_TP_LIST_TOP@ -> F.TestPointList (<class 'str'>) (kibot - config_reader.py:80)
DEBUG:- Replacing @LAYER_TP_LIST_BOTTOM@ -> B.TestPointList (<class 'str'>) (kibot - config_reader.py:80)
DEBUG:- Replacing @PTH_NPTH@ -> no (<class 'str'>) (kibot - config_reader.py:80)
DEBUG:- Replacing @GROUP_ROUND_SLOTS@ -> true (<class 'str'>) (kibot - config_reader.py:80)
DEBUG:- Replacing @NAME_TP_TOP@ -> csv_testpoints_top (<class 'str'>) (kibot - config_reader.py:80)
DEBUG:- Replacing @NAME_TP_BOTTOM@ -> csv_testpoints_bottom (<class 'str'>) (kibot - config_reader.py:80)
DEBUG:- Replacing @NAME_IMPEDANCE_TABLE@ -> csv_impedance_table (<class 'str'>) (kibot - config_reader.py:80)
DEBUG:- Replacing @NAME_DRILL_TABLE@ -> csv_drill_table (<class 'str'>) (kibot - config_reader.py:80)
DEBUG:- Applying CLI definitions: {} (kibot - config_reader.py:679)
DEBUG:- Applying collected definitions: {'NAME': 'pdf_fabrication', 'COMMENT': 'Fabrication document in PDF format', 'DIR': 'Manufacturing/Fabrication', 'DOC_TITLE': 'Fabrication', 'COLOR_THEME': 'Altium_Theme', 'SHEET_WKS': '${KIPRJMOD}/Templates/KDT_Template_PCB_GIT_A4.kicad_wks', 'SCALING': 1, 'FAB_EXCLUDE_FILTER': 'only_testpoints', 'LAYER_DRILL_MAP': 'DrillMap', 'LAYER_TP_LIST_TOP': 'F.TestPointList', 'LAYER_TP_LIST_BOTTOM': 'B.TestPointList', 'PTH_NPTH': 'no', 'GROUP_ROUND_SLOTS': True, 'NAME_TP_TOP': 'csv_testpoints_top', 'NAME_TP_BOTTOM': 'csv_testpoints_bottom', 'NAME_IMPEDANCE_TABLE': 'csv_impedance_table', 'NAME_DRILL_TABLE': 'csv_drill_table', 'PROJECT_NAME': 'ALB/MLB test', 'BOARD_NAME': 'alb_mlb test', 'COMPANY': 'General Atomics EMS', 'DESIGNER': 'Marcus Reighter', 'LOGO': 'Logos/Logo.png', 'GIT_URL': 'https://github.com/emptyd0nkey/albmlb', 'CHECK_ZONE_FILLS': True, 'STACKUP_TABLE_NOTE': 'external layer thicknesses are specified after plating', 'MPN_FIELD': 'Manufacturer Part Number', 'MAN_FIELD': 'Manufacturer', 'GROUP_PTH_NPTH': 'no', 'GROUP_PTH_NPTH_DRL': False, 'PLOT_REFS': True, 'FAB_SCALING': 1, 'ASSEMBLY_SCALING': 1, 'EXCLUDE_REFS': '[MB*]', '3D_VIEWER_ROT_X': 2, '3D_VIEWER_ROT_Y': -1, '3D_VIEWER_ROT_Z': 1, '3D_VIEWER_ZOOM': -1, 'KEY_COLOR': '#00FF00', 'OUTPUT_DIR': './', 'REPORT_DIR': 'Reports', 'SCHEMATIC_DIR': 'Schematic', 'MANUFACTURING_DIR': 'Manufacturing', 'ASSEMBLY_DIR': '@MANUFACTURING_DIR@/Assembly', 'FABRICATION_DIR': '@MANUFACTURING_DIR@/Fabrication', 'GERBERS_DIR': '@FABRICATION_DIR@/Gerbers', 'FAB_DRILL_TABLES_DIR': '@FABRICATION_DIR@/Drill Tables', 'TESTING_DIR': 'Testing', 'TESTPOINTS_DIR': '@TESTING_DIR@/Testpoints', 'IMAGES_DIR': 'Images', '3D_DIR': '3D', 'RESOURCES_DIR': 'kibot_resources', 'REPORT_TEMPLATE_DIR': '@RESOURCES_DIR@/templates', 'SCRIPTS_DIR': '@RESOURCES_DIR@/scripts', 'LAYER_TITLE_PAGE': 'TitlePage', 'LAYER_DNP_TOP': 'F.DNP', 'LAYER_DNP_BOTTOM': 'B.DNP', 'LAYER_ASSEMBLY_TEXT_TOP': 'F.AssemblyText', 'LAYER_ASSEMBLY_TEXT_BOTTOM': 'B.AssemblyText', 'LAYER_DNP_CROSS_TOP': 'F.DNP', 'LAYER_DNP_CROSS_BOTTOM': 'B.DNP', 'FILT_FIELD_RENAME': 'field_rename', 'FILT_TP_ONLY': 'only_testpoints', 'FILT_TP_EXCLUDE': 'exclude_testpoints', 'FILT_TP_TOP_ONLY': 'only_testpoints_top', 'FILT_TP_BOTTOM_ONLY': 'only_testpoints_bottom', 'SCH_VARIANT_OUTPUT': 'value_split', 'NETLIST_OUTPUT': 'netlist', 'GERBER_OUTPUT': 'gbr_gerbers', 'ODB_OUTPUT': 'zip_odb', 'EXCELLON_DRILL_OUTPUT': 'drl_excellon', 'PDF_DRILL_MAP_OUTPUT': 'pdf_drill_map', 'DXF_DRILL_MAP_OUTPUT': 'dxf_drill_map', 'CSV_DRILL_TABLE_OUTPUT': 'csv_drill_table', 'CSV_POS_OUTPUT': 'csv_position', 'CSV_TP_OUTPUT': 'csv_testpoints', 'CSV_TP_TOP_OUTPUT': 'csv_testpoints_top', 'CSV_TP_BOTTOM_OUTPUT': 'csv_testpoints_bottom', 'CSV_BOM_OUTPUT': 'csv_bom', 'XLSX_BOM_OUTPUT': 'xlsx_bom', 'HTML_IBOM_OUTPUT': 'html_bom_interactive', 'HTML_BOM_OUTPUT': 'html_bom', 'CSV_COMP_COUNT_OUPUT': 'csv_comp_count', 'CSV_IMPEDANCE_TABLE_OUTPUT': 'csv_impedance_table', 'TXT_FAB_NOTES_OUTPUT': 'txt_fabrication_notes', 'TXT_ASSEMBLY_NOTES_OUTPUT': 'txt_assembly_notes', 'PNG_3D_VIEWER_TOP': 'png_3d_viewer_top', 'PNG_3D_VIEWER_BOTTOM': 'png_3d_viewer_bottom', 'PNG_3D_VIEWER_ANGLED_TOP': 'png_3d_viewer_angled_top', 'PNG_3D_VIEWER_ANGLED_BOTTOM': 'png_3d_viewer_angled_bottom', 'STEP_OUTPUT': 'step', 'BLENDER_OUTPUT': 'blender', 'PDF_SCHEMATIC_OUTPUT': 'pdf_schematic', 'PDF_FABRICATION_OUTPUT': 'pdf_fabrication', 'PDF_ASSEMBLY_OUTPUT': 'pdf_assembly', 'ZIP_COMPRESS_FAB_OUTPUT': 'zip_compress_fab', 'HTML_KICANVAS_OUTPUT': 'html_kicanvas', 'HTML_KIRI_OUTPUT': 'html_kiri', 'MD_README_OUTPUT': 'md_readme', 'HTML_NAV_RES_OUTPUT': 'html_navigate_results'} (kibot - config_reader.py:682)
DEBUG:YAML after expanding definitions:
# KiBot output for generating Fabrication Document in PDF format
# https://kibot.readthedocs.io/en/latest/configuration/outputs/pcb_print.html

kibot:
  version: 1

outputs:
- name: pdf_fabrication
  comment: 'Fabrication document in PDF format'
  type: pcb_print
  category: 'Manufacturing/Fabrication'
  dir: 'Manufacturing/Fabrication'
  options:
    colored_pads: false
    colored_vias: false
    color_theme: 'Altium_Theme'
    output: '%f-fabrication%I%v.%x'
    format: 'PDF'
    title: 'Fabrication Document'
    realistic_solder_mask: false
    dpi: 1200
    dnf_filter: _kibom_dnf_Config
    frame_plot_mechanism: 'internal' 
    sheet_reference_layout: '${KIPRJMOD}/Templates/KDT_Template_PCB_GIT_A4.kicad_wks'
    drill:
      unify_pth_and_npth: 'no'
      group_slots_and_round_holes: true
    include_table:
      outputs:
        - name: 'csv_testpoints_top'
          text_alignment: 'left'
          invert_columns_order: false
          border_width: 0.4
          header_rule_width: 0.2
          horizontal_rule_width: 0
          vertical_rule_width: 0.2
          top_rule_width: 0.2
          bottom_rule_width: 0.2
          column_spacing: 2
          force_font_width: 1.27 # mm
        - name: 'csv_testpoints_bottom'
          text_alignment: 'right'
          invert_columns_order: true
          border_width: 0.4
          header_rule_width: 0.2
          horizontal_rule_width: 0
          vertical_rule_width: 0.2
          top_rule_width: 0.2
          bottom_rule_width: 0.2
          column_spacing: 2
          force_font_width: 1.27 # mm
        - name: 'csv_impedance_table'
          text_alignment: 'left'
          invert_columns_order: false
          border_width: 0.4
          header_rule_width: 0.2
          horizontal_rule_width: 0
          vertical_rule_width: 0.2
          top_rule_width: 0.2
          bottom_rule_width: 0.2
          row_spacing: 3
          column_spacing: 2
          row_spacing: 3
        - name: 'csv_drill_table'
          text_alignment: 'left'
          invert_columns_order: false
          border_width: 0.4
          header_rule_width: 0.2
          horizontal_rule_width: 0
          vertical_rule_width: 0.2
          top_rule_width: 0.2
          bottom_rule_width: 0.2
          row_spacing: 3
          column_spacing: 2
          force_font_width: 1 # mm

    pages:
      - scaling: 1
        title: 'Fabrication'
        sheet: 'Top Fabrication (Scale 1:1)'
        layer_var: 'Top Fabrication (Scale 1:1)'
        sheet_reference_color: '#000000'
        colored_holes: true
        holes_color: "#FFFFFF"
        layers:
          - layer: Edge.Cuts
            color: '#000000'
          - layer: F.Cu
            color: '#F2F2F2'
          - layer: F.Mask
            color: '#E2E2E2'
          - layer: F.Paste
            color: '#E2E2E2'
          - layer: F.Silkscreen
            color: '#DBDBDB'
          - layer: F.Fab
            plot_footprint_refs: false
            plot_footprint_values: false
            color: '#818181'
          - layer: F.Dimensions
            color: '#000000'

      - scaling: 1
        mirror: true
        mirror_pcb_text: false
        title: 'Fabrication'
        sheet: 'Bottom Fabrication (Scale 1:1)'
        layer_var: 'Bottom Fabrication (Scale 1:1)'
        sheet_reference_color: '#000000'
        colored_holes: true
        holes_color: "#FFFFFF"
        layers:
          - layer: Edge.Cuts
            color: '#000000'
          - layer: B.Cu
            color: '#F2F2F2'
          - layer: B.Mask
            color: '#E2E2E2'
          - layer: B.Paste
            color: '#E2E2E2'
          - layer: B.Silkscreen
            color: '#DBDBDB'
          - layer: B.Fab
            plot_footprint_refs: false
            plot_footprint_values: false
            color: '#818181'
          - layer: B.Dimensions
            color: '#000000'

      - scaling: 1
        title: 'Fabrication'
        sheet: 'Drill Drawing (%lp)'
        layer_var: 'Drill Drawing %lp (Scale 1:1)'
        sheet_reference_color: '#000000'
        colored_holes: true
        holes_color: "#FFFFFF"
        repeat_for_layer: 'DrillMap'
        repeat_layers: 'drill_pairs'
        layers:
          - layer: 'DrillMap'
            color: '#000000'
          - layer: 'Edge.Cuts'
            color: '#000000'

      - scaling: 1
        title: 'Fabrication'
        sheet: 'Top Test Points (Scale 1:1)'
        layer_var: 'Top Test Points (Scale 1:1)'
        sheet_reference_color: '#000000'
        colored_holes: true
        holes_color: "#FFFFFF"
        layers:
          - layer: Edge.Cuts
            color: '#000000'
          - layer: F.Cu
            color: '#E5E5E5'
          - layer: F.Mask
            color: '#CECECE'
          - layer: F.Paste
            color: '#CECECE'
          - layer: F.Silkscreen
            color: '#C7C7C7'
          - layer: F.Fab
            exclude_filter: 'only_testpoints'
            plot_footprint_values: false
            sketch_pads_on_fab_layers: false
            color: '#E10000'
          - layer: 'F.TestPointList'
            color: '#000000'

      - scaling: 1
        mirror : true
        mirror_pcb_text: true
        title: 'Fabrication'
        sheet: 'Bottom Test Points (Scale 1:1)'
        layer_var: 'Bottom Test Points (Scale 1:1)'
        sheet_reference_color: '#000000'
        colored_holes: true
        holes_color: "#FFFFFF"
        layers:
          - layer: Edge.Cuts
            color: '#000000'
          - layer: B.Cu
            color: '#E5E5E5'
          - layer: B.Mask
            color: '#CECECE'
          - layer: B.Paste
            color: '#CECECE'
          - layer: B.Silkscreen
            color: '#C7C7C7'
          - layer: B.Fab
            exclude_filter: 'only_testpoints'
            plot_footprint_values: false
            sketch_pads_on_fab_layers: false
            color: '#0B00CC'
          - layer: 'B.TestPointList'
            color: '#000000'

      - scaling: 1
        sheet: '%ln (Scale 1:1)'
        layer_var: '%ln (Scale 1:1)'
        title: 'Fabrication'
        sheet_reference_color: '#000000'
        colored_holes: true
        holes_color: "#FFFFFF"
        repeat_for_layer: 'F.Cu'
        repeat_layers: 'copper'
        layers:
          - layer: 'F.Cu'

 (kibot - config_reader.py:688)
DEBUG:Pre-parsing output options for `pdf_fabrication` (pcb_print) (kibot - config_reader.py:171)
DEBUG:Outputs loaded from `kibot_yaml/kibot_out_pdf_fabrication.yaml`: ['pdf_fabrication'] (kibot - config_reader.py:363)
DEBUG:Found local definitions (kibot - config_reader.py:653)
DEBUG:- Local definitions: {'NAME': 'pdf_assembly', 'COMMENT': 'Assembly document in PDF format', 'DIR': 'Manufacturing/Assembly', 'DOC_TITLE': 'Assembly', 'COLOR_THEME': 'Altium_Theme', 'SHEET_WKS': '${KIPRJMOD}/Templates/KDT_Template_PCB_GIT_A4.kicad_wks', 'SCALING': 1.0, 'FAB_EXCLUDE_FILTER': 'exclude_testpoints', 'LAYER_TITLE_PAGE': 'TitlePage', 'LAYER_ASSEMBLY_TEXT_TOP': 'F.AssemblyText', 'LAYER_ASSEMBLY_TEXT_BOTTOM': 'B.AssemblyText', 'LAYER_DNP_CROSS_TOP': 'F.DNP', 'LAYER_DNP_CROSS_BOTTOM': 'B.DNP', 'NAME_COMP_COUNT': 'csv_comp_count'} (kibot - config_reader.py:663)
DEBUG:- Current definitions: {'PROJECT_NAME': 'ALB/MLB test', 'BOARD_NAME': 'alb_mlb test', 'COMPANY': 'General Atomics EMS', 'DESIGNER': 'Marcus Reighter', 'LOGO': 'Logos/Logo.png', 'GIT_URL': 'https://github.com/emptyd0nkey/albmlb', 'CHECK_ZONE_FILLS': True, 'STACKUP_TABLE_NOTE': 'external layer thicknesses are specified after plating', 'MPN_FIELD': 'Manufacturer Part Number', 'MAN_FIELD': 'Manufacturer', 'GROUP_ROUND_SLOTS': True, 'GROUP_PTH_NPTH': 'no', 'GROUP_PTH_NPTH_DRL': False, 'PLOT_REFS': True, 'COLOR_THEME': 'Altium_Theme', 'SHEET_WKS': '${KIPRJMOD}/Templates/KDT_Template_PCB_GIT_A4.kicad_wks', 'FAB_SCALING': 1, 'ASSEMBLY_SCALING': 1, 'EXCLUDE_REFS': '[MB*]', '3D_VIEWER_ROT_X': 2, '3D_VIEWER_ROT_Y': -1, '3D_VIEWER_ROT_Z': 1, '3D_VIEWER_ZOOM': -1, 'KEY_COLOR': '#00FF00', 'OUTPUT_DIR': './', 'REPORT_DIR': 'Reports', 'SCHEMATIC_DIR': 'Schematic', 'MANUFACTURING_DIR': 'Manufacturing', 'ASSEMBLY_DIR': '@MANUFACTURING_DIR@/Assembly', 'FABRICATION_DIR': '@MANUFACTURING_DIR@/Fabrication', 'GERBERS_DIR': '@FABRICATION_DIR@/Gerbers', 'FAB_DRILL_TABLES_DIR': '@FABRICATION_DIR@/Drill Tables', 'TESTING_DIR': 'Testing', 'TESTPOINTS_DIR': '@TESTING_DIR@/Testpoints', 'IMAGES_DIR': 'Images', '3D_DIR': '3D', 'RESOURCES_DIR': 'kibot_resources', 'REPORT_TEMPLATE_DIR': '@RESOURCES_DIR@/templates', 'SCRIPTS_DIR': '@RESOURCES_DIR@/scripts', 'LAYER_TITLE_PAGE': 'TitlePage', 'LAYER_DNP_TOP': 'F.DNP', 'LAYER_DNP_BOTTOM': 'B.DNP', 'LAYER_DRILL_MAP': 'DrillMap', 'LAYER_TP_LIST_TOP': 'F.TestPointList', 'LAYER_TP_LIST_BOTTOM': 'B.TestPointList', 'LAYER_ASSEMBLY_TEXT_TOP': 'F.AssemblyText', 'LAYER_ASSEMBLY_TEXT_BOTTOM': 'B.AssemblyText', 'LAYER_DNP_CROSS_TOP': 'F.DNP', 'LAYER_DNP_CROSS_BOTTOM': 'B.DNP', 'FILT_FIELD_RENAME': 'field_rename', 'FILT_TP_ONLY': 'only_testpoints', 'FILT_TP_EXCLUDE': 'exclude_testpoints', 'FILT_TP_TOP_ONLY': 'only_testpoints_top', 'FILT_TP_BOTTOM_ONLY': 'only_testpoints_bottom', 'SCH_VARIANT_OUTPUT': 'value_split', 'NETLIST_OUTPUT': 'netlist', 'GERBER_OUTPUT': 'gbr_gerbers', 'ODB_OUTPUT': 'zip_odb', 'EXCELLON_DRILL_OUTPUT': 'drl_excellon', 'PDF_DRILL_MAP_OUTPUT': 'pdf_drill_map', 'DXF_DRILL_MAP_OUTPUT': 'dxf_drill_map', 'CSV_DRILL_TABLE_OUTPUT': 'csv_drill_table', 'CSV_POS_OUTPUT': 'csv_position', 'CSV_TP_OUTPUT': 'csv_testpoints', 'CSV_TP_TOP_OUTPUT': 'csv_testpoints_top', 'CSV_TP_BOTTOM_OUTPUT': 'csv_testpoints_bottom', 'CSV_BOM_OUTPUT': 'csv_bom', 'XLSX_BOM_OUTPUT': 'xlsx_bom', 'HTML_IBOM_OUTPUT': 'html_bom_interactive', 'HTML_BOM_OUTPUT': 'html_bom', 'CSV_COMP_COUNT_OUPUT': 'csv_comp_count', 'CSV_IMPEDANCE_TABLE_OUTPUT': 'csv_impedance_table', 'TXT_FAB_NOTES_OUTPUT': 'txt_fabrication_notes', 'TXT_ASSEMBLY_NOTES_OUTPUT': 'txt_assembly_notes', 'PNG_3D_VIEWER_TOP': 'png_3d_viewer_top', 'PNG_3D_VIEWER_BOTTOM': 'png_3d_viewer_bottom', 'PNG_3D_VIEWER_ANGLED_TOP': 'png_3d_viewer_angled_top', 'PNG_3D_VIEWER_ANGLED_BOTTOM': 'png_3d_viewer_angled_bottom', 'STEP_OUTPUT': 'step', 'BLENDER_OUTPUT': 'blender', 'PDF_SCHEMATIC_OUTPUT': 'pdf_schematic', 'PDF_FABRICATION_OUTPUT': 'pdf_fabrication', 'PDF_ASSEMBLY_OUTPUT': 'pdf_assembly', 'ZIP_COMPRESS_FAB_OUTPUT': 'zip_compress_fab', 'HTML_KICANVAS_OUTPUT': 'html_kicanvas', 'HTML_KIRI_OUTPUT': 'html_kiri', 'MD_README_OUTPUT': 'md_readme', 'HTML_NAV_RES_OUTPUT': 'html_navigate_results', 'NAME': 'pdf_assembly', 'COMMENT': 'Assembly document in PDF format', 'DIR': 'Manufacturing/Assembly', 'SCALING': 1, 'FAB_EXCLUDE_FILTER': 'exclude_testpoints', 'NAME_COMP_COUNT': 'csv_comp_count'} (kibot - config_reader.py:664)
DEBUG:- Updated definitions: {'NAME': 'pdf_assembly', 'COMMENT': 'Assembly document in PDF format', 'DIR': 'Manufacturing/Assembly', 'DOC_TITLE': 'Assembly', 'COLOR_THEME': 'Altium_Theme', 'SHEET_WKS': '${KIPRJMOD}/Templates/KDT_Template_PCB_GIT_A4.kicad_wks', 'SCALING': 1, 'FAB_EXCLUDE_FILTER': 'exclude_testpoints', 'LAYER_TITLE_PAGE': 'TitlePage', 'LAYER_ASSEMBLY_TEXT_TOP': 'F.AssemblyText', 'LAYER_ASSEMBLY_TEXT_BOTTOM': 'B.AssemblyText', 'LAYER_DNP_CROSS_TOP': 'F.DNP', 'LAYER_DNP_CROSS_BOTTOM': 'B.DNP', 'NAME_COMP_COUNT': 'csv_comp_count', 'PROJECT_NAME': 'ALB/MLB test', 'BOARD_NAME': 'alb_mlb test', 'COMPANY': 'General Atomics EMS', 'DESIGNER': 'Marcus Reighter', 'LOGO': 'Logos/Logo.png', 'GIT_URL': 'https://github.com/emptyd0nkey/albmlb', 'CHECK_ZONE_FILLS': True, 'STACKUP_TABLE_NOTE': 'external layer thicknesses are specified after plating', 'MPN_FIELD': 'Manufacturer Part Number', 'MAN_FIELD': 'Manufacturer', 'GROUP_ROUND_SLOTS': True, 'GROUP_PTH_NPTH': 'no', 'GROUP_PTH_NPTH_DRL': False, 'PLOT_REFS': True, 'FAB_SCALING': 1, 'ASSEMBLY_SCALING': 1, 'EXCLUDE_REFS': '[MB*]', '3D_VIEWER_ROT_X': 2, '3D_VIEWER_ROT_Y': -1, '3D_VIEWER_ROT_Z': 1, '3D_VIEWER_ZOOM': -1, 'KEY_COLOR': '#00FF00', 'OUTPUT_DIR': './', 'REPORT_DIR': 'Reports', 'SCHEMATIC_DIR': 'Schematic', 'MANUFACTURING_DIR': 'Manufacturing', 'ASSEMBLY_DIR': '@MANUFACTURING_DIR@/Assembly', 'FABRICATION_DIR': '@MANUFACTURING_DIR@/Fabrication', 'GERBERS_DIR': '@FABRICATION_DIR@/Gerbers', 'FAB_DRILL_TABLES_DIR': '@FABRICATION_DIR@/Drill Tables', 'TESTING_DIR': 'Testing', 'TESTPOINTS_DIR': '@TESTING_DIR@/Testpoints', 'IMAGES_DIR': 'Images', '3D_DIR': '3D', 'RESOURCES_DIR': 'kibot_resources', 'REPORT_TEMPLATE_DIR': '@RESOURCES_DIR@/templates', 'SCRIPTS_DIR': '@RESOURCES_DIR@/scripts', 'LAYER_DNP_TOP': 'F.DNP', 'LAYER_DNP_BOTTOM': 'B.DNP', 'LAYER_DRILL_MAP': 'DrillMap', 'LAYER_TP_LIST_TOP': 'F.TestPointList', 'LAYER_TP_LIST_BOTTOM': 'B.TestPointList', 'FILT_FIELD_RENAME': 'field_rename', 'FILT_TP_ONLY': 'only_testpoints', 'FILT_TP_EXCLUDE': 'exclude_testpoints', 'FILT_TP_TOP_ONLY': 'only_testpoints_top', 'FILT_TP_BOTTOM_ONLY': 'only_testpoints_bottom', 'SCH_VARIANT_OUTPUT': 'value_split', 'NETLIST_OUTPUT': 'netlist', 'GERBER_OUTPUT': 'gbr_gerbers', 'ODB_OUTPUT': 'zip_odb', 'EXCELLON_DRILL_OUTPUT': 'drl_excellon', 'PDF_DRILL_MAP_OUTPUT': 'pdf_drill_map', 'DXF_DRILL_MAP_OUTPUT': 'dxf_drill_map', 'CSV_DRILL_TABLE_OUTPUT': 'csv_drill_table', 'CSV_POS_OUTPUT': 'csv_position', 'CSV_TP_OUTPUT': 'csv_testpoints', 'CSV_TP_TOP_OUTPUT': 'csv_testpoints_top', 'CSV_TP_BOTTOM_OUTPUT': 'csv_testpoints_bottom', 'CSV_BOM_OUTPUT': 'csv_bom', 'XLSX_BOM_OUTPUT': 'xlsx_bom', 'HTML_IBOM_OUTPUT': 'html_bom_interactive', 'HTML_BOM_OUTPUT': 'html_bom', 'CSV_COMP_COUNT_OUPUT': 'csv_comp_count', 'CSV_IMPEDANCE_TABLE_OUTPUT': 'csv_impedance_table', 'TXT_FAB_NOTES_OUTPUT': 'txt_fabrication_notes', 'TXT_ASSEMBLY_NOTES_OUTPUT': 'txt_assembly_notes', 'PNG_3D_VIEWER_TOP': 'png_3d_viewer_top', 'PNG_3D_VIEWER_BOTTOM': 'png_3d_viewer_bottom', 'PNG_3D_VIEWER_ANGLED_TOP': 'png_3d_viewer_angled_top', 'PNG_3D_VIEWER_ANGLED_BOTTOM': 'png_3d_viewer_angled_bottom', 'STEP_OUTPUT': 'step', 'BLENDER_OUTPUT': 'blender', 'PDF_SCHEMATIC_OUTPUT': 'pdf_schematic', 'PDF_FABRICATION_OUTPUT': 'pdf_fabrication', 'PDF_ASSEMBLY_OUTPUT': 'pdf_assembly', 'ZIP_COMPRESS_FAB_OUTPUT': 'zip_compress_fab', 'HTML_KICANVAS_OUTPUT': 'html_kicanvas', 'HTML_KIRI_OUTPUT': 'html_kiri', 'MD_README_OUTPUT': 'md_readme', 'HTML_NAV_RES_OUTPUT': 'html_navigate_results'} (kibot - config_reader.py:667)
DEBUG:Applying preprocessor definitions (kibot - config_reader.py:672)
DEBUG:- Applying CLI definitions: {} (kibot - config_reader.py:679)
DEBUG:- Applying collected definitions: {'NAME': 'pdf_assembly', 'COMMENT': 'Assembly document in PDF format', 'DIR': 'Manufacturing/Assembly', 'DOC_TITLE': 'Assembly', 'COLOR_THEME': 'Altium_Theme', 'SHEET_WKS': '${KIPRJMOD}/Templates/KDT_Template_PCB_GIT_A4.kicad_wks', 'SCALING': 1, 'FAB_EXCLUDE_FILTER': 'exclude_testpoints', 'LAYER_TITLE_PAGE': 'TitlePage', 'LAYER_ASSEMBLY_TEXT_TOP': 'F.AssemblyText', 'LAYER_ASSEMBLY_TEXT_BOTTOM': 'B.AssemblyText', 'LAYER_DNP_CROSS_TOP': 'F.DNP', 'LAYER_DNP_CROSS_BOTTOM': 'B.DNP', 'NAME_COMP_COUNT': 'csv_comp_count', 'PROJECT_NAME': 'ALB/MLB test', 'BOARD_NAME': 'alb_mlb test', 'COMPANY': 'General Atomics EMS', 'DESIGNER': 'Marcus Reighter', 'LOGO': 'Logos/Logo.png', 'GIT_URL': 'https://github.com/emptyd0nkey/albmlb', 'CHECK_ZONE_FILLS': True, 'STACKUP_TABLE_NOTE': 'external layer thicknesses are specified after plating', 'MPN_FIELD': 'Manufacturer Part Number', 'MAN_FIELD': 'Manufacturer', 'GROUP_ROUND_SLOTS': True, 'GROUP_PTH_NPTH': 'no', 'GROUP_PTH_NPTH_DRL': False, 'PLOT_REFS': True, 'FAB_SCALING': 1, 'ASSEMBLY_SCALING': 1, 'EXCLUDE_REFS': '[MB*]', '3D_VIEWER_ROT_X': 2, '3D_VIEWER_ROT_Y': -1, '3D_VIEWER_ROT_Z': 1, '3D_VIEWER_ZOOM': -1, 'KEY_COLOR': '#00FF00', 'OUTPUT_DIR': './', 'REPORT_DIR': 'Reports', 'SCHEMATIC_DIR': 'Schematic', 'MANUFACTURING_DIR': 'Manufacturing', 'ASSEMBLY_DIR': '@MANUFACTURING_DIR@/Assembly', 'FABRICATION_DIR': '@MANUFACTURING_DIR@/Fabrication', 'GERBERS_DIR': '@FABRICATION_DIR@/Gerbers', 'FAB_DRILL_TABLES_DIR': '@FABRICATION_DIR@/Drill Tables', 'TESTING_DIR': 'Testing', 'TESTPOINTS_DIR': '@TESTING_DIR@/Testpoints', 'IMAGES_DIR': 'Images', '3D_DIR': '3D', 'RESOURCES_DIR': 'kibot_resources', 'REPORT_TEMPLATE_DIR': '@RESOURCES_DIR@/templates', 'SCRIPTS_DIR': '@RESOURCES_DIR@/scripts', 'LAYER_DNP_TOP': 'F.DNP', 'LAYER_DNP_BOTTOM': 'B.DNP', 'LAYER_DRILL_MAP': 'DrillMap', 'LAYER_TP_LIST_TOP': 'F.TestPointList', 'LAYER_TP_LIST_BOTTOM': 'B.TestPointList', 'FILT_FIELD_RENAME': 'field_rename', 'FILT_TP_ONLY': 'only_testpoints', 'FILT_TP_EXCLUDE': 'exclude_testpoints', 'FILT_TP_TOP_ONLY': 'only_testpoints_top', 'FILT_TP_BOTTOM_ONLY': 'only_testpoints_bottom', 'SCH_VARIANT_OUTPUT': 'value_split', 'NETLIST_OUTPUT': 'netlist', 'GERBER_OUTPUT': 'gbr_gerbers', 'ODB_OUTPUT': 'zip_odb', 'EXCELLON_DRILL_OUTPUT': 'drl_excellon', 'PDF_DRILL_MAP_OUTPUT': 'pdf_drill_map', 'DXF_DRILL_MAP_OUTPUT': 'dxf_drill_map', 'CSV_DRILL_TABLE_OUTPUT': 'csv_drill_table', 'CSV_POS_OUTPUT': 'csv_position', 'CSV_TP_OUTPUT': 'csv_testpoints', 'CSV_TP_TOP_OUTPUT': 'csv_testpoints_top', 'CSV_TP_BOTTOM_OUTPUT': 'csv_testpoints_bottom', 'CSV_BOM_OUTPUT': 'csv_bom', 'XLSX_BOM_OUTPUT': 'xlsx_bom', 'HTML_IBOM_OUTPUT': 'html_bom_interactive', 'HTML_BOM_OUTPUT': 'html_bom', 'CSV_COMP_COUNT_OUPUT': 'csv_comp_count', 'CSV_IMPEDANCE_TABLE_OUTPUT': 'csv_impedance_table', 'TXT_FAB_NOTES_OUTPUT': 'txt_fabrication_notes', 'TXT_ASSEMBLY_NOTES_OUTPUT': 'txt_assembly_notes', 'PNG_3D_VIEWER_TOP': 'png_3d_viewer_top', 'PNG_3D_VIEWER_BOTTOM': 'png_3d_viewer_bottom', 'PNG_3D_VIEWER_ANGLED_TOP': 'png_3d_viewer_angled_top', 'PNG_3D_VIEWER_ANGLED_BOTTOM': 'png_3d_viewer_angled_bottom', 'STEP_OUTPUT': 'step', 'BLENDER_OUTPUT': 'blender', 'PDF_SCHEMATIC_OUTPUT': 'pdf_schematic', 'PDF_FABRICATION_OUTPUT': 'pdf_fabrication', 'PDF_ASSEMBLY_OUTPUT': 'pdf_assembly', 'ZIP_COMPRESS_FAB_OUTPUT': 'zip_compress_fab', 'HTML_KICANVAS_OUTPUT': 'html_kicanvas', 'HTML_KIRI_OUTPUT': 'html_kiri', 'MD_README_OUTPUT': 'md_readme', 'HTML_NAV_RES_OUTPUT': 'html_navigate_results'} (kibot - config_reader.py:682)
DEBUG:- Replacing @NAME@ -> pdf_assembly (<class 'str'>) (kibot - config_reader.py:80)
DEBUG:- Replacing @COMMENT@ -> Assembly document in PDF format (<class 'str'>) (kibot - config_reader.py:80)
DEBUG:- Replacing @DIR@ -> Manufacturing/Assembly (<class 'str'>) (kibot - config_reader.py:80)
DEBUG:- Replacing @DOC_TITLE@ -> Assembly (<class 'str'>) (kibot - config_reader.py:80)
DEBUG:- Replacing @COLOR_THEME@ -> Altium_Theme (<class 'str'>) (kibot - config_reader.py:80)
DEBUG:- Replacing @SHEET_WKS@ -> ${KIPRJMOD}/Templates/KDT_Template_PCB_GIT_A4.kicad_wks (<class 'str'>) (kibot - config_reader.py:80)
DEBUG:- Replacing @SCALING@ -> 1 (<class 'str'>) (kibot - config_reader.py:80)
DEBUG:- Replacing @FAB_EXCLUDE_FILTER@ -> exclude_testpoints (<class 'str'>) (kibot - config_reader.py:80)
DEBUG:- Replacing @LAYER_TITLE_PAGE@ -> TitlePage (<class 'str'>) (kibot - config_reader.py:80)
DEBUG:- Replacing @LAYER_ASSEMBLY_TEXT_TOP@ -> F.AssemblyText (<class 'str'>) (kibot - config_reader.py:80)
DEBUG:- Replacing @LAYER_ASSEMBLY_TEXT_BOTTOM@ -> B.AssemblyText (<class 'str'>) (kibot - config_reader.py:80)
DEBUG:- Replacing @LAYER_DNP_CROSS_TOP@ -> F.DNP (<class 'str'>) (kibot - config_reader.py:80)
DEBUG:- Replacing @LAYER_DNP_CROSS_BOTTOM@ -> B.DNP (<class 'str'>) (kibot - config_reader.py:80)
DEBUG:- Replacing @NAME_COMP_COUNT@ -> csv_comp_count (<class 'str'>) (kibot - config_reader.py:80)
DEBUG:- Applying CLI definitions: {} (kibot - config_reader.py:679)
DEBUG:- Applying collected definitions: {'NAME': 'pdf_assembly', 'COMMENT': 'Assembly document in PDF format', 'DIR': 'Manufacturing/Assembly', 'DOC_TITLE': 'Assembly', 'COLOR_THEME': 'Altium_Theme', 'SHEET_WKS': '${KIPRJMOD}/Templates/KDT_Template_PCB_GIT_A4.kicad_wks', 'SCALING': 1, 'FAB_EXCLUDE_FILTER': 'exclude_testpoints', 'LAYER_TITLE_PAGE': 'TitlePage', 'LAYER_ASSEMBLY_TEXT_TOP': 'F.AssemblyText', 'LAYER_ASSEMBLY_TEXT_BOTTOM': 'B.AssemblyText', 'LAYER_DNP_CROSS_TOP': 'F.DNP', 'LAYER_DNP_CROSS_BOTTOM': 'B.DNP', 'NAME_COMP_COUNT': 'csv_comp_count', 'PROJECT_NAME': 'ALB/MLB test', 'BOARD_NAME': 'alb_mlb test', 'COMPANY': 'General Atomics EMS', 'DESIGNER': 'Marcus Reighter', 'LOGO': 'Logos/Logo.png', 'GIT_URL': 'https://github.com/emptyd0nkey/albmlb', 'CHECK_ZONE_FILLS': True, 'STACKUP_TABLE_NOTE': 'external layer thicknesses are specified after plating', 'MPN_FIELD': 'Manufacturer Part Number', 'MAN_FIELD': 'Manufacturer', 'GROUP_ROUND_SLOTS': True, 'GROUP_PTH_NPTH': 'no', 'GROUP_PTH_NPTH_DRL': False, 'PLOT_REFS': True, 'FAB_SCALING': 1, 'ASSEMBLY_SCALING': 1, 'EXCLUDE_REFS': '[MB*]', '3D_VIEWER_ROT_X': 2, '3D_VIEWER_ROT_Y': -1, '3D_VIEWER_ROT_Z': 1, '3D_VIEWER_ZOOM': -1, 'KEY_COLOR': '#00FF00', 'OUTPUT_DIR': './', 'REPORT_DIR': 'Reports', 'SCHEMATIC_DIR': 'Schematic', 'MANUFACTURING_DIR': 'Manufacturing', 'ASSEMBLY_DIR': '@MANUFACTURING_DIR@/Assembly', 'FABRICATION_DIR': '@MANUFACTURING_DIR@/Fabrication', 'GERBERS_DIR': '@FABRICATION_DIR@/Gerbers', 'FAB_DRILL_TABLES_DIR': '@FABRICATION_DIR@/Drill Tables', 'TESTING_DIR': 'Testing', 'TESTPOINTS_DIR': '@TESTING_DIR@/Testpoints', 'IMAGES_DIR': 'Images', '3D_DIR': '3D', 'RESOURCES_DIR': 'kibot_resources', 'REPORT_TEMPLATE_DIR': '@RESOURCES_DIR@/templates', 'SCRIPTS_DIR': '@RESOURCES_DIR@/scripts', 'LAYER_DNP_TOP': 'F.DNP', 'LAYER_DNP_BOTTOM': 'B.DNP', 'LAYER_DRILL_MAP': 'DrillMap', 'LAYER_TP_LIST_TOP': 'F.TestPointList', 'LAYER_TP_LIST_BOTTOM': 'B.TestPointList', 'FILT_FIELD_RENAME': 'field_rename', 'FILT_TP_ONLY': 'only_testpoints', 'FILT_TP_EXCLUDE': 'exclude_testpoints', 'FILT_TP_TOP_ONLY': 'only_testpoints_top', 'FILT_TP_BOTTOM_ONLY': 'only_testpoints_bottom', 'SCH_VARIANT_OUTPUT': 'value_split', 'NETLIST_OUTPUT': 'netlist', 'GERBER_OUTPUT': 'gbr_gerbers', 'ODB_OUTPUT': 'zip_odb', 'EXCELLON_DRILL_OUTPUT': 'drl_excellon', 'PDF_DRILL_MAP_OUTPUT': 'pdf_drill_map', 'DXF_DRILL_MAP_OUTPUT': 'dxf_drill_map', 'CSV_DRILL_TABLE_OUTPUT': 'csv_drill_table', 'CSV_POS_OUTPUT': 'csv_position', 'CSV_TP_OUTPUT': 'csv_testpoints', 'CSV_TP_TOP_OUTPUT': 'csv_testpoints_top', 'CSV_TP_BOTTOM_OUTPUT': 'csv_testpoints_bottom', 'CSV_BOM_OUTPUT': 'csv_bom', 'XLSX_BOM_OUTPUT': 'xlsx_bom', 'HTML_IBOM_OUTPUT': 'html_bom_interactive', 'HTML_BOM_OUTPUT': 'html_bom', 'CSV_COMP_COUNT_OUPUT': 'csv_comp_count', 'CSV_IMPEDANCE_TABLE_OUTPUT': 'csv_impedance_table', 'TXT_FAB_NOTES_OUTPUT': 'txt_fabrication_notes', 'TXT_ASSEMBLY_NOTES_OUTPUT': 'txt_assembly_notes', 'PNG_3D_VIEWER_TOP': 'png_3d_viewer_top', 'PNG_3D_VIEWER_BOTTOM': 'png_3d_viewer_bottom', 'PNG_3D_VIEWER_ANGLED_TOP': 'png_3d_viewer_angled_top', 'PNG_3D_VIEWER_ANGLED_BOTTOM': 'png_3d_viewer_angled_bottom', 'STEP_OUTPUT': 'step', 'BLENDER_OUTPUT': 'blender', 'PDF_SCHEMATIC_OUTPUT': 'pdf_schematic', 'PDF_FABRICATION_OUTPUT': 'pdf_fabrication', 'PDF_ASSEMBLY_OUTPUT': 'pdf_assembly', 'ZIP_COMPRESS_FAB_OUTPUT': 'zip_compress_fab', 'HTML_KICANVAS_OUTPUT': 'html_kicanvas', 'HTML_KIRI_OUTPUT': 'html_kiri', 'MD_README_OUTPUT': 'md_readme', 'HTML_NAV_RES_OUTPUT': 'html_navigate_results'} (kibot - config_reader.py:682)
DEBUG:YAML after expanding definitions:
# KiBot output for generating Assembly Document in PDF format
# https://kibot.readthedocs.io/en/latest/configuration/outputs/pcb_print.html

kibot:
  version: 1

outputs:
- name: pdf_assembly
  comment: 'Assembly document in PDF format'
  type: pcb_print
  category: 'Manufacturing/Assembly'
  dir: 'Manufacturing/Assembly'
  options:
    colored_vias: false
    colored_pads: false
    color_theme: 'Altium_Theme'
    output: '%f-assembly%I%v.%x'
    format: 'PDF'
    title: 'Assembly Document'
    realistic_solder_mask: false
    dpi: 1200
    dnf_filter: _kibom_dnf_Config
    # dnf_filter: '_null'
    sheet_reference_layout: '${KIPRJMOD}/Templates/KDT_Template_PCB_GIT_A4.kicad_wks'
    include_table:
      outputs:
        - name: 'csv_comp_count'
          text_alignment: 'left'
          invert_columns_order: false
          border_width: 0.4
          header_rule_width: 0.2
          horizontal_rule_width: 0
          vertical_rule_width: 0
          top_rule_width: 0
          bottom_rule_width: 0
          row_spacing: 3
          column_spacing: 2
    pages:
      - scaling: 1
        layer_var: ''
        title: 'Assembly'
        sheet: Top/Bottom View
        sheet_reference_color: '#000000'
        layers:
          - layer: 'TitlePage'
            color: '#000000'

      - scaling: 1
        layer_var: "Top Assembly (Scale 1:1)"
        title: 'Assembly'
        sheet: Top Assembly (Scale 1:1)
        sheet_reference_color: '#000000'
        colored_holes: true
        holes_color: "#FFFFFF"
        layers:
          - layer: Edge.Cuts
            color: '#000000'
          - layer: F.Cu
            color: '#EEDAB5'
          - layer: F.Mask
            color: '#B9B9B9'
          - layer: F.Paste
            color: '#E1A98E'
          - layer: F.Silkscreen
            color: '#DB9DE1'
          - layer: F.Fab
            exclude_filter: 'exclude_testpoints'
            color: '#744679'
          - layer: 'F.AssemblyText'
            color: '#000000'
          - layer: 'F.DNP'
            color: '#D63034'

      - scaling: 1
        layer_var: "Bottom Assembly (Scale 1:1)"
        mirror: true
        mirror_pcb_text: false
        title: 'Assembly'
        sheet: Bottom Assembly (Scale 1:1)
        sheet_reference_color: '#000000'
        colored_holes: true
        holes_color: "#FFFFFF"
        layers:
          - layer: Edge.Cuts
            color: '#000000'
          - layer: B.Cu
            color: '#D5DBF4'
          - layer: B.Mask
            color: '#B9B9B9'
          - layer: B.Paste
            color: '#BCB9DD'
          - layer: B.Silkscreen
            color: '#DB9DE1'
          - layer: B.Fab
            exclude_filter: 'exclude_testpoints'
            color: '#400080'
          - layer: 'B.AssemblyText'
            color: '#000000'
          - layer: 'B.DNP'
            color: '#D63034'

 (kibot - config_reader.py:688)
DEBUG:Pre-parsing output options for `pdf_assembly` (pcb_print) (kibot - config_reader.py:171)
DEBUG:Outputs loaded from `kibot_yaml/kibot_out_pdf_assembly.yaml`: ['pdf_assembly'] (kibot - config_reader.py:363)
DEBUG:Found local definitions (kibot - config_reader.py:653)
DEBUG:- Local definitions: {'NAME': 'zip_compress_fab', 'COMMENT': 'Generates a ZIP file with gerbers, drill and fabrication document', 'DIR': 'Manufacturing/Fabrication', 'GERBER_OUTPUT': 'gbr_gerbers', 'DRILL_MAP_OUTPUT': 'pdf_drill_map', 'DRILL_OUTPUT': 'drl_excellon', 'FABRICATION_OUTPUT': 'pdf_fabrication'} (kibot - config_reader.py:663)
DEBUG:- Current definitions: {'PROJECT_NAME': 'ALB/MLB test', 'BOARD_NAME': 'alb_mlb test', 'COMPANY': 'General Atomics EMS', 'DESIGNER': 'Marcus Reighter', 'LOGO': 'Logos/Logo.png', 'GIT_URL': 'https://github.com/emptyd0nkey/albmlb', 'CHECK_ZONE_FILLS': True, 'STACKUP_TABLE_NOTE': 'external layer thicknesses are specified after plating', 'MPN_FIELD': 'Manufacturer Part Number', 'MAN_FIELD': 'Manufacturer', 'GROUP_ROUND_SLOTS': True, 'GROUP_PTH_NPTH': 'no', 'GROUP_PTH_NPTH_DRL': False, 'PLOT_REFS': True, 'COLOR_THEME': 'Altium_Theme', 'SHEET_WKS': '${KIPRJMOD}/Templates/KDT_Template_PCB_GIT_A4.kicad_wks', 'FAB_SCALING': 1, 'ASSEMBLY_SCALING': 1, 'EXCLUDE_REFS': '[MB*]', '3D_VIEWER_ROT_X': 2, '3D_VIEWER_ROT_Y': -1, '3D_VIEWER_ROT_Z': 1, '3D_VIEWER_ZOOM': -1, 'KEY_COLOR': '#00FF00', 'OUTPUT_DIR': './', 'REPORT_DIR': 'Reports', 'SCHEMATIC_DIR': 'Schematic', 'MANUFACTURING_DIR': 'Manufacturing', 'ASSEMBLY_DIR': '@MANUFACTURING_DIR@/Assembly', 'FABRICATION_DIR': '@MANUFACTURING_DIR@/Fabrication', 'GERBERS_DIR': '@FABRICATION_DIR@/Gerbers', 'FAB_DRILL_TABLES_DIR': '@FABRICATION_DIR@/Drill Tables', 'TESTING_DIR': 'Testing', 'TESTPOINTS_DIR': '@TESTING_DIR@/Testpoints', 'IMAGES_DIR': 'Images', '3D_DIR': '3D', 'RESOURCES_DIR': 'kibot_resources', 'REPORT_TEMPLATE_DIR': '@RESOURCES_DIR@/templates', 'SCRIPTS_DIR': '@RESOURCES_DIR@/scripts', 'LAYER_TITLE_PAGE': 'TitlePage', 'LAYER_DNP_TOP': 'F.DNP', 'LAYER_DNP_BOTTOM': 'B.DNP', 'LAYER_DRILL_MAP': 'DrillMap', 'LAYER_TP_LIST_TOP': 'F.TestPointList', 'LAYER_TP_LIST_BOTTOM': 'B.TestPointList', 'LAYER_ASSEMBLY_TEXT_TOP': 'F.AssemblyText', 'LAYER_ASSEMBLY_TEXT_BOTTOM': 'B.AssemblyText', 'LAYER_DNP_CROSS_TOP': 'F.DNP', 'LAYER_DNP_CROSS_BOTTOM': 'B.DNP', 'FILT_FIELD_RENAME': 'field_rename', 'FILT_TP_ONLY': 'only_testpoints', 'FILT_TP_EXCLUDE': 'exclude_testpoints', 'FILT_TP_TOP_ONLY': 'only_testpoints_top', 'FILT_TP_BOTTOM_ONLY': 'only_testpoints_bottom', 'SCH_VARIANT_OUTPUT': 'value_split', 'NETLIST_OUTPUT': 'netlist', 'GERBER_OUTPUT': 'gbr_gerbers', 'ODB_OUTPUT': 'zip_odb', 'EXCELLON_DRILL_OUTPUT': 'drl_excellon', 'PDF_DRILL_MAP_OUTPUT': 'pdf_drill_map', 'DXF_DRILL_MAP_OUTPUT': 'dxf_drill_map', 'CSV_DRILL_TABLE_OUTPUT': 'csv_drill_table', 'CSV_POS_OUTPUT': 'csv_position', 'CSV_TP_OUTPUT': 'csv_testpoints', 'CSV_TP_TOP_OUTPUT': 'csv_testpoints_top', 'CSV_TP_BOTTOM_OUTPUT': 'csv_testpoints_bottom', 'CSV_BOM_OUTPUT': 'csv_bom', 'XLSX_BOM_OUTPUT': 'xlsx_bom', 'HTML_IBOM_OUTPUT': 'html_bom_interactive', 'HTML_BOM_OUTPUT': 'html_bom', 'CSV_COMP_COUNT_OUPUT': 'csv_comp_count', 'CSV_IMPEDANCE_TABLE_OUTPUT': 'csv_impedance_table', 'TXT_FAB_NOTES_OUTPUT': 'txt_fabrication_notes', 'TXT_ASSEMBLY_NOTES_OUTPUT': 'txt_assembly_notes', 'PNG_3D_VIEWER_TOP': 'png_3d_viewer_top', 'PNG_3D_VIEWER_BOTTOM': 'png_3d_viewer_bottom', 'PNG_3D_VIEWER_ANGLED_TOP': 'png_3d_viewer_angled_top', 'PNG_3D_VIEWER_ANGLED_BOTTOM': 'png_3d_viewer_angled_bottom', 'STEP_OUTPUT': 'step', 'BLENDER_OUTPUT': 'blender', 'PDF_SCHEMATIC_OUTPUT': 'pdf_schematic', 'PDF_FABRICATION_OUTPUT': 'pdf_fabrication', 'PDF_ASSEMBLY_OUTPUT': 'pdf_assembly', 'ZIP_COMPRESS_FAB_OUTPUT': 'zip_compress_fab', 'HTML_KICANVAS_OUTPUT': 'html_kicanvas', 'HTML_KIRI_OUTPUT': 'html_kiri', 'MD_README_OUTPUT': 'md_readme', 'HTML_NAV_RES_OUTPUT': 'html_navigate_results', 'NAME': 'zip_compress_fab', 'COMMENT': 'Generates a ZIP file with gerbers, drill and fabrication document', 'DIR': 'Manufacturing/Fabrication', 'DRILL_MAP_OUTPUT': 'pdf_drill_map', 'DRILL_OUTPUT': 'drl_excellon', 'FABRICATION_OUTPUT': 'pdf_fabrication'} (kibot - config_reader.py:664)
DEBUG:- Updated definitions: {'NAME': 'zip_compress_fab', 'COMMENT': 'Generates a ZIP file with gerbers, drill and fabrication document', 'DIR': 'Manufacturing/Fabrication', 'GERBER_OUTPUT': 'gbr_gerbers', 'DRILL_MAP_OUTPUT': 'pdf_drill_map', 'DRILL_OUTPUT': 'drl_excellon', 'FABRICATION_OUTPUT': 'pdf_fabrication', 'PROJECT_NAME': 'ALB/MLB test', 'BOARD_NAME': 'alb_mlb test', 'COMPANY': 'General Atomics EMS', 'DESIGNER': 'Marcus Reighter', 'LOGO': 'Logos/Logo.png', 'GIT_URL': 'https://github.com/emptyd0nkey/albmlb', 'CHECK_ZONE_FILLS': True, 'STACKUP_TABLE_NOTE': 'external layer thicknesses are specified after plating', 'MPN_FIELD': 'Manufacturer Part Number', 'MAN_FIELD': 'Manufacturer', 'GROUP_ROUND_SLOTS': True, 'GROUP_PTH_NPTH': 'no', 'GROUP_PTH_NPTH_DRL': False, 'PLOT_REFS': True, 'COLOR_THEME': 'Altium_Theme', 'SHEET_WKS': '${KIPRJMOD}/Templates/KDT_Template_PCB_GIT_A4.kicad_wks', 'FAB_SCALING': 1, 'ASSEMBLY_SCALING': 1, 'EXCLUDE_REFS': '[MB*]', '3D_VIEWER_ROT_X': 2, '3D_VIEWER_ROT_Y': -1, '3D_VIEWER_ROT_Z': 1, '3D_VIEWER_ZOOM': -1, 'KEY_COLOR': '#00FF00', 'OUTPUT_DIR': './', 'REPORT_DIR': 'Reports', 'SCHEMATIC_DIR': 'Schematic', 'MANUFACTURING_DIR': 'Manufacturing', 'ASSEMBLY_DIR': '@MANUFACTURING_DIR@/Assembly', 'FABRICATION_DIR': '@MANUFACTURING_DIR@/Fabrication', 'GERBERS_DIR': '@FABRICATION_DIR@/Gerbers', 'FAB_DRILL_TABLES_DIR': '@FABRICATION_DIR@/Drill Tables', 'TESTING_DIR': 'Testing', 'TESTPOINTS_DIR': '@TESTING_DIR@/Testpoints', 'IMAGES_DIR': 'Images', '3D_DIR': '3D', 'RESOURCES_DIR': 'kibot_resources', 'REPORT_TEMPLATE_DIR': '@RESOURCES_DIR@/templates', 'SCRIPTS_DIR': '@RESOURCES_DIR@/scripts', 'LAYER_TITLE_PAGE': 'TitlePage', 'LAYER_DNP_TOP': 'F.DNP', 'LAYER_DNP_BOTTOM': 'B.DNP', 'LAYER_DRILL_MAP': 'DrillMap', 'LAYER_TP_LIST_TOP': 'F.TestPointList', 'LAYER_TP_LIST_BOTTOM': 'B.TestPointList', 'LAYER_ASSEMBLY_TEXT_TOP': 'F.AssemblyText', 'LAYER_ASSEMBLY_TEXT_BOTTOM': 'B.AssemblyText', 'LAYER_DNP_CROSS_TOP': 'F.DNP', 'LAYER_DNP_CROSS_BOTTOM': 'B.DNP', 'FILT_FIELD_RENAME': 'field_rename', 'FILT_TP_ONLY': 'only_testpoints', 'FILT_TP_EXCLUDE': 'exclude_testpoints', 'FILT_TP_TOP_ONLY': 'only_testpoints_top', 'FILT_TP_BOTTOM_ONLY': 'only_testpoints_bottom', 'SCH_VARIANT_OUTPUT': 'value_split', 'NETLIST_OUTPUT': 'netlist', 'ODB_OUTPUT': 'zip_odb', 'EXCELLON_DRILL_OUTPUT': 'drl_excellon', 'PDF_DRILL_MAP_OUTPUT': 'pdf_drill_map', 'DXF_DRILL_MAP_OUTPUT': 'dxf_drill_map', 'CSV_DRILL_TABLE_OUTPUT': 'csv_drill_table', 'CSV_POS_OUTPUT': 'csv_position', 'CSV_TP_OUTPUT': 'csv_testpoints', 'CSV_TP_TOP_OUTPUT': 'csv_testpoints_top', 'CSV_TP_BOTTOM_OUTPUT': 'csv_testpoints_bottom', 'CSV_BOM_OUTPUT': 'csv_bom', 'XLSX_BOM_OUTPUT': 'xlsx_bom', 'HTML_IBOM_OUTPUT': 'html_bom_interactive', 'HTML_BOM_OUTPUT': 'html_bom', 'CSV_COMP_COUNT_OUPUT': 'csv_comp_count', 'CSV_IMPEDANCE_TABLE_OUTPUT': 'csv_impedance_table', 'TXT_FAB_NOTES_OUTPUT': 'txt_fabrication_notes', 'TXT_ASSEMBLY_NOTES_OUTPUT': 'txt_assembly_notes', 'PNG_3D_VIEWER_TOP': 'png_3d_viewer_top', 'PNG_3D_VIEWER_BOTTOM': 'png_3d_viewer_bottom', 'PNG_3D_VIEWER_ANGLED_TOP': 'png_3d_viewer_angled_top', 'PNG_3D_VIEWER_ANGLED_BOTTOM': 'png_3d_viewer_angled_bottom', 'STEP_OUTPUT': 'step', 'BLENDER_OUTPUT': 'blender', 'PDF_SCHEMATIC_OUTPUT': 'pdf_schematic', 'PDF_FABRICATION_OUTPUT': 'pdf_fabrication', 'PDF_ASSEMBLY_OUTPUT': 'pdf_assembly', 'ZIP_COMPRESS_FAB_OUTPUT': 'zip_compress_fab', 'HTML_KICANVAS_OUTPUT': 'html_kicanvas', 'HTML_KIRI_OUTPUT': 'html_kiri', 'MD_README_OUTPUT': 'md_readme', 'HTML_NAV_RES_OUTPUT': 'html_navigate_results'} (kibot - config_reader.py:667)
DEBUG:Applying preprocessor definitions (kibot - config_reader.py:672)
DEBUG:- Applying CLI definitions: {} (kibot - config_reader.py:679)
DEBUG:- Applying collected definitions: {'NAME': 'zip_compress_fab', 'COMMENT': 'Generates a ZIP file with gerbers, drill and fabrication document', 'DIR': 'Manufacturing/Fabrication', 'GERBER_OUTPUT': 'gbr_gerbers', 'DRILL_MAP_OUTPUT': 'pdf_drill_map', 'DRILL_OUTPUT': 'drl_excellon', 'FABRICATION_OUTPUT': 'pdf_fabrication', 'PROJECT_NAME': 'ALB/MLB test', 'BOARD_NAME': 'alb_mlb test', 'COMPANY': 'General Atomics EMS', 'DESIGNER': 'Marcus Reighter', 'LOGO': 'Logos/Logo.png', 'GIT_URL': 'https://github.com/emptyd0nkey/albmlb', 'CHECK_ZONE_FILLS': True, 'STACKUP_TABLE_NOTE': 'external layer thicknesses are specified after plating', 'MPN_FIELD': 'Manufacturer Part Number', 'MAN_FIELD': 'Manufacturer', 'GROUP_ROUND_SLOTS': True, 'GROUP_PTH_NPTH': 'no', 'GROUP_PTH_NPTH_DRL': False, 'PLOT_REFS': True, 'COLOR_THEME': 'Altium_Theme', 'SHEET_WKS': '${KIPRJMOD}/Templates/KDT_Template_PCB_GIT_A4.kicad_wks', 'FAB_SCALING': 1, 'ASSEMBLY_SCALING': 1, 'EXCLUDE_REFS': '[MB*]', '3D_VIEWER_ROT_X': 2, '3D_VIEWER_ROT_Y': -1, '3D_VIEWER_ROT_Z': 1, '3D_VIEWER_ZOOM': -1, 'KEY_COLOR': '#00FF00', 'OUTPUT_DIR': './', 'REPORT_DIR': 'Reports', 'SCHEMATIC_DIR': 'Schematic', 'MANUFACTURING_DIR': 'Manufacturing', 'ASSEMBLY_DIR': '@MANUFACTURING_DIR@/Assembly', 'FABRICATION_DIR': '@MANUFACTURING_DIR@/Fabrication', 'GERBERS_DIR': '@FABRICATION_DIR@/Gerbers', 'FAB_DRILL_TABLES_DIR': '@FABRICATION_DIR@/Drill Tables', 'TESTING_DIR': 'Testing', 'TESTPOINTS_DIR': '@TESTING_DIR@/Testpoints', 'IMAGES_DIR': 'Images', '3D_DIR': '3D', 'RESOURCES_DIR': 'kibot_resources', 'REPORT_TEMPLATE_DIR': '@RESOURCES_DIR@/templates', 'SCRIPTS_DIR': '@RESOURCES_DIR@/scripts', 'LAYER_TITLE_PAGE': 'TitlePage', 'LAYER_DNP_TOP': 'F.DNP', 'LAYER_DNP_BOTTOM': 'B.DNP', 'LAYER_DRILL_MAP': 'DrillMap', 'LAYER_TP_LIST_TOP': 'F.TestPointList', 'LAYER_TP_LIST_BOTTOM': 'B.TestPointList', 'LAYER_ASSEMBLY_TEXT_TOP': 'F.AssemblyText', 'LAYER_ASSEMBLY_TEXT_BOTTOM': 'B.AssemblyText', 'LAYER_DNP_CROSS_TOP': 'F.DNP', 'LAYER_DNP_CROSS_BOTTOM': 'B.DNP', 'FILT_FIELD_RENAME': 'field_rename', 'FILT_TP_ONLY': 'only_testpoints', 'FILT_TP_EXCLUDE': 'exclude_testpoints', 'FILT_TP_TOP_ONLY': 'only_testpoints_top', 'FILT_TP_BOTTOM_ONLY': 'only_testpoints_bottom', 'SCH_VARIANT_OUTPUT': 'value_split', 'NETLIST_OUTPUT': 'netlist', 'ODB_OUTPUT': 'zip_odb', 'EXCELLON_DRILL_OUTPUT': 'drl_excellon', 'PDF_DRILL_MAP_OUTPUT': 'pdf_drill_map', 'DXF_DRILL_MAP_OUTPUT': 'dxf_drill_map', 'CSV_DRILL_TABLE_OUTPUT': 'csv_drill_table', 'CSV_POS_OUTPUT': 'csv_position', 'CSV_TP_OUTPUT': 'csv_testpoints', 'CSV_TP_TOP_OUTPUT': 'csv_testpoints_top', 'CSV_TP_BOTTOM_OUTPUT': 'csv_testpoints_bottom', 'CSV_BOM_OUTPUT': 'csv_bom', 'XLSX_BOM_OUTPUT': 'xlsx_bom', 'HTML_IBOM_OUTPUT': 'html_bom_interactive', 'HTML_BOM_OUTPUT': 'html_bom', 'CSV_COMP_COUNT_OUPUT': 'csv_comp_count', 'CSV_IMPEDANCE_TABLE_OUTPUT': 'csv_impedance_table', 'TXT_FAB_NOTES_OUTPUT': 'txt_fabrication_notes', 'TXT_ASSEMBLY_NOTES_OUTPUT': 'txt_assembly_notes', 'PNG_3D_VIEWER_TOP': 'png_3d_viewer_top', 'PNG_3D_VIEWER_BOTTOM': 'png_3d_viewer_bottom', 'PNG_3D_VIEWER_ANGLED_TOP': 'png_3d_viewer_angled_top', 'PNG_3D_VIEWER_ANGLED_BOTTOM': 'png_3d_viewer_angled_bottom', 'STEP_OUTPUT': 'step', 'BLENDER_OUTPUT': 'blender', 'PDF_SCHEMATIC_OUTPUT': 'pdf_schematic', 'PDF_FABRICATION_OUTPUT': 'pdf_fabrication', 'PDF_ASSEMBLY_OUTPUT': 'pdf_assembly', 'ZIP_COMPRESS_FAB_OUTPUT': 'zip_compress_fab', 'HTML_KICANVAS_OUTPUT': 'html_kicanvas', 'HTML_KIRI_OUTPUT': 'html_kiri', 'MD_README_OUTPUT': 'md_readme', 'HTML_NAV_RES_OUTPUT': 'html_navigate_results'} (kibot - config_reader.py:682)
DEBUG:- Replacing @NAME@ -> zip_compress_fab (<class 'str'>) (kibot - config_reader.py:80)
DEBUG:- Replacing @COMMENT@ -> Generates a ZIP file with gerbers, drill and fabrication document (<class 'str'>) (kibot - config_reader.py:80)
DEBUG:- Replacing @DIR@ -> Manufacturing/Fabrication (<class 'str'>) (kibot - config_reader.py:80)
DEBUG:- Replacing @GERBER_OUTPUT@ -> gbr_gerbers (<class 'str'>) (kibot - config_reader.py:80)
DEBUG:- Replacing @DRILL_MAP_OUTPUT@ -> pdf_drill_map (<class 'str'>) (kibot - config_reader.py:80)
DEBUG:- Replacing @DRILL_OUTPUT@ -> drl_excellon (<class 'str'>) (kibot - config_reader.py:80)
DEBUG:- Replacing @FABRICATION_OUTPUT@ -> pdf_fabrication (<class 'str'>) (kibot - config_reader.py:80)
DEBUG:- Applying CLI definitions: {} (kibot - config_reader.py:679)
DEBUG:- Applying collected definitions: {'NAME': 'zip_compress_fab', 'COMMENT': 'Generates a ZIP file with gerbers, drill and fabrication document', 'DIR': 'Manufacturing/Fabrication', 'GERBER_OUTPUT': 'gbr_gerbers', 'DRILL_MAP_OUTPUT': 'pdf_drill_map', 'DRILL_OUTPUT': 'drl_excellon', 'FABRICATION_OUTPUT': 'pdf_fabrication', 'PROJECT_NAME': 'ALB/MLB test', 'BOARD_NAME': 'alb_mlb test', 'COMPANY': 'General Atomics EMS', 'DESIGNER': 'Marcus Reighter', 'LOGO': 'Logos/Logo.png', 'GIT_URL': 'https://github.com/emptyd0nkey/albmlb', 'CHECK_ZONE_FILLS': True, 'STACKUP_TABLE_NOTE': 'external layer thicknesses are specified after plating', 'MPN_FIELD': 'Manufacturer Part Number', 'MAN_FIELD': 'Manufacturer', 'GROUP_ROUND_SLOTS': True, 'GROUP_PTH_NPTH': 'no', 'GROUP_PTH_NPTH_DRL': False, 'PLOT_REFS': True, 'COLOR_THEME': 'Altium_Theme', 'SHEET_WKS': '${KIPRJMOD}/Templates/KDT_Template_PCB_GIT_A4.kicad_wks', 'FAB_SCALING': 1, 'ASSEMBLY_SCALING': 1, 'EXCLUDE_REFS': '[MB*]', '3D_VIEWER_ROT_X': 2, '3D_VIEWER_ROT_Y': -1, '3D_VIEWER_ROT_Z': 1, '3D_VIEWER_ZOOM': -1, 'KEY_COLOR': '#00FF00', 'OUTPUT_DIR': './', 'REPORT_DIR': 'Reports', 'SCHEMATIC_DIR': 'Schematic', 'MANUFACTURING_DIR': 'Manufacturing', 'ASSEMBLY_DIR': '@MANUFACTURING_DIR@/Assembly', 'FABRICATION_DIR': '@MANUFACTURING_DIR@/Fabrication', 'GERBERS_DIR': '@FABRICATION_DIR@/Gerbers', 'FAB_DRILL_TABLES_DIR': '@FABRICATION_DIR@/Drill Tables', 'TESTING_DIR': 'Testing', 'TESTPOINTS_DIR': '@TESTING_DIR@/Testpoints', 'IMAGES_DIR': 'Images', '3D_DIR': '3D', 'RESOURCES_DIR': 'kibot_resources', 'REPORT_TEMPLATE_DIR': '@RESOURCES_DIR@/templates', 'SCRIPTS_DIR': '@RESOURCES_DIR@/scripts', 'LAYER_TITLE_PAGE': 'TitlePage', 'LAYER_DNP_TOP': 'F.DNP', 'LAYER_DNP_BOTTOM': 'B.DNP', 'LAYER_DRILL_MAP': 'DrillMap', 'LAYER_TP_LIST_TOP': 'F.TestPointList', 'LAYER_TP_LIST_BOTTOM': 'B.TestPointList', 'LAYER_ASSEMBLY_TEXT_TOP': 'F.AssemblyText', 'LAYER_ASSEMBLY_TEXT_BOTTOM': 'B.AssemblyText', 'LAYER_DNP_CROSS_TOP': 'F.DNP', 'LAYER_DNP_CROSS_BOTTOM': 'B.DNP', 'FILT_FIELD_RENAME': 'field_rename', 'FILT_TP_ONLY': 'only_testpoints', 'FILT_TP_EXCLUDE': 'exclude_testpoints', 'FILT_TP_TOP_ONLY': 'only_testpoints_top', 'FILT_TP_BOTTOM_ONLY': 'only_testpoints_bottom', 'SCH_VARIANT_OUTPUT': 'value_split', 'NETLIST_OUTPUT': 'netlist', 'ODB_OUTPUT': 'zip_odb', 'EXCELLON_DRILL_OUTPUT': 'drl_excellon', 'PDF_DRILL_MAP_OUTPUT': 'pdf_drill_map', 'DXF_DRILL_MAP_OUTPUT': 'dxf_drill_map', 'CSV_DRILL_TABLE_OUTPUT': 'csv_drill_table', 'CSV_POS_OUTPUT': 'csv_position', 'CSV_TP_OUTPUT': 'csv_testpoints', 'CSV_TP_TOP_OUTPUT': 'csv_testpoints_top', 'CSV_TP_BOTTOM_OUTPUT': 'csv_testpoints_bottom', 'CSV_BOM_OUTPUT': 'csv_bom', 'XLSX_BOM_OUTPUT': 'xlsx_bom', 'HTML_IBOM_OUTPUT': 'html_bom_interactive', 'HTML_BOM_OUTPUT': 'html_bom', 'CSV_COMP_COUNT_OUPUT': 'csv_comp_count', 'CSV_IMPEDANCE_TABLE_OUTPUT': 'csv_impedance_table', 'TXT_FAB_NOTES_OUTPUT': 'txt_fabrication_notes', 'TXT_ASSEMBLY_NOTES_OUTPUT': 'txt_assembly_notes', 'PNG_3D_VIEWER_TOP': 'png_3d_viewer_top', 'PNG_3D_VIEWER_BOTTOM': 'png_3d_viewer_bottom', 'PNG_3D_VIEWER_ANGLED_TOP': 'png_3d_viewer_angled_top', 'PNG_3D_VIEWER_ANGLED_BOTTOM': 'png_3d_viewer_angled_bottom', 'STEP_OUTPUT': 'step', 'BLENDER_OUTPUT': 'blender', 'PDF_SCHEMATIC_OUTPUT': 'pdf_schematic', 'PDF_FABRICATION_OUTPUT': 'pdf_fabrication', 'PDF_ASSEMBLY_OUTPUT': 'pdf_assembly', 'ZIP_COMPRESS_FAB_OUTPUT': 'zip_compress_fab', 'HTML_KICANVAS_OUTPUT': 'html_kicanvas', 'HTML_KIRI_OUTPUT': 'html_kiri', 'MD_README_OUTPUT': 'md_readme', 'HTML_NAV_RES_OUTPUT': 'html_navigate_results'} (kibot - config_reader.py:682)
DEBUG:YAML after expanding definitions:
# KiBot output for compressing Fabrication files to a ZIP archive
# https://kibot.readthedocs.io/en/latest/configuration/outputs/compress.html

kibot:
  version: 1

outputs:
- name: zip_compress_fab
  comment: 'Generates a ZIP file with gerbers, drill and fabrication document'
  type: compress
  category: 'Manufacturing/Fabrication'
  dir: 'Manufacturing/Fabrication'
  options:
    output: '%f-GERBERS%I%v.%x'
    move_files: false
    files:
      - from_output: gbr_gerbers
        dest: '/'
      - from_output: pdf_drill_map
        dest: '/'
      - from_output: drl_excellon
        dest: '/'
      - from_output: pdf_fabrication
        dest: '/'

 (kibot - config_reader.py:688)
DEBUG:Pre-parsing output options for `zip_compress_fab` (compress) (kibot - config_reader.py:171)
DEBUG:Outputs loaded from `kibot_yaml/kibot_out_compress_fab.yaml`: ['zip_compress_fab'] (kibot - config_reader.py:363)
DEBUG:Applying preprocessor definitions (kibot - config_reader.py:672)
DEBUG:- Applying CLI definitions: {} (kibot - config_reader.py:679)
DEBUG:- Applying collected definitions: {'PROJECT_NAME': 'ALB/MLB test', 'BOARD_NAME': 'alb_mlb test', 'COMPANY': 'General Atomics EMS', 'DESIGNER': 'Marcus Reighter', 'LOGO': 'Logos/Logo.png', 'GIT_URL': 'https://github.com/emptyd0nkey/albmlb', 'CHECK_ZONE_FILLS': True, 'STACKUP_TABLE_NOTE': 'external layer thicknesses are specified after plating', 'MPN_FIELD': 'Manufacturer Part Number', 'MAN_FIELD': 'Manufacturer', 'GROUP_ROUND_SLOTS': True, 'GROUP_PTH_NPTH': 'no', 'GROUP_PTH_NPTH_DRL': False, 'PLOT_REFS': True, 'COLOR_THEME': 'Altium_Theme', 'SHEET_WKS': '${KIPRJMOD}/Templates/KDT_Template_PCB_GIT_A4.kicad_wks', 'FAB_SCALING': 1, 'ASSEMBLY_SCALING': 1, 'EXCLUDE_REFS': '[MB*]', '3D_VIEWER_ROT_X': 2, '3D_VIEWER_ROT_Y': -1, '3D_VIEWER_ROT_Z': 1, '3D_VIEWER_ZOOM': -1, 'KEY_COLOR': '#00FF00', 'OUTPUT_DIR': './', 'REPORT_DIR': 'Reports', 'SCHEMATIC_DIR': 'Schematic', 'MANUFACTURING_DIR': 'Manufacturing', 'ASSEMBLY_DIR': '@MANUFACTURING_DIR@/Assembly', 'FABRICATION_DIR': '@MANUFACTURING_DIR@/Fabrication', 'GERBERS_DIR': '@FABRICATION_DIR@/Gerbers', 'FAB_DRILL_TABLES_DIR': '@FABRICATION_DIR@/Drill Tables', 'TESTING_DIR': 'Testing', 'TESTPOINTS_DIR': '@TESTING_DIR@/Testpoints', 'IMAGES_DIR': 'Images', '3D_DIR': '3D', 'RESOURCES_DIR': 'kibot_resources', 'REPORT_TEMPLATE_DIR': '@RESOURCES_DIR@/templates', 'SCRIPTS_DIR': '@RESOURCES_DIR@/scripts', 'LAYER_TITLE_PAGE': 'TitlePage', 'LAYER_DNP_TOP': 'F.DNP', 'LAYER_DNP_BOTTOM': 'B.DNP', 'LAYER_DRILL_MAP': 'DrillMap', 'LAYER_TP_LIST_TOP': 'F.TestPointList', 'LAYER_TP_LIST_BOTTOM': 'B.TestPointList', 'LAYER_ASSEMBLY_TEXT_TOP': 'F.AssemblyText', 'LAYER_ASSEMBLY_TEXT_BOTTOM': 'B.AssemblyText', 'LAYER_DNP_CROSS_TOP': 'F.DNP', 'LAYER_DNP_CROSS_BOTTOM': 'B.DNP', 'FILT_FIELD_RENAME': 'field_rename', 'FILT_TP_ONLY': 'only_testpoints', 'FILT_TP_EXCLUDE': 'exclude_testpoints', 'FILT_TP_TOP_ONLY': 'only_testpoints_top', 'FILT_TP_BOTTOM_ONLY': 'only_testpoints_bottom', 'SCH_VARIANT_OUTPUT': 'value_split', 'NETLIST_OUTPUT': 'netlist', 'GERBER_OUTPUT': 'gbr_gerbers', 'ODB_OUTPUT': 'zip_odb', 'EXCELLON_DRILL_OUTPUT': 'drl_excellon', 'PDF_DRILL_MAP_OUTPUT': 'pdf_drill_map', 'DXF_DRILL_MAP_OUTPUT': 'dxf_drill_map', 'CSV_DRILL_TABLE_OUTPUT': 'csv_drill_table', 'CSV_POS_OUTPUT': 'csv_position', 'CSV_TP_OUTPUT': 'csv_testpoints', 'CSV_TP_TOP_OUTPUT': 'csv_testpoints_top', 'CSV_TP_BOTTOM_OUTPUT': 'csv_testpoints_bottom', 'CSV_BOM_OUTPUT': 'csv_bom', 'XLSX_BOM_OUTPUT': 'xlsx_bom', 'HTML_IBOM_OUTPUT': 'html_bom_interactive', 'HTML_BOM_OUTPUT': 'html_bom', 'CSV_COMP_COUNT_OUPUT': 'csv_comp_count', 'CSV_IMPEDANCE_TABLE_OUTPUT': 'csv_impedance_table', 'TXT_FAB_NOTES_OUTPUT': 'txt_fabrication_notes', 'TXT_ASSEMBLY_NOTES_OUTPUT': 'txt_assembly_notes', 'PNG_3D_VIEWER_TOP': 'png_3d_viewer_top', 'PNG_3D_VIEWER_BOTTOM': 'png_3d_viewer_bottom', 'PNG_3D_VIEWER_ANGLED_TOP': 'png_3d_viewer_angled_top', 'PNG_3D_VIEWER_ANGLED_BOTTOM': 'png_3d_viewer_angled_bottom', 'STEP_OUTPUT': 'step', 'BLENDER_OUTPUT': 'blender', 'PDF_SCHEMATIC_OUTPUT': 'pdf_schematic', 'PDF_FABRICATION_OUTPUT': 'pdf_fabrication', 'PDF_ASSEMBLY_OUTPUT': 'pdf_assembly', 'ZIP_COMPRESS_FAB_OUTPUT': 'zip_compress_fab', 'HTML_KICANVAS_OUTPUT': 'html_kicanvas', 'HTML_KIRI_OUTPUT': 'html_kiri', 'MD_README_OUTPUT': 'md_readme', 'HTML_NAV_RES_OUTPUT': 'html_navigate_results', 'NAME': 'html_kicanvas', 'COMMENT': 'KiCanvas webpage', 'DIR': 'KiCanvas'} (kibot - config_reader.py:682)
DEBUG:- Replacing @NAME@ -> html_kicanvas (<class 'str'>) (kibot - config_reader.py:80)
DEBUG:- Replacing @COMMENT@ -> KiCanvas webpage (<class 'str'>) (kibot - config_reader.py:80)
DEBUG:- Replacing @DIR@ -> KiCanvas (<class 'str'>) (kibot - config_reader.py:80)
DEBUG:- Applying CLI definitions: {} (kibot - config_reader.py:679)
DEBUG:- Applying collected definitions: {'PROJECT_NAME': 'ALB/MLB test', 'BOARD_NAME': 'alb_mlb test', 'COMPANY': 'General Atomics EMS', 'DESIGNER': 'Marcus Reighter', 'LOGO': 'Logos/Logo.png', 'GIT_URL': 'https://github.com/emptyd0nkey/albmlb', 'CHECK_ZONE_FILLS': True, 'STACKUP_TABLE_NOTE': 'external layer thicknesses are specified after plating', 'MPN_FIELD': 'Manufacturer Part Number', 'MAN_FIELD': 'Manufacturer', 'GROUP_ROUND_SLOTS': True, 'GROUP_PTH_NPTH': 'no', 'GROUP_PTH_NPTH_DRL': False, 'PLOT_REFS': True, 'COLOR_THEME': 'Altium_Theme', 'SHEET_WKS': '${KIPRJMOD}/Templates/KDT_Template_PCB_GIT_A4.kicad_wks', 'FAB_SCALING': 1, 'ASSEMBLY_SCALING': 1, 'EXCLUDE_REFS': '[MB*]', '3D_VIEWER_ROT_X': 2, '3D_VIEWER_ROT_Y': -1, '3D_VIEWER_ROT_Z': 1, '3D_VIEWER_ZOOM': -1, 'KEY_COLOR': '#00FF00', 'OUTPUT_DIR': './', 'REPORT_DIR': 'Reports', 'SCHEMATIC_DIR': 'Schematic', 'MANUFACTURING_DIR': 'Manufacturing', 'ASSEMBLY_DIR': '@MANUFACTURING_DIR@/Assembly', 'FABRICATION_DIR': '@MANUFACTURING_DIR@/Fabrication', 'GERBERS_DIR': '@FABRICATION_DIR@/Gerbers', 'FAB_DRILL_TABLES_DIR': '@FABRICATION_DIR@/Drill Tables', 'TESTING_DIR': 'Testing', 'TESTPOINTS_DIR': '@TESTING_DIR@/Testpoints', 'IMAGES_DIR': 'Images', '3D_DIR': '3D', 'RESOURCES_DIR': 'kibot_resources', 'REPORT_TEMPLATE_DIR': '@RESOURCES_DIR@/templates', 'SCRIPTS_DIR': '@RESOURCES_DIR@/scripts', 'LAYER_TITLE_PAGE': 'TitlePage', 'LAYER_DNP_TOP': 'F.DNP', 'LAYER_DNP_BOTTOM': 'B.DNP', 'LAYER_DRILL_MAP': 'DrillMap', 'LAYER_TP_LIST_TOP': 'F.TestPointList', 'LAYER_TP_LIST_BOTTOM': 'B.TestPointList', 'LAYER_ASSEMBLY_TEXT_TOP': 'F.AssemblyText', 'LAYER_ASSEMBLY_TEXT_BOTTOM': 'B.AssemblyText', 'LAYER_DNP_CROSS_TOP': 'F.DNP', 'LAYER_DNP_CROSS_BOTTOM': 'B.DNP', 'FILT_FIELD_RENAME': 'field_rename', 'FILT_TP_ONLY': 'only_testpoints', 'FILT_TP_EXCLUDE': 'exclude_testpoints', 'FILT_TP_TOP_ONLY': 'only_testpoints_top', 'FILT_TP_BOTTOM_ONLY': 'only_testpoints_bottom', 'SCH_VARIANT_OUTPUT': 'value_split', 'NETLIST_OUTPUT': 'netlist', 'GERBER_OUTPUT': 'gbr_gerbers', 'ODB_OUTPUT': 'zip_odb', 'EXCELLON_DRILL_OUTPUT': 'drl_excellon', 'PDF_DRILL_MAP_OUTPUT': 'pdf_drill_map', 'DXF_DRILL_MAP_OUTPUT': 'dxf_drill_map', 'CSV_DRILL_TABLE_OUTPUT': 'csv_drill_table', 'CSV_POS_OUTPUT': 'csv_position', 'CSV_TP_OUTPUT': 'csv_testpoints', 'CSV_TP_TOP_OUTPUT': 'csv_testpoints_top', 'CSV_TP_BOTTOM_OUTPUT': 'csv_testpoints_bottom', 'CSV_BOM_OUTPUT': 'csv_bom', 'XLSX_BOM_OUTPUT': 'xlsx_bom', 'HTML_IBOM_OUTPUT': 'html_bom_interactive', 'HTML_BOM_OUTPUT': 'html_bom', 'CSV_COMP_COUNT_OUPUT': 'csv_comp_count', 'CSV_IMPEDANCE_TABLE_OUTPUT': 'csv_impedance_table', 'TXT_FAB_NOTES_OUTPUT': 'txt_fabrication_notes', 'TXT_ASSEMBLY_NOTES_OUTPUT': 'txt_assembly_notes', 'PNG_3D_VIEWER_TOP': 'png_3d_viewer_top', 'PNG_3D_VIEWER_BOTTOM': 'png_3d_viewer_bottom', 'PNG_3D_VIEWER_ANGLED_TOP': 'png_3d_viewer_angled_top', 'PNG_3D_VIEWER_ANGLED_BOTTOM': 'png_3d_viewer_angled_bottom', 'STEP_OUTPUT': 'step', 'BLENDER_OUTPUT': 'blender', 'PDF_SCHEMATIC_OUTPUT': 'pdf_schematic', 'PDF_FABRICATION_OUTPUT': 'pdf_fabrication', 'PDF_ASSEMBLY_OUTPUT': 'pdf_assembly', 'ZIP_COMPRESS_FAB_OUTPUT': 'zip_compress_fab', 'HTML_KICANVAS_OUTPUT': 'html_kicanvas', 'HTML_KIRI_OUTPUT': 'html_kiri', 'MD_README_OUTPUT': 'md_readme', 'HTML_NAV_RES_OUTPUT': 'html_navigate_results', 'NAME': 'html_kicanvas', 'COMMENT': 'KiCanvas webpage', 'DIR': 'KiCanvas'} (kibot - config_reader.py:682)
DEBUG:YAML after expanding definitions:
# KiBot output for exploring PCB/SCH files
# https://kibot.readthedocs.io/en/latest/configuration/outputs/kicanvas.html

kibot:
  version: 1

outputs:
- name: html_kicanvas
  comment: 'KiCanvas webpage'
  type: kicanvas
  category: 'KiCanvas'
  dir: 'KiCanvas'
  options:
    dnf_filter: _kibom_dnf_Config
    overlay: true
    source: ["schematic", "pcb", "project"]

definitions:
  NAME: html_kicanvas
  COMMENT: KiCanvas webpage
  DIR: KiCanvas (kibot - config_reader.py:688)
DEBUG:Pre-parsing output options for `html_kicanvas` (kicanvas) (kibot - config_reader.py:171)
DEBUG:Outputs loaded from `kibot_yaml/kibot_out_html_kicanvas.yaml`: ['html_kicanvas'] (kibot - config_reader.py:363)
DEBUG:Applying preprocessor definitions (kibot - config_reader.py:672)
DEBUG:- Applying CLI definitions: {} (kibot - config_reader.py:679)
DEBUG:- Applying collected definitions: {'PROJECT_NAME': 'ALB/MLB test', 'BOARD_NAME': 'alb_mlb test', 'COMPANY': 'General Atomics EMS', 'DESIGNER': 'Marcus Reighter', 'LOGO': 'Logos/Logo.png', 'GIT_URL': 'https://github.com/emptyd0nkey/albmlb', 'CHECK_ZONE_FILLS': True, 'STACKUP_TABLE_NOTE': 'external layer thicknesses are specified after plating', 'MPN_FIELD': 'Manufacturer Part Number', 'MAN_FIELD': 'Manufacturer', 'GROUP_ROUND_SLOTS': True, 'GROUP_PTH_NPTH': 'no', 'GROUP_PTH_NPTH_DRL': False, 'PLOT_REFS': True, 'COLOR_THEME': 'Altium_Theme', 'SHEET_WKS': '${KIPRJMOD}/Templates/KDT_Template_PCB_GIT_A4.kicad_wks', 'FAB_SCALING': 1, 'ASSEMBLY_SCALING': 1, 'EXCLUDE_REFS': '[MB*]', '3D_VIEWER_ROT_X': 2, '3D_VIEWER_ROT_Y': -1, '3D_VIEWER_ROT_Z': 1, '3D_VIEWER_ZOOM': -1, 'KEY_COLOR': '#00FF00', 'OUTPUT_DIR': './', 'REPORT_DIR': 'Reports', 'SCHEMATIC_DIR': 'Schematic', 'MANUFACTURING_DIR': 'Manufacturing', 'ASSEMBLY_DIR': '@MANUFACTURING_DIR@/Assembly', 'FABRICATION_DIR': '@MANUFACTURING_DIR@/Fabrication', 'GERBERS_DIR': '@FABRICATION_DIR@/Gerbers', 'FAB_DRILL_TABLES_DIR': '@FABRICATION_DIR@/Drill Tables', 'TESTING_DIR': 'Testing', 'TESTPOINTS_DIR': '@TESTING_DIR@/Testpoints', 'IMAGES_DIR': 'Images', '3D_DIR': '3D', 'RESOURCES_DIR': 'kibot_resources', 'REPORT_TEMPLATE_DIR': '@RESOURCES_DIR@/templates', 'SCRIPTS_DIR': '@RESOURCES_DIR@/scripts', 'LAYER_TITLE_PAGE': 'TitlePage', 'LAYER_DNP_TOP': 'F.DNP', 'LAYER_DNP_BOTTOM': 'B.DNP', 'LAYER_DRILL_MAP': 'DrillMap', 'LAYER_TP_LIST_TOP': 'F.TestPointList', 'LAYER_TP_LIST_BOTTOM': 'B.TestPointList', 'LAYER_ASSEMBLY_TEXT_TOP': 'F.AssemblyText', 'LAYER_ASSEMBLY_TEXT_BOTTOM': 'B.AssemblyText', 'LAYER_DNP_CROSS_TOP': 'F.DNP', 'LAYER_DNP_CROSS_BOTTOM': 'B.DNP', 'FILT_FIELD_RENAME': 'field_rename', 'FILT_TP_ONLY': 'only_testpoints', 'FILT_TP_EXCLUDE': 'exclude_testpoints', 'FILT_TP_TOP_ONLY': 'only_testpoints_top', 'FILT_TP_BOTTOM_ONLY': 'only_testpoints_bottom', 'SCH_VARIANT_OUTPUT': 'value_split', 'NETLIST_OUTPUT': 'netlist', 'GERBER_OUTPUT': 'gbr_gerbers', 'ODB_OUTPUT': 'zip_odb', 'EXCELLON_DRILL_OUTPUT': 'drl_excellon', 'PDF_DRILL_MAP_OUTPUT': 'pdf_drill_map', 'DXF_DRILL_MAP_OUTPUT': 'dxf_drill_map', 'CSV_DRILL_TABLE_OUTPUT': 'csv_drill_table', 'CSV_POS_OUTPUT': 'csv_position', 'CSV_TP_OUTPUT': 'csv_testpoints', 'CSV_TP_TOP_OUTPUT': 'csv_testpoints_top', 'CSV_TP_BOTTOM_OUTPUT': 'csv_testpoints_bottom', 'CSV_BOM_OUTPUT': 'csv_bom', 'XLSX_BOM_OUTPUT': 'xlsx_bom', 'HTML_IBOM_OUTPUT': 'html_bom_interactive', 'HTML_BOM_OUTPUT': 'html_bom', 'CSV_COMP_COUNT_OUPUT': 'csv_comp_count', 'CSV_IMPEDANCE_TABLE_OUTPUT': 'csv_impedance_table', 'TXT_FAB_NOTES_OUTPUT': 'txt_fabrication_notes', 'TXT_ASSEMBLY_NOTES_OUTPUT': 'txt_assembly_notes', 'PNG_3D_VIEWER_TOP': 'png_3d_viewer_top', 'PNG_3D_VIEWER_BOTTOM': 'png_3d_viewer_bottom', 'PNG_3D_VIEWER_ANGLED_TOP': 'png_3d_viewer_angled_top', 'PNG_3D_VIEWER_ANGLED_BOTTOM': 'png_3d_viewer_angled_bottom', 'STEP_OUTPUT': 'step', 'BLENDER_OUTPUT': 'blender', 'PDF_SCHEMATIC_OUTPUT': 'pdf_schematic', 'PDF_FABRICATION_OUTPUT': 'pdf_fabrication', 'PDF_ASSEMBLY_OUTPUT': 'pdf_assembly', 'ZIP_COMPRESS_FAB_OUTPUT': 'zip_compress_fab', 'HTML_KICANVAS_OUTPUT': 'html_kicanvas', 'HTML_KIRI_OUTPUT': 'html_kiri', 'MD_README_OUTPUT': 'md_readme', 'HTML_NAV_RES_OUTPUT': 'html_navigate_results', 'NAME': 'html_kiri', 'COMMENT': 'KiRI webpage', 'DIR': 'KiRI'} (kibot - config_reader.py:682)
DEBUG:- Replacing @NAME@ -> html_kiri (<class 'str'>) (kibot - config_reader.py:80)
DEBUG:- Replacing @COMMENT@ -> KiRI webpage (<class 'str'>) (kibot - config_reader.py:80)
DEBUG:- Replacing @DIR@ -> KiRI (<class 'str'>) (kibot - config_reader.py:80)
DEBUG:- Applying CLI definitions: {} (kibot - config_reader.py:679)
DEBUG:- Applying collected definitions: {'PROJECT_NAME': 'ALB/MLB test', 'BOARD_NAME': 'alb_mlb test', 'COMPANY': 'General Atomics EMS', 'DESIGNER': 'Marcus Reighter', 'LOGO': 'Logos/Logo.png', 'GIT_URL': 'https://github.com/emptyd0nkey/albmlb', 'CHECK_ZONE_FILLS': True, 'STACKUP_TABLE_NOTE': 'external layer thicknesses are specified after plating', 'MPN_FIELD': 'Manufacturer Part Number', 'MAN_FIELD': 'Manufacturer', 'GROUP_ROUND_SLOTS': True, 'GROUP_PTH_NPTH': 'no', 'GROUP_PTH_NPTH_DRL': False, 'PLOT_REFS': True, 'COLOR_THEME': 'Altium_Theme', 'SHEET_WKS': '${KIPRJMOD}/Templates/KDT_Template_PCB_GIT_A4.kicad_wks', 'FAB_SCALING': 1, 'ASSEMBLY_SCALING': 1, 'EXCLUDE_REFS': '[MB*]', '3D_VIEWER_ROT_X': 2, '3D_VIEWER_ROT_Y': -1, '3D_VIEWER_ROT_Z': 1, '3D_VIEWER_ZOOM': -1, 'KEY_COLOR': '#00FF00', 'OUTPUT_DIR': './', 'REPORT_DIR': 'Reports', 'SCHEMATIC_DIR': 'Schematic', 'MANUFACTURING_DIR': 'Manufacturing', 'ASSEMBLY_DIR': '@MANUFACTURING_DIR@/Assembly', 'FABRICATION_DIR': '@MANUFACTURING_DIR@/Fabrication', 'GERBERS_DIR': '@FABRICATION_DIR@/Gerbers', 'FAB_DRILL_TABLES_DIR': '@FABRICATION_DIR@/Drill Tables', 'TESTING_DIR': 'Testing', 'TESTPOINTS_DIR': '@TESTING_DIR@/Testpoints', 'IMAGES_DIR': 'Images', '3D_DIR': '3D', 'RESOURCES_DIR': 'kibot_resources', 'REPORT_TEMPLATE_DIR': '@RESOURCES_DIR@/templates', 'SCRIPTS_DIR': '@RESOURCES_DIR@/scripts', 'LAYER_TITLE_PAGE': 'TitlePage', 'LAYER_DNP_TOP': 'F.DNP', 'LAYER_DNP_BOTTOM': 'B.DNP', 'LAYER_DRILL_MAP': 'DrillMap', 'LAYER_TP_LIST_TOP': 'F.TestPointList', 'LAYER_TP_LIST_BOTTOM': 'B.TestPointList', 'LAYER_ASSEMBLY_TEXT_TOP': 'F.AssemblyText', 'LAYER_ASSEMBLY_TEXT_BOTTOM': 'B.AssemblyText', 'LAYER_DNP_CROSS_TOP': 'F.DNP', 'LAYER_DNP_CROSS_BOTTOM': 'B.DNP', 'FILT_FIELD_RENAME': 'field_rename', 'FILT_TP_ONLY': 'only_testpoints', 'FILT_TP_EXCLUDE': 'exclude_testpoints', 'FILT_TP_TOP_ONLY': 'only_testpoints_top', 'FILT_TP_BOTTOM_ONLY': 'only_testpoints_bottom', 'SCH_VARIANT_OUTPUT': 'value_split', 'NETLIST_OUTPUT': 'netlist', 'GERBER_OUTPUT': 'gbr_gerbers', 'ODB_OUTPUT': 'zip_odb', 'EXCELLON_DRILL_OUTPUT': 'drl_excellon', 'PDF_DRILL_MAP_OUTPUT': 'pdf_drill_map', 'DXF_DRILL_MAP_OUTPUT': 'dxf_drill_map', 'CSV_DRILL_TABLE_OUTPUT': 'csv_drill_table', 'CSV_POS_OUTPUT': 'csv_position', 'CSV_TP_OUTPUT': 'csv_testpoints', 'CSV_TP_TOP_OUTPUT': 'csv_testpoints_top', 'CSV_TP_BOTTOM_OUTPUT': 'csv_testpoints_bottom', 'CSV_BOM_OUTPUT': 'csv_bom', 'XLSX_BOM_OUTPUT': 'xlsx_bom', 'HTML_IBOM_OUTPUT': 'html_bom_interactive', 'HTML_BOM_OUTPUT': 'html_bom', 'CSV_COMP_COUNT_OUPUT': 'csv_comp_count', 'CSV_IMPEDANCE_TABLE_OUTPUT': 'csv_impedance_table', 'TXT_FAB_NOTES_OUTPUT': 'txt_fabrication_notes', 'TXT_ASSEMBLY_NOTES_OUTPUT': 'txt_assembly_notes', 'PNG_3D_VIEWER_TOP': 'png_3d_viewer_top', 'PNG_3D_VIEWER_BOTTOM': 'png_3d_viewer_bottom', 'PNG_3D_VIEWER_ANGLED_TOP': 'png_3d_viewer_angled_top', 'PNG_3D_VIEWER_ANGLED_BOTTOM': 'png_3d_viewer_angled_bottom', 'STEP_OUTPUT': 'step', 'BLENDER_OUTPUT': 'blender', 'PDF_SCHEMATIC_OUTPUT': 'pdf_schematic', 'PDF_FABRICATION_OUTPUT': 'pdf_fabrication', 'PDF_ASSEMBLY_OUTPUT': 'pdf_assembly', 'ZIP_COMPRESS_FAB_OUTPUT': 'zip_compress_fab', 'HTML_KICANVAS_OUTPUT': 'html_kicanvas', 'HTML_KIRI_OUTPUT': 'html_kiri', 'MD_README_OUTPUT': 'md_readme', 'HTML_NAV_RES_OUTPUT': 'html_navigate_results', 'NAME': 'html_kiri', 'COMMENT': 'KiRI webpage', 'DIR': 'KiRI'} (kibot - config_reader.py:682)
DEBUG:YAML after expanding definitions:
# KiBot output for diff web page between commits
# https://kibot.readthedocs.io/en/latest/configuration/outputs/kiri.html

kibot:
  version: 1

outputs:
- name: html_kiri
  comment: 'KiRI webpage'
  type: kiri
  category: 'KiRI'
  dir: 'KiRI'
  layers: all
  options:
    keep_generated: true
    max_commits: 3
    revision: 'HEAD'
    zones: 'global'

definitions:
  NAME: html_kiri
  COMMENT: KiRi webpage
  DIR: KiRI (kibot - config_reader.py:688)
DEBUG:Pre-parsing output options for `html_kiri` (kiri) (kibot - config_reader.py:171)
DEBUG:Outputs loaded from `kibot_yaml/kibot_out_html_kiri.yaml`: ['html_kiri'] (kibot - config_reader.py:363)
DEBUG:Found local definitions (kibot - config_reader.py:653)
DEBUG:- Local definitions: {'NAME': 'md_readme', 'COMMENT': 'Report', 'DIR': '.', 'CATEGORY': '/', 'OUTPUT_NAME': 'README', 'TEMPLATE': 'kibot_ressources/template/readme.txt'} (kibot - config_reader.py:663)
DEBUG:- Current definitions: {'PROJECT_NAME': 'ALB/MLB test', 'BOARD_NAME': 'alb_mlb test', 'COMPANY': 'General Atomics EMS', 'DESIGNER': 'Marcus Reighter', 'LOGO': 'Logos/Logo.png', 'GIT_URL': 'https://github.com/emptyd0nkey/albmlb', 'CHECK_ZONE_FILLS': True, 'STACKUP_TABLE_NOTE': 'external layer thicknesses are specified after plating', 'MPN_FIELD': 'Manufacturer Part Number', 'MAN_FIELD': 'Manufacturer', 'GROUP_ROUND_SLOTS': True, 'GROUP_PTH_NPTH': 'no', 'GROUP_PTH_NPTH_DRL': False, 'PLOT_REFS': True, 'COLOR_THEME': 'Altium_Theme', 'SHEET_WKS': '${KIPRJMOD}/Templates/KDT_Template_PCB_GIT_A4.kicad_wks', 'FAB_SCALING': 1, 'ASSEMBLY_SCALING': 1, 'EXCLUDE_REFS': '[MB*]', '3D_VIEWER_ROT_X': 2, '3D_VIEWER_ROT_Y': -1, '3D_VIEWER_ROT_Z': 1, '3D_VIEWER_ZOOM': -1, 'KEY_COLOR': '#00FF00', 'OUTPUT_DIR': './', 'REPORT_DIR': 'Reports', 'SCHEMATIC_DIR': 'Schematic', 'MANUFACTURING_DIR': 'Manufacturing', 'ASSEMBLY_DIR': '@MANUFACTURING_DIR@/Assembly', 'FABRICATION_DIR': '@MANUFACTURING_DIR@/Fabrication', 'GERBERS_DIR': '@FABRICATION_DIR@/Gerbers', 'FAB_DRILL_TABLES_DIR': '@FABRICATION_DIR@/Drill Tables', 'TESTING_DIR': 'Testing', 'TESTPOINTS_DIR': '@TESTING_DIR@/Testpoints', 'IMAGES_DIR': 'Images', '3D_DIR': '3D', 'RESOURCES_DIR': 'kibot_resources', 'REPORT_TEMPLATE_DIR': '@RESOURCES_DIR@/templates', 'SCRIPTS_DIR': '@RESOURCES_DIR@/scripts', 'LAYER_TITLE_PAGE': 'TitlePage', 'LAYER_DNP_TOP': 'F.DNP', 'LAYER_DNP_BOTTOM': 'B.DNP', 'LAYER_DRILL_MAP': 'DrillMap', 'LAYER_TP_LIST_TOP': 'F.TestPointList', 'LAYER_TP_LIST_BOTTOM': 'B.TestPointList', 'LAYER_ASSEMBLY_TEXT_TOP': 'F.AssemblyText', 'LAYER_ASSEMBLY_TEXT_BOTTOM': 'B.AssemblyText', 'LAYER_DNP_CROSS_TOP': 'F.DNP', 'LAYER_DNP_CROSS_BOTTOM': 'B.DNP', 'FILT_FIELD_RENAME': 'field_rename', 'FILT_TP_ONLY': 'only_testpoints', 'FILT_TP_EXCLUDE': 'exclude_testpoints', 'FILT_TP_TOP_ONLY': 'only_testpoints_top', 'FILT_TP_BOTTOM_ONLY': 'only_testpoints_bottom', 'SCH_VARIANT_OUTPUT': 'value_split', 'NETLIST_OUTPUT': 'netlist', 'GERBER_OUTPUT': 'gbr_gerbers', 'ODB_OUTPUT': 'zip_odb', 'EXCELLON_DRILL_OUTPUT': 'drl_excellon', 'PDF_DRILL_MAP_OUTPUT': 'pdf_drill_map', 'DXF_DRILL_MAP_OUTPUT': 'dxf_drill_map', 'CSV_DRILL_TABLE_OUTPUT': 'csv_drill_table', 'CSV_POS_OUTPUT': 'csv_position', 'CSV_TP_OUTPUT': 'csv_testpoints', 'CSV_TP_TOP_OUTPUT': 'csv_testpoints_top', 'CSV_TP_BOTTOM_OUTPUT': 'csv_testpoints_bottom', 'CSV_BOM_OUTPUT': 'csv_bom', 'XLSX_BOM_OUTPUT': 'xlsx_bom', 'HTML_IBOM_OUTPUT': 'html_bom_interactive', 'HTML_BOM_OUTPUT': 'html_bom', 'CSV_COMP_COUNT_OUPUT': 'csv_comp_count', 'CSV_IMPEDANCE_TABLE_OUTPUT': 'csv_impedance_table', 'TXT_FAB_NOTES_OUTPUT': 'txt_fabrication_notes', 'TXT_ASSEMBLY_NOTES_OUTPUT': 'txt_assembly_notes', 'PNG_3D_VIEWER_TOP': 'png_3d_viewer_top', 'PNG_3D_VIEWER_BOTTOM': 'png_3d_viewer_bottom', 'PNG_3D_VIEWER_ANGLED_TOP': 'png_3d_viewer_angled_top', 'PNG_3D_VIEWER_ANGLED_BOTTOM': 'png_3d_viewer_angled_bottom', 'STEP_OUTPUT': 'step', 'BLENDER_OUTPUT': 'blender', 'PDF_SCHEMATIC_OUTPUT': 'pdf_schematic', 'PDF_FABRICATION_OUTPUT': 'pdf_fabrication', 'PDF_ASSEMBLY_OUTPUT': 'pdf_assembly', 'ZIP_COMPRESS_FAB_OUTPUT': 'zip_compress_fab', 'HTML_KICANVAS_OUTPUT': 'html_kicanvas', 'HTML_KIRI_OUTPUT': 'html_kiri', 'MD_README_OUTPUT': 'md_readme', 'HTML_NAV_RES_OUTPUT': 'html_navigate_results', 'NAME': 'md_readme', 'COMMENT': 'README file in Markdown format', 'DIR': './', 'CATEGORY': '.', 'OUTPUT_NAME': 'README', 'TEMPLATE': 'kibot_resources/templates/readme.txt'} (kibot - config_reader.py:664)
DEBUG:- Updated definitions: {'NAME': 'md_readme', 'COMMENT': 'README file in Markdown format', 'DIR': './', 'CATEGORY': '.', 'OUTPUT_NAME': 'README', 'TEMPLATE': 'kibot_resources/templates/readme.txt', 'PROJECT_NAME': 'ALB/MLB test', 'BOARD_NAME': 'alb_mlb test', 'COMPANY': 'General Atomics EMS', 'DESIGNER': 'Marcus Reighter', 'LOGO': 'Logos/Logo.png', 'GIT_URL': 'https://github.com/emptyd0nkey/albmlb', 'CHECK_ZONE_FILLS': True, 'STACKUP_TABLE_NOTE': 'external layer thicknesses are specified after plating', 'MPN_FIELD': 'Manufacturer Part Number', 'MAN_FIELD': 'Manufacturer', 'GROUP_ROUND_SLOTS': True, 'GROUP_PTH_NPTH': 'no', 'GROUP_PTH_NPTH_DRL': False, 'PLOT_REFS': True, 'COLOR_THEME': 'Altium_Theme', 'SHEET_WKS': '${KIPRJMOD}/Templates/KDT_Template_PCB_GIT_A4.kicad_wks', 'FAB_SCALING': 1, 'ASSEMBLY_SCALING': 1, 'EXCLUDE_REFS': '[MB*]', '3D_VIEWER_ROT_X': 2, '3D_VIEWER_ROT_Y': -1, '3D_VIEWER_ROT_Z': 1, '3D_VIEWER_ZOOM': -1, 'KEY_COLOR': '#00FF00', 'OUTPUT_DIR': './', 'REPORT_DIR': 'Reports', 'SCHEMATIC_DIR': 'Schematic', 'MANUFACTURING_DIR': 'Manufacturing', 'ASSEMBLY_DIR': '@MANUFACTURING_DIR@/Assembly', 'FABRICATION_DIR': '@MANUFACTURING_DIR@/Fabrication', 'GERBERS_DIR': '@FABRICATION_DIR@/Gerbers', 'FAB_DRILL_TABLES_DIR': '@FABRICATION_DIR@/Drill Tables', 'TESTING_DIR': 'Testing', 'TESTPOINTS_DIR': '@TESTING_DIR@/Testpoints', 'IMAGES_DIR': 'Images', '3D_DIR': '3D', 'RESOURCES_DIR': 'kibot_resources', 'REPORT_TEMPLATE_DIR': '@RESOURCES_DIR@/templates', 'SCRIPTS_DIR': '@RESOURCES_DIR@/scripts', 'LAYER_TITLE_PAGE': 'TitlePage', 'LAYER_DNP_TOP': 'F.DNP', 'LAYER_DNP_BOTTOM': 'B.DNP', 'LAYER_DRILL_MAP': 'DrillMap', 'LAYER_TP_LIST_TOP': 'F.TestPointList', 'LAYER_TP_LIST_BOTTOM': 'B.TestPointList', 'LAYER_ASSEMBLY_TEXT_TOP': 'F.AssemblyText', 'LAYER_ASSEMBLY_TEXT_BOTTOM': 'B.AssemblyText', 'LAYER_DNP_CROSS_TOP': 'F.DNP', 'LAYER_DNP_CROSS_BOTTOM': 'B.DNP', 'FILT_FIELD_RENAME': 'field_rename', 'FILT_TP_ONLY': 'only_testpoints', 'FILT_TP_EXCLUDE': 'exclude_testpoints', 'FILT_TP_TOP_ONLY': 'only_testpoints_top', 'FILT_TP_BOTTOM_ONLY': 'only_testpoints_bottom', 'SCH_VARIANT_OUTPUT': 'value_split', 'NETLIST_OUTPUT': 'netlist', 'GERBER_OUTPUT': 'gbr_gerbers', 'ODB_OUTPUT': 'zip_odb', 'EXCELLON_DRILL_OUTPUT': 'drl_excellon', 'PDF_DRILL_MAP_OUTPUT': 'pdf_drill_map', 'DXF_DRILL_MAP_OUTPUT': 'dxf_drill_map', 'CSV_DRILL_TABLE_OUTPUT': 'csv_drill_table', 'CSV_POS_OUTPUT': 'csv_position', 'CSV_TP_OUTPUT': 'csv_testpoints', 'CSV_TP_TOP_OUTPUT': 'csv_testpoints_top', 'CSV_TP_BOTTOM_OUTPUT': 'csv_testpoints_bottom', 'CSV_BOM_OUTPUT': 'csv_bom', 'XLSX_BOM_OUTPUT': 'xlsx_bom', 'HTML_IBOM_OUTPUT': 'html_bom_interactive', 'HTML_BOM_OUTPUT': 'html_bom', 'CSV_COMP_COUNT_OUPUT': 'csv_comp_count', 'CSV_IMPEDANCE_TABLE_OUTPUT': 'csv_impedance_table', 'TXT_FAB_NOTES_OUTPUT': 'txt_fabrication_notes', 'TXT_ASSEMBLY_NOTES_OUTPUT': 'txt_assembly_notes', 'PNG_3D_VIEWER_TOP': 'png_3d_viewer_top', 'PNG_3D_VIEWER_BOTTOM': 'png_3d_viewer_bottom', 'PNG_3D_VIEWER_ANGLED_TOP': 'png_3d_viewer_angled_top', 'PNG_3D_VIEWER_ANGLED_BOTTOM': 'png_3d_viewer_angled_bottom', 'STEP_OUTPUT': 'step', 'BLENDER_OUTPUT': 'blender', 'PDF_SCHEMATIC_OUTPUT': 'pdf_schematic', 'PDF_FABRICATION_OUTPUT': 'pdf_fabrication', 'PDF_ASSEMBLY_OUTPUT': 'pdf_assembly', 'ZIP_COMPRESS_FAB_OUTPUT': 'zip_compress_fab', 'HTML_KICANVAS_OUTPUT': 'html_kicanvas', 'HTML_KIRI_OUTPUT': 'html_kiri', 'MD_README_OUTPUT': 'md_readme', 'HTML_NAV_RES_OUTPUT': 'html_navigate_results'} (kibot - config_reader.py:667)
DEBUG:Applying preprocessor definitions (kibot - config_reader.py:672)
DEBUG:- Applying CLI definitions: {} (kibot - config_reader.py:679)
DEBUG:- Applying collected definitions: {'NAME': 'md_readme', 'COMMENT': 'README file in Markdown format', 'DIR': './', 'CATEGORY': '.', 'OUTPUT_NAME': 'README', 'TEMPLATE': 'kibot_resources/templates/readme.txt', 'PROJECT_NAME': 'ALB/MLB test', 'BOARD_NAME': 'alb_mlb test', 'COMPANY': 'General Atomics EMS', 'DESIGNER': 'Marcus Reighter', 'LOGO': 'Logos/Logo.png', 'GIT_URL': 'https://github.com/emptyd0nkey/albmlb', 'CHECK_ZONE_FILLS': True, 'STACKUP_TABLE_NOTE': 'external layer thicknesses are specified after plating', 'MPN_FIELD': 'Manufacturer Part Number', 'MAN_FIELD': 'Manufacturer', 'GROUP_ROUND_SLOTS': True, 'GROUP_PTH_NPTH': 'no', 'GROUP_PTH_NPTH_DRL': False, 'PLOT_REFS': True, 'COLOR_THEME': 'Altium_Theme', 'SHEET_WKS': '${KIPRJMOD}/Templates/KDT_Template_PCB_GIT_A4.kicad_wks', 'FAB_SCALING': 1, 'ASSEMBLY_SCALING': 1, 'EXCLUDE_REFS': '[MB*]', '3D_VIEWER_ROT_X': 2, '3D_VIEWER_ROT_Y': -1, '3D_VIEWER_ROT_Z': 1, '3D_VIEWER_ZOOM': -1, 'KEY_COLOR': '#00FF00', 'OUTPUT_DIR': './', 'REPORT_DIR': 'Reports', 'SCHEMATIC_DIR': 'Schematic', 'MANUFACTURING_DIR': 'Manufacturing', 'ASSEMBLY_DIR': '@MANUFACTURING_DIR@/Assembly', 'FABRICATION_DIR': '@MANUFACTURING_DIR@/Fabrication', 'GERBERS_DIR': '@FABRICATION_DIR@/Gerbers', 'FAB_DRILL_TABLES_DIR': '@FABRICATION_DIR@/Drill Tables', 'TESTING_DIR': 'Testing', 'TESTPOINTS_DIR': '@TESTING_DIR@/Testpoints', 'IMAGES_DIR': 'Images', '3D_DIR': '3D', 'RESOURCES_DIR': 'kibot_resources', 'REPORT_TEMPLATE_DIR': '@RESOURCES_DIR@/templates', 'SCRIPTS_DIR': '@RESOURCES_DIR@/scripts', 'LAYER_TITLE_PAGE': 'TitlePage', 'LAYER_DNP_TOP': 'F.DNP', 'LAYER_DNP_BOTTOM': 'B.DNP', 'LAYER_DRILL_MAP': 'DrillMap', 'LAYER_TP_LIST_TOP': 'F.TestPointList', 'LAYER_TP_LIST_BOTTOM': 'B.TestPointList', 'LAYER_ASSEMBLY_TEXT_TOP': 'F.AssemblyText', 'LAYER_ASSEMBLY_TEXT_BOTTOM': 'B.AssemblyText', 'LAYER_DNP_CROSS_TOP': 'F.DNP', 'LAYER_DNP_CROSS_BOTTOM': 'B.DNP', 'FILT_FIELD_RENAME': 'field_rename', 'FILT_TP_ONLY': 'only_testpoints', 'FILT_TP_EXCLUDE': 'exclude_testpoints', 'FILT_TP_TOP_ONLY': 'only_testpoints_top', 'FILT_TP_BOTTOM_ONLY': 'only_testpoints_bottom', 'SCH_VARIANT_OUTPUT': 'value_split', 'NETLIST_OUTPUT': 'netlist', 'GERBER_OUTPUT': 'gbr_gerbers', 'ODB_OUTPUT': 'zip_odb', 'EXCELLON_DRILL_OUTPUT': 'drl_excellon', 'PDF_DRILL_MAP_OUTPUT': 'pdf_drill_map', 'DXF_DRILL_MAP_OUTPUT': 'dxf_drill_map', 'CSV_DRILL_TABLE_OUTPUT': 'csv_drill_table', 'CSV_POS_OUTPUT': 'csv_position', 'CSV_TP_OUTPUT': 'csv_testpoints', 'CSV_TP_TOP_OUTPUT': 'csv_testpoints_top', 'CSV_TP_BOTTOM_OUTPUT': 'csv_testpoints_bottom', 'CSV_BOM_OUTPUT': 'csv_bom', 'XLSX_BOM_OUTPUT': 'xlsx_bom', 'HTML_IBOM_OUTPUT': 'html_bom_interactive', 'HTML_BOM_OUTPUT': 'html_bom', 'CSV_COMP_COUNT_OUPUT': 'csv_comp_count', 'CSV_IMPEDANCE_TABLE_OUTPUT': 'csv_impedance_table', 'TXT_FAB_NOTES_OUTPUT': 'txt_fabrication_notes', 'TXT_ASSEMBLY_NOTES_OUTPUT': 'txt_assembly_notes', 'PNG_3D_VIEWER_TOP': 'png_3d_viewer_top', 'PNG_3D_VIEWER_BOTTOM': 'png_3d_viewer_bottom', 'PNG_3D_VIEWER_ANGLED_TOP': 'png_3d_viewer_angled_top', 'PNG_3D_VIEWER_ANGLED_BOTTOM': 'png_3d_viewer_angled_bottom', 'STEP_OUTPUT': 'step', 'BLENDER_OUTPUT': 'blender', 'PDF_SCHEMATIC_OUTPUT': 'pdf_schematic', 'PDF_FABRICATION_OUTPUT': 'pdf_fabrication', 'PDF_ASSEMBLY_OUTPUT': 'pdf_assembly', 'ZIP_COMPRESS_FAB_OUTPUT': 'zip_compress_fab', 'HTML_KICANVAS_OUTPUT': 'html_kicanvas', 'HTML_KIRI_OUTPUT': 'html_kiri', 'MD_README_OUTPUT': 'md_readme', 'HTML_NAV_RES_OUTPUT': 'html_navigate_results'} (kibot - config_reader.py:682)
DEBUG:- Replacing @NAME@ -> md_readme (<class 'str'>) (kibot - config_reader.py:80)
DEBUG:- Replacing @COMMENT@ -> README file in Markdown format (<class 'str'>) (kibot - config_reader.py:80)
DEBUG:- Replacing @DIR@ -> ./ (<class 'str'>) (kibot - config_reader.py:80)
DEBUG:- Replacing @CATEGORY@ -> . (<class 'str'>) (kibot - config_reader.py:80)
DEBUG:- Replacing @OUTPUT_NAME@ -> README (<class 'str'>) (kibot - config_reader.py:80)
DEBUG:- Replacing @TEMPLATE@ -> kibot_resources/templates/readme.txt (<class 'str'>) (kibot - config_reader.py:80)
DEBUG:- Applying CLI definitions: {} (kibot - config_reader.py:679)
DEBUG:- Applying collected definitions: {'NAME': 'md_readme', 'COMMENT': 'README file in Markdown format', 'DIR': './', 'CATEGORY': '.', 'OUTPUT_NAME': 'README', 'TEMPLATE': 'kibot_resources/templates/readme.txt', 'PROJECT_NAME': 'ALB/MLB test', 'BOARD_NAME': 'alb_mlb test', 'COMPANY': 'General Atomics EMS', 'DESIGNER': 'Marcus Reighter', 'LOGO': 'Logos/Logo.png', 'GIT_URL': 'https://github.com/emptyd0nkey/albmlb', 'CHECK_ZONE_FILLS': True, 'STACKUP_TABLE_NOTE': 'external layer thicknesses are specified after plating', 'MPN_FIELD': 'Manufacturer Part Number', 'MAN_FIELD': 'Manufacturer', 'GROUP_ROUND_SLOTS': True, 'GROUP_PTH_NPTH': 'no', 'GROUP_PTH_NPTH_DRL': False, 'PLOT_REFS': True, 'COLOR_THEME': 'Altium_Theme', 'SHEET_WKS': '${KIPRJMOD}/Templates/KDT_Template_PCB_GIT_A4.kicad_wks', 'FAB_SCALING': 1, 'ASSEMBLY_SCALING': 1, 'EXCLUDE_REFS': '[MB*]', '3D_VIEWER_ROT_X': 2, '3D_VIEWER_ROT_Y': -1, '3D_VIEWER_ROT_Z': 1, '3D_VIEWER_ZOOM': -1, 'KEY_COLOR': '#00FF00', 'OUTPUT_DIR': './', 'REPORT_DIR': 'Reports', 'SCHEMATIC_DIR': 'Schematic', 'MANUFACTURING_DIR': 'Manufacturing', 'ASSEMBLY_DIR': '@MANUFACTURING_DIR@/Assembly', 'FABRICATION_DIR': '@MANUFACTURING_DIR@/Fabrication', 'GERBERS_DIR': '@FABRICATION_DIR@/Gerbers', 'FAB_DRILL_TABLES_DIR': '@FABRICATION_DIR@/Drill Tables', 'TESTING_DIR': 'Testing', 'TESTPOINTS_DIR': '@TESTING_DIR@/Testpoints', 'IMAGES_DIR': 'Images', '3D_DIR': '3D', 'RESOURCES_DIR': 'kibot_resources', 'REPORT_TEMPLATE_DIR': '@RESOURCES_DIR@/templates', 'SCRIPTS_DIR': '@RESOURCES_DIR@/scripts', 'LAYER_TITLE_PAGE': 'TitlePage', 'LAYER_DNP_TOP': 'F.DNP', 'LAYER_DNP_BOTTOM': 'B.DNP', 'LAYER_DRILL_MAP': 'DrillMap', 'LAYER_TP_LIST_TOP': 'F.TestPointList', 'LAYER_TP_LIST_BOTTOM': 'B.TestPointList', 'LAYER_ASSEMBLY_TEXT_TOP': 'F.AssemblyText', 'LAYER_ASSEMBLY_TEXT_BOTTOM': 'B.AssemblyText', 'LAYER_DNP_CROSS_TOP': 'F.DNP', 'LAYER_DNP_CROSS_BOTTOM': 'B.DNP', 'FILT_FIELD_RENAME': 'field_rename', 'FILT_TP_ONLY': 'only_testpoints', 'FILT_TP_EXCLUDE': 'exclude_testpoints', 'FILT_TP_TOP_ONLY': 'only_testpoints_top', 'FILT_TP_BOTTOM_ONLY': 'only_testpoints_bottom', 'SCH_VARIANT_OUTPUT': 'value_split', 'NETLIST_OUTPUT': 'netlist', 'GERBER_OUTPUT': 'gbr_gerbers', 'ODB_OUTPUT': 'zip_odb', 'EXCELLON_DRILL_OUTPUT': 'drl_excellon', 'PDF_DRILL_MAP_OUTPUT': 'pdf_drill_map', 'DXF_DRILL_MAP_OUTPUT': 'dxf_drill_map', 'CSV_DRILL_TABLE_OUTPUT': 'csv_drill_table', 'CSV_POS_OUTPUT': 'csv_position', 'CSV_TP_OUTPUT': 'csv_testpoints', 'CSV_TP_TOP_OUTPUT': 'csv_testpoints_top', 'CSV_TP_BOTTOM_OUTPUT': 'csv_testpoints_bottom', 'CSV_BOM_OUTPUT': 'csv_bom', 'XLSX_BOM_OUTPUT': 'xlsx_bom', 'HTML_IBOM_OUTPUT': 'html_bom_interactive', 'HTML_BOM_OUTPUT': 'html_bom', 'CSV_COMP_COUNT_OUPUT': 'csv_comp_count', 'CSV_IMPEDANCE_TABLE_OUTPUT': 'csv_impedance_table', 'TXT_FAB_NOTES_OUTPUT': 'txt_fabrication_notes', 'TXT_ASSEMBLY_NOTES_OUTPUT': 'txt_assembly_notes', 'PNG_3D_VIEWER_TOP': 'png_3d_viewer_top', 'PNG_3D_VIEWER_BOTTOM': 'png_3d_viewer_bottom', 'PNG_3D_VIEWER_ANGLED_TOP': 'png_3d_viewer_angled_top', 'PNG_3D_VIEWER_ANGLED_BOTTOM': 'png_3d_viewer_angled_bottom', 'STEP_OUTPUT': 'step', 'BLENDER_OUTPUT': 'blender', 'PDF_SCHEMATIC_OUTPUT': 'pdf_schematic', 'PDF_FABRICATION_OUTPUT': 'pdf_fabrication', 'PDF_ASSEMBLY_OUTPUT': 'pdf_assembly', 'ZIP_COMPRESS_FAB_OUTPUT': 'zip_compress_fab', 'HTML_KICANVAS_OUTPUT': 'html_kicanvas', 'HTML_KIRI_OUTPUT': 'html_kiri', 'MD_README_OUTPUT': 'md_readme', 'HTML_NAV_RES_OUTPUT': 'html_navigate_results'} (kibot - config_reader.py:682)
DEBUG:YAML after expanding definitions:
# KiBot output for MD Report (e.g. README.md)
# https://kibot.readthedocs.io/en/latest/configuration/outputs/report.html

kibot:
  version: 1

outputs:
  - name: md_readme
    comment: 'README file in Markdown format'
    type: report
    category: '.'
    dir: './'
    options:
      output: 'README.md'
      template: kibot_resources/templates/readme.txt

 (kibot - config_reader.py:688)
DEBUG:Pre-parsing output options for `md_readme` (report) (kibot - config_reader.py:171)
DEBUG:Outputs loaded from `kibot_yaml/kibot_out_md_report.yaml`: ['md_readme'] (kibot - config_reader.py:363)
DEBUG:Found local definitions (kibot - config_reader.py:653)
DEBUG:- Local definitions: {'NAME': 'html_navigate_results', 'COMMENT': 'Results webpage in HTML format', 'DIR': 'HTML', 'TITLE': '', 'LOGO': '', 'LOGO_URL': ''} (kibot - config_reader.py:663)
DEBUG:- Current definitions: {'PROJECT_NAME': 'ALB/MLB test', 'BOARD_NAME': 'alb_mlb test', 'COMPANY': 'General Atomics EMS', 'DESIGNER': 'Marcus Reighter', 'LOGO': 'Logos/Logo.png', 'GIT_URL': 'https://github.com/emptyd0nkey/albmlb', 'CHECK_ZONE_FILLS': True, 'STACKUP_TABLE_NOTE': 'external layer thicknesses are specified after plating', 'MPN_FIELD': 'Manufacturer Part Number', 'MAN_FIELD': 'Manufacturer', 'GROUP_ROUND_SLOTS': True, 'GROUP_PTH_NPTH': 'no', 'GROUP_PTH_NPTH_DRL': False, 'PLOT_REFS': True, 'COLOR_THEME': 'Altium_Theme', 'SHEET_WKS': '${KIPRJMOD}/Templates/KDT_Template_PCB_GIT_A4.kicad_wks', 'FAB_SCALING': 1, 'ASSEMBLY_SCALING': 1, 'EXCLUDE_REFS': '[MB*]', '3D_VIEWER_ROT_X': 2, '3D_VIEWER_ROT_Y': -1, '3D_VIEWER_ROT_Z': 1, '3D_VIEWER_ZOOM': -1, 'KEY_COLOR': '#00FF00', 'OUTPUT_DIR': './', 'REPORT_DIR': 'Reports', 'SCHEMATIC_DIR': 'Schematic', 'MANUFACTURING_DIR': 'Manufacturing', 'ASSEMBLY_DIR': '@MANUFACTURING_DIR@/Assembly', 'FABRICATION_DIR': '@MANUFACTURING_DIR@/Fabrication', 'GERBERS_DIR': '@FABRICATION_DIR@/Gerbers', 'FAB_DRILL_TABLES_DIR': '@FABRICATION_DIR@/Drill Tables', 'TESTING_DIR': 'Testing', 'TESTPOINTS_DIR': '@TESTING_DIR@/Testpoints', 'IMAGES_DIR': 'Images', '3D_DIR': '3D', 'RESOURCES_DIR': 'kibot_resources', 'REPORT_TEMPLATE_DIR': '@RESOURCES_DIR@/templates', 'SCRIPTS_DIR': '@RESOURCES_DIR@/scripts', 'LAYER_TITLE_PAGE': 'TitlePage', 'LAYER_DNP_TOP': 'F.DNP', 'LAYER_DNP_BOTTOM': 'B.DNP', 'LAYER_DRILL_MAP': 'DrillMap', 'LAYER_TP_LIST_TOP': 'F.TestPointList', 'LAYER_TP_LIST_BOTTOM': 'B.TestPointList', 'LAYER_ASSEMBLY_TEXT_TOP': 'F.AssemblyText', 'LAYER_ASSEMBLY_TEXT_BOTTOM': 'B.AssemblyText', 'LAYER_DNP_CROSS_TOP': 'F.DNP', 'LAYER_DNP_CROSS_BOTTOM': 'B.DNP', 'FILT_FIELD_RENAME': 'field_rename', 'FILT_TP_ONLY': 'only_testpoints', 'FILT_TP_EXCLUDE': 'exclude_testpoints', 'FILT_TP_TOP_ONLY': 'only_testpoints_top', 'FILT_TP_BOTTOM_ONLY': 'only_testpoints_bottom', 'SCH_VARIANT_OUTPUT': 'value_split', 'NETLIST_OUTPUT': 'netlist', 'GERBER_OUTPUT': 'gbr_gerbers', 'ODB_OUTPUT': 'zip_odb', 'EXCELLON_DRILL_OUTPUT': 'drl_excellon', 'PDF_DRILL_MAP_OUTPUT': 'pdf_drill_map', 'DXF_DRILL_MAP_OUTPUT': 'dxf_drill_map', 'CSV_DRILL_TABLE_OUTPUT': 'csv_drill_table', 'CSV_POS_OUTPUT': 'csv_position', 'CSV_TP_OUTPUT': 'csv_testpoints', 'CSV_TP_TOP_OUTPUT': 'csv_testpoints_top', 'CSV_TP_BOTTOM_OUTPUT': 'csv_testpoints_bottom', 'CSV_BOM_OUTPUT': 'csv_bom', 'XLSX_BOM_OUTPUT': 'xlsx_bom', 'HTML_IBOM_OUTPUT': 'html_bom_interactive', 'HTML_BOM_OUTPUT': 'html_bom', 'CSV_COMP_COUNT_OUPUT': 'csv_comp_count', 'CSV_IMPEDANCE_TABLE_OUTPUT': 'csv_impedance_table', 'TXT_FAB_NOTES_OUTPUT': 'txt_fabrication_notes', 'TXT_ASSEMBLY_NOTES_OUTPUT': 'txt_assembly_notes', 'PNG_3D_VIEWER_TOP': 'png_3d_viewer_top', 'PNG_3D_VIEWER_BOTTOM': 'png_3d_viewer_bottom', 'PNG_3D_VIEWER_ANGLED_TOP': 'png_3d_viewer_angled_top', 'PNG_3D_VIEWER_ANGLED_BOTTOM': 'png_3d_viewer_angled_bottom', 'STEP_OUTPUT': 'step', 'BLENDER_OUTPUT': 'blender', 'PDF_SCHEMATIC_OUTPUT': 'pdf_schematic', 'PDF_FABRICATION_OUTPUT': 'pdf_fabrication', 'PDF_ASSEMBLY_OUTPUT': 'pdf_assembly', 'ZIP_COMPRESS_FAB_OUTPUT': 'zip_compress_fab', 'HTML_KICANVAS_OUTPUT': 'html_kicanvas', 'HTML_KIRI_OUTPUT': 'html_kiri', 'MD_README_OUTPUT': 'md_readme', 'HTML_NAV_RES_OUTPUT': 'html_navigate_results', 'NAME': 'html_navigate_results', 'COMMENT': 'Results webpage in HTML format', 'DIR': 'HTML', 'TITLE': 'alb_mlb test', 'LOGO_URL': 'https://github.com/emptyd0nkey/albmlb'} (kibot - config_reader.py:664)
DEBUG:- Updated definitions: {'NAME': 'html_navigate_results', 'COMMENT': 'Results webpage in HTML format', 'DIR': 'HTML', 'TITLE': 'alb_mlb test', 'LOGO': 'Logos/Logo.png', 'LOGO_URL': 'https://github.com/emptyd0nkey/albmlb', 'PROJECT_NAME': 'ALB/MLB test', 'BOARD_NAME': 'alb_mlb test', 'COMPANY': 'General Atomics EMS', 'DESIGNER': 'Marcus Reighter', 'GIT_URL': 'https://github.com/emptyd0nkey/albmlb', 'CHECK_ZONE_FILLS': True, 'STACKUP_TABLE_NOTE': 'external layer thicknesses are specified after plating', 'MPN_FIELD': 'Manufacturer Part Number', 'MAN_FIELD': 'Manufacturer', 'GROUP_ROUND_SLOTS': True, 'GROUP_PTH_NPTH': 'no', 'GROUP_PTH_NPTH_DRL': False, 'PLOT_REFS': True, 'COLOR_THEME': 'Altium_Theme', 'SHEET_WKS': '${KIPRJMOD}/Templates/KDT_Template_PCB_GIT_A4.kicad_wks', 'FAB_SCALING': 1, 'ASSEMBLY_SCALING': 1, 'EXCLUDE_REFS': '[MB*]', '3D_VIEWER_ROT_X': 2, '3D_VIEWER_ROT_Y': -1, '3D_VIEWER_ROT_Z': 1, '3D_VIEWER_ZOOM': -1, 'KEY_COLOR': '#00FF00', 'OUTPUT_DIR': './', 'REPORT_DIR': 'Reports', 'SCHEMATIC_DIR': 'Schematic', 'MANUFACTURING_DIR': 'Manufacturing', 'ASSEMBLY_DIR': '@MANUFACTURING_DIR@/Assembly', 'FABRICATION_DIR': '@MANUFACTURING_DIR@/Fabrication', 'GERBERS_DIR': '@FABRICATION_DIR@/Gerbers', 'FAB_DRILL_TABLES_DIR': '@FABRICATION_DIR@/Drill Tables', 'TESTING_DIR': 'Testing', 'TESTPOINTS_DIR': '@TESTING_DIR@/Testpoints', 'IMAGES_DIR': 'Images', '3D_DIR': '3D', 'RESOURCES_DIR': 'kibot_resources', 'REPORT_TEMPLATE_DIR': '@RESOURCES_DIR@/templates', 'SCRIPTS_DIR': '@RESOURCES_DIR@/scripts', 'LAYER_TITLE_PAGE': 'TitlePage', 'LAYER_DNP_TOP': 'F.DNP', 'LAYER_DNP_BOTTOM': 'B.DNP', 'LAYER_DRILL_MAP': 'DrillMap', 'LAYER_TP_LIST_TOP': 'F.TestPointList', 'LAYER_TP_LIST_BOTTOM': 'B.TestPointList', 'LAYER_ASSEMBLY_TEXT_TOP': 'F.AssemblyText', 'LAYER_ASSEMBLY_TEXT_BOTTOM': 'B.AssemblyText', 'LAYER_DNP_CROSS_TOP': 'F.DNP', 'LAYER_DNP_CROSS_BOTTOM': 'B.DNP', 'FILT_FIELD_RENAME': 'field_rename', 'FILT_TP_ONLY': 'only_testpoints', 'FILT_TP_EXCLUDE': 'exclude_testpoints', 'FILT_TP_TOP_ONLY': 'only_testpoints_top', 'FILT_TP_BOTTOM_ONLY': 'only_testpoints_bottom', 'SCH_VARIANT_OUTPUT': 'value_split', 'NETLIST_OUTPUT': 'netlist', 'GERBER_OUTPUT': 'gbr_gerbers', 'ODB_OUTPUT': 'zip_odb', 'EXCELLON_DRILL_OUTPUT': 'drl_excellon', 'PDF_DRILL_MAP_OUTPUT': 'pdf_drill_map', 'DXF_DRILL_MAP_OUTPUT': 'dxf_drill_map', 'CSV_DRILL_TABLE_OUTPUT': 'csv_drill_table', 'CSV_POS_OUTPUT': 'csv_position', 'CSV_TP_OUTPUT': 'csv_testpoints', 'CSV_TP_TOP_OUTPUT': 'csv_testpoints_top', 'CSV_TP_BOTTOM_OUTPUT': 'csv_testpoints_bottom', 'CSV_BOM_OUTPUT': 'csv_bom', 'XLSX_BOM_OUTPUT': 'xlsx_bom', 'HTML_IBOM_OUTPUT': 'html_bom_interactive', 'HTML_BOM_OUTPUT': 'html_bom', 'CSV_COMP_COUNT_OUPUT': 'csv_comp_count', 'CSV_IMPEDANCE_TABLE_OUTPUT': 'csv_impedance_table', 'TXT_FAB_NOTES_OUTPUT': 'txt_fabrication_notes', 'TXT_ASSEMBLY_NOTES_OUTPUT': 'txt_assembly_notes', 'PNG_3D_VIEWER_TOP': 'png_3d_viewer_top', 'PNG_3D_VIEWER_BOTTOM': 'png_3d_viewer_bottom', 'PNG_3D_VIEWER_ANGLED_TOP': 'png_3d_viewer_angled_top', 'PNG_3D_VIEWER_ANGLED_BOTTOM': 'png_3d_viewer_angled_bottom', 'STEP_OUTPUT': 'step', 'BLENDER_OUTPUT': 'blender', 'PDF_SCHEMATIC_OUTPUT': 'pdf_schematic', 'PDF_FABRICATION_OUTPUT': 'pdf_fabrication', 'PDF_ASSEMBLY_OUTPUT': 'pdf_assembly', 'ZIP_COMPRESS_FAB_OUTPUT': 'zip_compress_fab', 'HTML_KICANVAS_OUTPUT': 'html_kicanvas', 'HTML_KIRI_OUTPUT': 'html_kiri', 'MD_README_OUTPUT': 'md_readme', 'HTML_NAV_RES_OUTPUT': 'html_navigate_results'} (kibot - config_reader.py:667)
DEBUG:Applying preprocessor definitions (kibot - config_reader.py:672)
DEBUG:- Applying CLI definitions: {} (kibot - config_reader.py:679)
DEBUG:- Applying collected definitions: {'NAME': 'html_navigate_results', 'COMMENT': 'Results webpage in HTML format', 'DIR': 'HTML', 'TITLE': 'alb_mlb test', 'LOGO': 'Logos/Logo.png', 'LOGO_URL': 'https://github.com/emptyd0nkey/albmlb', 'PROJECT_NAME': 'ALB/MLB test', 'BOARD_NAME': 'alb_mlb test', 'COMPANY': 'General Atomics EMS', 'DESIGNER': 'Marcus Reighter', 'GIT_URL': 'https://github.com/emptyd0nkey/albmlb', 'CHECK_ZONE_FILLS': True, 'STACKUP_TABLE_NOTE': 'external layer thicknesses are specified after plating', 'MPN_FIELD': 'Manufacturer Part Number', 'MAN_FIELD': 'Manufacturer', 'GROUP_ROUND_SLOTS': True, 'GROUP_PTH_NPTH': 'no', 'GROUP_PTH_NPTH_DRL': False, 'PLOT_REFS': True, 'COLOR_THEME': 'Altium_Theme', 'SHEET_WKS': '${KIPRJMOD}/Templates/KDT_Template_PCB_GIT_A4.kicad_wks', 'FAB_SCALING': 1, 'ASSEMBLY_SCALING': 1, 'EXCLUDE_REFS': '[MB*]', '3D_VIEWER_ROT_X': 2, '3D_VIEWER_ROT_Y': -1, '3D_VIEWER_ROT_Z': 1, '3D_VIEWER_ZOOM': -1, 'KEY_COLOR': '#00FF00', 'OUTPUT_DIR': './', 'REPORT_DIR': 'Reports', 'SCHEMATIC_DIR': 'Schematic', 'MANUFACTURING_DIR': 'Manufacturing', 'ASSEMBLY_DIR': '@MANUFACTURING_DIR@/Assembly', 'FABRICATION_DIR': '@MANUFACTURING_DIR@/Fabrication', 'GERBERS_DIR': '@FABRICATION_DIR@/Gerbers', 'FAB_DRILL_TABLES_DIR': '@FABRICATION_DIR@/Drill Tables', 'TESTING_DIR': 'Testing', 'TESTPOINTS_DIR': '@TESTING_DIR@/Testpoints', 'IMAGES_DIR': 'Images', '3D_DIR': '3D', 'RESOURCES_DIR': 'kibot_resources', 'REPORT_TEMPLATE_DIR': '@RESOURCES_DIR@/templates', 'SCRIPTS_DIR': '@RESOURCES_DIR@/scripts', 'LAYER_TITLE_PAGE': 'TitlePage', 'LAYER_DNP_TOP': 'F.DNP', 'LAYER_DNP_BOTTOM': 'B.DNP', 'LAYER_DRILL_MAP': 'DrillMap', 'LAYER_TP_LIST_TOP': 'F.TestPointList', 'LAYER_TP_LIST_BOTTOM': 'B.TestPointList', 'LAYER_ASSEMBLY_TEXT_TOP': 'F.AssemblyText', 'LAYER_ASSEMBLY_TEXT_BOTTOM': 'B.AssemblyText', 'LAYER_DNP_CROSS_TOP': 'F.DNP', 'LAYER_DNP_CROSS_BOTTOM': 'B.DNP', 'FILT_FIELD_RENAME': 'field_rename', 'FILT_TP_ONLY': 'only_testpoints', 'FILT_TP_EXCLUDE': 'exclude_testpoints', 'FILT_TP_TOP_ONLY': 'only_testpoints_top', 'FILT_TP_BOTTOM_ONLY': 'only_testpoints_bottom', 'SCH_VARIANT_OUTPUT': 'value_split', 'NETLIST_OUTPUT': 'netlist', 'GERBER_OUTPUT': 'gbr_gerbers', 'ODB_OUTPUT': 'zip_odb', 'EXCELLON_DRILL_OUTPUT': 'drl_excellon', 'PDF_DRILL_MAP_OUTPUT': 'pdf_drill_map', 'DXF_DRILL_MAP_OUTPUT': 'dxf_drill_map', 'CSV_DRILL_TABLE_OUTPUT': 'csv_drill_table', 'CSV_POS_OUTPUT': 'csv_position', 'CSV_TP_OUTPUT': 'csv_testpoints', 'CSV_TP_TOP_OUTPUT': 'csv_testpoints_top', 'CSV_TP_BOTTOM_OUTPUT': 'csv_testpoints_bottom', 'CSV_BOM_OUTPUT': 'csv_bom', 'XLSX_BOM_OUTPUT': 'xlsx_bom', 'HTML_IBOM_OUTPUT': 'html_bom_interactive', 'HTML_BOM_OUTPUT': 'html_bom', 'CSV_COMP_COUNT_OUPUT': 'csv_comp_count', 'CSV_IMPEDANCE_TABLE_OUTPUT': 'csv_impedance_table', 'TXT_FAB_NOTES_OUTPUT': 'txt_fabrication_notes', 'TXT_ASSEMBLY_NOTES_OUTPUT': 'txt_assembly_notes', 'PNG_3D_VIEWER_TOP': 'png_3d_viewer_top', 'PNG_3D_VIEWER_BOTTOM': 'png_3d_viewer_bottom', 'PNG_3D_VIEWER_ANGLED_TOP': 'png_3d_viewer_angled_top', 'PNG_3D_VIEWER_ANGLED_BOTTOM': 'png_3d_viewer_angled_bottom', 'STEP_OUTPUT': 'step', 'BLENDER_OUTPUT': 'blender', 'PDF_SCHEMATIC_OUTPUT': 'pdf_schematic', 'PDF_FABRICATION_OUTPUT': 'pdf_fabrication', 'PDF_ASSEMBLY_OUTPUT': 'pdf_assembly', 'ZIP_COMPRESS_FAB_OUTPUT': 'zip_compress_fab', 'HTML_KICANVAS_OUTPUT': 'html_kicanvas', 'HTML_KIRI_OUTPUT': 'html_kiri', 'MD_README_OUTPUT': 'md_readme', 'HTML_NAV_RES_OUTPUT': 'html_navigate_results'} (kibot - config_reader.py:682)
DEBUG:- Replacing @NAME@ -> html_navigate_results (<class 'str'>) (kibot - config_reader.py:80)
DEBUG:- Replacing @COMMENT@ -> Results webpage in HTML format (<class 'str'>) (kibot - config_reader.py:80)
DEBUG:- Replacing @DIR@ -> HTML (<class 'str'>) (kibot - config_reader.py:80)
DEBUG:- Replacing @TITLE@ -> alb_mlb test (<class 'str'>) (kibot - config_reader.py:80)
DEBUG:- Replacing @LOGO@ -> Logos/Logo.png (<class 'str'>) (kibot - config_reader.py:80)
DEBUG:- Replacing @LOGO_URL@ -> https://github.com/emptyd0nkey/albmlb (<class 'str'>) (kibot - config_reader.py:80)
DEBUG:- Applying CLI definitions: {} (kibot - config_reader.py:679)
DEBUG:- Applying collected definitions: {'NAME': 'html_navigate_results', 'COMMENT': 'Results webpage in HTML format', 'DIR': 'HTML', 'TITLE': 'alb_mlb test', 'LOGO': 'Logos/Logo.png', 'LOGO_URL': 'https://github.com/emptyd0nkey/albmlb', 'PROJECT_NAME': 'ALB/MLB test', 'BOARD_NAME': 'alb_mlb test', 'COMPANY': 'General Atomics EMS', 'DESIGNER': 'Marcus Reighter', 'GIT_URL': 'https://github.com/emptyd0nkey/albmlb', 'CHECK_ZONE_FILLS': True, 'STACKUP_TABLE_NOTE': 'external layer thicknesses are specified after plating', 'MPN_FIELD': 'Manufacturer Part Number', 'MAN_FIELD': 'Manufacturer', 'GROUP_ROUND_SLOTS': True, 'GROUP_PTH_NPTH': 'no', 'GROUP_PTH_NPTH_DRL': False, 'PLOT_REFS': True, 'COLOR_THEME': 'Altium_Theme', 'SHEET_WKS': '${KIPRJMOD}/Templates/KDT_Template_PCB_GIT_A4.kicad_wks', 'FAB_SCALING': 1, 'ASSEMBLY_SCALING': 1, 'EXCLUDE_REFS': '[MB*]', '3D_VIEWER_ROT_X': 2, '3D_VIEWER_ROT_Y': -1, '3D_VIEWER_ROT_Z': 1, '3D_VIEWER_ZOOM': -1, 'KEY_COLOR': '#00FF00', 'OUTPUT_DIR': './', 'REPORT_DIR': 'Reports', 'SCHEMATIC_DIR': 'Schematic', 'MANUFACTURING_DIR': 'Manufacturing', 'ASSEMBLY_DIR': '@MANUFACTURING_DIR@/Assembly', 'FABRICATION_DIR': '@MANUFACTURING_DIR@/Fabrication', 'GERBERS_DIR': '@FABRICATION_DIR@/Gerbers', 'FAB_DRILL_TABLES_DIR': '@FABRICATION_DIR@/Drill Tables', 'TESTING_DIR': 'Testing', 'TESTPOINTS_DIR': '@TESTING_DIR@/Testpoints', 'IMAGES_DIR': 'Images', '3D_DIR': '3D', 'RESOURCES_DIR': 'kibot_resources', 'REPORT_TEMPLATE_DIR': '@RESOURCES_DIR@/templates', 'SCRIPTS_DIR': '@RESOURCES_DIR@/scripts', 'LAYER_TITLE_PAGE': 'TitlePage', 'LAYER_DNP_TOP': 'F.DNP', 'LAYER_DNP_BOTTOM': 'B.DNP', 'LAYER_DRILL_MAP': 'DrillMap', 'LAYER_TP_LIST_TOP': 'F.TestPointList', 'LAYER_TP_LIST_BOTTOM': 'B.TestPointList', 'LAYER_ASSEMBLY_TEXT_TOP': 'F.AssemblyText', 'LAYER_ASSEMBLY_TEXT_BOTTOM': 'B.AssemblyText', 'LAYER_DNP_CROSS_TOP': 'F.DNP', 'LAYER_DNP_CROSS_BOTTOM': 'B.DNP', 'FILT_FIELD_RENAME': 'field_rename', 'FILT_TP_ONLY': 'only_testpoints', 'FILT_TP_EXCLUDE': 'exclude_testpoints', 'FILT_TP_TOP_ONLY': 'only_testpoints_top', 'FILT_TP_BOTTOM_ONLY': 'only_testpoints_bottom', 'SCH_VARIANT_OUTPUT': 'value_split', 'NETLIST_OUTPUT': 'netlist', 'GERBER_OUTPUT': 'gbr_gerbers', 'ODB_OUTPUT': 'zip_odb', 'EXCELLON_DRILL_OUTPUT': 'drl_excellon', 'PDF_DRILL_MAP_OUTPUT': 'pdf_drill_map', 'DXF_DRILL_MAP_OUTPUT': 'dxf_drill_map', 'CSV_DRILL_TABLE_OUTPUT': 'csv_drill_table', 'CSV_POS_OUTPUT': 'csv_position', 'CSV_TP_OUTPUT': 'csv_testpoints', 'CSV_TP_TOP_OUTPUT': 'csv_testpoints_top', 'CSV_TP_BOTTOM_OUTPUT': 'csv_testpoints_bottom', 'CSV_BOM_OUTPUT': 'csv_bom', 'XLSX_BOM_OUTPUT': 'xlsx_bom', 'HTML_IBOM_OUTPUT': 'html_bom_interactive', 'HTML_BOM_OUTPUT': 'html_bom', 'CSV_COMP_COUNT_OUPUT': 'csv_comp_count', 'CSV_IMPEDANCE_TABLE_OUTPUT': 'csv_impedance_table', 'TXT_FAB_NOTES_OUTPUT': 'txt_fabrication_notes', 'TXT_ASSEMBLY_NOTES_OUTPUT': 'txt_assembly_notes', 'PNG_3D_VIEWER_TOP': 'png_3d_viewer_top', 'PNG_3D_VIEWER_BOTTOM': 'png_3d_viewer_bottom', 'PNG_3D_VIEWER_ANGLED_TOP': 'png_3d_viewer_angled_top', 'PNG_3D_VIEWER_ANGLED_BOTTOM': 'png_3d_viewer_angled_bottom', 'STEP_OUTPUT': 'step', 'BLENDER_OUTPUT': 'blender', 'PDF_SCHEMATIC_OUTPUT': 'pdf_schematic', 'PDF_FABRICATION_OUTPUT': 'pdf_fabrication', 'PDF_ASSEMBLY_OUTPUT': 'pdf_assembly', 'ZIP_COMPRESS_FAB_OUTPUT': 'zip_compress_fab', 'HTML_KICANVAS_OUTPUT': 'html_kicanvas', 'HTML_KIRI_OUTPUT': 'html_kiri', 'MD_README_OUTPUT': 'md_readme', 'HTML_NAV_RES_OUTPUT': 'html_navigate_results'} (kibot - config_reader.py:682)
DEBUG:YAML after expanding definitions:
# KiBot output for generating an HTML page for navigating the results
# https://kibot.readthedocs.io/en/latest/configuration/outputs/navigate_results_rb.html

kibot:
  version: 1

outputs:
- name: html_navigate_results
  comment: 'Results webpage in HTML format'
  type: navigate_results_rb
  # category: 'HTML'
  dir: 'HTML'
  options:
    link_from_root: 'index.html'
    logo: 'Logos/Logo.png'
    logo_force_height: 40
    logo_url: 'https://github.com/emptyd0nkey/albmlb'
    nav_bar: true
    render_markdown: true
    display_category_images: false
    display_kibot_version: false
    title: 'alb_mlb test'
    title_url: 'https://github.com/emptyd0nkey/albmlb'

 (kibot - config_reader.py:688)
DEBUG:Pre-parsing output options for `html_navigate_results` (navigate_results_rb) (kibot - config_reader.py:171)
DEBUG:Outputs loaded from `kibot_yaml/kibot_out_navigate_results.yaml`: ['html_navigate_results'] (kibot - config_reader.py:363)
DEBUG:Configuring variants (kibot - config_reader.py:495)
WARNING:(W178) `update_xml` preflight redefined. Want to use `merge_pre`? (kibot.pre_base - pre_base.py:97)
DEBUG:Adding groups: {} (kibot - registrable.py:268)
DEBUG:Parsing global options: {} (kibot - config_reader.py:303)
DEBUG:Global options + imported: {'out_dir': './', 'dnp_cross_top_layer': 'F.DNP', 'dnp_cross_bottom_layer': 'B.DNP', 'disable_kicad_cross_on_fab': True, 'extra_pth_drill': 0, 'filters': [{'number': 9}, {'number': 10}, {'number': 20}, {'number': 44}, {'number': 62}, {'number': 98}, {'number': 133}, {'number': 143}, {'number': 147}, {'number': 168}, {'number': 172}, {'number': 1008}]} (kibot - config_reader.py:312)
DEBUG:Looking for stack-up information in the PCB (kibot.globals - globals.py:540)
DEBUG:- Found stack-up information (kibot.globals - globals.py:556)
DEBUG:- F.SilkS color: White (kibot.globals - globals.py:504)
DEBUG:- Core color: FR4 natural (kibot.globals - globals.py:530)
DEBUG:- B.SilkS color: White (kibot.globals - globals.py:508)
DEBUG:- Copper finish: Immersion gold (kibot.globals - globals.py:571)
DEBUG:- Impedance controlled: yes (kibot.globals - globals.py:583)
DEBUG:- PCB Material/s: FR4_7628 / FR4 (kibot.globals - globals.py:592)
DEBUG:- Copper thickness: 70 / 35 (kibot.globals - globals.py:594)
DEBUG:Configuring from default: aliases_for_3d_models -> [] (kibot - optionable.py:377)
DEBUG:Configuring from default: extra_os -> [] (kibot - optionable.py:377)
DEBUG:Configuring from default: environment -> <kibot.globals.Environment object at 0x7f282a7ecd70> (kibot - optionable.py:377)
DEBUG:Configuring from default: field_tolerance -> ['tolerance', 'tol'] (kibot - optionable.py:613)
DEBUG:Configuring from default: field_voltage -> ['voltage', 'v'] (kibot - optionable.py:613)
DEBUG:Configuring from default: field_package -> ['package', 'pkg'] (kibot - optionable.py:613)
DEBUG:Configuring from default: field_temp_coef -> ['temp_coef', 'tmp_coef'] (kibot - optionable.py:613)
DEBUG:Configuring from default: field_power -> ['power', 'pow'] (kibot - optionable.py:613)
DEBUG:Configuring from default: field_current -> ['current', 'i'] (kibot - optionable.py:613)
DEBUG:Configuring from default: layer_defaults -> [] (kibot - optionable.py:377)
DEBUG:Adding KiBot warnings filter '','9','' (kibot.pre_filters - pre_filters.py:84)
DEBUG:Adding KiBot warnings filter '','10','' (kibot.pre_filters - pre_filters.py:84)
DEBUG:Adding KiBot warnings filter '','20','' (kibot.pre_filters - pre_filters.py:84)
DEBUG:Adding KiBot warnings filter '','44','' (kibot.pre_filters - pre_filters.py:84)
DEBUG:Adding KiBot warnings filter '','62','' (kibot.pre_filters - pre_filters.py:84)
DEBUG:Adding KiBot warnings filter '','98','' (kibot.pre_filters - pre_filters.py:84)
DEBUG:Adding KiBot warnings filter '','133','' (kibot.pre_filters - pre_filters.py:84)
DEBUG:Adding KiBot warnings filter '','143','' (kibot.pre_filters - pre_filters.py:84)
DEBUG:Adding KiBot warnings filter '','147','' (kibot.pre_filters - pre_filters.py:84)
DEBUG:Adding KiBot warnings filter '','168','' (kibot.pre_filters - pre_filters.py:84)
DEBUG:Adding KiBot warnings filter '','172','' (kibot.pre_filters - pre_filters.py:84)
DEBUG:Adding KiBot warnings filter '','1008','' (kibot.pre_filters - pre_filters.py:84)
Using command line value `PRELIMINARY` for global option `variant`
DEBUG:Parsing variant `DRAFT` (kibom) (kibot - config_reader.py:254)
DEBUG:Parsing variant `PRELIMINARY` (kibom) (kibot - config_reader.py:254)
DEBUG:Parsing variant `CHECKED` (kibom) (kibot - config_reader.py:254)
DEBUG:Parsing variant `RELEASED` (kibom) (kibot - config_reader.py:254)
DEBUG:Configuring variants (kibot - config_reader.py:495)
DEBUG:Configuring from default: pre_transform -> _null (kibot - optionable.py:377)
DEBUG:Configuring from default: dnf_filter -> ['_kibom_dnf_CONFIG_FIELD'] (kibot - optionable.py:377)
DEBUG:Configuring from default: dnc_filter -> ['_kibom_dnc_CONFIG_FIELD'] (kibot - optionable.py:377)
DEBUG:Configuring from default: sub_pcbs -> [] (kibot - optionable.py:377)
DEBUG:Creating internal filter: {'name': '_kibom_dnf_Config', 'type': 'generic', 'comment': 'Internal KiBoM DNF filter (Config)', 'config_field': 'Config', 'exclude_value': True, 'exclude_config': True, 'keys': 'dnf_list'} (kibot - fil_base.py:283)
DEBUG:Configuring from default: include_only -> [] (kibot - optionable.py:377)
DEBUG:Configuring from default: exclude_any -> [] (kibot - optionable.py:377)
DEBUG:Configuring from default: exclude_refs -> [] (kibot - optionable.py:377)
DEBUG:Creating internal filter: {'name': '_kibom_dnc_Config', 'type': 'generic', 'comment': 'Internal KiBoM DNC filter (Config)', 'config_field': 'Config', 'exclude_value': True, 'exclude_config': True, 'keys': 'dnc_list', 'invert': True} (kibot - fil_base.py:283)
DEBUG:Configuring from default: include_only -> [] (kibot - optionable.py:377)
DEBUG:Configuring from default: exclude_any -> [] (kibot - optionable.py:377)
DEBUG:Configuring from default: exclude_refs -> [] (kibot - optionable.py:377)
DEBUG:Configuring from default: pre_transform -> _null (kibot - optionable.py:377)
DEBUG:Configuring from default: dnf_filter -> ['_kibom_dnf_CONFIG_FIELD'] (kibot - optionable.py:377)
DEBUG:Configuring from default: dnc_filter -> ['_kibom_dnc_CONFIG_FIELD'] (kibot - optionable.py:377)
DEBUG:Configuring from default: sub_pcbs -> [] (kibot - optionable.py:377)
DEBUG:Configuring from default: pre_transform -> _null (kibot - optionable.py:377)
DEBUG:Configuring from default: dnf_filter -> ['_kibom_dnf_CONFIG_FIELD'] (kibot - optionable.py:377)
DEBUG:Configuring from default: dnc_filter -> ['_kibom_dnc_CONFIG_FIELD'] (kibot - optionable.py:377)
DEBUG:Configuring from default: sub_pcbs -> [] (kibot - optionable.py:377)
DEBUG:Configuring from default: pre_transform -> _null (kibot - optionable.py:377)
DEBUG:Configuring from default: dnf_filter -> ['_kibom_dnf_CONFIG_FIELD'] (kibot - optionable.py:377)
DEBUG:Configuring from default: dnc_filter -> ['_kibom_dnc_CONFIG_FIELD'] (kibot - optionable.py:377)
DEBUG:Configuring from default: sub_pcbs -> [] (kibot - optionable.py:377)
DEBUG:Adding groups: {'all_group': ['netlist', 'bom', '3d', 'fab', 'assembly', 'pdf_schematic', 'md_readme', 'html_kiri', 'html_navigate_results'], 'all_group_k9': ['netlist', 'bom', '3d', 'fab_k9', 'assembly', 'pdf_schematic', 'md_readme', 'html_kiri', 'html_navigate_results'], 'draft_group': ['netlist', 'pdf_schematic', 'csv_bom', 'html_bom'], 'fab': ['tables', 'gbr_gerbers', 'drl_excellon', 'pdf_drill_map', 'pdf_fabrication', 'zip_compress_fab'], 'fab_k9': ['tables', 'gbr_gerbers', 'zip_odb', 'drl_excellon', 'pdf_drill_map', 'pdf_fabrication', 'zip_compress_fab'], 'assembly': ['3d_render', 'csv_position', 'pdf_assembly'], '3d_render': ['png_3d_viewer_top', 'png_3d_viewer_bottom', 'png_3d_viewer_angled_top', 'png_3d_viewer_angled_bottom'], 'bom': ['csv_bom', 'html_bom_interactive', 'html_bom'], 'tables': ['csv_comp_count', 'csv_impedance_table', 'csv_drill_table', 'testpoints', 'notes'], 'testpoints': ['csv_testpoints', 'csv_testpoints_top', 'csv_testpoints_bottom'], 'notes': ['txt_fabrication_notes', 'txt_assembly_notes'], '3d': ['step']} (kibot - registrable.py:268)
Installing font Arial_Bold_Italic.ttf
Installing font Times New Roman Bold Italic.ttf
Installing font Arial_Italic.ttf
Installing font Arial_Bold.ttf
Installing font Arial.ttf
Installing font Times New Roman.ttf
Installing font Times New Roman Italic.ttf
Installing font Times New Roman Bold.ttf
DEBUG:- Executing: fc-cache (kibot - kiplot.py:162)
Installing color Altium_Theme.json
DEBUG:Starting outputs for board /github/workspace/proalbmlb.kicad_pcb (kibot - kiplot.py:834)
DEBUG:Outputs before groups expansion: ['notes'] (kibot - kiplot.py:853)
DEBUG:Outputs after groups expansion: ['txt_fabrication_notes', 'txt_assembly_notes'] (kibot - kiplot.py:858)
DEBUG:Skipping `netlist` output (kibot - kiplot.py:879)
DEBUG:Skipping `gbr_gerbers` output (kibot - kiplot.py:879)
DEBUG:Skipping `zip_odb` output (kibot - kiplot.py:879)
DEBUG:Skipping `drl_excellon` output (kibot - kiplot.py:879)
DEBUG:Skipping `pdf_drill_map` output (kibot - kiplot.py:879)
DEBUG:Skipping `csv_drill_table` output (kibot - kiplot.py:879)
DEBUG:Skipping `csv_position` output (kibot - kiplot.py:879)
DEBUG:Skipping `csv_testpoints` output (kibot - kiplot.py:879)
DEBUG:Skipping `csv_testpoints_top` output (kibot - kiplot.py:879)
DEBUG:Skipping `csv_testpoints_bottom` output (kibot - kiplot.py:879)
DEBUG:Skipping `csv_bom` output (kibot - kiplot.py:879)
DEBUG:Skipping `html_bom` output (kibot - kiplot.py:879)
DEBUG:Skipping `xlsx_bom` output (kibot - kiplot.py:879)
DEBUG:Skipping `html_bom_interactive` output (kibot - kiplot.py:879)
DEBUG:Skipping `csv_comp_count` output (kibot - kiplot.py:879)
DEBUG:Skipping `csv_impedance_table` output (kibot - kiplot.py:879)
DEBUG:Skipping `png_3d_viewer_top` output (kibot - kiplot.py:879)
DEBUG:Skipping `png_3d_viewer_bottom` output (kibot - kiplot.py:879)
DEBUG:Skipping `png_3d_viewer_angled_top` output (kibot - kiplot.py:879)
DEBUG:Skipping `png_3d_viewer_angled_bottom` output (kibot - kiplot.py:879)
DEBUG:Skipping `step` output (kibot - kiplot.py:879)
DEBUG:Skipping `pdf_schematic` output (kibot - kiplot.py:879)
DEBUG:Skipping `pdf_fabrication` output (kibot - kiplot.py:879)
DEBUG:Skipping `pdf_assembly` output (kibot - kiplot.py:879)
DEBUG:Skipping `zip_compress_fab` output (kibot - kiplot.py:879)
DEBUG:Skipping `html_kicanvas` output (kibot - kiplot.py:879)
DEBUG:Skipping `html_kiri` output (kibot - kiplot.py:879)
DEBUG:Skipping `md_readme` output (kibot - kiplot.py:879)
DEBUG:Skipping `html_navigate_results` output (kibot - kiplot.py:879)
DEBUG:Outputs before preflights: ['txt_fabrication_notes', 'txt_assembly_notes'] (kibot - kiplot.py:881)
DEBUG:Preflight checks (kibot - kiplot.py:705)
DEBUG:Configuring preflight update_xml (kibot.pre_base - pre_base.py:145)
DEBUG:Configuring preflight set_text_variables (kibot.pre_base - pre_base.py:145)
DEBUG:Configuring preflight erc (kibot.pre_base - pre_base.py:145)
DEBUG:Using global `output`=`%f-%i%I%v.%x` (kibot - optionable.py:58)
DEBUG:Configuring from default: logo ->  (kibot - optionable.py:377)
DEBUG:Configuring from default: filters -> [] (kibot - optionable.py:377)
DEBUG:Configuring preflight check_zone_fills (kibot.pre_base - pre_base.py:145)
DEBUG:Configuring preflight drc (kibot.pre_base - pre_base.py:145)
DEBUG:Using global `output`=`%f-%i%I%v.%x` (kibot - optionable.py:58)
DEBUG:Configuring from default: logo ->  (kibot - optionable.py:377)
DEBUG:Configuring from default: filters -> [] (kibot - optionable.py:377)
DEBUG:Configuring preflight draw_fancy_stackup (kibot.pre_base - pre_base.py:145)
DEBUG:Board loaded (kibot - kiplot.py:339)
DEBUG:Skipping all preflight actions (kibot - kiplot.py:709)
DEBUG:Outputs after preflights: ['txt_fabrication_notes', 'txt_assembly_notes'] (kibot - kiplot.py:884)
DEBUG:Outputs after sorting: ['txt_fabrication_notes', 'txt_assembly_notes'] (kibot - kiplot.py:888)
DEBUG:Using global `output`=`%f-%i%I%v.%x` (kibot - optionable.py:58)
DEBUG:Using global `variant`=`PRELIMINARY` (kibot - optionable.py:58)
DEBUG:Configuring from default: pre_transform -> _null (kibot - optionable.py:377)
DEBUG:Configuring from default: dnf_filter -> _null (kibot - optionable.py:377)
DEBUG:Creating internal filter: {'name': '_mechanical', 'type': 'generic', 'comment': 'Internal default mechanical filter', 'exclude_all_hash_ref': True, 'exclude_any': [{'column': 'References', 'regex': '^TP[0-9]*'}, {'column': 'References', 'regex': '^FID'}, {'column': 'Part', 'regex': '^mount.*hole'}, {'column': 'Part', 'regex': 'solder.*bridge'}, {'column': 'Part', 'regex': 'solder.*jump'}, {'column': 'Part', 'regex': 'test.*point'}, {'column': 'Footprint', 'regex': 'test.*point'}, {'column': 'Footprint', 'regex': '^mount.*hole'}, {'column': 'Footprint', 'regex': 'fiducial'}], 'exclude_virtual': True} (kibot - fil_base.py:264)
DEBUG:Configuring from default: include_only -> [] (kibot - optionable.py:377)
DEBUG:Configuring from default: keys -> ['dnf_list'] (kibot - optionable.py:377)
DEBUG:Configuring from default: exclude_refs -> [] (kibot - optionable.py:377)
DEBUG:Configuring from default: groups -> [] (kibot - optionable.py:377)
- 'Fabrication notes in TXT format' (txt_fabrication_notes) [report]
DEBUG:Expanding `/github/workspace/./Manufacturing/Fabrication` in PCB context for <kibot.out_report.ReportOptions object at 0x7f282a7ed7f0> parent: 'Fabrication notes in TXT format' (txt_fabrication_notes) [report] (kibot - optionable.py:508)
DEBUG:Current text variables: {'ASSEMBLY_NOTES': 'ASSEMBLY NOTES (UNLESS OTHERWISE SPECIFIED)\n\n1)\tDO NOT POPULATE PARTS ARE MARKED WITH A RED CROSS.\n\n2)\tDO NOT POPULATE PARTS ARE NOT PRESENT IN THE BOM.\n\n3)\tIF CONFLICTING INFORMATION IS FOUND BETWEEN THE ASSEMBLY\n\tFILE AND BOM, BOM SHOULD BE USED AS THE MAIN SOURCE.\n\n4)\tCONFORMAL COATING IS NOT REQUIRED.\n\n5)\tDOT IDENTIFIES PIN #1 LOCATION AND DEVICE ORIENTATION\n\tWHEN VIEWED FROM THE TOP.', 'BOARD_NAME': 'alb_mlb test', 'COMPANY': 'General Atomics EMS', 'DESIGNER': 'Marcus Reighter', 'FABRICATION_NOTES': 'FABRICATION NOTES (UNLESS OTHERWISE SPECIFIED)\n\n1)\tFABRICATE PER IPC-6012A CLASS 2.\n\n2)\tOUTLINE DEFINED IN SEPARATE GERBER FILE WITH\n\t"Edge_Cuts.GBR" SUFFIX.\n\n\tDIMENSIONS OF CIRCUMSIZED RECTANGLE SHOWN ON THIS\n\tDRAWING FOR REFERENCE ONLY.\n\n3)\tSEE SEPARATE DRILL FILES WITH ".DRL" SUFFIX \n\tFOR HOLE LOCATIONS.\n\n\tSELECTED HOLE LOCATIONS SHOWN ON THIS DRAWING \n\tFOR REFERENCE ONLY.\n\n4)\tSURFACE FINISH: IMMERSION GOLD\n\n5)\tSOLDERMASK ON BOTH SIDES OF THE BOARD SHALL \n\tBE LPI, COLOR GREEN.\n\n6)\tSILK SCREEN LEGEND TO BE APPLIED PER LAYER \n\tSTACKUP USING WHITE NON-CONDUCTIVE EPOXY INK.\n\n7)\tALL VIAS ARE TENTED ON BOTH SIDES UNLESS \n\tSOLDERMASK OPENED IN GERBER.\n\n8)\tVENDOR SHOULD FOLLOW ROHS COMPLIANT PROCESS \n\tAND Pb FREE FOR MANUFACTURING\n\n9)\tPCB MATERIAL REQUIREMENTS:\n\n\tA.\tFLAMMABILITY RATING MUST MEET OR EXCEED \n\t\tUL94V-0 REQUIREMENTS.\n\tB.\tTg 170 C OR EQUIVALENT.\n\tC.\tEQUIVALENT MATERIAL SHALL BE RoHS COMPLIANT, \n\t\tHALOGEN FREE AND APPROVED BY GENERAL ATOMICS EMS.\n\n10)\tDESIGN GEOMETRY MINIMUM FEATURE SIZES:\n\n\tBOARD SIZE\t\t\t\t70.968 × 50.791 mm\n\tBOARD THICKNESS\t\t1.660 mm\n\tTRACE WIDTH\t\t\t0.200 mm\n\tTRACE TO TRACE\t\t0.200 mm\n\tMIN. HOLE (PTH)\t\t\t0.200 mm\n\tMIN. HOLE (NPTH)\t\t3.200 mm\n\tANNULAR RING\t\t\t0.150 mm\n\tCOPPER TO HOLE\t\t0.300 mm\n\tCOPPER TO EDGE\t\t0.250 mm\n\tHOLE TO HOLE\t\t\t0.300 mm\n\n11)\tREFER TO IMPEDANCE TABLE FOR IMPEDANCE CONTROL REQUIREMENTS.\n\n12)\tCONFIRM SPACE WIDTHS AND SPACINGS.', 'GIT_HASH_PCB': 'e408cb0', 'GIT_HASH_SCH': 'd2a9a5a', 'GIT_URL': 'https://github.com/emptyd0nkey/albmlb', 'PROJECT_NAME': 'ALB/MLB test', 'RELEASE_BODY_1.0.0': '', 'RELEASE_BODY_1.0.1': '', 'RELEASE_BODY_1.0.2': '', 'RELEASE_BODY_1.1.0': '', 'RELEASE_BODY_UNRELEASED': 'Version Unreleased not found.', 'RELEASE_DATE': '18-Aug-2026', 'RELEASE_DATE_NUM': '2026-08-18', 'RELEASE_TITLE_1.0.0': '', 'RELEASE_TITLE_1.0.1': '', 'RELEASE_TITLE_1.0.2': '', 'RELEASE_TITLE_1.1.0': '', 'RELEASE_TITLE_UNRELEASED': 'Version Unreleased not found.', 'REVISION': '+ (Unreleased)', 'SHEET_NAME_1': 'Cover Page', 'SHEET_NAME_10': 'MotorB', 'SHEET_NAME_11': 'ALB-MLB Toggle', 'SHEET_NAME_12': 'RotoPD', 'SHEET_NAME_13': 'Mode Selector', 'SHEET_NAME_14': 'Raspberrypi', 'SHEET_NAME_15': 'AlbMlb test harnes', 'SHEET_NAME_16': 'encoders', 'SHEET_NAME_17': '......................................', 'SHEET_NAME_18': '......................................', 'SHEET_NAME_19': '......................................', 'SHEET_NAME_2': 'Block Diagram', 'SHEET_NAME_20': '......................................', 'SHEET_NAME_21': '......................................', 'SHEET_NAME_22': '......................................', 'SHEET_NAME_23': '......................................', 'SHEET_NAME_24': '......................................', 'SHEET_NAME_25': '......................................', 'SHEET_NAME_26': '......................................', 'SHEET_NAME_27': '......................................', 'SHEET_NAME_28': '......................................', 'SHEET_NAME_29': '......................................', 'SHEET_NAME_3': 'Project Architecture', 'SHEET_NAME_30': '......................................', 'SHEET_NAME_31': '......................................', 'SHEET_NAME_32': '......................................', 'SHEET_NAME_33': '......................................', 'SHEET_NAME_34': '......................................', 'SHEET_NAME_35': '......................................', 'SHEET_NAME_36': '......................................', 'SHEET_NAME_37': '......................................', 'SHEET_NAME_38': '......................................', 'SHEET_NAME_39': '......................................', 'SHEET_NAME_4': 'Connectors', 'SHEET_NAME_40': '......................................', 'SHEET_NAME_5': 'Trigger', 'SHEET_NAME_6': 'Motor Polarity Switch', 'SHEET_NAME_7': 'Power - Sequencing', 'SHEET_NAME_8': 'Motor A', 'SHEET_NAME_9': 'Revision History', 'VARIANT': 'PRELIMINARY'} (kibot.gs - gs.py:379)
DEBUG:Expanded `/github/workspace/./Manufacturing/Fabrication` (kibot - optionable.py:554)
DEBUG:Output destination: /github/workspace/Manufacturing/Fabrication (kibot - kiplot.py:733)
DEBUG:Expanding `%f-%I%v.txt` in PCB context for <kibot.out_report.ReportOptions object at 0x7f282a7ed7f0> parent: 'Fabrication notes in TXT format' (txt_fabrication_notes) [report] (kibot - optionable.py:508)
DEBUG:Replacing KiCad text variables: ${REVISION} -> + (Unreleased) (kibot.gs - gs.py:642)
DEBUG:Replacing KiCad text variables: ${COMPANY} -> General Atomics EMS (kibot.gs - gs.py:642)
DEBUG:PCB title: `proalbmlb` (kibot.gs - gs.py:685)
DEBUG:PCB date: `2024-04-13` (kibot.gs - gs.py:686)
DEBUG:PCB revision: `+ (Unreleased)` (kibot.gs - gs.py:687)
DEBUG:PCB company: `General Atomics EMS` (kibot.gs - gs.py:688)
DEBUG:PCB comment 1: `` (kibot.gs - gs.py:690)
DEBUG:PCB comment 2: `` (kibot.gs - gs.py:690)
DEBUG:PCB comment 3: `` (kibot.gs - gs.py:690)
DEBUG:PCB comment 4: `` (kibot.gs - gs.py:690)
DEBUG:PCB comment 5: `` (kibot.gs - gs.py:690)
DEBUG:PCB comment 6: `` (kibot.gs - gs.py:690)
DEBUG:PCB comment 7: `` (kibot.gs - gs.py:690)
DEBUG:PCB comment 8: `` (kibot.gs - gs.py:690)
DEBUG:PCB comment 9: `` (kibot.gs - gs.py:690)
DEBUG:Expanded `proalbmlb-fabrication_notes.txt` (kibot - optionable.py:554)
DEBUG:Loading sheet from /github/workspace/proalbmlb.kicad_sch (kibot - v6_sch.py:2900)
DEBUG:Replacing KiCad text variables: ${REVISION} -> + (Unreleased) (kibot.gs - gs.py:642)
DEBUG:Replacing KiCad text variables: ${COMPANY} -> General Atomics EMS (kibot.gs - gs.py:642)
DEBUG:SCH title: `None` (kibot - v6_sch.py:2466)
DEBUG:SCH date: `2025-01-12` (kibot - v6_sch.py:2467)
DEBUG:SCH revision: `${REVISION}` (kibot - v6_sch.py:2468)
DEBUG:SCH company: `${COMPANY}` (kibot - v6_sch.py:2469)
DEBUG:Loading sheet from /github/workspace/Power - Sequencing.kicad_sch (kibot - v6_sch.py:2900)
DEBUG:Replacing KiCad text variables: ${REVISION} -> + (Unreleased) (kibot.gs - gs.py:642)
DEBUG:Replacing KiCad text variables: ${COMPANY} -> General Atomics EMS (kibot.gs - gs.py:642)
DEBUG:SCH title: `Power - Sequencing` (kibot - v6_sch.py:2466)
DEBUG:SCH date: `2025-01-12` (kibot - v6_sch.py:2467)
DEBUG:SCH revision: `${REVISION}` (kibot - v6_sch.py:2468)
DEBUG:SCH company: `${COMPANY}` (kibot - v6_sch.py:2469)
DEBUG:Loading sheet from /github/workspace/Revision History.kicad_sch (kibot - v6_sch.py:2900)
DEBUG:Replacing KiCad text variables: ${REVISION} -> + (Unreleased) (kibot.gs - gs.py:642)
DEBUG:Replacing KiCad text variables: ${COMPANY} -> General Atomics EMS (kibot.gs - gs.py:642)
DEBUG:SCH title: `Revision History` (kibot - v6_sch.py:2466)
DEBUG:SCH date: `2025-01-12` (kibot - v6_sch.py:2467)
DEBUG:SCH revision: `${REVISION}` (kibot - v6_sch.py:2468)
DEBUG:SCH company: `${COMPANY}` (kibot - v6_sch.py:2469)
DEBUG:Loading sheet from /github/workspace/Block Diagram.kicad_sch (kibot - v6_sch.py:2900)
DEBUG:Replacing KiCad text variables: ${REVISION} -> + (Unreleased) (kibot.gs - gs.py:642)
DEBUG:Replacing KiCad text variables: ${COMPANY} -> General Atomics EMS (kibot.gs - gs.py:642)
DEBUG:SCH title: `Block Diagram` (kibot - v6_sch.py:2466)
DEBUG:SCH date: `2025-01-12` (kibot - v6_sch.py:2467)
DEBUG:SCH revision: `${REVISION}` (kibot - v6_sch.py:2468)
DEBUG:SCH company: `${COMPANY}` (kibot - v6_sch.py:2469)
DEBUG:Loading sheet from /github/workspace/Project Architecture.kicad_sch (kibot - v6_sch.py:2900)
DEBUG:Replacing KiCad text variables: ${REVISION} -> + (Unreleased) (kibot.gs - gs.py:642)
DEBUG:Replacing KiCad text variables: ${COMPANY} -> General Atomics EMS (kibot.gs - gs.py:642)
DEBUG:SCH title: `Project Architecture` (kibot - v6_sch.py:2466)
DEBUG:SCH date: `2025-01-12` (kibot - v6_sch.py:2467)
DEBUG:SCH revision: `${REVISION}` (kibot - v6_sch.py:2468)
DEBUG:SCH company: `${COMPANY}` (kibot - v6_sch.py:2469)
DEBUG:Loading sheet from /github/workspace/MotorB.kicad_sch (kibot - v6_sch.py:2900)
DEBUG:- Loaded ?? (0.1uF_0603_16V ) [id 139810488382672]  UUID 0ccc6bd2-48bf-4e47-bf22-9317635d56a2 original UUID 0ccc6bd2-48bf-4e47-bf22-9317635d56a2 (kibot - v6_sch.py:3048)
DEBUG:- Loaded ?? (GND ) [id 139810489867536]  UUID 193274b1-25a9-46b8-be6b-0f3e757507c5 original UUID 193274b1-25a9-46b8-be6b-0f3e757507c5 (kibot - v6_sch.py:3048)
DEBUG:- Loaded ?? (TMUX7219MDGKR ) [id 139810489867856]  UUID 35b74239-adff-4298-afcc-3296b5a3188d original UUID 35b74239-adff-4298-afcc-3296b5a3188d (kibot - v6_sch.py:3048)
DEBUG:- Loaded ?? (10uF_1206_35V ) [id 139810489868176]  UUID 40fb2e9c-7de3-4466-aa5b-ac02177d6b74 original UUID 40fb2e9c-7de3-4466-aa5b-ac02177d6b74 (kibot - v6_sch.py:3048)
DEBUG:- Loaded ?? (VDD ) [id 139810489868496]  UUID 5468c8d1-6fe9-499c-9cd2-3236a8409e75 original UUID 5468c8d1-6fe9-499c-9cd2-3236a8409e75 (kibot - v6_sch.py:3048)
DEBUG:- Loaded ?? (10uF_1206_35V ) [id 139810489868816]  UUID 54bc7d6e-7cb8-4ea2-a5be-46cd2d6e1139 original UUID 54bc7d6e-7cb8-4ea2-a5be-46cd2d6e1139 (kibot - v6_sch.py:3048)
DEBUG:- Loaded ?? (0.1uF_0603_16V ) [id 139810489869136]  UUID 58a62bcc-38a4-4e8f-bcb7-3f342c84d5ce original UUID 58a62bcc-38a4-4e8f-bcb7-3f342c84d5ce (kibot - v6_sch.py:3048)
DEBUG:- Loaded ?? (+5V ) [id 139810489869456]  UUID 633a930d-8747-45be-90d0-656cea6c8ddd original UUID 633a930d-8747-45be-90d0-656cea6c8ddd (kibot - v6_sch.py:3048)
DEBUG:- Loaded ?? (GND ) [id 139810489869776]  UUID 677afb0e-5029-45d0-bed4-2b66eb0aec65 original UUID 677afb0e-5029-45d0-bed4-2b66eb0aec65 (kibot - v6_sch.py:3048)
DEBUG:- Loaded ?? (0.1uF_0603_16V ) [id 139810489870096]  UUID 749ded95-b67a-4df9-ab2a-a7b09a8dde5b original UUID 749ded95-b67a-4df9-ab2a-a7b09a8dde5b (kibot - v6_sch.py:3048)
DEBUG:- Loaded ?? (0.1uF_0603_16V ) [id 139810489870416]  UUID 84cd414f-305b-448a-8db3-f8b6abc03bca original UUID 84cd414f-305b-448a-8db3-f8b6abc03bca (kibot - v6_sch.py:3048)
DEBUG:- Loaded ?? (VDD ) [id 139810489870736]  UUID 8aa66f41-5891-44ff-a0e7-6b3e65094b48 original UUID 8aa66f41-5891-44ff-a0e7-6b3e65094b48 (kibot - v6_sch.py:3048)
DEBUG:- Loaded ?? (10uF_1206_35V ) [id 139810489871056]  UUID 923b31c0-501d-4995-8349-7cf17ecbd972 original UUID 923b31c0-501d-4995-8349-7cf17ecbd972 (kibot - v6_sch.py:3048)
DEBUG:- Loaded ?? (10uF_1206_35V ) [id 139810489871376]  UUID 94b212c6-4b73-4133-b9f9-039461e0aeae original UUID 94b212c6-4b73-4133-b9f9-039461e0aeae (kibot - v6_sch.py:3048)
DEBUG:- Loaded ?? (PINA745AIRELR ) [id 139810489871696]  UUID aa38d9fb-7a5a-466f-9a6d-ec1b1edfb9ad original UUID aa38d9fb-7a5a-466f-9a6d-ec1b1edfb9ad (kibot - v6_sch.py:3048)
DEBUG:- Loaded ?? (GND ) [id 139810489872016]  UUID ac6480ed-e3f6-491f-8b6f-599f6e3def35 original UUID ac6480ed-e3f6-491f-8b6f-599f6e3def35 (kibot - v6_sch.py:3048)
DEBUG:- Loaded ?? (PTMUX6236RUMR ) [id 139810489872336]  UUID c1d847b5-feab-49c8-b71d-79b305b07b83 original UUID c1d847b5-feab-49c8-b71d-79b305b07b83 (kibot - v6_sch.py:3048)
DEBUG:- Loaded ?? (VDD ) [id 139810489872656]  UUID cc7fcc62-88fe-4785-90c6-a4598d5898e6 original UUID cc7fcc62-88fe-4785-90c6-a4598d5898e6 (kibot - v6_sch.py:3048)
DEBUG:- Loaded ?? (GND ) [id 139810489872976]  UUID deada33b-fcee-4d3b-988a-5a5e1854c991 original UUID deada33b-fcee-4d3b-988a-5a5e1854c991 (kibot - v6_sch.py:3048)
DEBUG:- Loaded ?? (VDD ) [id 139810489873296]  UUID f70485c6-6ea4-426b-91e9-c33c2630eea5 original UUID f70485c6-6ea4-426b-91e9-c33c2630eea5 (kibot - v6_sch.py:3048)
DEBUG:- Loaded ?? (10uF_1206_35V ) [id 139810489873616]  UUID ff703a84-960f-4c89-bb12-6d2e39e1d556 original UUID ff703a84-960f-4c89-bb12-6d2e39e1d556 (kibot - v6_sch.py:3048)
DEBUG:Loading sheet from /github/workspace/pd.kicad_sch (kibot - v6_sch.py:2900)
DEBUG:- Loaded ?? (PWR_FLAG ) [id 139810445430928]  UUID 318e0ad2-6c0f-4e28-82b8-6a4c39a7de87 original UUID 318e0ad2-6c0f-4e28-82b8-6a4c39a7de87 (kibot - v6_sch.py:3048)
DEBUG:- Loaded ?? (GND ) [id 139810445431248]  UUID 51df7b91-f390-4505-874b-ece6b9802a43 original UUID 51df7b91-f390-4505-874b-ece6b9802a43 (kibot - v6_sch.py:3048)
DEBUG:- Loaded ?? (PWR_FLAG ) [id 139810445431568]  UUID 5dd8be85-d443-4a35-b3a5-1c09fed637e4 original UUID 5dd8be85-d443-4a35-b3a5-1c09fed637e4 (kibot - v6_sch.py:3048)
DEBUG:- Loaded ?? (+5V ) [id 139810445431888]  UUID 6d1ceeac-798b-4b6a-8a9b-833fcb47a577 original UUID 6d1ceeac-798b-4b6a-8a9b-833fcb47a577 (kibot - v6_sch.py:3048)
DEBUG:- Loaded ?? (rotopd ) [id 139810445432208]  UUID ad38aebc-ceb7-48c1-be9a-3fc2832cb177 original UUID ad38aebc-ceb7-48c1-be9a-3fc2832cb177 (kibot - v6_sch.py:3048)
DEBUG:- Loaded ?? (+3.3V ) [id 139810445432528]  UUID b952b08b-bbb1-4d3c-b5c6-314e09082c6a original UUID b952b08b-bbb1-4d3c-b5c6-314e09082c6a (kibot - v6_sch.py:3048)
DEBUG:- Loaded ?? (PWR_FLAG ) [id 139810445432848]  UUID c28e4502-6995-468b-bb69-9d5a058580da original UUID c28e4502-6995-468b-bb69-9d5a058580da (kibot - v6_sch.py:3048)
DEBUG:- Loaded ?? (GND ) [id 139810445433168]  UUID c6a2f16b-a893-4581-bc4f-0a7f29a37985 original UUID c6a2f16b-a893-4581-bc4f-0a7f29a37985 (kibot - v6_sch.py:3048)
DEBUG:- Loaded ?? (VDD ) [id 139810445433488]  UUID c8835535-83e3-4e54-9edc-9fbacaa604c3 original UUID c8835535-83e3-4e54-9edc-9fbacaa604c3 (kibot - v6_sch.py:3048)
DEBUG:- Loaded ?? (PWR_FLAG ) [id 139810445433808]  UUID e4b94cbd-45eb-438f-9c2e-802c5d4796c5 original UUID e4b94cbd-45eb-438f-9c2e-802c5d4796c5 (kibot - v6_sch.py:3048)
DEBUG:Loading sheet from /github/workspace/encoders.kicad_sch (kibot - v6_sch.py:2900)
DEBUG:- Loaded ?? (+3.3V ) [id 139810445437968]  UUID 493f8ded-c9de-47a7-a5e9-c3b8a315ed13 original UUID 493f8ded-c9de-47a7-a5e9-c3b8a315ed13 (kibot - v6_sch.py:3048)
DEBUG:- Loaded ?? (Encoder_Rotary_11mm_SPST_DShaft ) [id 139810445438288]  UUID 4c8c3e71-332a-4510-b768-659c1b386954 original UUID 4c8c3e71-332a-4510-b768-659c1b386954 (kibot - v6_sch.py:3048)
DEBUG:- Loaded ?? (GND ) [id 139810445438928]  UUID 55b28919-24a8-4eb4-8c6b-c98068d7294d original UUID 55b28919-24a8-4eb4-8c6b-c98068d7294d (kibot - v6_sch.py:3048)
DEBUG:- Loaded ?? (Encoder_Rotary_11mm_SPST_DShaft ) [id 139810445439248]  UUID 904f6e39-62d0-41ea-a39c-0756fef1e326 original UUID 904f6e39-62d0-41ea-a39c-0756fef1e326 (kibot - v6_sch.py:3048)
DEBUG:Loading sheet from /github/workspace/untitled.kicad_sch (kibot - v6_sch.py:2900)
DEBUG:- Loaded ?? (GND ) [id 139810445656144]  UUID 23c54c9d-8272-48bf-9eb9-126994d7892a original UUID 23c54c9d-8272-48bf-9eb9-126994d7892a (kibot - v6_sch.py:3048)
DEBUG:- Loaded ?? (SW_Rotary_1x3_MP ) [id 139810445656464]  UUID 4235a490-59c8-44ee-bb12-24fa168bd3a4 original UUID 4235a490-59c8-44ee-bb12-24fa168bd3a4 (kibot - v6_sch.py:3048)
DEBUG:- Loaded ?? (GND ) [id 139810445656784]  UUID 5166c847-b2ff-43fa-a39a-751cb2292254 original UUID 5166c847-b2ff-43fa-a39a-751cb2292254 (kibot - v6_sch.py:3048)
DEBUG:- Loaded ?? (+5V ) [id 139810445657104]  UUID 9b96b56c-ae3b-47f5-9f01-960b1e495167 original UUID 9b96b56c-ae3b-47f5-9f01-960b1e495167 (kibot - v6_sch.py:3048)
DEBUG:Loading sheet from /github/workspace/trigger.kicad_sch (kibot - v6_sch.py:2900)
DEBUG:- Loaded ?? (10uF_1206_35V ) [id 139810445665104]  UUID 26d143a7-21c4-4f81-847a-1abaf83a7818 original UUID 26d143a7-21c4-4f81-847a-1abaf83a7818 (kibot - v6_sch.py:3048)
DEBUG:- Loaded ?? (VDD ) [id 139810445665424]  UUID 38137420-3fb7-4bca-9797-fa4dfe560bf5 original UUID 38137420-3fb7-4bca-9797-fa4dfe560bf5 (kibot - v6_sch.py:3048)
DEBUG:- Loaded ?? (GND ) [id 139810445438608]  UUID 4a084d36-e853-4435-9f98-deb46611f4d7 original UUID 4a084d36-e853-4435-9f98-deb46611f4d7 (kibot - v6_sch.py:3048)
DEBUG:- Loaded ?? (SW_Push_LED ) [id 139810445665744]  UUID 551b2ded-efec-4862-89b9-9a49b817b454 original UUID 551b2ded-efec-4862-89b9-9a49b817b454 (kibot - v6_sch.py:3048)
DEBUG:- Loaded ?? (+5V ) [id 139810445666064]  UUID 5f3b31a0-a74a-4736-b4bd-6ded669359f8 original UUID 5f3b31a0-a74a-4736-b4bd-6ded669359f8 (kibot - v6_sch.py:3048)
DEBUG:- Loaded ?? (TMUX7201RQXR ) [id 139810445666384]  UUID 60e75ccb-1139-4d47-9211-0f1c48662484 original UUID 60e75ccb-1139-4d47-9211-0f1c48662484 (kibot - v6_sch.py:3048)
DEBUG:- Loaded ?? (+5V ) [id 139810445666704]  UUID 6348951d-45c7-4440-8f76-d52f807f400d original UUID 6348951d-45c7-4440-8f76-d52f807f400d (kibot - v6_sch.py:3048)
DEBUG:- Loaded ?? (GND ) [id 139810445667024]  UUID 79b16b6c-51a4-47c8-a3b7-c103acacd5de original UUID 79b16b6c-51a4-47c8-a3b7-c103acacd5de (kibot - v6_sch.py:3048)
DEBUG:- Loaded ?? (VDD ) [id 139810445667344]  UUID 9d5af0a6-2bf8-45ee-b408-ceaf39619916 original UUID 9d5af0a6-2bf8-45ee-b408-ceaf39619916 (kibot - v6_sch.py:3048)
DEBUG:- Loaded ?? (VDD ) [id 139810445667664]  UUID bb6dce5b-3d9b-4743-a223-716341d53826 original UUID bb6dce5b-3d9b-4743-a223-716341d53826 (kibot - v6_sch.py:3048)
DEBUG:- Loaded ?? (0.1uF_0603_16V ) [id 139810445667984]  UUID c07c07cc-4edd-4319-a0dd-54733876ff4e original UUID c07c07cc-4edd-4319-a0dd-54733876ff4e (kibot - v6_sch.py:3048)
DEBUG:- Loaded ?? (+VDC ) [id 139810445668304]  UUID f69281d3-6d28-40e8-b7a8-8a7739c947da original UUID f69281d3-6d28-40e8-b7a8-8a7739c947da (kibot - v6_sch.py:3048)
DEBUG:- Loaded ?? (10uF_1206_35V ) [id 139810445668624]  UUID f966e65b-979b-434b-9ee1-3a252a5b4c69 original UUID f966e65b-979b-434b-9ee1-3a252a5b4c69 (kibot - v6_sch.py:3048)
DEBUG:- Loaded ?? (0.1uF_0603_16V ) [id 139810445668944]  UUID facd7e78-e802-4e0b-a3a9-cbff0b262df4 original UUID facd7e78-e802-4e0b-a3a9-cbff0b262df4 (kibot - v6_sch.py:3048)
DEBUG:Loading sheet from /github/workspace/toggle.kicad_sch (kibot - v6_sch.py:2900)
DEBUG:- Loaded ?? (NetTie_2 ) [id 139810445671824]  UUID 5b34a7ea-7f91-45b2-8647-176698d2740e original UUID 5b34a7ea-7f91-45b2-8647-176698d2740e (kibot - v6_sch.py:3048)
DEBUG:- Loaded ?? (SW_DPST ) [id 139810445672144]  UUID 75c03e1d-1e6d-45cc-a65f-5c4db85880cf original UUID 75c03e1d-1e6d-45cc-a65f-5c4db85880cf (kibot - v6_sch.py:3048)
DEBUG:- Loaded ?? (NetTie_2 ) [id 139810445918288]  UUID d9ff5422-d1e8-4c39-801f-055b48d028f0 original UUID d9ff5422-d1e8-4c39-801f-055b48d028f0 (kibot - v6_sch.py:3048)
DEBUG:Loading sheet from /github/workspace/connectors.kicad_sch (kibot - v6_sch.py:2900)
DEBUG:- Loaded ?? (+5V ) [id 139810445930768]  UUID 00945ef5-4121-47fa-9e9c-9374360097ad original UUID 00945ef5-4121-47fa-9e9c-9374360097ad (kibot - v6_sch.py:3048)
DEBUG:- Loaded ?? (+5V ) [id 139810445931088]  UUID 03166697-283c-402c-a573-2181598445db original UUID 03166697-283c-402c-a573-2181598445db (kibot - v6_sch.py:3048)
DEBUG:- Loaded ?? (Conn_01x08_Socket ) [id 139810445931408]  UUID 0a93fffc-0442-4dfa-897d-c89413b38a44 original UUID 0a93fffc-0442-4dfa-897d-c89413b38a44 (kibot - v6_sch.py:3048)
DEBUG:- Loaded ?? (+3.3V ) [id 139810445931728]  UUID 0b8965dd-407b-42a9-a77b-debdc950f6d0 original UUID 0b8965dd-407b-42a9-a77b-debdc950f6d0 (kibot - v6_sch.py:3048)
DEBUG:- Loaded ?? (Conn_01x02_Pin ) [id 139810445932048]  UUID 1fd29326-82bd-4ed2-841b-b9f8262469f2 original UUID 1fd29326-82bd-4ed2-841b-b9f8262469f2 (kibot - v6_sch.py:3048)
DEBUG:- Loaded ?? (GND ) [id 139810445932368]  UUID 2d4c63a9-da01-45bc-aa62-52bd8b8bc8da original UUID 2d4c63a9-da01-45bc-aa62-52bd8b8bc8da (kibot - v6_sch.py:3048)
DEBUG:- Loaded ?? (DE9_Pins_MountingHoles ) [id 139810445932688]  UUID 390dcadf-9398-4464-9213-8d2a2c3247d2 original UUID 390dcadf-9398-4464-9213-8d2a2c3247d2 (kibot - v6_sch.py:3048)
DEBUG:- Loaded ?? (+5V ) [id 139810445933008]  UUID 612bbba6-e224-4878-8048-1e5f42dad344 original UUID 612bbba6-e224-4878-8048-1e5f42dad344 (kibot - v6_sch.py:3048)
DEBUG:- Loaded ?? (Conn_01x04_Socket ) [id 139810445933328]  UUID 64aebb61-d22f-40ec-bc21-2330bc775ee3 original UUID 64aebb61-d22f-40ec-bc21-2330bc775ee3 (kibot - v6_sch.py:3048)
DEBUG:- Loaded ?? (+5V ) [id 139810445933648]  UUID 7061a35b-1772-46ca-8231-18e92370ebd5 original UUID 7061a35b-1772-46ca-8231-18e92370ebd5 (kibot - v6_sch.py:3048)
DEBUG:- Loaded ?? (Conn_01x04_Socket ) [id 139810445933968]  UUID 7690a138-3dff-47dd-9d63-3374381786e2 original UUID 7690a138-3dff-47dd-9d63-3374381786e2 (kibot - v6_sch.py:3048)
DEBUG:- Loaded ?? (+5V ) [id 139810445934288]  UUID 97f3e5ea-3ed9-46ae-8aa5-f08f0ace6094 original UUID 97f3e5ea-3ed9-46ae-8aa5-f08f0ace6094 (kibot - v6_sch.py:3048)
DEBUG:- Loaded ?? (Conn_01x04_Socket ) [id 139810484371536]  UUID a1b17503-7536-4c14-acf5-6bedd35b174b original UUID a1b17503-7536-4c14-acf5-6bedd35b174b (kibot - v6_sch.py:3048)
DEBUG:- Loaded ?? (Conn_01x02_Pin ) [id 139810484371856]  UUID af4c231d-091d-4aaa-a4ff-18ceeff86d03 original UUID af4c231d-091d-4aaa-a4ff-18ceeff86d03 (kibot - v6_sch.py:3048)
DEBUG:- Loaded ?? (HPF-02-01-X-S ) [id 139810484372176]  UUID afceeaae-5d93-49f3-8ff8-9b1ccaa1d8d6 original UUID afceeaae-5d93-49f3-8ff8-9b1ccaa1d8d6 (kibot - v6_sch.py:3048)
DEBUG:- Loaded ?? (+3.3V ) [id 139810484372496]  UUID bdb5dad3-692e-4a37-a5b0-12ae2886399d original UUID bdb5dad3-692e-4a37-a5b0-12ae2886399d (kibot - v6_sch.py:3048)
DEBUG:- Loaded ?? (Conn_01x04_Socket ) [id 139810484372816]  UUID c30ccdcb-2d1e-45e9-adfc-8849f1dea763 original UUID c30ccdcb-2d1e-45e9-adfc-8849f1dea763 (kibot - v6_sch.py:3048)
DEBUG:- Loaded ?? (VDD ) [id 139810484373136]  UUID c4072bc2-fea6-4608-b1a0-a935f88d1735 original UUID c4072bc2-fea6-4608-b1a0-a935f88d1735 (kibot - v6_sch.py:3048)
DEBUG:- Loaded ?? (GND ) [id 139810484373456]  UUID c6bc4586-6293-449d-8ad0-f343fd88a0ec original UUID c6bc4586-6293-449d-8ad0-f343fd88a0ec (kibot - v6_sch.py:3048)
DEBUG:- Loaded ?? (Conn_01x08_Socket ) [id 139810484373776]  UUID d0e850d1-0c03-4ac4-8acb-9f0a06f3391d original UUID d0e850d1-0c03-4ac4-8acb-9f0a06f3391d (kibot - v6_sch.py:3048)
DEBUG:- Loaded ?? (+3.3V ) [id 139810484374096]  UUID dc499e38-32cb-4e86-82f9-9a8266817fd3 original UUID dc499e38-32cb-4e86-82f9-9a8266817fd3 (kibot - v6_sch.py:3048)
DEBUG:- Loaded ?? (GND ) [id 139810484374416]  UUID e50aee78-4293-43c8-b2f7-a19244c9042b original UUID e50aee78-4293-43c8-b2f7-a19244c9042b (kibot - v6_sch.py:3048)
DEBUG:- Loaded ?? (GND ) [id 139810484374736]  UUID e7701c14-268e-462c-b994-6e26f3703623 original UUID e7701c14-268e-462c-b994-6e26f3703623 (kibot - v6_sch.py:3048)
DEBUG:- Loaded ?? (Conn_01x08_Socket ) [id 139810484375056]  UUID f1ab6a8e-014f-405d-b19d-06cff7ca3853 original UUID f1ab6a8e-014f-405d-b19d-06cff7ca3853 (kibot - v6_sch.py:3048)
DEBUG:- Loaded ?? (GND ) [id 139810484375376]  UUID fed186e6-6fcc-4f0e-a914-cdbcc11a5a61 original UUID fed186e6-6fcc-4f0e-a914-cdbcc11a5a61 (kibot - v6_sch.py:3048)
DEBUG:Loading sheet from /github/workspace/pi.kicad_sch (kibot - v6_sch.py:2900)
DEBUG:- Loaded ?? (SC1176 ) [id 139810484380176]  UUID a225121e-70c8-45e0-aefd-bd0b4f991c81 original UUID a225121e-70c8-45e0-aefd-bd0b4f991c81 (kibot - v6_sch.py:3048)
DEBUG:- Loaded ?? (+3.3V ) [id 139810484380496]  UUID bee550a1-b75c-4dfa-aaf5-2809f77385d7 original UUID bee550a1-b75c-4dfa-aaf5-2809f77385d7 (kibot - v6_sch.py:3048)
DEBUG:- Loaded ?? (+5V ) [id 139810484380816]  UUID cf2e1e62-8972-44c8-b5a9-634d4cac9ab6 original UUID cf2e1e62-8972-44c8-b5a9-634d4cac9ab6 (kibot - v6_sch.py:3048)
DEBUG:- Loaded ?? (GND ) [id 139810484381136]  UUID f8d239be-315e-4c02-b0d6-8e2a9675fb62 original UUID f8d239be-315e-4c02-b0d6-8e2a9675fb62 (kibot - v6_sch.py:3048)
DEBUG:Loading sheet from /github/workspace/motorPolarity.kicad_sch (kibot - v6_sch.py:2900)
DEBUG:- Loaded ?? (10uF_1206_35V ) [id 139810484586128]  UUID 28d34f2d-7f1a-41c4-8be0-504f9efd1c39 original UUID 28d34f2d-7f1a-41c4-8be0-504f9efd1c39 (kibot - v6_sch.py:3048)
DEBUG:- Loaded ?? (VDD ) [id 139810484586448]  UUID 445000b2-4d78-42bf-aeda-b53ca4c0574a original UUID 445000b2-4d78-42bf-aeda-b53ca4c0574a (kibot - v6_sch.py:3048)
DEBUG:- Loaded ?? (10uF_1206_35V ) [id 139810484586768]  UUID 48877348-3261-4bf3-ac3a-247712712cdc original UUID 48877348-3261-4bf3-ac3a-247712712cdc (kibot - v6_sch.py:3048)
DEBUG:- Loaded ?? (GND ) [id 139810484587088]  UUID 4c1609af-c659-401a-b150-92288e14005b original UUID 4c1609af-c659-401a-b150-92288e14005b (kibot - v6_sch.py:3048)
DEBUG:- Loaded ?? (NetTie_2 ) [id 139810484587408]  UUID 67f72049-20f3-4e1d-bbd5-b189a0bcbc24 original UUID 67f72049-20f3-4e1d-bbd5-b189a0bcbc24 (kibot - v6_sch.py:3048)
DEBUG:- Loaded ?? (PTMUX6236RUMR ) [id 139810484587728]  UUID 6a574998-16a6-4e18-b216-f54329af9e0e original UUID 6a574998-16a6-4e18-b216-f54329af9e0e (kibot - v6_sch.py:3048)
DEBUG:- Loaded ?? (-VDC ) [id 139810484588048]  UUID 819b89b1-4fa3-400d-ac28-a694fe852d1b original UUID 819b89b1-4fa3-400d-ac28-a694fe852d1b (kibot - v6_sch.py:3048)
DEBUG:- Loaded ?? (0.1uF_0603_16V ) [id 139810484588368]  UUID 89c989c7-d7bd-4be9-91dd-4f3cc6bd4dd2 original UUID 89c989c7-d7bd-4be9-91dd-4f3cc6bd4dd2 (kibot - v6_sch.py:3048)
DEBUG:- Loaded ?? (VDD ) [id 139810484588688]  UUID 9574a86e-4ccf-4c0b-81db-84e962cb4fce original UUID 9574a86e-4ccf-4c0b-81db-84e962cb4fce (kibot - v6_sch.py:3048)
DEBUG:- Loaded ?? (NetTie_2 ) [id 139810484589008]  UUID a36ec3cc-4357-4b11-a3d8-0cc121266295 original UUID a36ec3cc-4357-4b11-a3d8-0cc121266295 (kibot - v6_sch.py:3048)
DEBUG:- Loaded ?? (+VDC ) [id 139810484589328]  UUID b06a171d-f71f-4716-ab8b-5d6c80e2cdc1 original UUID b06a171d-f71f-4716-ab8b-5d6c80e2cdc1 (kibot - v6_sch.py:3048)
DEBUG:- Loaded ?? (0.1uF_0603_16V ) [id 139810484589648]  UUID e2b48a81-ab6d-4285-a97f-025869927859 original UUID e2b48a81-ab6d-4285-a97f-025869927859 (kibot - v6_sch.py:3048)
DEBUG:Loading sheet from /github/workspace/motorA.kicad_sch (kibot - v6_sch.py:2900)
DEBUG:- Loaded ?? (PINA745AIRELR ) [id 139810484597328]  UUID 11e856d4-d940-4874-8470-117e49bbfcc9 original UUID 11e856d4-d940-4874-8470-117e49bbfcc9 (kibot - v6_sch.py:3048)
DEBUG:- Loaded ?? (0.1uF_0603_16V ) [id 139810484597648]  UUID 1630fbec-5cc6-4755-92c6-82cde6160a30 original UUID 1630fbec-5cc6-4755-92c6-82cde6160a30 (kibot - v6_sch.py:3048)
DEBUG:- Loaded ?? (10uF_1206_35V ) [id 139810484597968]  UUID 29b66cc7-3517-4f0e-b095-64035d540d72 original UUID 29b66cc7-3517-4f0e-b095-64035d540d72 (kibot - v6_sch.py:3048)
DEBUG:- Loaded ?? (PTMUX6236RUMR ) [id 139810484598288]  UUID 335cb999-b937-4dcd-9d0a-d53119bcee1a original UUID 335cb999-b937-4dcd-9d0a-d53119bcee1a (kibot - v6_sch.py:3048)
DEBUG:- Loaded ?? (GND ) [id 139810484598608]  UUID 60560f94-5a26-41bc-b052-18d17768afa3 original UUID 60560f94-5a26-41bc-b052-18d17768afa3 (kibot - v6_sch.py:3048)
DEBUG:- Loaded ?? (VDD ) [id 139810484598928]  UUID a9a37fe8-a8fb-4ab8-a79c-8af25e4fb9cb original UUID a9a37fe8-a8fb-4ab8-a79c-8af25e4fb9cb (kibot - v6_sch.py:3048)
DEBUG:- Loaded ?? (+5V ) [id 139810484599248]  UUID af7d861d-14e1-4255-b4c7-a95ad42123e2 original UUID af7d861d-14e1-4255-b4c7-a95ad42123e2 (kibot - v6_sch.py:3048)
DEBUG:- Loaded ?? (GND ) [id 139810484599568]  UUID e34f9ffc-cb19-404a-bf83-d7bc386f095e original UUID e34f9ffc-cb19-404a-bf83-d7bc386f095e (kibot - v6_sch.py:3048)
DEBUG:- Loaded ?? (10uF_1206_35V ) [id 139810484599888]  UUID e3a3be8a-0320-4462-80e7-048e30121108 original UUID e3a3be8a-0320-4462-80e7-048e30121108 (kibot - v6_sch.py:3048)
DEBUG:- Loaded ?? (0.1uF_0603_16V ) [id 139810484600208]  UUID e98567c3-bf84-4b10-b884-27a97101783c original UUID e98567c3-bf84-4b10-b884-27a97101783c (kibot - v6_sch.py:3048)
DEBUG:- Loaded ?? (10uF_1206_35V ) [id 139810484600528]  UUID ed8e3123-fb54-43e4-b892-5674f6fba9b2 original UUID ed8e3123-fb54-43e4-b892-5674f6fba9b2 (kibot - v6_sch.py:3048)
DEBUG:- Loaded ?? (VDD ) [id 139810463154256]  UUID fc46ede8-5704-4ff0-8c16-1dfc79f32b6f original UUID fc46ede8-5704-4ff0-8c16-1dfc79f32b6f (kibot - v6_sch.py:3048)
DEBUG:Loading sheet from /github/workspace/testhatness.kicad_sch (kibot - v6_sch.py:2900)
WARNING:(W187) Schematic page number `6` already defined (`/github/workspace/motorPolarity.kicad_sch` and `/github/workspace/Power - Sequencing.kicad_sch`) (kibot - v6_sch.py:2883)
WARNING:(W187) Schematic page number `7` already defined (`/github/workspace/motorA.kicad_sch` and `/github/workspace/Revision History.kicad_sch`) (kibot - v6_sch.py:2883)
WARNING:(W188) Schematic page number `9` is not defined (kibot - v6_sch.py:2894)
WARNING:(W188) Schematic page number `10` is not defined (kibot - v6_sch.py:2894)
DEBUG:Collected sheet instances (kibot - v6_sch.py:2834)
DEBUG:- / -> 1 (kibot - v6_sch.py:2836)
DEBUG:Collected symbol instances (kibot - v6_sch.py:2837)
DEBUG:- /c5103ceb-5325-4a84-a025-9638a412984e/0c02b15b-35ad-475c-8818-d45dc7028346/0ccc6bd2-48bf-4e47-bf22-9317635d56a2 -> C30 (kibot - v6_sch.py:2839)
DEBUG:- /c5103ceb-5325-4a84-a025-9638a412984e/0c02b15b-35ad-475c-8818-d45dc7028346/193274b1-25a9-46b8-be6b-0f3e757507c5 -> #PWR053 (kibot - v6_sch.py:2839)
DEBUG:- /c5103ceb-5325-4a84-a025-9638a412984e/0c02b15b-35ad-475c-8818-d45dc7028346/35b74239-adff-4298-afcc-3296b5a3188d -> U11 (kibot - v6_sch.py:2839)
DEBUG:- /c5103ceb-5325-4a84-a025-9638a412984e/0c02b15b-35ad-475c-8818-d45dc7028346/40fb2e9c-7de3-4466-aa5b-ac02177d6b74 -> C23 (kibot - v6_sch.py:2839)
DEBUG:- /c5103ceb-5325-4a84-a025-9638a412984e/0c02b15b-35ad-475c-8818-d45dc7028346/5468c8d1-6fe9-499c-9cd2-3236a8409e75 -> #PWR055 (kibot - v6_sch.py:2839)
DEBUG:- /c5103ceb-5325-4a84-a025-9638a412984e/0c02b15b-35ad-475c-8818-d45dc7028346/54bc7d6e-7cb8-4ea2-a5be-46cd2d6e1139 -> C31 (kibot - v6_sch.py:2839)
DEBUG:- /c5103ceb-5325-4a84-a025-9638a412984e/0c02b15b-35ad-475c-8818-d45dc7028346/58a62bcc-38a4-4e8f-bcb7-3f342c84d5ce -> C24 (kibot - v6_sch.py:2839)
DEBUG:- /c5103ceb-5325-4a84-a025-9638a412984e/0c02b15b-35ad-475c-8818-d45dc7028346/633a930d-8747-45be-90d0-656cea6c8ddd -> #PWR047 (kibot - v6_sch.py:2839)
DEBUG:- /c5103ceb-5325-4a84-a025-9638a412984e/0c02b15b-35ad-475c-8818-d45dc7028346/677afb0e-5029-45d0-bed4-2b66eb0aec65 -> #PWR056 (kibot - v6_sch.py:2839)
DEBUG:- /c5103ceb-5325-4a84-a025-9638a412984e/0c02b15b-35ad-475c-8818-d45dc7028346/749ded95-b67a-4df9-ab2a-a7b09a8dde5b -> C25 (kibot - v6_sch.py:2839)
DEBUG:- /c5103ceb-5325-4a84-a025-9638a412984e/0c02b15b-35ad-475c-8818-d45dc7028346/84cd414f-305b-448a-8db3-f8b6abc03bca -> C28 (kibot - v6_sch.py:2839)
DEBUG:- /c5103ceb-5325-4a84-a025-9638a412984e/0c02b15b-35ad-475c-8818-d45dc7028346/8aa66f41-5891-44ff-a0e7-6b3e65094b48 -> #PWR052 (kibot - v6_sch.py:2839)
DEBUG:- /c5103ceb-5325-4a84-a025-9638a412984e/0c02b15b-35ad-475c-8818-d45dc7028346/923b31c0-501d-4995-8349-7cf17ecbd972 -> C26 (kibot - v6_sch.py:2839)
DEBUG:- /c5103ceb-5325-4a84-a025-9638a412984e/0c02b15b-35ad-475c-8818-d45dc7028346/94b212c6-4b73-4133-b9f9-039461e0aeae -> C27 (kibot - v6_sch.py:2839)
DEBUG:- /c5103ceb-5325-4a84-a025-9638a412984e/0c02b15b-35ad-475c-8818-d45dc7028346/aa38d9fb-7a5a-466f-9a6d-ec1b1edfb9ad -> U9 (kibot - v6_sch.py:2839)
DEBUG:- /c5103ceb-5325-4a84-a025-9638a412984e/0c02b15b-35ad-475c-8818-d45dc7028346/ac6480ed-e3f6-491f-8b6f-599f6e3def35 -> #PWR054 (kibot - v6_sch.py:2839)
DEBUG:- /c5103ceb-5325-4a84-a025-9638a412984e/0c02b15b-35ad-475c-8818-d45dc7028346/c1d847b5-feab-49c8-b71d-79b305b07b83 -> U10 (kibot - v6_sch.py:2839)
DEBUG:- /c5103ceb-5325-4a84-a025-9638a412984e/0c02b15b-35ad-475c-8818-d45dc7028346/cc7fcc62-88fe-4785-90c6-a4598d5898e6 -> #PWR051 (kibot - v6_sch.py:2839)
DEBUG:- /c5103ceb-5325-4a84-a025-9638a412984e/0c02b15b-35ad-475c-8818-d45dc7028346/deada33b-fcee-4d3b-988a-5a5e1854c991 -> #PWR046 (kibot - v6_sch.py:2839)
DEBUG:- /c5103ceb-5325-4a84-a025-9638a412984e/0c02b15b-35ad-475c-8818-d45dc7028346/f70485c6-6ea4-426b-91e9-c33c2630eea5 -> #PWR057 (kibot - v6_sch.py:2839)
DEBUG:- /c5103ceb-5325-4a84-a025-9638a412984e/0c02b15b-35ad-475c-8818-d45dc7028346/ff703a84-960f-4c89-bb12-6d2e39e1d556 -> C29 (kibot - v6_sch.py:2839)
DEBUG:- /c5103ceb-5325-4a84-a025-9638a412984e/2fe83b79-d753-4dcf-9f39-3fcfeb31ecdb/318e0ad2-6c0f-4e28-82b8-6a4c39a7de87 -> #FLG03 (kibot - v6_sch.py:2839)
DEBUG:- /c5103ceb-5325-4a84-a025-9638a412984e/2fe83b79-d753-4dcf-9f39-3fcfeb31ecdb/51df7b91-f390-4505-874b-ece6b9802a43 -> #PWR017 (kibot - v6_sch.py:2839)
DEBUG:- /c5103ceb-5325-4a84-a025-9638a412984e/2fe83b79-d753-4dcf-9f39-3fcfeb31ecdb/5dd8be85-d443-4a35-b3a5-1c09fed637e4 -> #FLG01 (kibot - v6_sch.py:2839)
DEBUG:- /c5103ceb-5325-4a84-a025-9638a412984e/2fe83b79-d753-4dcf-9f39-3fcfeb31ecdb/6d1ceeac-798b-4b6a-8a9b-833fcb47a577 -> #PWR019 (kibot - v6_sch.py:2839)
DEBUG:- /c5103ceb-5325-4a84-a025-9638a412984e/2fe83b79-d753-4dcf-9f39-3fcfeb31ecdb/ad38aebc-ceb7-48c1-be9a-3fc2832cb177 -> U1 (kibot - v6_sch.py:2839)
DEBUG:- /c5103ceb-5325-4a84-a025-9638a412984e/2fe83b79-d753-4dcf-9f39-3fcfeb31ecdb/b952b08b-bbb1-4d3c-b5c6-314e09082c6a -> #PWR018 (kibot - v6_sch.py:2839)
DEBUG:- /c5103ceb-5325-4a84-a025-9638a412984e/2fe83b79-d753-4dcf-9f39-3fcfeb31ecdb/c28e4502-6995-468b-bb69-9d5a058580da -> #FLG05 (kibot - v6_sch.py:2839)
DEBUG:- /c5103ceb-5325-4a84-a025-9638a412984e/2fe83b79-d753-4dcf-9f39-3fcfeb31ecdb/c6a2f16b-a893-4581-bc4f-0a7f29a37985 -> #PWR021 (kibot - v6_sch.py:2839)
DEBUG:- /c5103ceb-5325-4a84-a025-9638a412984e/2fe83b79-d753-4dcf-9f39-3fcfeb31ecdb/c8835535-83e3-4e54-9edc-9fbacaa604c3 -> #PWR014 (kibot - v6_sch.py:2839)
DEBUG:- /c5103ceb-5325-4a84-a025-9638a412984e/2fe83b79-d753-4dcf-9f39-3fcfeb31ecdb/e4b94cbd-45eb-438f-9c2e-802c5d4796c5 -> #FLG04 (kibot - v6_sch.py:2839)
DEBUG:- /c5103ceb-5325-4a84-a025-9638a412984e/386223a5-2386-4f54-bc7e-fb4b7cf4dee5/493f8ded-c9de-47a7-a5e9-c3b8a315ed13 -> #PWR023 (kibot - v6_sch.py:2839)
DEBUG:- /c5103ceb-5325-4a84-a025-9638a412984e/386223a5-2386-4f54-bc7e-fb4b7cf4dee5/4c8c3e71-332a-4510-b768-659c1b386954 -> ENC2 (kibot - v6_sch.py:2839)
DEBUG:- /c5103ceb-5325-4a84-a025-9638a412984e/386223a5-2386-4f54-bc7e-fb4b7cf4dee5/55b28919-24a8-4eb4-8c6b-c98068d7294d -> #PWR022 (kibot - v6_sch.py:2839)
DEBUG:- /c5103ceb-5325-4a84-a025-9638a412984e/386223a5-2386-4f54-bc7e-fb4b7cf4dee5/904f6e39-62d0-41ea-a39c-0756fef1e326 -> ENC1 (kibot - v6_sch.py:2839)
DEBUG:- /c5103ceb-5325-4a84-a025-9638a412984e/4a6c7bfc-faeb-47ef-8e4b-cc2c9493c444/23c54c9d-8272-48bf-9eb9-126994d7892a -> #PWR020 (kibot - v6_sch.py:2839)
DEBUG:- /c5103ceb-5325-4a84-a025-9638a412984e/4a6c7bfc-faeb-47ef-8e4b-cc2c9493c444/4235a490-59c8-44ee-bb12-24fa168bd3a4 -> SW2 (kibot - v6_sch.py:2839)
DEBUG:- /c5103ceb-5325-4a84-a025-9638a412984e/4a6c7bfc-faeb-47ef-8e4b-cc2c9493c444/5166c847-b2ff-43fa-a39a-751cb2292254 -> #PWR012 (kibot - v6_sch.py:2839)
DEBUG:- /c5103ceb-5325-4a84-a025-9638a412984e/4a6c7bfc-faeb-47ef-8e4b-cc2c9493c444/9b96b56c-ae3b-47f5-9f01-960b1e495167 -> #PWR013 (kibot - v6_sch.py:2839)
DEBUG:- /c5103ceb-5325-4a84-a025-9638a412984e/772867b2-b1cc-44b7-b794-85020ff8e2de/26d143a7-21c4-4f81-847a-1abaf83a7818 -> C2 (kibot - v6_sch.py:2839)
DEBUG:- /c5103ceb-5325-4a84-a025-9638a412984e/772867b2-b1cc-44b7-b794-85020ff8e2de/38137420-3fb7-4bca-9797-fa4dfe560bf5 -> #PWR029 (kibot - v6_sch.py:2839)
DEBUG:- /c5103ceb-5325-4a84-a025-9638a412984e/772867b2-b1cc-44b7-b794-85020ff8e2de/4a084d36-e853-4435-9f98-deb46611f4d7 -> #PWR028 (kibot - v6_sch.py:2839)
DEBUG:- /c5103ceb-5325-4a84-a025-9638a412984e/772867b2-b1cc-44b7-b794-85020ff8e2de/551b2ded-efec-4862-89b9-9a49b817b454 -> SW3 (kibot - v6_sch.py:2839)
DEBUG:- /c5103ceb-5325-4a84-a025-9638a412984e/772867b2-b1cc-44b7-b794-85020ff8e2de/5f3b31a0-a74a-4736-b4bd-6ded669359f8 -> #PWR040 (kibot - v6_sch.py:2839)
DEBUG:- /c5103ceb-5325-4a84-a025-9638a412984e/772867b2-b1cc-44b7-b794-85020ff8e2de/60e75ccb-1139-4d47-9211-0f1c48662484 -> U3 (kibot - v6_sch.py:2839)
DEBUG:- /c5103ceb-5325-4a84-a025-9638a412984e/772867b2-b1cc-44b7-b794-85020ff8e2de/6348951d-45c7-4440-8f76-d52f807f400d -> #PWR037 (kibot - v6_sch.py:2839)
DEBUG:- /c5103ceb-5325-4a84-a025-9638a412984e/772867b2-b1cc-44b7-b794-85020ff8e2de/79b16b6c-51a4-47c8-a3b7-c103acacd5de -> #PWR027 (kibot - v6_sch.py:2839)
DEBUG:- /c5103ceb-5325-4a84-a025-9638a412984e/772867b2-b1cc-44b7-b794-85020ff8e2de/9d5af0a6-2bf8-45ee-b408-ceaf39619916 -> #PWR031 (kibot - v6_sch.py:2839)
DEBUG:- /c5103ceb-5325-4a84-a025-9638a412984e/772867b2-b1cc-44b7-b794-85020ff8e2de/bb6dce5b-3d9b-4743-a223-716341d53826 -> #PWR032 (kibot - v6_sch.py:2839)
DEBUG:- /c5103ceb-5325-4a84-a025-9638a412984e/772867b2-b1cc-44b7-b794-85020ff8e2de/c07c07cc-4edd-4319-a0dd-54733876ff4e -> C3 (kibot - v6_sch.py:2839)
DEBUG:- /c5103ceb-5325-4a84-a025-9638a412984e/772867b2-b1cc-44b7-b794-85020ff8e2de/f69281d3-6d28-40e8-b7a8-8a7739c947da -> #PWR030 (kibot - v6_sch.py:2839)
DEBUG:- /c5103ceb-5325-4a84-a025-9638a412984e/772867b2-b1cc-44b7-b794-85020ff8e2de/f966e65b-979b-434b-9ee1-3a252a5b4c69 -> C4 (kibot - v6_sch.py:2839)
DEBUG:- /c5103ceb-5325-4a84-a025-9638a412984e/772867b2-b1cc-44b7-b794-85020ff8e2de/facd7e78-e802-4e0b-a3a9-cbff0b262df4 -> C1 (kibot - v6_sch.py:2839)
DEBUG:- /c5103ceb-5325-4a84-a025-9638a412984e/8d9f21e8-8432-4400-a476-7598f31fd9d6/5b34a7ea-7f91-45b2-8647-176698d2740e -> NT3 (kibot - v6_sch.py:2839)
DEBUG:- /c5103ceb-5325-4a84-a025-9638a412984e/8d9f21e8-8432-4400-a476-7598f31fd9d6/75c03e1d-1e6d-45cc-a65f-5c4db85880cf -> SW1 (kibot - v6_sch.py:2839)
DEBUG:- /c5103ceb-5325-4a84-a025-9638a412984e/8d9f21e8-8432-4400-a476-7598f31fd9d6/d9ff5422-d1e8-4c39-801f-055b48d028f0 -> NT4 (kibot - v6_sch.py:2839)
DEBUG:- /c5103ceb-5325-4a84-a025-9638a412984e/dee490d9-a515-44e7-bb66-1f73103bbfe2/00945ef5-4121-47fa-9e9c-9374360097ad -> #PWR035 (kibot - v6_sch.py:2839)
DEBUG:- /c5103ceb-5325-4a84-a025-9638a412984e/dee490d9-a515-44e7-bb66-1f73103bbfe2/03166697-283c-402c-a573-2181598445db -> #PWR04 (kibot - v6_sch.py:2839)
DEBUG:- /c5103ceb-5325-4a84-a025-9638a412984e/dee490d9-a515-44e7-bb66-1f73103bbfe2/0a93fffc-0442-4dfa-897d-c89413b38a44 -> J11 (kibot - v6_sch.py:2839)
DEBUG:- /c5103ceb-5325-4a84-a025-9638a412984e/dee490d9-a515-44e7-bb66-1f73103bbfe2/0b8965dd-407b-42a9-a77b-debdc950f6d0 -> #PWR05 (kibot - v6_sch.py:2839)
DEBUG:- /c5103ceb-5325-4a84-a025-9638a412984e/dee490d9-a515-44e7-bb66-1f73103bbfe2/1fd29326-82bd-4ed2-841b-b9f8262469f2 -> J8 (kibot - v6_sch.py:2839)
DEBUG:- /c5103ceb-5325-4a84-a025-9638a412984e/dee490d9-a515-44e7-bb66-1f73103bbfe2/2d4c63a9-da01-45bc-aa62-52bd8b8bc8da -> #PWR08 (kibot - v6_sch.py:2839)
DEBUG:- /c5103ceb-5325-4a84-a025-9638a412984e/dee490d9-a515-44e7-bb66-1f73103bbfe2/390dcadf-9398-4464-9213-8d2a2c3247d2 -> J1 (kibot - v6_sch.py:2839)
DEBUG:- /c5103ceb-5325-4a84-a025-9638a412984e/dee490d9-a515-44e7-bb66-1f73103bbfe2/612bbba6-e224-4878-8048-1e5f42dad344 -> #PWR033 (kibot - v6_sch.py:2839)
DEBUG:- /c5103ceb-5325-4a84-a025-9638a412984e/dee490d9-a515-44e7-bb66-1f73103bbfe2/64aebb61-d22f-40ec-bc21-2330bc775ee3 -> J4 (kibot - v6_sch.py:2839)
DEBUG:- /c5103ceb-5325-4a84-a025-9638a412984e/dee490d9-a515-44e7-bb66-1f73103bbfe2/7061a35b-1772-46ca-8231-18e92370ebd5 -> #PWR036 (kibot - v6_sch.py:2839)
DEBUG:- /c5103ceb-5325-4a84-a025-9638a412984e/dee490d9-a515-44e7-bb66-1f73103bbfe2/7690a138-3dff-47dd-9d63-3374381786e2 -> J7 (kibot - v6_sch.py:2839)
DEBUG:- /c5103ceb-5325-4a84-a025-9638a412984e/dee490d9-a515-44e7-bb66-1f73103bbfe2/97f3e5ea-3ed9-46ae-8aa5-f08f0ace6094 -> #PWR034 (kibot - v6_sch.py:2839)
DEBUG:- /c5103ceb-5325-4a84-a025-9638a412984e/dee490d9-a515-44e7-bb66-1f73103bbfe2/a1b17503-7536-4c14-acf5-6bedd35b174b -> J5 (kibot - v6_sch.py:2839)
DEBUG:- /c5103ceb-5325-4a84-a025-9638a412984e/dee490d9-a515-44e7-bb66-1f73103bbfe2/af4c231d-091d-4aaa-a4ff-18ceeff86d03 -> J9 (kibot - v6_sch.py:2839)
DEBUG:- /c5103ceb-5325-4a84-a025-9638a412984e/dee490d9-a515-44e7-bb66-1f73103bbfe2/afceeaae-5d93-49f3-8ff8-9b1ccaa1d8d6 -> J3 (kibot - v6_sch.py:2839)
DEBUG:- /c5103ceb-5325-4a84-a025-9638a412984e/dee490d9-a515-44e7-bb66-1f73103bbfe2/bdb5dad3-692e-4a37-a5b0-12ae2886399d -> #PWR06 (kibot - v6_sch.py:2839)
DEBUG:- /c5103ceb-5325-4a84-a025-9638a412984e/dee490d9-a515-44e7-bb66-1f73103bbfe2/c30ccdcb-2d1e-45e9-adfc-8849f1dea763 -> J6 (kibot - v6_sch.py:2839)
DEBUG:- /c5103ceb-5325-4a84-a025-9638a412984e/dee490d9-a515-44e7-bb66-1f73103bbfe2/c4072bc2-fea6-4608-b1a0-a935f88d1735 -> #PWR01 (kibot - v6_sch.py:2839)
DEBUG:- /c5103ceb-5325-4a84-a025-9638a412984e/dee490d9-a515-44e7-bb66-1f73103bbfe2/c6bc4586-6293-449d-8ad0-f343fd88a0ec -> #PWR02 (kibot - v6_sch.py:2839)
DEBUG:- /c5103ceb-5325-4a84-a025-9638a412984e/dee490d9-a515-44e7-bb66-1f73103bbfe2/d0e850d1-0c03-4ac4-8acb-9f0a06f3391d -> J10 (kibot - v6_sch.py:2839)
DEBUG:- /c5103ceb-5325-4a84-a025-9638a412984e/dee490d9-a515-44e7-bb66-1f73103bbfe2/dc499e38-32cb-4e86-82f9-9a8266817fd3 -> #PWR09 (kibot - v6_sch.py:2839)
DEBUG:- /c5103ceb-5325-4a84-a025-9638a412984e/dee490d9-a515-44e7-bb66-1f73103bbfe2/e50aee78-4293-43c8-b2f7-a19244c9042b -> #PWR010 (kibot - v6_sch.py:2839)
DEBUG:- /c5103ceb-5325-4a84-a025-9638a412984e/dee490d9-a515-44e7-bb66-1f73103bbfe2/e7701c14-268e-462c-b994-6e26f3703623 -> #PWR03 (kibot - v6_sch.py:2839)
DEBUG:- /c5103ceb-5325-4a84-a025-9638a412984e/dee490d9-a515-44e7-bb66-1f73103bbfe2/f1ab6a8e-014f-405d-b19d-06cff7ca3853 -> J2 (kibot - v6_sch.py:2839)
DEBUG:- /c5103ceb-5325-4a84-a025-9638a412984e/dee490d9-a515-44e7-bb66-1f73103bbfe2/fed186e6-6fcc-4f0e-a914-cdbcc11a5a61 -> #PWR07 (kibot - v6_sch.py:2839)
DEBUG:- /c5103ceb-5325-4a84-a025-9638a412984e/e020a81d-84f3-4644-80d6-529a40250d25/a225121e-70c8-45e0-aefd-bd0b4f991c81 -> U2 (kibot - v6_sch.py:2839)
DEBUG:- /c5103ceb-5325-4a84-a025-9638a412984e/e020a81d-84f3-4644-80d6-529a40250d25/bee550a1-b75c-4dfa-aaf5-2809f77385d7 -> #PWR024 (kibot - v6_sch.py:2839)
DEBUG:- /c5103ceb-5325-4a84-a025-9638a412984e/e020a81d-84f3-4644-80d6-529a40250d25/cf2e1e62-8972-44c8-b5a9-634d4cac9ab6 -> #PWR025 (kibot - v6_sch.py:2839)
DEBUG:- /c5103ceb-5325-4a84-a025-9638a412984e/e020a81d-84f3-4644-80d6-529a40250d25/f8d239be-315e-4c02-b0d6-8e2a9675fb62 -> #PWR026 (kibot - v6_sch.py:2839)
DEBUG:- /c5103ceb-5325-4a84-a025-9638a412984e/e3b3b221-caf5-40bd-be26-6466b0cd7282/28d34f2d-7f1a-41c4-8be0-504f9efd1c39 -> C32 (kibot - v6_sch.py:2839)
DEBUG:- /c5103ceb-5325-4a84-a025-9638a412984e/e3b3b221-caf5-40bd-be26-6466b0cd7282/445000b2-4d78-42bf-aeda-b53ca4c0574a -> #PWR058 (kibot - v6_sch.py:2839)
DEBUG:- /c5103ceb-5325-4a84-a025-9638a412984e/e3b3b221-caf5-40bd-be26-6466b0cd7282/48877348-3261-4bf3-ac3a-247712712cdc -> C35 (kibot - v6_sch.py:2839)
DEBUG:- /c5103ceb-5325-4a84-a025-9638a412984e/e3b3b221-caf5-40bd-be26-6466b0cd7282/4c1609af-c659-401a-b150-92288e14005b -> #PWR059 (kibot - v6_sch.py:2839)
DEBUG:- /c5103ceb-5325-4a84-a025-9638a412984e/e3b3b221-caf5-40bd-be26-6466b0cd7282/67f72049-20f3-4e1d-bbd5-b189a0bcbc24 -> NT2 (kibot - v6_sch.py:2839)
DEBUG:- /c5103ceb-5325-4a84-a025-9638a412984e/e3b3b221-caf5-40bd-be26-6466b0cd7282/6a574998-16a6-4e18-b216-f54329af9e0e -> U12 (kibot - v6_sch.py:2839)
DEBUG:- /c5103ceb-5325-4a84-a025-9638a412984e/e3b3b221-caf5-40bd-be26-6466b0cd7282/819b89b1-4fa3-400d-ac28-a694fe852d1b -> #PWR016 (kibot - v6_sch.py:2839)
DEBUG:- /c5103ceb-5325-4a84-a025-9638a412984e/e3b3b221-caf5-40bd-be26-6466b0cd7282/89c989c7-d7bd-4be9-91dd-4f3cc6bd4dd2 -> C33 (kibot - v6_sch.py:2839)
DEBUG:- /c5103ceb-5325-4a84-a025-9638a412984e/e3b3b221-caf5-40bd-be26-6466b0cd7282/9574a86e-4ccf-4c0b-81db-84e962cb4fce -> #PWR011 (kibot - v6_sch.py:2839)
DEBUG:- /c5103ceb-5325-4a84-a025-9638a412984e/e3b3b221-caf5-40bd-be26-6466b0cd7282/a36ec3cc-4357-4b11-a3d8-0cc121266295 -> NT1 (kibot - v6_sch.py:2839)
DEBUG:- /c5103ceb-5325-4a84-a025-9638a412984e/e3b3b221-caf5-40bd-be26-6466b0cd7282/b06a171d-f71f-4716-ab8b-5d6c80e2cdc1 -> #PWR015 (kibot - v6_sch.py:2839)
DEBUG:- /c5103ceb-5325-4a84-a025-9638a412984e/e3b3b221-caf5-40bd-be26-6466b0cd7282/e2b48a81-ab6d-4285-a97f-025869927859 -> C34 (kibot - v6_sch.py:2839)
DEBUG:- /c5103ceb-5325-4a84-a025-9638a412984e/f7888403-ed28-43d8-b5e5-143ef539d790/11e856d4-d940-4874-8470-117e49bbfcc9 -> U7 (kibot - v6_sch.py:2839)
DEBUG:- /c5103ceb-5325-4a84-a025-9638a412984e/f7888403-ed28-43d8-b5e5-143ef539d790/1630fbec-5cc6-4755-92c6-82cde6160a30 -> C19 (kibot - v6_sch.py:2839)
DEBUG:- /c5103ceb-5325-4a84-a025-9638a412984e/f7888403-ed28-43d8-b5e5-143ef539d790/29b66cc7-3517-4f0e-b095-64035d540d72 -> C22 (kibot - v6_sch.py:2839)
DEBUG:- /c5103ceb-5325-4a84-a025-9638a412984e/f7888403-ed28-43d8-b5e5-143ef539d790/335cb999-b937-4dcd-9d0a-d53119bcee1a -> U8 (kibot - v6_sch.py:2839)
DEBUG:- /c5103ceb-5325-4a84-a025-9638a412984e/f7888403-ed28-43d8-b5e5-143ef539d790/60560f94-5a26-41bc-b052-18d17768afa3 -> #PWR045 (kibot - v6_sch.py:2839)
DEBUG:- /c5103ceb-5325-4a84-a025-9638a412984e/f7888403-ed28-43d8-b5e5-143ef539d790/a9a37fe8-a8fb-4ab8-a79c-8af25e4fb9cb -> #PWR043 (kibot - v6_sch.py:2839)
DEBUG:- /c5103ceb-5325-4a84-a025-9638a412984e/f7888403-ed28-43d8-b5e5-143ef539d790/af7d861d-14e1-4255-b4c7-a95ad42123e2 -> #PWR039 (kibot - v6_sch.py:2839)
DEBUG:- /c5103ceb-5325-4a84-a025-9638a412984e/f7888403-ed28-43d8-b5e5-143ef539d790/e34f9ffc-cb19-404a-bf83-d7bc386f095e -> #PWR038 (kibot - v6_sch.py:2839)
DEBUG:- /c5103ceb-5325-4a84-a025-9638a412984e/f7888403-ed28-43d8-b5e5-143ef539d790/e3a3be8a-0320-4462-80e7-048e30121108 -> C18 (kibot - v6_sch.py:2839)
DEBUG:- /c5103ceb-5325-4a84-a025-9638a412984e/f7888403-ed28-43d8-b5e5-143ef539d790/e98567c3-bf84-4b10-b884-27a97101783c -> C21 (kibot - v6_sch.py:2839)
DEBUG:- /c5103ceb-5325-4a84-a025-9638a412984e/f7888403-ed28-43d8-b5e5-143ef539d790/ed8e3123-fb54-43e4-b892-5674f6fba9b2 -> C20 (kibot - v6_sch.py:2839)
DEBUG:- /c5103ceb-5325-4a84-a025-9638a412984e/f7888403-ed28-43d8-b5e5-143ef539d790/fc46ede8-5704-4ff0-8c16-1dfc79f32b6f -> #PWR044 (kibot - v6_sch.py:2839)
DEBUG:Collected sheet paths (kibot - v6_sch.py:2840)
DEBUG:- / (kibot - v6_sch.py:2842)
DEBUG:- /5fb05893-0da3-4f58-a52b-cb6d6f4cb80b (kibot - v6_sch.py:2842)
DEBUG:- /6e125bd6-2f99-4e5d-b3ea-4899f4540739 (kibot - v6_sch.py:2842)
DEBUG:- /82da9dbf-ba38-4d08-ba35-a220fa2963b1 (kibot - v6_sch.py:2842)
DEBUG:- /c5103ceb-5325-4a84-a025-9638a412984e (kibot - v6_sch.py:2842)
DEBUG:- /c5103ceb-5325-4a84-a025-9638a412984e/0c02b15b-35ad-475c-8818-d45dc7028346 (kibot - v6_sch.py:2842)
DEBUG:  - /c5103ceb-5325-4a84-a025-9638a412984e/0c02b15b-35ad-475c-8818-d45dc7028346/0ccc6bd2-48bf-4e47-bf22-9317635d56a2 -> ?? (0.1uF_0603_16V ) (kibot - v6_sch.py:2844)
DEBUG:  - /c5103ceb-5325-4a84-a025-9638a412984e/0c02b15b-35ad-475c-8818-d45dc7028346/193274b1-25a9-46b8-be6b-0f3e757507c5 -> ?? (GND ) (kibot - v6_sch.py:2844)
DEBUG:  - /c5103ceb-5325-4a84-a025-9638a412984e/0c02b15b-35ad-475c-8818-d45dc7028346/35b74239-adff-4298-afcc-3296b5a3188d -> ?? (TMUX7219MDGKR ) (kibot - v6_sch.py:2844)
DEBUG:  - /c5103ceb-5325-4a84-a025-9638a412984e/0c02b15b-35ad-475c-8818-d45dc7028346/40fb2e9c-7de3-4466-aa5b-ac02177d6b74 -> ?? (10uF_1206_35V ) (kibot - v6_sch.py:2844)
DEBUG:  - /c5103ceb-5325-4a84-a025-9638a412984e/0c02b15b-35ad-475c-8818-d45dc7028346/5468c8d1-6fe9-499c-9cd2-3236a8409e75 -> ?? (VDD ) (kibot - v6_sch.py:2844)
DEBUG:  - /c5103ceb-5325-4a84-a025-9638a412984e/0c02b15b-35ad-475c-8818-d45dc7028346/54bc7d6e-7cb8-4ea2-a5be-46cd2d6e1139 -> ?? (10uF_1206_35V ) (kibot - v6_sch.py:2844)
DEBUG:  - /c5103ceb-5325-4a84-a025-9638a412984e/0c02b15b-35ad-475c-8818-d45dc7028346/58a62bcc-38a4-4e8f-bcb7-3f342c84d5ce -> ?? (0.1uF_0603_16V ) (kibot - v6_sch.py:2844)
DEBUG:  - /c5103ceb-5325-4a84-a025-9638a412984e/0c02b15b-35ad-475c-8818-d45dc7028346/633a930d-8747-45be-90d0-656cea6c8ddd -> ?? (+5V ) (kibot - v6_sch.py:2844)
DEBUG:  - /c5103ceb-5325-4a84-a025-9638a412984e/0c02b15b-35ad-475c-8818-d45dc7028346/677afb0e-5029-45d0-bed4-2b66eb0aec65 -> ?? (GND ) (kibot - v6_sch.py:2844)
DEBUG:  - /c5103ceb-5325-4a84-a025-9638a412984e/0c02b15b-35ad-475c-8818-d45dc7028346/749ded95-b67a-4df9-ab2a-a7b09a8dde5b -> ?? (0.1uF_0603_16V ) (kibot - v6_sch.py:2844)
DEBUG:  - /c5103ceb-5325-4a84-a025-9638a412984e/0c02b15b-35ad-475c-8818-d45dc7028346/84cd414f-305b-448a-8db3-f8b6abc03bca -> ?? (0.1uF_0603_16V ) (kibot - v6_sch.py:2844)
DEBUG:  - /c5103ceb-5325-4a84-a025-9638a412984e/0c02b15b-35ad-475c-8818-d45dc7028346/8aa66f41-5891-44ff-a0e7-6b3e65094b48 -> ?? (VDD ) (kibot - v6_sch.py:2844)
DEBUG:  - /c5103ceb-5325-4a84-a025-9638a412984e/0c02b15b-35ad-475c-8818-d45dc7028346/923b31c0-501d-4995-8349-7cf17ecbd972 -> ?? (10uF_1206_35V ) (kibot - v6_sch.py:2844)
DEBUG:  - /c5103ceb-5325-4a84-a025-9638a412984e/0c02b15b-35ad-475c-8818-d45dc7028346/94b212c6-4b73-4133-b9f9-039461e0aeae -> ?? (10uF_1206_35V ) (kibot - v6_sch.py:2844)
DEBUG:  - /c5103ceb-5325-4a84-a025-9638a412984e/0c02b15b-35ad-475c-8818-d45dc7028346/aa38d9fb-7a5a-466f-9a6d-ec1b1edfb9ad -> ?? (PINA745AIRELR ) (kibot - v6_sch.py:2844)
DEBUG:  - /c5103ceb-5325-4a84-a025-9638a412984e/0c02b15b-35ad-475c-8818-d45dc7028346/ac6480ed-e3f6-491f-8b6f-599f6e3def35 -> ?? (GND ) (kibot - v6_sch.py:2844)
DEBUG:  - /c5103ceb-5325-4a84-a025-9638a412984e/0c02b15b-35ad-475c-8818-d45dc7028346/c1d847b5-feab-49c8-b71d-79b305b07b83 -> ?? (PTMUX6236RUMR ) (kibot - v6_sch.py:2844)
DEBUG:  - /c5103ceb-5325-4a84-a025-9638a412984e/0c02b15b-35ad-475c-8818-d45dc7028346/cc7fcc62-88fe-4785-90c6-a4598d5898e6 -> ?? (VDD ) (kibot - v6_sch.py:2844)
DEBUG:  - /c5103ceb-5325-4a84-a025-9638a412984e/0c02b15b-35ad-475c-8818-d45dc7028346/deada33b-fcee-4d3b-988a-5a5e1854c991 -> ?? (GND ) (kibot - v6_sch.py:2844)
DEBUG:  - /c5103ceb-5325-4a84-a025-9638a412984e/0c02b15b-35ad-475c-8818-d45dc7028346/f70485c6-6ea4-426b-91e9-c33c2630eea5 -> ?? (VDD ) (kibot - v6_sch.py:2844)
DEBUG:  - /c5103ceb-5325-4a84-a025-9638a412984e/0c02b15b-35ad-475c-8818-d45dc7028346/ff703a84-960f-4c89-bb12-6d2e39e1d556 -> ?? (10uF_1206_35V ) (kibot - v6_sch.py:2844)
DEBUG:- /c5103ceb-5325-4a84-a025-9638a412984e/2fe83b79-d753-4dcf-9f39-3fcfeb31ecdb (kibot - v6_sch.py:2842)
DEBUG:  - /c5103ceb-5325-4a84-a025-9638a412984e/2fe83b79-d753-4dcf-9f39-3fcfeb31ecdb/318e0ad2-6c0f-4e28-82b8-6a4c39a7de87 -> ?? (PWR_FLAG ) (kibot - v6_sch.py:2844)
DEBUG:  - /c5103ceb-5325-4a84-a025-9638a412984e/2fe83b79-d753-4dcf-9f39-3fcfeb31ecdb/51df7b91-f390-4505-874b-ece6b9802a43 -> ?? (GND ) (kibot - v6_sch.py:2844)
DEBUG:  - /c5103ceb-5325-4a84-a025-9638a412984e/2fe83b79-d753-4dcf-9f39-3fcfeb31ecdb/5dd8be85-d443-4a35-b3a5-1c09fed637e4 -> ?? (PWR_FLAG ) (kibot - v6_sch.py:2844)
DEBUG:  - /c5103ceb-5325-4a84-a025-9638a412984e/2fe83b79-d753-4dcf-9f39-3fcfeb31ecdb/6d1ceeac-798b-4b6a-8a9b-833fcb47a577 -> ?? (+5V ) (kibot - v6_sch.py:2844)
DEBUG:  - /c5103ceb-5325-4a84-a025-9638a412984e/2fe83b79-d753-4dcf-9f39-3fcfeb31ecdb/ad38aebc-ceb7-48c1-be9a-3fc2832cb177 -> ?? (rotopd ) (kibot - v6_sch.py:2844)
DEBUG:  - /c5103ceb-5325-4a84-a025-9638a412984e/2fe83b79-d753-4dcf-9f39-3fcfeb31ecdb/b952b08b-bbb1-4d3c-b5c6-314e09082c6a -> ?? (+3.3V ) (kibot - v6_sch.py:2844)
DEBUG:  - /c5103ceb-5325-4a84-a025-9638a412984e/2fe83b79-d753-4dcf-9f39-3fcfeb31ecdb/c28e4502-6995-468b-bb69-9d5a058580da -> ?? (PWR_FLAG ) (kibot - v6_sch.py:2844)
DEBUG:  - /c5103ceb-5325-4a84-a025-9638a412984e/2fe83b79-d753-4dcf-9f39-3fcfeb31ecdb/c6a2f16b-a893-4581-bc4f-0a7f29a37985 -> ?? (GND ) (kibot - v6_sch.py:2844)
DEBUG:  - /c5103ceb-5325-4a84-a025-9638a412984e/2fe83b79-d753-4dcf-9f39-3fcfeb31ecdb/c8835535-83e3-4e54-9edc-9fbacaa604c3 -> ?? (VDD ) (kibot - v6_sch.py:2844)
DEBUG:  - /c5103ceb-5325-4a84-a025-9638a412984e/2fe83b79-d753-4dcf-9f39-3fcfeb31ecdb/e4b94cbd-45eb-438f-9c2e-802c5d4796c5 -> ?? (PWR_FLAG ) (kibot - v6_sch.py:2844)
DEBUG:- /c5103ceb-5325-4a84-a025-9638a412984e/386223a5-2386-4f54-bc7e-fb4b7cf4dee5 (kibot - v6_sch.py:2842)
DEBUG:  - /c5103ceb-5325-4a84-a025-9638a412984e/386223a5-2386-4f54-bc7e-fb4b7cf4dee5/493f8ded-c9de-47a7-a5e9-c3b8a315ed13 -> ?? (+3.3V ) (kibot - v6_sch.py:2844)
DEBUG:  - /c5103ceb-5325-4a84-a025-9638a412984e/386223a5-2386-4f54-bc7e-fb4b7cf4dee5/4c8c3e71-332a-4510-b768-659c1b386954 -> ?? (Encoder_Rotary_11mm_SPST_DShaft ) (kibot - v6_sch.py:2844)
DEBUG:  - /c5103ceb-5325-4a84-a025-9638a412984e/386223a5-2386-4f54-bc7e-fb4b7cf4dee5/55b28919-24a8-4eb4-8c6b-c98068d7294d -> ?? (GND ) (kibot - v6_sch.py:2844)
DEBUG:  - /c5103ceb-5325-4a84-a025-9638a412984e/386223a5-2386-4f54-bc7e-fb4b7cf4dee5/904f6e39-62d0-41ea-a39c-0756fef1e326 -> ?? (Encoder_Rotary_11mm_SPST_DShaft ) (kibot - v6_sch.py:2844)
DEBUG:- /c5103ceb-5325-4a84-a025-9638a412984e/4a6c7bfc-faeb-47ef-8e4b-cc2c9493c444 (kibot - v6_sch.py:2842)
DEBUG:  - /c5103ceb-5325-4a84-a025-9638a412984e/4a6c7bfc-faeb-47ef-8e4b-cc2c9493c444/23c54c9d-8272-48bf-9eb9-126994d7892a -> ?? (GND ) (kibot - v6_sch.py:2844)
DEBUG:  - /c5103ceb-5325-4a84-a025-9638a412984e/4a6c7bfc-faeb-47ef-8e4b-cc2c9493c444/4235a490-59c8-44ee-bb12-24fa168bd3a4 -> ?? (SW_Rotary_1x3_MP ) (kibot - v6_sch.py:2844)
DEBUG:  - /c5103ceb-5325-4a84-a025-9638a412984e/4a6c7bfc-faeb-47ef-8e4b-cc2c9493c444/5166c847-b2ff-43fa-a39a-751cb2292254 -> ?? (GND ) (kibot - v6_sch.py:2844)
DEBUG:  - /c5103ceb-5325-4a84-a025-9638a412984e/4a6c7bfc-faeb-47ef-8e4b-cc2c9493c444/9b96b56c-ae3b-47f5-9f01-960b1e495167 -> ?? (+5V ) (kibot - v6_sch.py:2844)
DEBUG:- /c5103ceb-5325-4a84-a025-9638a412984e/772867b2-b1cc-44b7-b794-85020ff8e2de (kibot - v6_sch.py:2842)
DEBUG:  - /c5103ceb-5325-4a84-a025-9638a412984e/772867b2-b1cc-44b7-b794-85020ff8e2de/26d143a7-21c4-4f81-847a-1abaf83a7818 -> ?? (10uF_1206_35V ) (kibot - v6_sch.py:2844)
DEBUG:  - /c5103ceb-5325-4a84-a025-9638a412984e/772867b2-b1cc-44b7-b794-85020ff8e2de/38137420-3fb7-4bca-9797-fa4dfe560bf5 -> ?? (VDD ) (kibot - v6_sch.py:2844)
DEBUG:  - /c5103ceb-5325-4a84-a025-9638a412984e/772867b2-b1cc-44b7-b794-85020ff8e2de/4a084d36-e853-4435-9f98-deb46611f4d7 -> ?? (GND ) (kibot - v6_sch.py:2844)
DEBUG:  - /c5103ceb-5325-4a84-a025-9638a412984e/772867b2-b1cc-44b7-b794-85020ff8e2de/551b2ded-efec-4862-89b9-9a49b817b454 -> ?? (SW_Push_LED ) (kibot - v6_sch.py:2844)
DEBUG:  - /c5103ceb-5325-4a84-a025-9638a412984e/772867b2-b1cc-44b7-b794-85020ff8e2de/5f3b31a0-a74a-4736-b4bd-6ded669359f8 -> ?? (+5V ) (kibot - v6_sch.py:2844)
DEBUG:  - /c5103ceb-5325-4a84-a025-9638a412984e/772867b2-b1cc-44b7-b794-85020ff8e2de/60e75ccb-1139-4d47-9211-0f1c48662484 -> ?? (TMUX7201RQXR ) (kibot - v6_sch.py:2844)
DEBUG:  - /c5103ceb-5325-4a84-a025-9638a412984e/772867b2-b1cc-44b7-b794-85020ff8e2de/6348951d-45c7-4440-8f76-d52f807f400d -> ?? (+5V ) (kibot - v6_sch.py:2844)
DEBUG:  - /c5103ceb-5325-4a84-a025-9638a412984e/772867b2-b1cc-44b7-b794-85020ff8e2de/79b16b6c-51a4-47c8-a3b7-c103acacd5de -> ?? (GND ) (kibot - v6_sch.py:2844)
DEBUG:  - /c5103ceb-5325-4a84-a025-9638a412984e/772867b2-b1cc-44b7-b794-85020ff8e2de/9d5af0a6-2bf8-45ee-b408-ceaf39619916 -> ?? (VDD ) (kibot - v6_sch.py:2844)
DEBUG:  - /c5103ceb-5325-4a84-a025-9638a412984e/772867b2-b1cc-44b7-b794-85020ff8e2de/bb6dce5b-3d9b-4743-a223-716341d53826 -> ?? (VDD ) (kibot - v6_sch.py:2844)
DEBUG:  - /c5103ceb-5325-4a84-a025-9638a412984e/772867b2-b1cc-44b7-b794-85020ff8e2de/c07c07cc-4edd-4319-a0dd-54733876ff4e -> ?? (0.1uF_0603_16V ) (kibot - v6_sch.py:2844)
DEBUG:  - /c5103ceb-5325-4a84-a025-9638a412984e/772867b2-b1cc-44b7-b794-85020ff8e2de/f69281d3-6d28-40e8-b7a8-8a7739c947da -> ?? (+VDC ) (kibot - v6_sch.py:2844)
DEBUG:  - /c5103ceb-5325-4a84-a025-9638a412984e/772867b2-b1cc-44b7-b794-85020ff8e2de/f966e65b-979b-434b-9ee1-3a252a5b4c69 -> ?? (10uF_1206_35V ) (kibot - v6_sch.py:2844)
DEBUG:  - /c5103ceb-5325-4a84-a025-9638a412984e/772867b2-b1cc-44b7-b794-85020ff8e2de/facd7e78-e802-4e0b-a3a9-cbff0b262df4 -> ?? (0.1uF_0603_16V ) (kibot - v6_sch.py:2844)
DEBUG:- /c5103ceb-5325-4a84-a025-9638a412984e/8d9f21e8-8432-4400-a476-7598f31fd9d6 (kibot - v6_sch.py:2842)
DEBUG:  - /c5103ceb-5325-4a84-a025-9638a412984e/8d9f21e8-8432-4400-a476-7598f31fd9d6/5b34a7ea-7f91-45b2-8647-176698d2740e -> ?? (NetTie_2 ) (kibot - v6_sch.py:2844)
DEBUG:  - /c5103ceb-5325-4a84-a025-9638a412984e/8d9f21e8-8432-4400-a476-7598f31fd9d6/75c03e1d-1e6d-45cc-a65f-5c4db85880cf -> ?? (SW_DPST ) (kibot - v6_sch.py:2844)
DEBUG:  - /c5103ceb-5325-4a84-a025-9638a412984e/8d9f21e8-8432-4400-a476-7598f31fd9d6/d9ff5422-d1e8-4c39-801f-055b48d028f0 -> ?? (NetTie_2 ) (kibot - v6_sch.py:2844)
DEBUG:- /c5103ceb-5325-4a84-a025-9638a412984e/dee490d9-a515-44e7-bb66-1f73103bbfe2 (kibot - v6_sch.py:2842)
DEBUG:  - /c5103ceb-5325-4a84-a025-9638a412984e/dee490d9-a515-44e7-bb66-1f73103bbfe2/00945ef5-4121-47fa-9e9c-9374360097ad -> ?? (+5V ) (kibot - v6_sch.py:2844)
DEBUG:  - /c5103ceb-5325-4a84-a025-9638a412984e/dee490d9-a515-44e7-bb66-1f73103bbfe2/03166697-283c-402c-a573-2181598445db -> ?? (+5V ) (kibot - v6_sch.py:2844)
DEBUG:  - /c5103ceb-5325-4a84-a025-9638a412984e/dee490d9-a515-44e7-bb66-1f73103bbfe2/0a93fffc-0442-4dfa-897d-c89413b38a44 -> ?? (Conn_01x08_Socket ) (kibot - v6_sch.py:2844)
DEBUG:  - /c5103ceb-5325-4a84-a025-9638a412984e/dee490d9-a515-44e7-bb66-1f73103bbfe2/0b8965dd-407b-42a9-a77b-debdc950f6d0 -> ?? (+3.3V ) (kibot - v6_sch.py:2844)
DEBUG:  - /c5103ceb-5325-4a84-a025-9638a412984e/dee490d9-a515-44e7-bb66-1f73103bbfe2/1fd29326-82bd-4ed2-841b-b9f8262469f2 -> ?? (Conn_01x02_Pin ) (kibot - v6_sch.py:2844)
DEBUG:  - /c5103ceb-5325-4a84-a025-9638a412984e/dee490d9-a515-44e7-bb66-1f73103bbfe2/2d4c63a9-da01-45bc-aa62-52bd8b8bc8da -> ?? (GND ) (kibot - v6_sch.py:2844)
DEBUG:  - /c5103ceb-5325-4a84-a025-9638a412984e/dee490d9-a515-44e7-bb66-1f73103bbfe2/390dcadf-9398-4464-9213-8d2a2c3247d2 -> ?? (DE9_Pins_MountingHoles ) (kibot - v6_sch.py:2844)
DEBUG:  - /c5103ceb-5325-4a84-a025-9638a412984e/dee490d9-a515-44e7-bb66-1f73103bbfe2/612bbba6-e224-4878-8048-1e5f42dad344 -> ?? (+5V ) (kibot - v6_sch.py:2844)
DEBUG:  - /c5103ceb-5325-4a84-a025-9638a412984e/dee490d9-a515-44e7-bb66-1f73103bbfe2/64aebb61-d22f-40ec-bc21-2330bc775ee3 -> ?? (Conn_01x04_Socket ) (kibot - v6_sch.py:2844)
DEBUG:  - /c5103ceb-5325-4a84-a025-9638a412984e/dee490d9-a515-44e7-bb66-1f73103bbfe2/7061a35b-1772-46ca-8231-18e92370ebd5 -> ?? (+5V ) (kibot - v6_sch.py:2844)
DEBUG:  - /c5103ceb-5325-4a84-a025-9638a412984e/dee490d9-a515-44e7-bb66-1f73103bbfe2/7690a138-3dff-47dd-9d63-3374381786e2 -> ?? (Conn_01x04_Socket ) (kibot - v6_sch.py:2844)
DEBUG:  - /c5103ceb-5325-4a84-a025-9638a412984e/dee490d9-a515-44e7-bb66-1f73103bbfe2/97f3e5ea-3ed9-46ae-8aa5-f08f0ace6094 -> ?? (+5V ) (kibot - v6_sch.py:2844)
DEBUG:  - /c5103ceb-5325-4a84-a025-9638a412984e/dee490d9-a515-44e7-bb66-1f73103bbfe2/a1b17503-7536-4c14-acf5-6bedd35b174b -> ?? (Conn_01x04_Socket ) (kibot - v6_sch.py:2844)
DEBUG:  - /c5103ceb-5325-4a84-a025-9638a412984e/dee490d9-a515-44e7-bb66-1f73103bbfe2/af4c231d-091d-4aaa-a4ff-18ceeff86d03 -> ?? (Conn_01x02_Pin ) (kibot - v6_sch.py:2844)
DEBUG:  - /c5103ceb-5325-4a84-a025-9638a412984e/dee490d9-a515-44e7-bb66-1f73103bbfe2/afceeaae-5d93-49f3-8ff8-9b1ccaa1d8d6 -> ?? (HPF-02-01-X-S ) (kibot - v6_sch.py:2844)
DEBUG:  - /c5103ceb-5325-4a84-a025-9638a412984e/dee490d9-a515-44e7-bb66-1f73103bbfe2/bdb5dad3-692e-4a37-a5b0-12ae2886399d -> ?? (+3.3V ) (kibot - v6_sch.py:2844)
DEBUG:  - /c5103ceb-5325-4a84-a025-9638a412984e/dee490d9-a515-44e7-bb66-1f73103bbfe2/c30ccdcb-2d1e-45e9-adfc-8849f1dea763 -> ?? (Conn_01x04_Socket ) (kibot - v6_sch.py:2844)
DEBUG:  - /c5103ceb-5325-4a84-a025-9638a412984e/dee490d9-a515-44e7-bb66-1f73103bbfe2/c4072bc2-fea6-4608-b1a0-a935f88d1735 -> ?? (VDD ) (kibot - v6_sch.py:2844)
DEBUG:  - /c5103ceb-5325-4a84-a025-9638a412984e/dee490d9-a515-44e7-bb66-1f73103bbfe2/c6bc4586-6293-449d-8ad0-f343fd88a0ec -> ?? (GND ) (kibot - v6_sch.py:2844)
DEBUG:  - /c5103ceb-5325-4a84-a025-9638a412984e/dee490d9-a515-44e7-bb66-1f73103bbfe2/d0e850d1-0c03-4ac4-8acb-9f0a06f3391d -> ?? (Conn_01x08_Socket ) (kibot - v6_sch.py:2844)
DEBUG:  - /c5103ceb-5325-4a84-a025-9638a412984e/dee490d9-a515-44e7-bb66-1f73103bbfe2/dc499e38-32cb-4e86-82f9-9a8266817fd3 -> ?? (+3.3V ) (kibot - v6_sch.py:2844)
DEBUG:  - /c5103ceb-5325-4a84-a025-9638a412984e/dee490d9-a515-44e7-bb66-1f73103bbfe2/e50aee78-4293-43c8-b2f7-a19244c9042b -> ?? (GND ) (kibot - v6_sch.py:2844)
DEBUG:  - /c5103ceb-5325-4a84-a025-9638a412984e/dee490d9-a515-44e7-bb66-1f73103bbfe2/e7701c14-268e-462c-b994-6e26f3703623 -> ?? (GND ) (kibot - v6_sch.py:2844)
DEBUG:  - /c5103ceb-5325-4a84-a025-9638a412984e/dee490d9-a515-44e7-bb66-1f73103bbfe2/f1ab6a8e-014f-405d-b19d-06cff7ca3853 -> ?? (Conn_01x08_Socket ) (kibot - v6_sch.py:2844)
DEBUG:  - /c5103ceb-5325-4a84-a025-9638a412984e/dee490d9-a515-44e7-bb66-1f73103bbfe2/fed186e6-6fcc-4f0e-a914-cdbcc11a5a61 -> ?? (GND ) (kibot - v6_sch.py:2844)
DEBUG:- /c5103ceb-5325-4a84-a025-9638a412984e/e020a81d-84f3-4644-80d6-529a40250d25 (kibot - v6_sch.py:2842)
DEBUG:  - /c5103ceb-5325-4a84-a025-9638a412984e/e020a81d-84f3-4644-80d6-529a40250d25/a225121e-70c8-45e0-aefd-bd0b4f991c81 -> ?? (SC1176 ) (kibot - v6_sch.py:2844)
DEBUG:  - /c5103ceb-5325-4a84-a025-9638a412984e/e020a81d-84f3-4644-80d6-529a40250d25/bee550a1-b75c-4dfa-aaf5-2809f77385d7 -> ?? (+3.3V ) (kibot - v6_sch.py:2844)
DEBUG:  - /c5103ceb-5325-4a84-a025-9638a412984e/e020a81d-84f3-4644-80d6-529a40250d25/cf2e1e62-8972-44c8-b5a9-634d4cac9ab6 -> ?? (+5V ) (kibot - v6_sch.py:2844)
DEBUG:  - /c5103ceb-5325-4a84-a025-9638a412984e/e020a81d-84f3-4644-80d6-529a40250d25/f8d239be-315e-4c02-b0d6-8e2a9675fb62 -> ?? (GND ) (kibot - v6_sch.py:2844)
DEBUG:- /c5103ceb-5325-4a84-a025-9638a412984e/e3b3b221-caf5-40bd-be26-6466b0cd7282 (kibot - v6_sch.py:2842)
DEBUG:  - /c5103ceb-5325-4a84-a025-9638a412984e/e3b3b221-caf5-40bd-be26-6466b0cd7282/28d34f2d-7f1a-41c4-8be0-504f9efd1c39 -> ?? (10uF_1206_35V ) (kibot - v6_sch.py:2844)
DEBUG:  - /c5103ceb-5325-4a84-a025-9638a412984e/e3b3b221-caf5-40bd-be26-6466b0cd7282/445000b2-4d78-42bf-aeda-b53ca4c0574a -> ?? (VDD ) (kibot - v6_sch.py:2844)
DEBUG:  - /c5103ceb-5325-4a84-a025-9638a412984e/e3b3b221-caf5-40bd-be26-6466b0cd7282/48877348-3261-4bf3-ac3a-247712712cdc -> ?? (10uF_1206_35V ) (kibot - v6_sch.py:2844)
DEBUG:  - /c5103ceb-5325-4a84-a025-9638a412984e/e3b3b221-caf5-40bd-be26-6466b0cd7282/4c1609af-c659-401a-b150-92288e14005b -> ?? (GND ) (kibot - v6_sch.py:2844)
DEBUG:  - /c5103ceb-5325-4a84-a025-9638a412984e/e3b3b221-caf5-40bd-be26-6466b0cd7282/67f72049-20f3-4e1d-bbd5-b189a0bcbc24 -> ?? (NetTie_2 ) (kibot - v6_sch.py:2844)
DEBUG:  - /c5103ceb-5325-4a84-a025-9638a412984e/e3b3b221-caf5-40bd-be26-6466b0cd7282/6a574998-16a6-4e18-b216-f54329af9e0e -> ?? (PTMUX6236RUMR ) (kibot - v6_sch.py:2844)
DEBUG:  - /c5103ceb-5325-4a84-a025-9638a412984e/e3b3b221-caf5-40bd-be26-6466b0cd7282/819b89b1-4fa3-400d-ac28-a694fe852d1b -> ?? (-VDC ) (kibot - v6_sch.py:2844)
DEBUG:  - /c5103ceb-5325-4a84-a025-9638a412984e/e3b3b221-caf5-40bd-be26-6466b0cd7282/89c989c7-d7bd-4be9-91dd-4f3cc6bd4dd2 -> ?? (0.1uF_0603_16V ) (kibot - v6_sch.py:2844)
DEBUG:  - /c5103ceb-5325-4a84-a025-9638a412984e/e3b3b221-caf5-40bd-be26-6466b0cd7282/9574a86e-4ccf-4c0b-81db-84e962cb4fce -> ?? (VDD ) (kibot - v6_sch.py:2844)
DEBUG:  - /c5103ceb-5325-4a84-a025-9638a412984e/e3b3b221-caf5-40bd-be26-6466b0cd7282/a36ec3cc-4357-4b11-a3d8-0cc121266295 -> ?? (NetTie_2 ) (kibot - v6_sch.py:2844)
DEBUG:  - /c5103ceb-5325-4a84-a025-9638a412984e/e3b3b221-caf5-40bd-be26-6466b0cd7282/b06a171d-f71f-4716-ab8b-5d6c80e2cdc1 -> ?? (+VDC ) (kibot - v6_sch.py:2844)
DEBUG:  - /c5103ceb-5325-4a84-a025-9638a412984e/e3b3b221-caf5-40bd-be26-6466b0cd7282/e2b48a81-ab6d-4285-a97f-025869927859 -> ?? (0.1uF_0603_16V ) (kibot - v6_sch.py:2844)
DEBUG:- /c5103ceb-5325-4a84-a025-9638a412984e/f7888403-ed28-43d8-b5e5-143ef539d790 (kibot - v6_sch.py:2842)
DEBUG:  - /c5103ceb-5325-4a84-a025-9638a412984e/f7888403-ed28-43d8-b5e5-143ef539d790/11e856d4-d940-4874-8470-117e49bbfcc9 -> ?? (PINA745AIRELR ) (kibot - v6_sch.py:2844)
DEBUG:  - /c5103ceb-5325-4a84-a025-9638a412984e/f7888403-ed28-43d8-b5e5-143ef539d790/1630fbec-5cc6-4755-92c6-82cde6160a30 -> ?? (0.1uF_0603_16V ) (kibot - v6_sch.py:2844)
DEBUG:  - /c5103ceb-5325-4a84-a025-9638a412984e/f7888403-ed28-43d8-b5e5-143ef539d790/29b66cc7-3517-4f0e-b095-64035d540d72 -> ?? (10uF_1206_35V ) (kibot - v6_sch.py:2844)
DEBUG:  - /c5103ceb-5325-4a84-a025-9638a412984e/f7888403-ed28-43d8-b5e5-143ef539d790/335cb999-b937-4dcd-9d0a-d53119bcee1a -> ?? (PTMUX6236RUMR ) (kibot - v6_sch.py:2844)
DEBUG:  - /c5103ceb-5325-4a84-a025-9638a412984e/f7888403-ed28-43d8-b5e5-143ef539d790/60560f94-5a26-41bc-b052-18d17768afa3 -> ?? (GND ) (kibot - v6_sch.py:2844)
DEBUG:  - /c5103ceb-5325-4a84-a025-9638a412984e/f7888403-ed28-43d8-b5e5-143ef539d790/a9a37fe8-a8fb-4ab8-a79c-8af25e4fb9cb -> ?? (VDD ) (kibot - v6_sch.py:2844)
DEBUG:  - /c5103ceb-5325-4a84-a025-9638a412984e/f7888403-ed28-43d8-b5e5-143ef539d790/af7d861d-14e1-4255-b4c7-a95ad42123e2 -> ?? (+5V ) (kibot - v6_sch.py:2844)
DEBUG:  - /c5103ceb-5325-4a84-a025-9638a412984e/f7888403-ed28-43d8-b5e5-143ef539d790/e34f9ffc-cb19-404a-bf83-d7bc386f095e -> ?? (GND ) (kibot - v6_sch.py:2844)
DEBUG:  - /c5103ceb-5325-4a84-a025-9638a412984e/f7888403-ed28-43d8-b5e5-143ef539d790/e3a3be8a-0320-4462-80e7-048e30121108 -> ?? (10uF_1206_35V ) (kibot - v6_sch.py:2844)
DEBUG:  - /c5103ceb-5325-4a84-a025-9638a412984e/f7888403-ed28-43d8-b5e5-143ef539d790/e98567c3-bf84-4b10-b884-27a97101783c -> ?? (0.1uF_0603_16V ) (kibot - v6_sch.py:2844)
DEBUG:  - /c5103ceb-5325-4a84-a025-9638a412984e/f7888403-ed28-43d8-b5e5-143ef539d790/ed8e3123-fb54-43e4-b892-5674f6fba9b2 -> ?? (10uF_1206_35V ) (kibot - v6_sch.py:2844)
DEBUG:  - /c5103ceb-5325-4a84-a025-9638a412984e/f7888403-ed28-43d8-b5e5-143ef539d790/fc46ede8-5704-4ff0-8c16-1dfc79f32b6f -> ?? (VDD ) (kibot - v6_sch.py:2844)
DEBUG:- /c5103ceb-5325-4a84-a025-9638a412984e/fd9718c7-2858-4d15-8d37-8523778a7e8b (kibot - v6_sch.py:2842)
DEBUG:Assigning components to instances (kibot - v6_sch.py:3096)
DEBUG:- /c5103ceb-5325-4a84-a025-9638a412984e/0c02b15b-35ad-475c-8818-d45dc7028346/0ccc6bd2-48bf-4e47-bf22-9317635d56a2 -> C30 -> 139810488382672 0ccc6bd2-48bf-4e47-bf22-9317635d56a2 (kibot - v6_sch.py:3141)
DEBUG:- /c5103ceb-5325-4a84-a025-9638a412984e/0c02b15b-35ad-475c-8818-d45dc7028346/193274b1-25a9-46b8-be6b-0f3e757507c5 -> #PWR053 -> 139810489867536 193274b1-25a9-46b8-be6b-0f3e757507c5 (kibot - v6_sch.py:3141)
DEBUG:- /c5103ceb-5325-4a84-a025-9638a412984e/0c02b15b-35ad-475c-8818-d45dc7028346/35b74239-adff-4298-afcc-3296b5a3188d -> U11 -> 139810489867856 35b74239-adff-4298-afcc-3296b5a3188d (kibot - v6_sch.py:3141)
DEBUG:- /c5103ceb-5325-4a84-a025-9638a412984e/0c02b15b-35ad-475c-8818-d45dc7028346/40fb2e9c-7de3-4466-aa5b-ac02177d6b74 -> C23 -> 139810489868176 40fb2e9c-7de3-4466-aa5b-ac02177d6b74 (kibot - v6_sch.py:3141)
DEBUG:- /c5103ceb-5325-4a84-a025-9638a412984e/0c02b15b-35ad-475c-8818-d45dc7028346/5468c8d1-6fe9-499c-9cd2-3236a8409e75 -> #PWR055 -> 139810489868496 5468c8d1-6fe9-499c-9cd2-3236a8409e75 (kibot - v6_sch.py:3141)
DEBUG:- /c5103ceb-5325-4a84-a025-9638a412984e/0c02b15b-35ad-475c-8818-d45dc7028346/54bc7d6e-7cb8-4ea2-a5be-46cd2d6e1139 -> C31 -> 139810489868816 54bc7d6e-7cb8-4ea2-a5be-46cd2d6e1139 (kibot - v6_sch.py:3141)
DEBUG:- /c5103ceb-5325-4a84-a025-9638a412984e/0c02b15b-35ad-475c-8818-d45dc7028346/58a62bcc-38a4-4e8f-bcb7-3f342c84d5ce -> C24 -> 139810489869136 58a62bcc-38a4-4e8f-bcb7-3f342c84d5ce (kibot - v6_sch.py:3141)
DEBUG:- /c5103ceb-5325-4a84-a025-9638a412984e/0c02b15b-35ad-475c-8818-d45dc7028346/633a930d-8747-45be-90d0-656cea6c8ddd -> #PWR047 -> 139810489869456 633a930d-8747-45be-90d0-656cea6c8ddd (kibot - v6_sch.py:3141)
DEBUG:- /c5103ceb-5325-4a84-a025-9638a412984e/0c02b15b-35ad-475c-8818-d45dc7028346/677afb0e-5029-45d0-bed4-2b66eb0aec65 -> #PWR056 -> 139810489869776 677afb0e-5029-45d0-bed4-2b66eb0aec65 (kibot - v6_sch.py:3141)
DEBUG:- /c5103ceb-5325-4a84-a025-9638a412984e/0c02b15b-35ad-475c-8818-d45dc7028346/749ded95-b67a-4df9-ab2a-a7b09a8dde5b -> C25 -> 139810489870096 749ded95-b67a-4df9-ab2a-a7b09a8dde5b (kibot - v6_sch.py:3141)
DEBUG:- /c5103ceb-5325-4a84-a025-9638a412984e/0c02b15b-35ad-475c-8818-d45dc7028346/84cd414f-305b-448a-8db3-f8b6abc03bca -> C28 -> 139810489870416 84cd414f-305b-448a-8db3-f8b6abc03bca (kibot - v6_sch.py:3141)
DEBUG:- /c5103ceb-5325-4a84-a025-9638a412984e/0c02b15b-35ad-475c-8818-d45dc7028346/8aa66f41-5891-44ff-a0e7-6b3e65094b48 -> #PWR052 -> 139810489870736 8aa66f41-5891-44ff-a0e7-6b3e65094b48 (kibot - v6_sch.py:3141)
DEBUG:- /c5103ceb-5325-4a84-a025-9638a412984e/0c02b15b-35ad-475c-8818-d45dc7028346/923b31c0-501d-4995-8349-7cf17ecbd972 -> C26 -> 139810489871056 923b31c0-501d-4995-8349-7cf17ecbd972 (kibot - v6_sch.py:3141)
DEBUG:- /c5103ceb-5325-4a84-a025-9638a412984e/0c02b15b-35ad-475c-8818-d45dc7028346/94b212c6-4b73-4133-b9f9-039461e0aeae -> C27 -> 139810489871376 94b212c6-4b73-4133-b9f9-039461e0aeae (kibot - v6_sch.py:3141)
DEBUG:- /c5103ceb-5325-4a84-a025-9638a412984e/0c02b15b-35ad-475c-8818-d45dc7028346/aa38d9fb-7a5a-466f-9a6d-ec1b1edfb9ad -> U9 -> 139810489871696 aa38d9fb-7a5a-466f-9a6d-ec1b1edfb9ad (kibot - v6_sch.py:3141)
DEBUG:- /c5103ceb-5325-4a84-a025-9638a412984e/0c02b15b-35ad-475c-8818-d45dc7028346/ac6480ed-e3f6-491f-8b6f-599f6e3def35 -> #PWR054 -> 139810489872016 ac6480ed-e3f6-491f-8b6f-599f6e3def35 (kibot - v6_sch.py:3141)
DEBUG:- /c5103ceb-5325-4a84-a025-9638a412984e/0c02b15b-35ad-475c-8818-d45dc7028346/c1d847b5-feab-49c8-b71d-79b305b07b83 -> U10 -> 139810489872336 c1d847b5-feab-49c8-b71d-79b305b07b83 (kibot - v6_sch.py:3141)
DEBUG:- /c5103ceb-5325-4a84-a025-9638a412984e/0c02b15b-35ad-475c-8818-d45dc7028346/cc7fcc62-88fe-4785-90c6-a4598d5898e6 -> #PWR051 -> 139810489872656 cc7fcc62-88fe-4785-90c6-a4598d5898e6 (kibot - v6_sch.py:3141)
DEBUG:- /c5103ceb-5325-4a84-a025-9638a412984e/0c02b15b-35ad-475c-8818-d45dc7028346/deada33b-fcee-4d3b-988a-5a5e1854c991 -> #PWR046 -> 139810489872976 deada33b-fcee-4d3b-988a-5a5e1854c991 (kibot - v6_sch.py:3141)
DEBUG:- /c5103ceb-5325-4a84-a025-9638a412984e/0c02b15b-35ad-475c-8818-d45dc7028346/f70485c6-6ea4-426b-91e9-c33c2630eea5 -> #PWR057 -> 139810489873296 f70485c6-6ea4-426b-91e9-c33c2630eea5 (kibot - v6_sch.py:3141)
DEBUG:- /c5103ceb-5325-4a84-a025-9638a412984e/0c02b15b-35ad-475c-8818-d45dc7028346/ff703a84-960f-4c89-bb12-6d2e39e1d556 -> C29 -> 139810489873616 ff703a84-960f-4c89-bb12-6d2e39e1d556 (kibot - v6_sch.py:3141)
DEBUG:- /c5103ceb-5325-4a84-a025-9638a412984e/2fe83b79-d753-4dcf-9f39-3fcfeb31ecdb/318e0ad2-6c0f-4e28-82b8-6a4c39a7de87 -> #FLG03 -> 139810445430928 318e0ad2-6c0f-4e28-82b8-6a4c39a7de87 (kibot - v6_sch.py:3141)
DEBUG:- /c5103ceb-5325-4a84-a025-9638a412984e/2fe83b79-d753-4dcf-9f39-3fcfeb31ecdb/51df7b91-f390-4505-874b-ece6b9802a43 -> #PWR017 -> 139810445431248 51df7b91-f390-4505-874b-ece6b9802a43 (kibot - v6_sch.py:3141)
DEBUG:- /c5103ceb-5325-4a84-a025-9638a412984e/2fe83b79-d753-4dcf-9f39-3fcfeb31ecdb/5dd8be85-d443-4a35-b3a5-1c09fed637e4 -> #FLG01 -> 139810445431568 5dd8be85-d443-4a35-b3a5-1c09fed637e4 (kibot - v6_sch.py:3141)
DEBUG:- /c5103ceb-5325-4a84-a025-9638a412984e/2fe83b79-d753-4dcf-9f39-3fcfeb31ecdb/6d1ceeac-798b-4b6a-8a9b-833fcb47a577 -> #PWR019 -> 139810445431888 6d1ceeac-798b-4b6a-8a9b-833fcb47a577 (kibot - v6_sch.py:3141)
DEBUG:- /c5103ceb-5325-4a84-a025-9638a412984e/2fe83b79-d753-4dcf-9f39-3fcfeb31ecdb/ad38aebc-ceb7-48c1-be9a-3fc2832cb177 -> U1 -> 139810445432208 ad38aebc-ceb7-48c1-be9a-3fc2832cb177 (kibot - v6_sch.py:3141)
DEBUG:- /c5103ceb-5325-4a84-a025-9638a412984e/2fe83b79-d753-4dcf-9f39-3fcfeb31ecdb/b952b08b-bbb1-4d3c-b5c6-314e09082c6a -> #PWR018 -> 139810445432528 b952b08b-bbb1-4d3c-b5c6-314e09082c6a (kibot - v6_sch.py:3141)
DEBUG:- /c5103ceb-5325-4a84-a025-9638a412984e/2fe83b79-d753-4dcf-9f39-3fcfeb31ecdb/c28e4502-6995-468b-bb69-9d5a058580da -> #FLG05 -> 139810445432848 c28e4502-6995-468b-bb69-9d5a058580da (kibot - v6_sch.py:3141)
DEBUG:- /c5103ceb-5325-4a84-a025-9638a412984e/2fe83b79-d753-4dcf-9f39-3fcfeb31ecdb/c6a2f16b-a893-4581-bc4f-0a7f29a37985 -> #PWR021 -> 139810445433168 c6a2f16b-a893-4581-bc4f-0a7f29a37985 (kibot - v6_sch.py:3141)
DEBUG:- /c5103ceb-5325-4a84-a025-9638a412984e/2fe83b79-d753-4dcf-9f39-3fcfeb31ecdb/c8835535-83e3-4e54-9edc-9fbacaa604c3 -> #PWR014 -> 139810445433488 c8835535-83e3-4e54-9edc-9fbacaa604c3 (kibot - v6_sch.py:3141)
DEBUG:- /c5103ceb-5325-4a84-a025-9638a412984e/2fe83b79-d753-4dcf-9f39-3fcfeb31ecdb/e4b94cbd-45eb-438f-9c2e-802c5d4796c5 -> #FLG04 -> 139810445433808 e4b94cbd-45eb-438f-9c2e-802c5d4796c5 (kibot - v6_sch.py:3141)
DEBUG:- /c5103ceb-5325-4a84-a025-9638a412984e/386223a5-2386-4f54-bc7e-fb4b7cf4dee5/493f8ded-c9de-47a7-a5e9-c3b8a315ed13 -> #PWR023 -> 139810445437968 493f8ded-c9de-47a7-a5e9-c3b8a315ed13 (kibot - v6_sch.py:3141)
DEBUG:- /c5103ceb-5325-4a84-a025-9638a412984e/386223a5-2386-4f54-bc7e-fb4b7cf4dee5/4c8c3e71-332a-4510-b768-659c1b386954 -> ENC2 -> 139810445438288 4c8c3e71-332a-4510-b768-659c1b386954 (kibot - v6_sch.py:3141)
DEBUG:- /c5103ceb-5325-4a84-a025-9638a412984e/386223a5-2386-4f54-bc7e-fb4b7cf4dee5/55b28919-24a8-4eb4-8c6b-c98068d7294d -> #PWR022 -> 139810445438928 55b28919-24a8-4eb4-8c6b-c98068d7294d (kibot - v6_sch.py:3141)
DEBUG:- /c5103ceb-5325-4a84-a025-9638a412984e/386223a5-2386-4f54-bc7e-fb4b7cf4dee5/904f6e39-62d0-41ea-a39c-0756fef1e326 -> ENC1 -> 139810445439248 904f6e39-62d0-41ea-a39c-0756fef1e326 (kibot - v6_sch.py:3141)
DEBUG:- /c5103ceb-5325-4a84-a025-9638a412984e/4a6c7bfc-faeb-47ef-8e4b-cc2c9493c444/23c54c9d-8272-48bf-9eb9-126994d7892a -> #PWR020 -> 139810445656144 23c54c9d-8272-48bf-9eb9-126994d7892a (kibot - v6_sch.py:3141)
DEBUG:- /c5103ceb-5325-4a84-a025-9638a412984e/4a6c7bfc-faeb-47ef-8e4b-cc2c9493c444/4235a490-59c8-44ee-bb12-24fa168bd3a4 -> SW2 -> 139810445656464 4235a490-59c8-44ee-bb12-24fa168bd3a4 (kibot - v6_sch.py:3141)
DEBUG:- /c5103ceb-5325-4a84-a025-9638a412984e/4a6c7bfc-faeb-47ef-8e4b-cc2c9493c444/5166c847-b2ff-43fa-a39a-751cb2292254 -> #PWR012 -> 139810445656784 5166c847-b2ff-43fa-a39a-751cb2292254 (kibot - v6_sch.py:3141)
DEBUG:- /c5103ceb-5325-4a84-a025-9638a412984e/4a6c7bfc-faeb-47ef-8e4b-cc2c9493c444/9b96b56c-ae3b-47f5-9f01-960b1e495167 -> #PWR013 -> 139810445657104 9b96b56c-ae3b-47f5-9f01-960b1e495167 (kibot - v6_sch.py:3141)
DEBUG:- /c5103ceb-5325-4a84-a025-9638a412984e/772867b2-b1cc-44b7-b794-85020ff8e2de/26d143a7-21c4-4f81-847a-1abaf83a7818 -> C2 -> 139810445665104 26d143a7-21c4-4f81-847a-1abaf83a7818 (kibot - v6_sch.py:3141)
DEBUG:- /c5103ceb-5325-4a84-a025-9638a412984e/772867b2-b1cc-44b7-b794-85020ff8e2de/38137420-3fb7-4bca-9797-fa4dfe560bf5 -> #PWR029 -> 139810445665424 38137420-3fb7-4bca-9797-fa4dfe560bf5 (kibot - v6_sch.py:3141)
DEBUG:- /c5103ceb-5325-4a84-a025-9638a412984e/772867b2-b1cc-44b7-b794-85020ff8e2de/4a084d36-e853-4435-9f98-deb46611f4d7 -> #PWR028 -> 139810445438608 4a084d36-e853-4435-9f98-deb46611f4d7 (kibot - v6_sch.py:3141)
DEBUG:- /c5103ceb-5325-4a84-a025-9638a412984e/772867b2-b1cc-44b7-b794-85020ff8e2de/551b2ded-efec-4862-89b9-9a49b817b454 -> SW3 -> 139810445665744 551b2ded-efec-4862-89b9-9a49b817b454 (kibot - v6_sch.py:3141)
DEBUG:- /c5103ceb-5325-4a84-a025-9638a412984e/772867b2-b1cc-44b7-b794-85020ff8e2de/5f3b31a0-a74a-4736-b4bd-6ded669359f8 -> #PWR040 -> 139810445666064 5f3b31a0-a74a-4736-b4bd-6ded669359f8 (kibot - v6_sch.py:3141)
DEBUG:- /c5103ceb-5325-4a84-a025-9638a412984e/772867b2-b1cc-44b7-b794-85020ff8e2de/60e75ccb-1139-4d47-9211-0f1c48662484 -> U3 -> 139810445666384 60e75ccb-1139-4d47-9211-0f1c48662484 (kibot - v6_sch.py:3141)
DEBUG:- /c5103ceb-5325-4a84-a025-9638a412984e/772867b2-b1cc-44b7-b794-85020ff8e2de/6348951d-45c7-4440-8f76-d52f807f400d -> #PWR037 -> 139810445666704 6348951d-45c7-4440-8f76-d52f807f400d (kibot - v6_sch.py:3141)
DEBUG:- /c5103ceb-5325-4a84-a025-9638a412984e/772867b2-b1cc-44b7-b794-85020ff8e2de/79b16b6c-51a4-47c8-a3b7-c103acacd5de -> #PWR027 -> 139810445667024 79b16b6c-51a4-47c8-a3b7-c103acacd5de (kibot - v6_sch.py:3141)
DEBUG:- /c5103ceb-5325-4a84-a025-9638a412984e/772867b2-b1cc-44b7-b794-85020ff8e2de/9d5af0a6-2bf8-45ee-b408-ceaf39619916 -> #PWR031 -> 139810445667344 9d5af0a6-2bf8-45ee-b408-ceaf39619916 (kibot - v6_sch.py:3141)
DEBUG:- /c5103ceb-5325-4a84-a025-9638a412984e/772867b2-b1cc-44b7-b794-85020ff8e2de/bb6dce5b-3d9b-4743-a223-716341d53826 -> #PWR032 -> 139810445667664 bb6dce5b-3d9b-4743-a223-716341d53826 (kibot - v6_sch.py:3141)
DEBUG:- /c5103ceb-5325-4a84-a025-9638a412984e/772867b2-b1cc-44b7-b794-85020ff8e2de/c07c07cc-4edd-4319-a0dd-54733876ff4e -> C3 -> 139810445667984 c07c07cc-4edd-4319-a0dd-54733876ff4e (kibot - v6_sch.py:3141)
DEBUG:- /c5103ceb-5325-4a84-a025-9638a412984e/772867b2-b1cc-44b7-b794-85020ff8e2de/f69281d3-6d28-40e8-b7a8-8a7739c947da -> #PWR030 -> 139810445668304 f69281d3-6d28-40e8-b7a8-8a7739c947da (kibot - v6_sch.py:3141)
DEBUG:- /c5103ceb-5325-4a84-a025-9638a412984e/772867b2-b1cc-44b7-b794-85020ff8e2de/f966e65b-979b-434b-9ee1-3a252a5b4c69 -> C4 -> 139810445668624 f966e65b-979b-434b-9ee1-3a252a5b4c69 (kibot - v6_sch.py:3141)
DEBUG:- /c5103ceb-5325-4a84-a025-9638a412984e/772867b2-b1cc-44b7-b794-85020ff8e2de/facd7e78-e802-4e0b-a3a9-cbff0b262df4 -> C1 -> 139810445668944 facd7e78-e802-4e0b-a3a9-cbff0b262df4 (kibot - v6_sch.py:3141)
DEBUG:- /c5103ceb-5325-4a84-a025-9638a412984e/8d9f21e8-8432-4400-a476-7598f31fd9d6/5b34a7ea-7f91-45b2-8647-176698d2740e -> NT3 -> 139810445671824 5b34a7ea-7f91-45b2-8647-176698d2740e (kibot - v6_sch.py:3141)
DEBUG:- /c5103ceb-5325-4a84-a025-9638a412984e/8d9f21e8-8432-4400-a476-7598f31fd9d6/75c03e1d-1e6d-45cc-a65f-5c4db85880cf -> SW1 -> 139810445672144 75c03e1d-1e6d-45cc-a65f-5c4db85880cf (kibot - v6_sch.py:3141)
DEBUG:- /c5103ceb-5325-4a84-a025-9638a412984e/8d9f21e8-8432-4400-a476-7598f31fd9d6/d9ff5422-d1e8-4c39-801f-055b48d028f0 -> NT4 -> 139810445918288 d9ff5422-d1e8-4c39-801f-055b48d028f0 (kibot - v6_sch.py:3141)
DEBUG:- /c5103ceb-5325-4a84-a025-9638a412984e/dee490d9-a515-44e7-bb66-1f73103bbfe2/00945ef5-4121-47fa-9e9c-9374360097ad -> #PWR035 -> 139810445930768 00945ef5-4121-47fa-9e9c-9374360097ad (kibot - v6_sch.py:3141)
DEBUG:- /c5103ceb-5325-4a84-a025-9638a412984e/dee490d9-a515-44e7-bb66-1f73103bbfe2/03166697-283c-402c-a573-2181598445db -> #PWR04 -> 139810445931088 03166697-283c-402c-a573-2181598445db (kibot - v6_sch.py:3141)
DEBUG:- /c5103ceb-5325-4a84-a025-9638a412984e/dee490d9-a515-44e7-bb66-1f73103bbfe2/0a93fffc-0442-4dfa-897d-c89413b38a44 -> J11 -> 139810445931408 0a93fffc-0442-4dfa-897d-c89413b38a44 (kibot - v6_sch.py:3141)
DEBUG:- /c5103ceb-5325-4a84-a025-9638a412984e/dee490d9-a515-44e7-bb66-1f73103bbfe2/0b8965dd-407b-42a9-a77b-debdc950f6d0 -> #PWR05 -> 139810445931728 0b8965dd-407b-42a9-a77b-debdc950f6d0 (kibot - v6_sch.py:3141)
DEBUG:- /c5103ceb-5325-4a84-a025-9638a412984e/dee490d9-a515-44e7-bb66-1f73103bbfe2/1fd29326-82bd-4ed2-841b-b9f8262469f2 -> J8 -> 139810445932048 1fd29326-82bd-4ed2-841b-b9f8262469f2 (kibot - v6_sch.py:3141)
DEBUG:- /c5103ceb-5325-4a84-a025-9638a412984e/dee490d9-a515-44e7-bb66-1f73103bbfe2/2d4c63a9-da01-45bc-aa62-52bd8b8bc8da -> #PWR08 -> 139810445932368 2d4c63a9-da01-45bc-aa62-52bd8b8bc8da (kibot - v6_sch.py:3141)
DEBUG:- /c5103ceb-5325-4a84-a025-9638a412984e/dee490d9-a515-44e7-bb66-1f73103bbfe2/390dcadf-9398-4464-9213-8d2a2c3247d2 -> J1 -> 139810445932688 390dcadf-9398-4464-9213-8d2a2c3247d2 (kibot - v6_sch.py:3141)
DEBUG:- /c5103ceb-5325-4a84-a025-9638a412984e/dee490d9-a515-44e7-bb66-1f73103bbfe2/612bbba6-e224-4878-8048-1e5f42dad344 -> #PWR033 -> 139810445933008 612bbba6-e224-4878-8048-1e5f42dad344 (kibot - v6_sch.py:3141)
DEBUG:- /c5103ceb-5325-4a84-a025-9638a412984e/dee490d9-a515-44e7-bb66-1f73103bbfe2/64aebb61-d22f-40ec-bc21-2330bc775ee3 -> J4 -> 139810445933328 64aebb61-d22f-40ec-bc21-2330bc775ee3 (kibot - v6_sch.py:3141)
DEBUG:- /c5103ceb-5325-4a84-a025-9638a412984e/dee490d9-a515-44e7-bb66-1f73103bbfe2/7061a35b-1772-46ca-8231-18e92370ebd5 -> #PWR036 -> 139810445933648 7061a35b-1772-46ca-8231-18e92370ebd5 (kibot - v6_sch.py:3141)
DEBUG:- /c5103ceb-5325-4a84-a025-9638a412984e/dee490d9-a515-44e7-bb66-1f73103bbfe2/7690a138-3dff-47dd-9d63-3374381786e2 -> J7 -> 139810445933968 7690a138-3dff-47dd-9d63-3374381786e2 (kibot - v6_sch.py:3141)
DEBUG:- /c5103ceb-5325-4a84-a025-9638a412984e/dee490d9-a515-44e7-bb66-1f73103bbfe2/97f3e5ea-3ed9-46ae-8aa5-f08f0ace6094 -> #PWR034 -> 139810445934288 97f3e5ea-3ed9-46ae-8aa5-f08f0ace6094 (kibot - v6_sch.py:3141)
DEBUG:- /c5103ceb-5325-4a84-a025-9638a412984e/dee490d9-a515-44e7-bb66-1f73103bbfe2/a1b17503-7536-4c14-acf5-6bedd35b174b -> J5 -> 139810484371536 a1b17503-7536-4c14-acf5-6bedd35b174b (kibot - v6_sch.py:3141)
DEBUG:- /c5103ceb-5325-4a84-a025-9638a412984e/dee490d9-a515-44e7-bb66-1f73103bbfe2/af4c231d-091d-4aaa-a4ff-18ceeff86d03 -> J9 -> 139810484371856 af4c231d-091d-4aaa-a4ff-18ceeff86d03 (kibot - v6_sch.py:3141)
DEBUG:- /c5103ceb-5325-4a84-a025-9638a412984e/dee490d9-a515-44e7-bb66-1f73103bbfe2/afceeaae-5d93-49f3-8ff8-9b1ccaa1d8d6 -> J3 -> 139810484372176 afceeaae-5d93-49f3-8ff8-9b1ccaa1d8d6 (kibot - v6_sch.py:3141)
DEBUG:- /c5103ceb-5325-4a84-a025-9638a412984e/dee490d9-a515-44e7-bb66-1f73103bbfe2/bdb5dad3-692e-4a37-a5b0-12ae2886399d -> #PWR06 -> 139810484372496 bdb5dad3-692e-4a37-a5b0-12ae2886399d (kibot - v6_sch.py:3141)
DEBUG:- /c5103ceb-5325-4a84-a025-9638a412984e/dee490d9-a515-44e7-bb66-1f73103bbfe2/c30ccdcb-2d1e-45e9-adfc-8849f1dea763 -> J6 -> 139810484372816 c30ccdcb-2d1e-45e9-adfc-8849f1dea763 (kibot - v6_sch.py:3141)
DEBUG:- /c5103ceb-5325-4a84-a025-9638a412984e/dee490d9-a515-44e7-bb66-1f73103bbfe2/c4072bc2-fea6-4608-b1a0-a935f88d1735 -> #PWR01 -> 139810484373136 c4072bc2-fea6-4608-b1a0-a935f88d1735 (kibot - v6_sch.py:3141)
DEBUG:- /c5103ceb-5325-4a84-a025-9638a412984e/dee490d9-a515-44e7-bb66-1f73103bbfe2/c6bc4586-6293-449d-8ad0-f343fd88a0ec -> #PWR02 -> 139810484373456 c6bc4586-6293-449d-8ad0-f343fd88a0ec (kibot - v6_sch.py:3141)
DEBUG:- /c5103ceb-5325-4a84-a025-9638a412984e/dee490d9-a515-44e7-bb66-1f73103bbfe2/d0e850d1-0c03-4ac4-8acb-9f0a06f3391d -> J10 -> 139810484373776 d0e850d1-0c03-4ac4-8acb-9f0a06f3391d (kibot - v6_sch.py:3141)
DEBUG:- /c5103ceb-5325-4a84-a025-9638a412984e/dee490d9-a515-44e7-bb66-1f73103bbfe2/dc499e38-32cb-4e86-82f9-9a8266817fd3 -> #PWR09 -> 139810484374096 dc499e38-32cb-4e86-82f9-9a8266817fd3 (kibot - v6_sch.py:3141)
DEBUG:- /c5103ceb-5325-4a84-a025-9638a412984e/dee490d9-a515-44e7-bb66-1f73103bbfe2/e50aee78-4293-43c8-b2f7-a19244c9042b -> #PWR010 -> 139810484374416 e50aee78-4293-43c8-b2f7-a19244c9042b (kibot - v6_sch.py:3141)
DEBUG:- /c5103ceb-5325-4a84-a025-9638a412984e/dee490d9-a515-44e7-bb66-1f73103bbfe2/e7701c14-268e-462c-b994-6e26f3703623 -> #PWR03 -> 139810484374736 e7701c14-268e-462c-b994-6e26f3703623 (kibot - v6_sch.py:3141)
DEBUG:- /c5103ceb-5325-4a84-a025-9638a412984e/dee490d9-a515-44e7-bb66-1f73103bbfe2/f1ab6a8e-014f-405d-b19d-06cff7ca3853 -> J2 -> 139810484375056 f1ab6a8e-014f-405d-b19d-06cff7ca3853 (kibot - v6_sch.py:3141)
DEBUG:- /c5103ceb-5325-4a84-a025-9638a412984e/dee490d9-a515-44e7-bb66-1f73103bbfe2/fed186e6-6fcc-4f0e-a914-cdbcc11a5a61 -> #PWR07 -> 139810484375376 fed186e6-6fcc-4f0e-a914-cdbcc11a5a61 (kibot - v6_sch.py:3141)
DEBUG:- /c5103ceb-5325-4a84-a025-9638a412984e/e020a81d-84f3-4644-80d6-529a40250d25/a225121e-70c8-45e0-aefd-bd0b4f991c81 -> U2 -> 139810484380176 a225121e-70c8-45e0-aefd-bd0b4f991c81 (kibot - v6_sch.py:3141)
DEBUG:- /c5103ceb-5325-4a84-a025-9638a412984e/e020a81d-84f3-4644-80d6-529a40250d25/bee550a1-b75c-4dfa-aaf5-2809f77385d7 -> #PWR024 -> 139810484380496 bee550a1-b75c-4dfa-aaf5-2809f77385d7 (kibot - v6_sch.py:3141)
DEBUG:- /c5103ceb-5325-4a84-a025-9638a412984e/e020a81d-84f3-4644-80d6-529a40250d25/cf2e1e62-8972-44c8-b5a9-634d4cac9ab6 -> #PWR025 -> 139810484380816 cf2e1e62-8972-44c8-b5a9-634d4cac9ab6 (kibot - v6_sch.py:3141)
DEBUG:- /c5103ceb-5325-4a84-a025-9638a412984e/e020a81d-84f3-4644-80d6-529a40250d25/f8d239be-315e-4c02-b0d6-8e2a9675fb62 -> #PWR026 -> 139810484381136 f8d239be-315e-4c02-b0d6-8e2a9675fb62 (kibot - v6_sch.py:3141)
DEBUG:- /c5103ceb-5325-4a84-a025-9638a412984e/e3b3b221-caf5-40bd-be26-6466b0cd7282/28d34f2d-7f1a-41c4-8be0-504f9efd1c39 -> C32 -> 139810484586128 28d34f2d-7f1a-41c4-8be0-504f9efd1c39 (kibot - v6_sch.py:3141)
DEBUG:- /c5103ceb-5325-4a84-a025-9638a412984e/e3b3b221-caf5-40bd-be26-6466b0cd7282/445000b2-4d78-42bf-aeda-b53ca4c0574a -> #PWR058 -> 139810484586448 445000b2-4d78-42bf-aeda-b53ca4c0574a (kibot - v6_sch.py:3141)
DEBUG:- /c5103ceb-5325-4a84-a025-9638a412984e/e3b3b221-caf5-40bd-be26-6466b0cd7282/48877348-3261-4bf3-ac3a-247712712cdc -> C35 -> 139810484586768 48877348-3261-4bf3-ac3a-247712712cdc (kibot - v6_sch.py:3141)
DEBUG:- /c5103ceb-5325-4a84-a025-9638a412984e/e3b3b221-caf5-40bd-be26-6466b0cd7282/4c1609af-c659-401a-b150-92288e14005b -> #PWR059 -> 139810484587088 4c1609af-c659-401a-b150-92288e14005b (kibot - v6_sch.py:3141)
DEBUG:- /c5103ceb-5325-4a84-a025-9638a412984e/e3b3b221-caf5-40bd-be26-6466b0cd7282/67f72049-20f3-4e1d-bbd5-b189a0bcbc24 -> NT2 -> 139810484587408 67f72049-20f3-4e1d-bbd5-b189a0bcbc24 (kibot - v6_sch.py:3141)
DEBUG:- /c5103ceb-5325-4a84-a025-9638a412984e/e3b3b221-caf5-40bd-be26-6466b0cd7282/6a574998-16a6-4e18-b216-f54329af9e0e -> U12 -> 139810484587728 6a574998-16a6-4e18-b216-f54329af9e0e (kibot - v6_sch.py:3141)
DEBUG:- /c5103ceb-5325-4a84-a025-9638a412984e/e3b3b221-caf5-40bd-be26-6466b0cd7282/819b89b1-4fa3-400d-ac28-a694fe852d1b -> #PWR016 -> 139810484588048 819b89b1-4fa3-400d-ac28-a694fe852d1b (kibot - v6_sch.py:3141)
DEBUG:- /c5103ceb-5325-4a84-a025-9638a412984e/e3b3b221-caf5-40bd-be26-6466b0cd7282/89c989c7-d7bd-4be9-91dd-4f3cc6bd4dd2 -> C33 -> 139810484588368 89c989c7-d7bd-4be9-91dd-4f3cc6bd4dd2 (kibot - v6_sch.py:3141)
DEBUG:- /c5103ceb-5325-4a84-a025-9638a412984e/e3b3b221-caf5-40bd-be26-6466b0cd7282/9574a86e-4ccf-4c0b-81db-84e962cb4fce -> #PWR011 -> 139810484588688 9574a86e-4ccf-4c0b-81db-84e962cb4fce (kibot - v6_sch.py:3141)
DEBUG:- /c5103ceb-5325-4a84-a025-9638a412984e/e3b3b221-caf5-40bd-be26-6466b0cd7282/a36ec3cc-4357-4b11-a3d8-0cc121266295 -> NT1 -> 139810484589008 a36ec3cc-4357-4b11-a3d8-0cc121266295 (kibot - v6_sch.py:3141)
DEBUG:- /c5103ceb-5325-4a84-a025-9638a412984e/e3b3b221-caf5-40bd-be26-6466b0cd7282/b06a171d-f71f-4716-ab8b-5d6c80e2cdc1 -> #PWR015 -> 139810484589328 b06a171d-f71f-4716-ab8b-5d6c80e2cdc1 (kibot - v6_sch.py:3141)
DEBUG:- /c5103ceb-5325-4a84-a025-9638a412984e/e3b3b221-caf5-40bd-be26-6466b0cd7282/e2b48a81-ab6d-4285-a97f-025869927859 -> C34 -> 139810484589648 e2b48a81-ab6d-4285-a97f-025869927859 (kibot - v6_sch.py:3141)
DEBUG:- /c5103ceb-5325-4a84-a025-9638a412984e/f7888403-ed28-43d8-b5e5-143ef539d790/11e856d4-d940-4874-8470-117e49bbfcc9 -> U7 -> 139810484597328 11e856d4-d940-4874-8470-117e49bbfcc9 (kibot - v6_sch.py:3141)
DEBUG:- /c5103ceb-5325-4a84-a025-9638a412984e/f7888403-ed28-43d8-b5e5-143ef539d790/1630fbec-5cc6-4755-92c6-82cde6160a30 -> C19 -> 139810484597648 1630fbec-5cc6-4755-92c6-82cde6160a30 (kibot - v6_sch.py:3141)
DEBUG:- /c5103ceb-5325-4a84-a025-9638a412984e/f7888403-ed28-43d8-b5e5-143ef539d790/29b66cc7-3517-4f0e-b095-64035d540d72 -> C22 -> 139810484597968 29b66cc7-3517-4f0e-b095-64035d540d72 (kibot - v6_sch.py:3141)
DEBUG:- /c5103ceb-5325-4a84-a025-9638a412984e/f7888403-ed28-43d8-b5e5-143ef539d790/335cb999-b937-4dcd-9d0a-d53119bcee1a -> U8 -> 139810484598288 335cb999-b937-4dcd-9d0a-d53119bcee1a (kibot - v6_sch.py:3141)
DEBUG:- /c5103ceb-5325-4a84-a025-9638a412984e/f7888403-ed28-43d8-b5e5-143ef539d790/60560f94-5a26-41bc-b052-18d17768afa3 -> #PWR045 -> 139810484598608 60560f94-5a26-41bc-b052-18d17768afa3 (kibot - v6_sch.py:3141)
DEBUG:- /c5103ceb-5325-4a84-a025-9638a412984e/f7888403-ed28-43d8-b5e5-143ef539d790/a9a37fe8-a8fb-4ab8-a79c-8af25e4fb9cb -> #PWR043 -> 139810484598928 a9a37fe8-a8fb-4ab8-a79c-8af25e4fb9cb (kibot - v6_sch.py:3141)
DEBUG:- /c5103ceb-5325-4a84-a025-9638a412984e/f7888403-ed28-43d8-b5e5-143ef539d790/af7d861d-14e1-4255-b4c7-a95ad42123e2 -> #PWR039 -> 139810484599248 af7d861d-14e1-4255-b4c7-a95ad42123e2 (kibot - v6_sch.py:3141)
DEBUG:- /c5103ceb-5325-4a84-a025-9638a412984e/f7888403-ed28-43d8-b5e5-143ef539d790/e34f9ffc-cb19-404a-bf83-d7bc386f095e -> #PWR038 -> 139810484599568 e34f9ffc-cb19-404a-bf83-d7bc386f095e (kibot - v6_sch.py:3141)
DEBUG:- /c5103ceb-5325-4a84-a025-9638a412984e/f7888403-ed28-43d8-b5e5-143ef539d790/e3a3be8a-0320-4462-80e7-048e30121108 -> C18 -> 139810484599888 e3a3be8a-0320-4462-80e7-048e30121108 (kibot - v6_sch.py:3141)
DEBUG:- /c5103ceb-5325-4a84-a025-9638a412984e/f7888403-ed28-43d8-b5e5-143ef539d790/e98567c3-bf84-4b10-b884-27a97101783c -> C21 -> 139810484600208 e98567c3-bf84-4b10-b884-27a97101783c (kibot - v6_sch.py:3141)
DEBUG:- /c5103ceb-5325-4a84-a025-9638a412984e/f7888403-ed28-43d8-b5e5-143ef539d790/ed8e3123-fb54-43e4-b892-5674f6fba9b2 -> C20 -> 139810484600528 ed8e3123-fb54-43e4-b892-5674f6fba9b2 (kibot - v6_sch.py:3141)
DEBUG:- /c5103ceb-5325-4a84-a025-9638a412984e/f7888403-ed28-43d8-b5e5-143ef539d790/fc46ede8-5704-4ff0-8c16-1dfc79f32b6f -> #PWR044 -> 139810463154256 fc46ede8-5704-4ff0-8c16-1dfc79f32b6f (kibot - v6_sch.py:3141)
DEBUG:Schematic dependencies: ['/github/workspace/Block Diagram.kicad_sch', '/github/workspace/MotorB.kicad_sch', '/github/workspace/Power - Sequencing.kicad_sch', '/github/workspace/Project Architecture.kicad_sch', '/github/workspace/Revision History.kicad_sch', '/github/workspace/connectors.kicad_sch', '/github/workspace/encoders.kicad_sch', '/github/workspace/motorA.kicad_sch', '/github/workspace/motorPolarity.kicad_sch', '/github/workspace/pd.kicad_sch', '/github/workspace/pi.kicad_sch', '/github/workspace/proalbmlb.kicad_sch', '/github/workspace/testhatness.kicad_sch', '/github/workspace/toggle.kicad_sch', '/github/workspace/trigger.kicad_sch', '/github/workspace/untitled.kicad_sch'] (kibot - kiplot.py:380)
DEBUG:Before collapse: (kibot - v5_sch.py:1726)
DEBUG:After collapse: (kibot - v5_sch.py:1768)
DEBUG:Before collapse: (kibot - v5_sch.py:1726)
DEBUG:After collapse: (kibot - v5_sch.py:1768)
DEBUG:Before collapse: (kibot - v5_sch.py:1726)
DEBUG:After collapse: (kibot - v5_sch.py:1768)
DEBUG:Before collapse: (kibot - v5_sch.py:1726)
DEBUG:After collapse: (kibot - v5_sch.py:1768)
DEBUG:Before collapse: (kibot - v5_sch.py:1726)
DEBUG:After collapse: (kibot - v5_sch.py:1768)
DEBUG:Before collapse: (kibot - v5_sch.py:1726)
DEBUG:After collapse: (kibot - v5_sch.py:1768)
DEBUG:Before collapse: (kibot - v5_sch.py:1726)
DEBUG:After collapse: (kibot - v5_sch.py:1768)
DEBUG:Before collapse: (kibot - v5_sch.py:1726)
DEBUG:After collapse: (kibot - v5_sch.py:1768)
DEBUG:Before collapse: (kibot - v5_sch.py:1726)
DEBUG:After collapse: (kibot - v5_sch.py:1768)
DEBUG:Before collapse: (kibot - v5_sch.py:1726)
DEBUG:After collapse: (kibot - v5_sch.py:1768)
DEBUG:Before collapse: (kibot - v5_sch.py:1726)
DEBUG:After collapse: (kibot - v5_sch.py:1768)
DEBUG:Before collapse: (kibot - v5_sch.py:1726)
DEBUG:After collapse: (kibot - v5_sch.py:1768)
DEBUG:Before collapse: (kibot - v5_sch.py:1726)
DEBUG:After collapse: (kibot - v5_sch.py:1768)
DEBUG:Before collapse: (kibot - v5_sch.py:1726)
DEBUG:After collapse: (kibot - v5_sch.py:1768)
DEBUG:Before collapse: (kibot - v5_sch.py:1726)
DEBUG:After collapse: (kibot - v5_sch.py:1768)
DEBUG:Before collapse: (kibot - v5_sch.py:1726)
DEBUG:C30 (0.1uF_0603_16V 0.1μF): 1 {'Reference': 'C30', 'Value': '0.1μF', 'Footprint': 'Capacitor_SMD:C_0603_1608Metric_Pad1.08x0.95mm_HandSolder', 'Datasheet': '~', 'Description': '0.1uF, Min. 16V 10%, X7R or X5R or similar', 'Specifications': '0.1uF, Min. 16V 10%, X7R or X5R or similar', 'Manufacturer': 'AVX Corporation', 'Part Number': '0603YC104KAT2A', 'Display': '0.1uF', 'JLCPCB ID': 'C14663', 'Config': '', 'Manufacturer Part Number': '', 'part': '0.1uF_0603_16V'} (kibot - v5_sch.py:1729)
DEBUG:U11 (TMUX7219MDGKR): 1 {'Reference': 'U11', 'Value': 'TMUX7219MDGKR', 'Footprint': 'TMUX7219MDGKR:SOIC8_DGK_TEX', 'Datasheet': 'https://www.ti.com/document-viewer/tmux7219m/datasheet', 'Description': '', 'Config': '', 'Manufacturer Part Number': '', 'part': 'TMUX7219MDGKR'} (kibot - v5_sch.py:1729)
DEBUG:C23 (10uF_1206_35V): 1 {'Reference': 'C23', 'Value': '10uF_1206_35V', 'Footprint': 'Capacitor_SMD:C_0603_1608Metric_Pad1.08x0.95mm_HandSolder', 'Datasheet': '~', 'Description': '10uF, X6S, Min 35V', 'Specifications': '10uF, X6S, Min 35V', 'Manufacturer': 'TDK', 'Part Number': 'C3216X6S1V106K160AC', 'Display': '10uF', 'JLCPCB ID': 'C13585', 'Config': '', 'Manufacturer Part Number': '', 'part': '10uF_1206_35V'} (kibot - v5_sch.py:1729)
DEBUG:C31 (10uF_1206_35V 10μF): 1 {'Reference': 'C31', 'Value': '10μF', 'Footprint': 'Capacitor_SMD:C_0603_1608Metric_Pad1.08x0.95mm_HandSolder', 'Datasheet': '~', 'Description': '10uF, X6S, Min 35V', 'Specifications': '10uF, X6S, Min 35V', 'Manufacturer': 'TDK', 'Part Number': 'C3216X6S1V106K160AC', 'Display': '10uF', 'JLCPCB ID': 'C13585', 'Config': '', 'Manufacturer Part Number': '', 'part': '10uF_1206_35V'} (kibot - v5_sch.py:1729)
DEBUG:C24 (0.1uF_0603_16V 0.1μF): 1 {'Reference': 'C24', 'Value': '0.1μF', 'Footprint': 'Capacitor_SMD:C_0603_1608Metric_Pad1.08x0.95mm_HandSolder', 'Datasheet': '~', 'Description': '0.1uF, Min. 16V 10%, X7R or X5R or similar', 'Specifications': '0.1uF, Min. 16V 10%, X7R or X5R or similar', 'Manufacturer': 'AVX Corporation', 'Part Number': '0603YC104KAT2A', 'Display': '0.1uF', 'JLCPCB ID': 'C14663', 'Config': '', 'Manufacturer Part Number': '', 'part': '0.1uF_0603_16V'} (kibot - v5_sch.py:1729)
DEBUG:C25 (0.1uF_0603_16V 0.1μF): 1 {'Reference': 'C25', 'Value': '0.1μF', 'Footprint': 'Capacitor_SMD:C_0603_1608Metric_Pad1.08x0.95mm_HandSolder', 'Datasheet': '~', 'Description': '0.1uF, Min. 16V 10%, X7R or X5R or similar', 'Specifications': '0.1uF, Min. 16V 10%, X7R or X5R or similar', 'Manufacturer': 'AVX Corporation', 'Part Number': '0603YC104KAT2A', 'Display': '0.1uF', 'JLCPCB ID': 'C14663', 'Config': '', 'Manufacturer Part Number': '', 'part': '0.1uF_0603_16V'} (kibot - v5_sch.py:1729)
DEBUG:C28 (0.1uF_0603_16V 0.1μF): 1 {'Reference': 'C28', 'Value': '0.1μF', 'Footprint': 'Capacitor_SMD:C_0603_1608Metric_Pad1.08x0.95mm_HandSolder', 'Datasheet': '~', 'Description': '0.1uF, Min. 16V 10%, X7R or X5R or similar', 'Specifications': '0.1uF, Min. 16V 10%, X7R or X5R or similar', 'Manufacturer': 'AVX Corporation', 'Part Number': '0603YC104KAT2A', 'Display': '0.1uF', 'JLCPCB ID': 'C14663', 'Config': '', 'Manufacturer Part Number': '', 'part': '0.1uF_0603_16V'} (kibot - v5_sch.py:1729)
DEBUG:C26 (10uF_1206_35V 10μF): 1 {'Reference': 'C26', 'Value': '10μF', 'Footprint': 'Capacitor_SMD:C_0603_1608Metric_Pad1.08x0.95mm_HandSolder', 'Datasheet': '~', 'Description': '10uF, X6S, Min 35V', 'Specifications': '10uF, X6S, Min 35V', 'Manufacturer': 'TDK', 'Part Number': 'C3216X6S1V106K160AC', 'Display': '10uF', 'JLCPCB ID': 'C13585', 'Config': '', 'Manufacturer Part Number': '', 'part': '10uF_1206_35V'} (kibot - v5_sch.py:1729)
DEBUG:C27 (10uF_1206_35V 10μF): 1 {'Reference': 'C27', 'Value': '10μF', 'Footprint': 'Capacitor_SMD:C_0603_1608Metric_Pad1.08x0.95mm_HandSolder', 'Datasheet': '~', 'Description': '10uF, X6S, Min 35V', 'Specifications': '10uF, X6S, Min 35V', 'Manufacturer': 'TDK', 'Part Number': 'C3216X6S1V106K160AC', 'Display': '10uF', 'JLCPCB ID': 'C13585', 'Config': '', 'Manufacturer Part Number': '', 'part': '10uF_1206_35V'} (kibot - v5_sch.py:1729)
DEBUG:U9 (PINA745AIRELR): 1 {'Reference': 'U9', 'Value': 'PINA745AIRELR', 'Footprint': 'PINA745AIRELR:REL0014A_PINA745AIRELR_TEX', 'Datasheet': 'https://www.ti.com/lit/gpn/ina745a', 'Description': '', 'Config': '', 'Manufacturer Part Number': '', 'part': 'PINA745AIRELR'} (kibot - v5_sch.py:1729)
DEBUG:U10 (PTMUX6236RUMR): 1 {'Reference': 'U10', 'Value': 'PTMUX6236RUMR', 'Footprint': 'PTMUX6236RUMR:WQFN16_RUM_TEX', 'Datasheet': 'https://www.ti.com/lit/gpn/tmux6236', 'Description': '', 'Config': '', 'Manufacturer Part Number': '', 'part': 'PTMUX6236RUMR'} (kibot - v5_sch.py:1729)
DEBUG:C29 (10uF_1206_35V 10μF): 1 {'Reference': 'C29', 'Value': '10μF', 'Footprint': 'Capacitor_SMD:C_0603_1608Metric_Pad1.08x0.95mm_HandSolder', 'Datasheet': '~', 'Description': '10uF, X6S, Min 35V', 'Specifications': '10uF, X6S, Min 35V', 'Manufacturer': 'TDK', 'Part Number': 'C3216X6S1V106K160AC', 'Display': '10uF', 'JLCPCB ID': 'C13585', 'Config': '', 'Manufacturer Part Number': '', 'part': '10uF_1206_35V'} (kibot - v5_sch.py:1729)
DEBUG:U1 (rotopd ~): 1 {'Reference': 'U1', 'Value': '~', 'Footprint': 'Audio_Module:rotopd', 'Datasheet': '', 'Description': '', 'Config': '', 'Manufacturer Part Number': '', 'part': 'rotopd'} (kibot - v5_sch.py:1729)
DEBUG:ENC2 (Encoder_Rotary_11mm_SPST_DShaft): 1 {'Reference': 'ENC2', 'Value': 'Encoder_Rotary_11mm_SPST_DShaft', 'Footprint': 'PCM_4ms_Encoder:ROTENC-12MM-BUT', 'Datasheet': '', 'Description': 'Rotary Encoder 11mm with SPST, No Detent, 20mm D-shaft', 'Manufacturer': 'Alpha Taiwan', 'Part Number': 'RE111F-41B3N-20F-20P-N', 'Specifications': 'Rotary Encoder 11mm with SPST, No Detent, 20mm D-shaft', 'Manufacturer 2': 'Bourns', 'Part Number 2': 'PEC11L-4020F-S0020', 'Config': '', 'Manufacturer Part Number': '', 'part': 'Encoder_Rotary_11mm_SPST_DShaft'} (kibot - v5_sch.py:1729)
DEBUG:ENC1 (Encoder_Rotary_11mm_SPST_DShaft): 1 {'Reference': 'ENC1', 'Value': 'Encoder_Rotary_11mm_SPST_DShaft', 'Footprint': 'PCM_4ms_Encoder:ROTENC-12MM-BUT', 'Datasheet': '', 'Description': 'Rotary Encoder 11mm with SPST, No Detent, 20mm D-shaft', 'Manufacturer': 'Alpha Taiwan', 'Part Number': 'RE111F-41B3N-20F-20P-N', 'Specifications': 'Rotary Encoder 11mm with SPST, No Detent, 20mm D-shaft', 'Manufacturer 2': 'Bourns', 'Part Number 2': 'PEC11L-4020F-S0020', 'Config': '', 'Manufacturer Part Number': '', 'part': 'Encoder_Rotary_11mm_SPST_DShaft'} (kibot - v5_sch.py:1729)
DEBUG:SW2 (SW_Rotary_1x3_MP): 1 {'Reference': 'SW2', 'Value': 'SW_Rotary_1x3_MP', 'Footprint': 'Button_Switch_THT:A_D22022LB', 'Datasheet': '~', 'Description': 'Rotary switch 1x3, SP3T with mount point', 'Config': '', 'Manufacturer Part Number': '', 'part': 'SW_Rotary_1x3_MP'} (kibot - v5_sch.py:1729)
DEBUG:C2 (10uF_1206_35V 10μF): 1 {'Reference': 'C2', 'Value': '10μF', 'Footprint': 'Capacitor_SMD:C_0603_1608Metric_Pad1.08x0.95mm_HandSolder', 'Datasheet': '~', 'Description': '10uF, X6S, Min 35V', 'Specifications': '10uF, X6S, Min 35V', 'Manufacturer': 'TDK', 'Part Number': 'C3216X6S1V106K160AC', 'Display': '10uF', 'JLCPCB ID': 'C13585', 'Config': '', 'Manufacturer Part Number': '', 'part': '10uF_1206_35V'} (kibot - v5_sch.py:1729)
DEBUG:SW3 (SW_Push_LED): 1 {'Reference': 'SW3', 'Value': 'SW_Push_LED', 'Footprint': 'Button_Switch_THT:BH16NBSBB', 'Datasheet': '~', 'Description': 'Push button switch with LED, generic', 'Config': '', 'Manufacturer Part Number': '', 'part': 'SW_Push_LED'} (kibot - v5_sch.py:1729)
DEBUG:U3 (TMUX7201RQXR): 1 {'Reference': 'U3', 'Value': 'TMUX7201RQXR', 'Footprint': 'TMUX7201RQXR:WSON8_RQX_TEX-L', 'Datasheet': 'https://www.ti.com/lit/gpn/tmux7201', 'Description': '', 'Config': '', 'Manufacturer Part Number': '', 'part': 'TMUX7201RQXR'} (kibot - v5_sch.py:1729)
DEBUG:C3 (0.1uF_0603_16V 0.1μF): 1 {'Reference': 'C3', 'Value': '0.1μF', 'Footprint': 'Capacitor_SMD:C_0603_1608Metric_Pad1.08x0.95mm_HandSolder', 'Datasheet': '~', 'Description': '0.1uF, Min. 16V 10%, X7R or X5R or similar', 'Specifications': '0.1uF, Min. 16V 10%, X7R or X5R or similar', 'Manufacturer': 'AVX Corporation', 'Part Number': '0603YC104KAT2A', 'Display': '0.1uF', 'JLCPCB ID': 'C14663', 'Config': '', 'Manufacturer Part Number': '', 'part': '0.1uF_0603_16V'} (kibot - v5_sch.py:1729)
DEBUG:C4 (10uF_1206_35V 10μF): 1 {'Reference': 'C4', 'Value': '10μF', 'Footprint': 'Capacitor_SMD:C_0603_1608Metric_Pad1.08x0.95mm_HandSolder', 'Datasheet': '~', 'Description': '10uF, X6S, Min 35V', 'Specifications': '10uF, X6S, Min 35V', 'Manufacturer': 'TDK', 'Part Number': 'C3216X6S1V106K160AC', 'Display': '10uF', 'JLCPCB ID': 'C13585', 'Config': '', 'Manufacturer Part Number': '', 'part': '10uF_1206_35V'} (kibot - v5_sch.py:1729)
DEBUG:C1 (0.1uF_0603_16V 0.1μF): 1 {'Reference': 'C1', 'Value': '0.1μF', 'Footprint': 'Capacitor_SMD:C_0603_1608Metric_Pad1.08x0.95mm_HandSolder', 'Datasheet': '~', 'Description': '0.1uF, Min. 16V 10%, X7R or X5R or similar', 'Specifications': '0.1uF, Min. 16V 10%, X7R or X5R or similar', 'Manufacturer': 'AVX Corporation', 'Part Number': '0603YC104KAT2A', 'Display': '0.1uF', 'JLCPCB ID': 'C14663', 'Config': '', 'Manufacturer Part Number': '', 'part': '0.1uF_0603_16V'} (kibot - v5_sch.py:1729)
DEBUG:NT3 (NetTie_2): 1 {'Reference': 'NT3', 'Value': 'NetTie_2', 'Footprint': '', 'Datasheet': '~', 'Description': 'Net tie, 2 pins', 'Config': '', 'Manufacturer Part Number': '', 'part': 'NetTie_2'} (kibot - v5_sch.py:1729)
DEBUG:SW1 (SW_DPST): 1 {'Reference': 'SW1', 'Value': 'SW_DPST', 'Footprint': 'Button_Switch_THT:SW_NKK_G1xJP', 'Datasheet': '~', 'Description': 'Double Pole Single Throw (DPST) Switch', 'Config': '', 'Manufacturer Part Number': '', 'part': 'SW_DPST'} (kibot - v5_sch.py:1729)
DEBUG:NT4 (NetTie_2): 1 {'Reference': 'NT4', 'Value': 'NetTie_2', 'Footprint': '', 'Datasheet': '~', 'Description': 'Net tie, 2 pins', 'Config': '', 'Manufacturer Part Number': '', 'part': 'NetTie_2'} (kibot - v5_sch.py:1729)
DEBUG:J11 (Conn_01x08_Socket): 1 {'Reference': 'J11', 'Value': 'Conn_01x08_Socket', 'Footprint': 'Connector_Molex:Molex_PicoBlade_53047-0810_1x08_P1.25mm_Vertical', 'Datasheet': '~', 'Description': 'Generic connector, single row, 01x08, script generated', 'Config': '', 'Manufacturer Part Number': '', 'part': 'Conn_01x08_Socket'} (kibot - v5_sch.py:1729)
DEBUG:J8 (Conn_01x02_Pin): 1 {'Reference': 'J8', 'Value': 'Conn_01x02_Pin', 'Footprint': 'Connector_Molex:Molex_PicoBlade_53047-0210_1x02_P1.25mm_Vertical', 'Datasheet': '~', 'Description': 'Generic connector, single row, 01x02, script generated', 'Config': '', 'Manufacturer Part Number': '', 'part': 'Conn_01x02_Pin'} (kibot - v5_sch.py:1729)
DEBUG:J1 (DE9_Pins_MountingHoles): 1 {'Reference': 'J1', 'Value': 'DE9_Pins_MountingHoles', 'Footprint': 'Connector_Dsub:DSUB-9_Pins_Horizontal_P2.77x2.84mm_EdgePinOffset4.94mm_Housed_MountingHolesOffset4.94mm', 'Datasheet': '~', 'Description': '9-pin D-SUB connector, pins (male), Mounting Hole', 'Config': '', 'Manufacturer Part Number': '', 'part': 'DE9_Pins_MountingHoles'} (kibot - v5_sch.py:1729)
DEBUG:J4 (Conn_01x04_Socket): 1 {'Reference': 'J4', 'Value': 'Conn_01x04_Socket', 'Footprint': 'Connector_Molex:Molex_PicoBlade_53047-0410_1x04_P1.25mm_Vertical', 'Datasheet': '~', 'Description': 'Generic connector, single row, 01x04, script generated', 'Config': '', 'Manufacturer Part Number': '', 'part': 'Conn_01x04_Socket'} (kibot - v5_sch.py:1729)
DEBUG:J7 (Conn_01x04_Socket): 1 {'Reference': 'J7', 'Value': 'Conn_01x04_Socket', 'Footprint': 'Connector_Molex:Molex_PicoBlade_53048-0410_1x04_P1.25mm_Horizontal', 'Datasheet': '~', 'Description': 'Generic connector, single row, 01x04, script generated', 'Config': '', 'Manufacturer Part Number': '', 'part': 'Conn_01x04_Socket'} (kibot - v5_sch.py:1729)
DEBUG:J5 (Conn_01x04_Socket): 1 {'Reference': 'J5', 'Value': 'Conn_01x04_Socket', 'Footprint': 'Connector_Molex:Molex_PicoBlade_53048-0410_1x04_P1.25mm_Horizontal', 'Datasheet': '~', 'Description': 'Generic connector, single row, 01x04, script generated', 'Config': '', 'Manufacturer Part Number': '', 'part': 'Conn_01x04_Socket'} (kibot - v5_sch.py:1729)
DEBUG:J9 (Conn_01x02_Pin): 1 {'Reference': 'J9', 'Value': 'Conn_01x02_Pin', 'Footprint': 'Connector_Molex:Molex_PicoBlade_53048-0210_1x02_P1.25mm_Horizontal', 'Datasheet': '~', 'Description': 'Generic connector, single row, 01x02, script generated', 'Config': '', 'Manufacturer Part Number': '', 'part': 'Conn_01x02_Pin'} (kibot - v5_sch.py:1729)
DEBUG:J3 (HPF-02-01-X-S): 1 {'Reference': 'J3', 'Value': 'HPF-02-01-X-S', 'Footprint': 'Connector_Samtec_HPM_THT:Samtec_HPM-02-05-x-S_Straight_1x02_Pitch5.08mm', 'Datasheet': '', 'Description': '', 'PARTREV': 'A', 'STANDARD': 'Manufacturer Recommendations', 'MAXIMUM_PACKAGE_HEIGHT': '8.89 mm', 'MANUFACTURER': 'Samtec', 'Config': '', 'Manufacturer Part Number': '', 'part': 'HPF-02-01-X-S'} (kibot - v5_sch.py:1729)
DEBUG:J6 (Conn_01x04_Socket): 1 {'Reference': 'J6', 'Value': 'Conn_01x04_Socket', 'Footprint': 'Connector_Molex:Molex_PicoBlade_53047-0410_1x04_P1.25mm_Vertical', 'Datasheet': '~', 'Description': 'Generic connector, single row, 01x04, script generated', 'Config': '', 'Manufacturer Part Number': '', 'part': 'Conn_01x04_Socket'} (kibot - v5_sch.py:1729)
DEBUG:J10 (Conn_01x08_Socket): 1 {'Reference': 'J10', 'Value': 'Conn_01x08_Socket', 'Footprint': 'Connector_Molex:Molex_PicoBlade_53047-0810_1x08_P1.25mm_Vertical', 'Datasheet': '~', 'Description': 'Generic connector, single row, 01x08, script generated', 'Config': '', 'Manufacturer Part Number': '', 'part': 'Conn_01x08_Socket'} (kibot - v5_sch.py:1729)
DEBUG:J2 (Conn_01x08_Socket): 1 {'Reference': 'J2', 'Value': 'Conn_01x08_Socket', 'Footprint': 'Connector_PinHeader_2.54mm:PinHeader_1x08_P2.54mm_Vertical', 'Datasheet': '~', 'Description': 'Generic connector, single row, 01x08, script generated', 'Config': '', 'Manufacturer Part Number': '', 'part': 'Conn_01x08_Socket'} (kibot - v5_sch.py:1729)
DEBUG:U2 (SC1176): 1 {'Reference': 'U2', 'Value': 'SC1176', 'Footprint': 'pictures:MODULE_SC1176', 'Datasheet': '', 'Description': '', 'PARTREV': 'April 2024', 'MANUFACTURER': 'Raspberry Pi', 'STANDARD': 'Manufacturer Recommendations', 'Config': '', 'Manufacturer Part Number': '', 'part': 'SC1176'} (kibot - v5_sch.py:1729)
DEBUG:C32 (10uF_1206_35V 10μF): 1 {'Reference': 'C32', 'Value': '10μF', 'Footprint': 'Capacitor_SMD:C_0603_1608Metric_Pad1.08x0.95mm_HandSolder', 'Datasheet': '~', 'Description': '10uF, X6S, Min 35V', 'Specifications': '10uF, X6S, Min 35V', 'Manufacturer': 'TDK', 'Part Number': 'C3216X6S1V106K160AC', 'Display': '10uF', 'JLCPCB ID': 'C13585', 'Config': '', 'Manufacturer Part Number': '', 'part': '10uF_1206_35V'} (kibot - v5_sch.py:1729)
DEBUG:C35 (10uF_1206_35V 10μF): 1 {'Reference': 'C35', 'Value': '10μF', 'Footprint': 'Capacitor_SMD:C_0603_1608Metric_Pad1.08x0.95mm_HandSolder', 'Datasheet': '~', 'Description': '10uF, X6S, Min 35V', 'Specifications': '10uF, X6S, Min 35V', 'Manufacturer': 'TDK', 'Part Number': 'C3216X6S1V106K160AC', 'Display': '10uF', 'JLCPCB ID': 'C13585', 'Config': '', 'Manufacturer Part Number': '', 'part': '10uF_1206_35V'} (kibot - v5_sch.py:1729)
DEBUG:NT2 (NetTie_2): 1 {'Reference': 'NT2', 'Value': 'NetTie_2', 'Footprint': '', 'Datasheet': '~', 'Description': 'Net tie, 2 pins', 'Config': '', 'Manufacturer Part Number': '', 'part': 'NetTie_2'} (kibot - v5_sch.py:1729)
DEBUG:U12 (PTMUX6236RUMR): 1 {'Reference': 'U12', 'Value': 'PTMUX6236RUMR', 'Footprint': 'Package_DFN_QFN:WQFN-16-1EP_4x4mm_P0.5mm_EP2.6x2.6mm_ThermalVias', 'Datasheet': 'https://www.ti.com/document-viewer/tmux6236/datasheet', 'Description': '', 'Config': '', 'Manufacturer Part Number': '', 'part': 'PTMUX6236RUMR'} (kibot - v5_sch.py:1729)
DEBUG:C33 (0.1uF_0603_16V 0.1μF): 1 {'Reference': 'C33', 'Value': '0.1μF', 'Footprint': 'Capacitor_SMD:C_0603_1608Metric_Pad1.08x0.95mm_HandSolder', 'Datasheet': '~', 'Description': '0.1uF, Min. 16V 10%, X7R or X5R or similar', 'Specifications': '0.1uF, Min. 16V 10%, X7R or X5R or similar', 'Manufacturer': 'AVX Corporation', 'Part Number': '0603YC104KAT2A', 'Display': '0.1uF', 'JLCPCB ID': 'C14663', 'Config': '', 'Manufacturer Part Number': '', 'part': '0.1uF_0603_16V'} (kibot - v5_sch.py:1729)
DEBUG:NT1 (NetTie_2): 1 {'Reference': 'NT1', 'Value': 'NetTie_2', 'Footprint': '', 'Datasheet': '~', 'Description': 'Net tie, 2 pins', 'Config': '', 'Manufacturer Part Number': '', 'part': 'NetTie_2'} (kibot - v5_sch.py:1729)
DEBUG:C34 (0.1uF_0603_16V 0.1μF): 1 {'Reference': 'C34', 'Value': '0.1μF', 'Footprint': 'Capacitor_SMD:C_0603_1608Metric_Pad1.08x0.95mm_HandSolder', 'Datasheet': '~', 'Description': '0.1uF, Min. 16V 10%, X7R or X5R or similar', 'Specifications': '0.1uF, Min. 16V 10%, X7R or X5R or similar', 'Manufacturer': 'AVX Corporation', 'Part Number': '0603YC104KAT2A', 'Display': '0.1uF', 'JLCPCB ID': 'C14663', 'Config': '', 'Manufacturer Part Number': '', 'part': '0.1uF_0603_16V'} (kibot - v5_sch.py:1729)
DEBUG:U7 (PINA745AIRELR): 1 {'Reference': 'U7', 'Value': 'PINA745AIRELR', 'Footprint': 'PINA745AIRELR:REL0014A_PINA745AIRELR_TEX', 'Datasheet': 'https://www.ti.com/lit/gpn/ina745a', 'Description': '', 'Config': '', 'Manufacturer Part Number': '', 'part': 'PINA745AIRELR'} (kibot - v5_sch.py:1729)
DEBUG:C19 (0.1uF_0603_16V 0.1μF): 1 {'Reference': 'C19', 'Value': '0.1μF', 'Footprint': 'Capacitor_SMD:C_0603_1608Metric_Pad1.08x0.95mm_HandSolder', 'Datasheet': '~', 'Description': '0.1uF, Min. 16V 10%, X7R or X5R or similar', 'Specifications': '0.1uF, Min. 16V 10%, X7R or X5R or similar', 'Manufacturer': 'AVX Corporation', 'Part Number': '0603YC104KAT2A', 'Display': '0.1uF', 'JLCPCB ID': 'C14663', 'Config': '', 'Manufacturer Part Number': '', 'part': '0.1uF_0603_16V'} (kibot - v5_sch.py:1729)
DEBUG:C22 (10uF_1206_35V 10μF): 1 {'Reference': 'C22', 'Value': '10μF', 'Footprint': 'Capacitor_SMD:C_0603_1608Metric_Pad1.08x0.95mm_HandSolder', 'Datasheet': '~', 'Description': '10uF, X6S, Min 35V', 'Specifications': '10uF, X6S, Min 35V', 'Manufacturer': 'TDK', 'Part Number': 'C3216X6S1V106K160AC', 'Display': '10uF', 'JLCPCB ID': 'C13585', 'Config': '', 'Manufacturer Part Number': '', 'part': '10uF_1206_35V'} (kibot - v5_sch.py:1729)
DEBUG:U8 (PTMUX6236RUMR): 1 {'Reference': 'U8', 'Value': 'PTMUX6236RUMR', 'Footprint': 'PTMUX6236RUMR:WQFN16_RUM_TEX', 'Datasheet': 'https://www.ti.com/lit/gpn/tmux6236', 'Description': '', 'Config': '', 'Manufacturer Part Number': '', 'part': 'PTMUX6236RUMR'} (kibot - v5_sch.py:1729)
DEBUG:C18 (10uF_1206_35V): 1 {'Reference': 'C18', 'Value': '10uF_1206_35V', 'Footprint': 'Capacitor_SMD:C_0603_1608Metric_Pad1.08x0.95mm_HandSolder', 'Datasheet': '~', 'Description': '10uF, X6S, Min 35V', 'Specifications': '10uF, X6S, Min 35V', 'Manufacturer': 'TDK', 'Part Number': 'C3216X6S1V106K160AC', 'Display': '10uF', 'JLCPCB ID': 'C13585', 'Config': '', 'Manufacturer Part Number': '', 'part': '10uF_1206_35V'} (kibot - v5_sch.py:1729)
DEBUG:C21 (0.1uF_0603_16V 0.1μF): 1 {'Reference': 'C21', 'Value': '0.1μF', 'Footprint': 'Capacitor_SMD:C_0603_1608Metric_Pad1.08x0.95mm_HandSolder', 'Datasheet': '~', 'Description': '0.1uF, Min. 16V 10%, X7R or X5R or similar', 'Specifications': '0.1uF, Min. 16V 10%, X7R or X5R or similar', 'Manufacturer': 'AVX Corporation', 'Part Number': '0603YC104KAT2A', 'Display': '0.1uF', 'JLCPCB ID': 'C14663', 'Config': '', 'Manufacturer Part Number': '', 'part': '0.1uF_0603_16V'} (kibot - v5_sch.py:1729)
DEBUG:C20 (10uF_1206_35V 10μF): 1 {'Reference': 'C20', 'Value': '10μF', 'Footprint': 'Capacitor_SMD:C_0603_1608Metric_Pad1.08x0.95mm_HandSolder', 'Datasheet': '~', 'Description': '10uF, X6S, Min 35V', 'Specifications': '10uF, X6S, Min 35V', 'Manufacturer': 'TDK', 'Part Number': 'C3216X6S1V106K160AC', 'Display': '10uF', 'JLCPCB ID': 'C13585', 'Config': '', 'Manufacturer Part Number': '', 'part': '10uF_1206_35V'} (kibot - v5_sch.py:1729)
DEBUG:After collapse: (kibot - v5_sch.py:1768)
DEBUG:C30 (0.1uF_0603_16V 0.1μF): 1 {'Reference': 'C30', 'Value': '0.1μF', 'Footprint': 'Capacitor_SMD:C_0603_1608Metric_Pad1.08x0.95mm_HandSolder', 'Datasheet': '~', 'Description': '0.1uF, Min. 16V 10%, X7R or X5R or similar', 'Specifications': '0.1uF, Min. 16V 10%, X7R or X5R or similar', 'Manufacturer': 'AVX Corporation', 'Part Number': '0603YC104KAT2A', 'Display': '0.1uF', 'JLCPCB ID': 'C14663', 'Config': '', 'Manufacturer Part Number': '', 'part': '0.1uF_0603_16V'} (kibot - v5_sch.py:1771)
DEBUG:U11 (TMUX7219MDGKR): 1 {'Reference': 'U11', 'Value': 'TMUX7219MDGKR', 'Footprint': 'TMUX7219MDGKR:SOIC8_DGK_TEX', 'Datasheet': 'https://www.ti.com/document-viewer/tmux7219m/datasheet', 'Description': '', 'Config': '', 'Manufacturer Part Number': '', 'part': 'TMUX7219MDGKR'} (kibot - v5_sch.py:1771)
DEBUG:C23 (10uF_1206_35V): 1 {'Reference': 'C23', 'Value': '10uF_1206_35V', 'Footprint': 'Capacitor_SMD:C_0603_1608Metric_Pad1.08x0.95mm_HandSolder', 'Datasheet': '~', 'Description': '10uF, X6S, Min 35V', 'Specifications': '10uF, X6S, Min 35V', 'Manufacturer': 'TDK', 'Part Number': 'C3216X6S1V106K160AC', 'Display': '10uF', 'JLCPCB ID': 'C13585', 'Config': '', 'Manufacturer Part Number': '', 'part': '10uF_1206_35V'} (kibot - v5_sch.py:1771)
DEBUG:C31 (10uF_1206_35V 10μF): 1 {'Reference': 'C31', 'Value': '10μF', 'Footprint': 'Capacitor_SMD:C_0603_1608Metric_Pad1.08x0.95mm_HandSolder', 'Datasheet': '~', 'Description': '10uF, X6S, Min 35V', 'Specifications': '10uF, X6S, Min 35V', 'Manufacturer': 'TDK', 'Part Number': 'C3216X6S1V106K160AC', 'Display': '10uF', 'JLCPCB ID': 'C13585', 'Config': '', 'Manufacturer Part Number': '', 'part': '10uF_1206_35V'} (kibot - v5_sch.py:1771)
DEBUG:C24 (0.1uF_0603_16V 0.1μF): 1 {'Reference': 'C24', 'Value': '0.1μF', 'Footprint': 'Capacitor_SMD:C_0603_1608Metric_Pad1.08x0.95mm_HandSolder', 'Datasheet': '~', 'Description': '0.1uF, Min. 16V 10%, X7R or X5R or similar', 'Specifications': '0.1uF, Min. 16V 10%, X7R or X5R or similar', 'Manufacturer': 'AVX Corporation', 'Part Number': '0603YC104KAT2A', 'Display': '0.1uF', 'JLCPCB ID': 'C14663', 'Config': '', 'Manufacturer Part Number': '', 'part': '0.1uF_0603_16V'} (kibot - v5_sch.py:1771)
DEBUG:C25 (0.1uF_0603_16V 0.1μF): 1 {'Reference': 'C25', 'Value': '0.1μF', 'Footprint': 'Capacitor_SMD:C_0603_1608Metric_Pad1.08x0.95mm_HandSolder', 'Datasheet': '~', 'Description': '0.1uF, Min. 16V 10%, X7R or X5R or similar', 'Specifications': '0.1uF, Min. 16V 10%, X7R or X5R or similar', 'Manufacturer': 'AVX Corporation', 'Part Number': '0603YC104KAT2A', 'Display': '0.1uF', 'JLCPCB ID': 'C14663', 'Config': '', 'Manufacturer Part Number': '', 'part': '0.1uF_0603_16V'} (kibot - v5_sch.py:1771)
DEBUG:C28 (0.1uF_0603_16V 0.1μF): 1 {'Reference': 'C28', 'Value': '0.1μF', 'Footprint': 'Capacitor_SMD:C_0603_1608Metric_Pad1.08x0.95mm_HandSolder', 'Datasheet': '~', 'Description': '0.1uF, Min. 16V 10%, X7R or X5R or similar', 'Specifications': '0.1uF, Min. 16V 10%, X7R or X5R or similar', 'Manufacturer': 'AVX Corporation', 'Part Number': '0603YC104KAT2A', 'Display': '0.1uF', 'JLCPCB ID': 'C14663', 'Config': '', 'Manufacturer Part Number': '', 'part': '0.1uF_0603_16V'} (kibot - v5_sch.py:1771)
DEBUG:C26 (10uF_1206_35V 10μF): 1 {'Reference': 'C26', 'Value': '10μF', 'Footprint': 'Capacitor_SMD:C_0603_1608Metric_Pad1.08x0.95mm_HandSolder', 'Datasheet': '~', 'Description': '10uF, X6S, Min 35V', 'Specifications': '10uF, X6S, Min 35V', 'Manufacturer': 'TDK', 'Part Number': 'C3216X6S1V106K160AC', 'Display': '10uF', 'JLCPCB ID': 'C13585', 'Config': '', 'Manufacturer Part Number': '', 'part': '10uF_1206_35V'} (kibot - v5_sch.py:1771)
DEBUG:C27 (10uF_1206_35V 10μF): 1 {'Reference': 'C27', 'Value': '10μF', 'Footprint': 'Capacitor_SMD:C_0603_1608Metric_Pad1.08x0.95mm_HandSolder', 'Datasheet': '~', 'Description': '10uF, X6S, Min 35V', 'Specifications': '10uF, X6S, Min 35V', 'Manufacturer': 'TDK', 'Part Number': 'C3216X6S1V106K160AC', 'Display': '10uF', 'JLCPCB ID': 'C13585', 'Config': '', 'Manufacturer Part Number': '', 'part': '10uF_1206_35V'} (kibot - v5_sch.py:1771)
DEBUG:U9 (PINA745AIRELR): 1 {'Reference': 'U9', 'Value': 'PINA745AIRELR', 'Footprint': 'PINA745AIRELR:REL0014A_PINA745AIRELR_TEX', 'Datasheet': 'https://www.ti.com/lit/gpn/ina745a', 'Description': '', 'Config': '', 'Manufacturer Part Number': '', 'part': 'PINA745AIRELR'} (kibot - v5_sch.py:1771)
DEBUG:U10 (PTMUX6236RUMR): 1 {'Reference': 'U10', 'Value': 'PTMUX6236RUMR', 'Footprint': 'PTMUX6236RUMR:WQFN16_RUM_TEX', 'Datasheet': 'https://www.ti.com/lit/gpn/tmux6236', 'Description': '', 'Config': '', 'Manufacturer Part Number': '', 'part': 'PTMUX6236RUMR'} (kibot - v5_sch.py:1771)
DEBUG:C29 (10uF_1206_35V 10μF): 1 {'Reference': 'C29', 'Value': '10μF', 'Footprint': 'Capacitor_SMD:C_0603_1608Metric_Pad1.08x0.95mm_HandSolder', 'Datasheet': '~', 'Description': '10uF, X6S, Min 35V', 'Specifications': '10uF, X6S, Min 35V', 'Manufacturer': 'TDK', 'Part Number': 'C3216X6S1V106K160AC', 'Display': '10uF', 'JLCPCB ID': 'C13585', 'Config': '', 'Manufacturer Part Number': '', 'part': '10uF_1206_35V'} (kibot - v5_sch.py:1771)
DEBUG:U1 (rotopd ~): 1 {'Reference': 'U1', 'Value': '~', 'Footprint': 'Audio_Module:rotopd', 'Datasheet': '', 'Description': '', 'Config': '', 'Manufacturer Part Number': '', 'part': 'rotopd'} (kibot - v5_sch.py:1771)
DEBUG:ENC2 (Encoder_Rotary_11mm_SPST_DShaft): 1 {'Reference': 'ENC2', 'Value': 'Encoder_Rotary_11mm_SPST_DShaft', 'Footprint': 'PCM_4ms_Encoder:ROTENC-12MM-BUT', 'Datasheet': '', 'Description': 'Rotary Encoder 11mm with SPST, No Detent, 20mm D-shaft', 'Manufacturer': 'Alpha Taiwan', 'Part Number': 'RE111F-41B3N-20F-20P-N', 'Specifications': 'Rotary Encoder 11mm with SPST, No Detent, 20mm D-shaft', 'Manufacturer 2': 'Bourns', 'Part Number 2': 'PEC11L-4020F-S0020', 'Config': '', 'Manufacturer Part Number': '', 'part': 'Encoder_Rotary_11mm_SPST_DShaft'} (kibot - v5_sch.py:1771)
DEBUG:ENC1 (Encoder_Rotary_11mm_SPST_DShaft): 1 {'Reference': 'ENC1', 'Value': 'Encoder_Rotary_11mm_SPST_DShaft', 'Footprint': 'PCM_4ms_Encoder:ROTENC-12MM-BUT', 'Datasheet': '', 'Description': 'Rotary Encoder 11mm with SPST, No Detent, 20mm D-shaft', 'Manufacturer': 'Alpha Taiwan', 'Part Number': 'RE111F-41B3N-20F-20P-N', 'Specifications': 'Rotary Encoder 11mm with SPST, No Detent, 20mm D-shaft', 'Manufacturer 2': 'Bourns', 'Part Number 2': 'PEC11L-4020F-S0020', 'Config': '', 'Manufacturer Part Number': '', 'part': 'Encoder_Rotary_11mm_SPST_DShaft'} (kibot - v5_sch.py:1771)
DEBUG:SW2 (SW_Rotary_1x3_MP): 1 {'Reference': 'SW2', 'Value': 'SW_Rotary_1x3_MP', 'Footprint': 'Button_Switch_THT:A_D22022LB', 'Datasheet': '~', 'Description': 'Rotary switch 1x3, SP3T with mount point', 'Config': '', 'Manufacturer Part Number': '', 'part': 'SW_Rotary_1x3_MP'} (kibot - v5_sch.py:1771)
DEBUG:C2 (10uF_1206_35V 10μF): 1 {'Reference': 'C2', 'Value': '10μF', 'Footprint': 'Capacitor_SMD:C_0603_1608Metric_Pad1.08x0.95mm_HandSolder', 'Datasheet': '~', 'Description': '10uF, X6S, Min 35V', 'Specifications': '10uF, X6S, Min 35V', 'Manufacturer': 'TDK', 'Part Number': 'C3216X6S1V106K160AC', 'Display': '10uF', 'JLCPCB ID': 'C13585', 'Config': '', 'Manufacturer Part Number': '', 'part': '10uF_1206_35V'} (kibot - v5_sch.py:1771)
DEBUG:SW3 (SW_Push_LED): 1 {'Reference': 'SW3', 'Value': 'SW_Push_LED', 'Footprint': 'Button_Switch_THT:BH16NBSBB', 'Datasheet': '~', 'Description': 'Push button switch with LED, generic', 'Config': '', 'Manufacturer Part Number': '', 'part': 'SW_Push_LED'} (kibot - v5_sch.py:1771)
DEBUG:U3 (TMUX7201RQXR): 1 {'Reference': 'U3', 'Value': 'TMUX7201RQXR', 'Footprint': 'TMUX7201RQXR:WSON8_RQX_TEX-L', 'Datasheet': 'https://www.ti.com/lit/gpn/tmux7201', 'Description': '', 'Config': '', 'Manufacturer Part Number': '', 'part': 'TMUX7201RQXR'} (kibot - v5_sch.py:1771)
DEBUG:C3 (0.1uF_0603_16V 0.1μF): 1 {'Reference': 'C3', 'Value': '0.1μF', 'Footprint': 'Capacitor_SMD:C_0603_1608Metric_Pad1.08x0.95mm_HandSolder', 'Datasheet': '~', 'Description': '0.1uF, Min. 16V 10%, X7R or X5R or similar', 'Specifications': '0.1uF, Min. 16V 10%, X7R or X5R or similar', 'Manufacturer': 'AVX Corporation', 'Part Number': '0603YC104KAT2A', 'Display': '0.1uF', 'JLCPCB ID': 'C14663', 'Config': '', 'Manufacturer Part Number': '', 'part': '0.1uF_0603_16V'} (kibot - v5_sch.py:1771)
DEBUG:C4 (10uF_1206_35V 10μF): 1 {'Reference': 'C4', 'Value': '10μF', 'Footprint': 'Capacitor_SMD:C_0603_1608Metric_Pad1.08x0.95mm_HandSolder', 'Datasheet': '~', 'Description': '10uF, X6S, Min 35V', 'Specifications': '10uF, X6S, Min 35V', 'Manufacturer': 'TDK', 'Part Number': 'C3216X6S1V106K160AC', 'Display': '10uF', 'JLCPCB ID': 'C13585', 'Config': '', 'Manufacturer Part Number': '', 'part': '10uF_1206_35V'} (kibot - v5_sch.py:1771)
DEBUG:C1 (0.1uF_0603_16V 0.1μF): 1 {'Reference': 'C1', 'Value': '0.1μF', 'Footprint': 'Capacitor_SMD:C_0603_1608Metric_Pad1.08x0.95mm_HandSolder', 'Datasheet': '~', 'Description': '0.1uF, Min. 16V 10%, X7R or X5R or similar', 'Specifications': '0.1uF, Min. 16V 10%, X7R or X5R or similar', 'Manufacturer': 'AVX Corporation', 'Part Number': '0603YC104KAT2A', 'Display': '0.1uF', 'JLCPCB ID': 'C14663', 'Config': '', 'Manufacturer Part Number': '', 'part': '0.1uF_0603_16V'} (kibot - v5_sch.py:1771)
DEBUG:NT3 (NetTie_2): 1 {'Reference': 'NT3', 'Value': 'NetTie_2', 'Footprint': '', 'Datasheet': '~', 'Description': 'Net tie, 2 pins', 'Config': '', 'Manufacturer Part Number': '', 'part': 'NetTie_2'} (kibot - v5_sch.py:1771)
DEBUG:SW1 (SW_DPST): 1 {'Reference': 'SW1', 'Value': 'SW_DPST', 'Footprint': 'Button_Switch_THT:SW_NKK_G1xJP', 'Datasheet': '~', 'Description': 'Double Pole Single Throw (DPST) Switch', 'Config': '', 'Manufacturer Part Number': '', 'part': 'SW_DPST'} (kibot - v5_sch.py:1771)
DEBUG:NT4 (NetTie_2): 1 {'Reference': 'NT4', 'Value': 'NetTie_2', 'Footprint': '', 'Datasheet': '~', 'Description': 'Net tie, 2 pins', 'Config': '', 'Manufacturer Part Number': '', 'part': 'NetTie_2'} (kibot - v5_sch.py:1771)
DEBUG:J11 (Conn_01x08_Socket): 1 {'Reference': 'J11', 'Value': 'Conn_01x08_Socket', 'Footprint': 'Connector_Molex:Molex_PicoBlade_53047-0810_1x08_P1.25mm_Vertical', 'Datasheet': '~', 'Description': 'Generic connector, single row, 01x08, script generated', 'Config': '', 'Manufacturer Part Number': '', 'part': 'Conn_01x08_Socket'} (kibot - v5_sch.py:1771)
DEBUG:J8 (Conn_01x02_Pin): 1 {'Reference': 'J8', 'Value': 'Conn_01x02_Pin', 'Footprint': 'Connector_Molex:Molex_PicoBlade_53047-0210_1x02_P1.25mm_Vertical', 'Datasheet': '~', 'Description': 'Generic connector, single row, 01x02, script generated', 'Config': '', 'Manufacturer Part Number': '', 'part': 'Conn_01x02_Pin'} (kibot - v5_sch.py:1771)
DEBUG:J1 (DE9_Pins_MountingHoles): 1 {'Reference': 'J1', 'Value': 'DE9_Pins_MountingHoles', 'Footprint': 'Connector_Dsub:DSUB-9_Pins_Horizontal_P2.77x2.84mm_EdgePinOffset4.94mm_Housed_MountingHolesOffset4.94mm', 'Datasheet': '~', 'Description': '9-pin D-SUB connector, pins (male), Mounting Hole', 'Config': '', 'Manufacturer Part Number': '', 'part': 'DE9_Pins_MountingHoles'} (kibot - v5_sch.py:1771)
DEBUG:J4 (Conn_01x04_Socket): 1 {'Reference': 'J4', 'Value': 'Conn_01x04_Socket', 'Footprint': 'Connector_Molex:Molex_PicoBlade_53047-0410_1x04_P1.25mm_Vertical', 'Datasheet': '~', 'Description': 'Generic connector, single row, 01x04, script generated', 'Config': '', 'Manufacturer Part Number': '', 'part': 'Conn_01x04_Socket'} (kibot - v5_sch.py:1771)
DEBUG:J7 (Conn_01x04_Socket): 1 {'Reference': 'J7', 'Value': 'Conn_01x04_Socket', 'Footprint': 'Connector_Molex:Molex_PicoBlade_53048-0410_1x04_P1.25mm_Horizontal', 'Datasheet': '~', 'Description': 'Generic connector, single row, 01x04, script generated', 'Config': '', 'Manufacturer Part Number': '', 'part': 'Conn_01x04_Socket'} (kibot - v5_sch.py:1771)
DEBUG:J5 (Conn_01x04_Socket): 1 {'Reference': 'J5', 'Value': 'Conn_01x04_Socket', 'Footprint': 'Connector_Molex:Molex_PicoBlade_53048-0410_1x04_P1.25mm_Horizontal', 'Datasheet': '~', 'Description': 'Generic connector, single row, 01x04, script generated', 'Config': '', 'Manufacturer Part Number': '', 'part': 'Conn_01x04_Socket'} (kibot - v5_sch.py:1771)
DEBUG:J9 (Conn_01x02_Pin): 1 {'Reference': 'J9', 'Value': 'Conn_01x02_Pin', 'Footprint': 'Connector_Molex:Molex_PicoBlade_53048-0210_1x02_P1.25mm_Horizontal', 'Datasheet': '~', 'Description': 'Generic connector, single row, 01x02, script generated', 'Config': '', 'Manufacturer Part Number': '', 'part': 'Conn_01x02_Pin'} (kibot - v5_sch.py:1771)
DEBUG:J3 (HPF-02-01-X-S): 1 {'Reference': 'J3', 'Value': 'HPF-02-01-X-S', 'Footprint': 'Connector_Samtec_HPM_THT:Samtec_HPM-02-05-x-S_Straight_1x02_Pitch5.08mm', 'Datasheet': '', 'Description': '', 'PARTREV': 'A', 'STANDARD': 'Manufacturer Recommendations', 'MAXIMUM_PACKAGE_HEIGHT': '8.89 mm', 'MANUFACTURER': 'Samtec', 'Config': '', 'Manufacturer Part Number': '', 'part': 'HPF-02-01-X-S'} (kibot - v5_sch.py:1771)
DEBUG:J6 (Conn_01x04_Socket): 1 {'Reference': 'J6', 'Value': 'Conn_01x04_Socket', 'Footprint': 'Connector_Molex:Molex_PicoBlade_53047-0410_1x04_P1.25mm_Vertical', 'Datasheet': '~', 'Description': 'Generic connector, single row, 01x04, script generated', 'Config': '', 'Manufacturer Part Number': '', 'part': 'Conn_01x04_Socket'} (kibot - v5_sch.py:1771)
DEBUG:J10 (Conn_01x08_Socket): 1 {'Reference': 'J10', 'Value': 'Conn_01x08_Socket', 'Footprint': 'Connector_Molex:Molex_PicoBlade_53047-0810_1x08_P1.25mm_Vertical', 'Datasheet': '~', 'Description': 'Generic connector, single row, 01x08, script generated', 'Config': '', 'Manufacturer Part Number': '', 'part': 'Conn_01x08_Socket'} (kibot - v5_sch.py:1771)
DEBUG:J2 (Conn_01x08_Socket): 1 {'Reference': 'J2', 'Value': 'Conn_01x08_Socket', 'Footprint': 'Connector_PinHeader_2.54mm:PinHeader_1x08_P2.54mm_Vertical', 'Datasheet': '~', 'Description': 'Generic connector, single row, 01x08, script generated', 'Config': '', 'Manufacturer Part Number': '', 'part': 'Conn_01x08_Socket'} (kibot - v5_sch.py:1771)
DEBUG:U2 (SC1176): 1 {'Reference': 'U2', 'Value': 'SC1176', 'Footprint': 'pictures:MODULE_SC1176', 'Datasheet': '', 'Description': '', 'PARTREV': 'April 2024', 'MANUFACTURER': 'Raspberry Pi', 'STANDARD': 'Manufacturer Recommendations', 'Config': '', 'Manufacturer Part Number': '', 'part': 'SC1176'} (kibot - v5_sch.py:1771)
DEBUG:C32 (10uF_1206_35V 10μF): 1 {'Reference': 'C32', 'Value': '10μF', 'Footprint': 'Capacitor_SMD:C_0603_1608Metric_Pad1.08x0.95mm_HandSolder', 'Datasheet': '~', 'Description': '10uF, X6S, Min 35V', 'Specifications': '10uF, X6S, Min 35V', 'Manufacturer': 'TDK', 'Part Number': 'C3216X6S1V106K160AC', 'Display': '10uF', 'JLCPCB ID': 'C13585', 'Config': '', 'Manufacturer Part Number': '', 'part': '10uF_1206_35V'} (kibot - v5_sch.py:1771)
DEBUG:C35 (10uF_1206_35V 10μF): 1 {'Reference': 'C35', 'Value': '10μF', 'Footprint': 'Capacitor_SMD:C_0603_1608Metric_Pad1.08x0.95mm_HandSolder', 'Datasheet': '~', 'Description': '10uF, X6S, Min 35V', 'Specifications': '10uF, X6S, Min 35V', 'Manufacturer': 'TDK', 'Part Number': 'C3216X6S1V106K160AC', 'Display': '10uF', 'JLCPCB ID': 'C13585', 'Config': '', 'Manufacturer Part Number': '', 'part': '10uF_1206_35V'} (kibot - v5_sch.py:1771)
DEBUG:NT2 (NetTie_2): 1 {'Reference': 'NT2', 'Value': 'NetTie_2', 'Footprint': '', 'Datasheet': '~', 'Description': 'Net tie, 2 pins', 'Config': '', 'Manufacturer Part Number': '', 'part': 'NetTie_2'} (kibot - v5_sch.py:1771)
DEBUG:U12 (PTMUX6236RUMR): 1 {'Reference': 'U12', 'Value': 'PTMUX6236RUMR', 'Footprint': 'Package_DFN_QFN:WQFN-16-1EP_4x4mm_P0.5mm_EP2.6x2.6mm_ThermalVias', 'Datasheet': 'https://www.ti.com/document-viewer/tmux6236/datasheet', 'Description': '', 'Config': '', 'Manufacturer Part Number': '', 'part': 'PTMUX6236RUMR'} (kibot - v5_sch.py:1771)
DEBUG:C33 (0.1uF_0603_16V 0.1μF): 1 {'Reference': 'C33', 'Value': '0.1μF', 'Footprint': 'Capacitor_SMD:C_0603_1608Metric_Pad1.08x0.95mm_HandSolder', 'Datasheet': '~', 'Description': '0.1uF, Min. 16V 10%, X7R or X5R or similar', 'Specifications': '0.1uF, Min. 16V 10%, X7R or X5R or similar', 'Manufacturer': 'AVX Corporation', 'Part Number': '0603YC104KAT2A', 'Display': '0.1uF', 'JLCPCB ID': 'C14663', 'Config': '', 'Manufacturer Part Number': '', 'part': '0.1uF_0603_16V'} (kibot - v5_sch.py:1771)
DEBUG:NT1 (NetTie_2): 1 {'Reference': 'NT1', 'Value': 'NetTie_2', 'Footprint': '', 'Datasheet': '~', 'Description': 'Net tie, 2 pins', 'Config': '', 'Manufacturer Part Number': '', 'part': 'NetTie_2'} (kibot - v5_sch.py:1771)
DEBUG:C34 (0.1uF_0603_16V 0.1μF): 1 {'Reference': 'C34', 'Value': '0.1μF', 'Footprint': 'Capacitor_SMD:C_0603_1608Metric_Pad1.08x0.95mm_HandSolder', 'Datasheet': '~', 'Description': '0.1uF, Min. 16V 10%, X7R or X5R or similar', 'Specifications': '0.1uF, Min. 16V 10%, X7R or X5R or similar', 'Manufacturer': 'AVX Corporation', 'Part Number': '0603YC104KAT2A', 'Display': '0.1uF', 'JLCPCB ID': 'C14663', 'Config': '', 'Manufacturer Part Number': '', 'part': '0.1uF_0603_16V'} (kibot - v5_sch.py:1771)
DEBUG:U7 (PINA745AIRELR): 1 {'Reference': 'U7', 'Value': 'PINA745AIRELR', 'Footprint': 'PINA745AIRELR:REL0014A_PINA745AIRELR_TEX', 'Datasheet': 'https://www.ti.com/lit/gpn/ina745a', 'Description': '', 'Config': '', 'Manufacturer Part Number': '', 'part': 'PINA745AIRELR'} (kibot - v5_sch.py:1771)
DEBUG:C19 (0.1uF_0603_16V 0.1μF): 1 {'Reference': 'C19', 'Value': '0.1μF', 'Footprint': 'Capacitor_SMD:C_0603_1608Metric_Pad1.08x0.95mm_HandSolder', 'Datasheet': '~', 'Description': '0.1uF, Min. 16V 10%, X7R or X5R or similar', 'Specifications': '0.1uF, Min. 16V 10%, X7R or X5R or similar', 'Manufacturer': 'AVX Corporation', 'Part Number': '0603YC104KAT2A', 'Display': '0.1uF', 'JLCPCB ID': 'C14663', 'Config': '', 'Manufacturer Part Number': '', 'part': '0.1uF_0603_16V'} (kibot - v5_sch.py:1771)
DEBUG:C22 (10uF_1206_35V 10μF): 1 {'Reference': 'C22', 'Value': '10μF', 'Footprint': 'Capacitor_SMD:C_0603_1608Metric_Pad1.08x0.95mm_HandSolder', 'Datasheet': '~', 'Description': '10uF, X6S, Min 35V', 'Specifications': '10uF, X6S, Min 35V', 'Manufacturer': 'TDK', 'Part Number': 'C3216X6S1V106K160AC', 'Display': '10uF', 'JLCPCB ID': 'C13585', 'Config': '', 'Manufacturer Part Number': '', 'part': '10uF_1206_35V'} (kibot - v5_sch.py:1771)
DEBUG:U8 (PTMUX6236RUMR): 1 {'Reference': 'U8', 'Value': 'PTMUX6236RUMR', 'Footprint': 'PTMUX6236RUMR:WQFN16_RUM_TEX', 'Datasheet': 'https://www.ti.com/lit/gpn/tmux6236', 'Description': '', 'Config': '', 'Manufacturer Part Number': '', 'part': 'PTMUX6236RUMR'} (kibot - v5_sch.py:1771)
DEBUG:C18 (10uF_1206_35V): 1 {'Reference': 'C18', 'Value': '10uF_1206_35V', 'Footprint': 'Capacitor_SMD:C_0603_1608Metric_Pad1.08x0.95mm_HandSolder', 'Datasheet': '~', 'Description': '10uF, X6S, Min 35V', 'Specifications': '10uF, X6S, Min 35V', 'Manufacturer': 'TDK', 'Part Number': 'C3216X6S1V106K160AC', 'Display': '10uF', 'JLCPCB ID': 'C13585', 'Config': '', 'Manufacturer Part Number': '', 'part': '10uF_1206_35V'} (kibot - v5_sch.py:1771)
DEBUG:C21 (0.1uF_0603_16V 0.1μF): 1 {'Reference': 'C21', 'Value': '0.1μF', 'Footprint': 'Capacitor_SMD:C_0603_1608Metric_Pad1.08x0.95mm_HandSolder', 'Datasheet': '~', 'Description': '0.1uF, Min. 16V 10%, X7R or X5R or similar', 'Specifications': '0.1uF, Min. 16V 10%, X7R or X5R or similar', 'Manufacturer': 'AVX Corporation', 'Part Number': '0603YC104KAT2A', 'Display': '0.1uF', 'JLCPCB ID': 'C14663', 'Config': '', 'Manufacturer Part Number': '', 'part': '0.1uF_0603_16V'} (kibot - v5_sch.py:1771)
DEBUG:C20 (10uF_1206_35V 10μF): 1 {'Reference': 'C20', 'Value': '10μF', 'Footprint': 'Capacitor_SMD:C_0603_1608Metric_Pad1.08x0.95mm_HandSolder', 'Datasheet': '~', 'Description': '10uF, X6S, Min 35V', 'Specifications': '10uF, X6S, Min 35V', 'Manufacturer': 'TDK', 'Part Number': 'C3216X6S1V106K160AC', 'Display': '10uF', 'JLCPCB ID': 'C13585', 'Config': '', 'Manufacturer Part Number': '', 'part': '10uF_1206_35V'} (kibot - v5_sch.py:1771)
DEBUG:Reading KiCad config from `/github/home/.config/kicad/9.0/kicad_common.json` (kibot - config.py:458)
DEBUG:Filtered warning: (W009) KiCad config without environment.vars section (kibot - log.py:130)
DEBUG:Using KICAD9_SYMBOL_DIR="/usr/share/kicad/symbols" (guessed) (kibot - config.py:433)
DEBUG:Using KICAD9_TEMPLATE_DIR="/usr/share/kicad/template" (guessed) (kibot - config.py:433)
DEBUG:Filtered warning: (W010) Unable to find KiCad user templates (kibot - log.py:130)
DEBUG:Using KICAD9_FOOTPRINT_DIR="/usr/share/kicad/footprints" (guessed) (kibot - config.py:433)
DEBUG:Filtered warning: (W010) Unable to find KiCad 3D models (kibot - log.py:130)
DEBUG:Using KICAD9_3RD_PARTY="/github/home/.local/share/kicad/9.0/3rdparty" (guessed) (kibot - config.py:433)
DEBUG:Exporting KIPRJMOD="/github/workspace" (kibot - config.py:479)
DEBUG:Also exporting KICAD6_SYMBOL_DIR="/usr/share/kicad/symbols" (kibot - config.py:487)
DEBUG:Also exporting KICAD7_SYMBOL_DIR="/usr/share/kicad/symbols" (kibot - config.py:487)
DEBUG:Also exporting KICAD8_SYMBOL_DIR="/usr/share/kicad/symbols" (kibot - config.py:487)
DEBUG:Also exporting KICAD6_TEMPLATE_DIR="/usr/share/kicad/template" (kibot - config.py:487)
DEBUG:Also exporting KICAD7_TEMPLATE_DIR="/usr/share/kicad/template" (kibot - config.py:487)
DEBUG:Also exporting KICAD8_TEMPLATE_DIR="/usr/share/kicad/template" (kibot - config.py:487)
DEBUG:Also exporting KICAD6_FOOTPRINT_DIR="/usr/share/kicad/footprints" (kibot - config.py:487)
DEBUG:Also exporting KICAD7_FOOTPRINT_DIR="/usr/share/kicad/footprints" (kibot - config.py:487)
DEBUG:Also exporting KICAD8_FOOTPRINT_DIR="/usr/share/kicad/footprints" (kibot - config.py:487)
DEBUG:Also exporting KICAD6_3RD_PARTY="/github/home/.local/share/kicad/9.0/3rdparty" (kibot - config.py:487)
DEBUG:Also exporting KICAD7_3RD_PARTY="/github/home/.local/share/kicad/9.0/3rdparty" (kibot - config.py:487)
DEBUG:Also exporting KICAD8_3RD_PARTY="/github/home/.local/share/kicad/9.0/3rdparty" (kibot - config.py:487)
DEBUG:No 3D aliases (/github/home/.config/kicad/9.0/3d/3Dresolver.cfg) (kibot - config.py:636)
WARNING:(W013) `fid.C` component in board, but not in schematic (kibot - kiplot.py:547)
DEBUG:Filtered warning: (W147) Not including component `fid.C` in filters because it has a malformed reference @ PCB (123.5, 116.6) mm (kibot - log.py:130)
WARNING:(W013) `REF**` component in board, but not in schematic (kibot - kiplot.py:547)
DEBUG:Filtered warning: (W147) Not including component `REF**` in filters because it has a malformed reference @ PCB (151.1, 104.1) mm (kibot - log.py:130)
WARNING:(W013) `fid.B` component in board, but not in schematic (kibot - kiplot.py:547)
DEBUG:Filtered warning: (W147) Not including component `fid.B` in filters because it has a malformed reference @ PCB (121.0, 75.8) mm (kibot - log.py:130)
DEBUG:Filtered warning: (W147) Not including component `REF**` in filters because it has a malformed reference @ PCB (116.5, 75.9) mm (kibot - log.py:130)
WARNING:(W013) `Raspberry Pi` component in board, but not in schematic (kibot - kiplot.py:547)
DEBUG:Filtered warning: (W147) Not including component `Raspberry Pi` in filters because it has a malformed reference @ PCB (124.1552, 74.4728) mm (kibot - log.py:130)
DEBUG:Filtered warning: (W147) Not including component `REF**` in filters because it has a malformed reference @ PCB (116.4, 116.6) mm (kibot - log.py:130)
DEBUG:Filtered warning: (W147) Not including component `REF**` in filters because it has a malformed reference @ PCB (177.4, 75.9) mm (kibot - log.py:130)
DEBUG:Filtered warning: (W147) Not including component `REF**` in filters because it has a malformed reference @ PCB (177.4, 116.6) mm (kibot - log.py:130)
DEBUG:Filtered warning: (W147) Not including component `G***` in filters because it has a malformed reference @ PCB (142.560596, 81.44144) mm (kibot - log.py:130)
WARNING:(W013) `fid.A` component in board, but not in schematic (kibot - kiplot.py:547)
DEBUG:Filtered warning: (W147) Not including component `fid.A` in filters because it has a malformed reference @ PCB (170.5, 116.6) mm (kibot - log.py:130)
DEBUG:Filtered warning: (W147) Not including component `REF**` in filters because it has a malformed reference @ PCB (152.1, 109.6) mm (kibot - log.py:130)
DEBUG:Filters reset (kibot - fil_base.py:196)
DEBUG:Applying filter `_mechanical` to exclude (kibot - fil_base.py:187)
DEBUG:- U1 excluded (kibot - fil_base.py:192)
DEBUG:Applying filter `_kibom_dnf_Config` to fitted (kibot - fil_base.py:216)
DEBUG:Applying filter `_kibom_dnc_Config` to fixed (kibot - fil_base.py:226)
DEBUG:Applying KiBoM style variants `PRELIMINARY` (kibot - var_kibom.py:91)
DEBUG:Crossing modules (kibot - out_base.py:367)
DEBUG:Removing paste, mask and/or glue (kibot - out_base.py:448)
DEBUG:Eurocircuits Pattern class for `minimum` is 4 because the clearance is 0.2, track is 0.2 and OAR is 0.15 (kibot - out_report.py:101)
DEBUG:Eurocircuits Pattern class for `measured` is 4 because the clearance is 0.2, track is 0.2 and OAR is 0.15 (kibot - out_report.py:101)
DEBUG:Eurocircuits Pattern class for `defined` is 4 because the clearance is 0.2, track is 0.2 and OAR is 0.15 (kibot - out_report.py:101)
DEBUG:Eurocircuits Drill class for `minimum` is D because the drill is 0.25 (kibot - out_report.py:114)
DEBUG:Eurocircuits Drill class for `measured` is E because the drill is 0.2 (kibot - out_report.py:114)
DEBUG:Eurocircuits Drill class for `defined` is E because the drill is 0.2 (kibot - out_report.py:114)
DEBUG:Restoring paste, mask and/or glue (kibot - out_base.py:535)
DEBUG:Using global `output`=`%f-%i%I%v.%x` (kibot - optionable.py:58)
DEBUG:Using global `variant`=`PRELIMINARY` (kibot - optionable.py:58)
DEBUG:Configuring from default: pre_transform -> _null (kibot - optionable.py:377)
DEBUG:Configuring from default: exclude_filter -> _null (kibot - optionable.py:377)
DEBUG:Configuring from default: dnf_filter -> _null (kibot - optionable.py:377)
DEBUG:Configuring from default: groups -> [] (kibot - optionable.py:377)
DEBUG:Expanding `/github/workspace/./Schematic` in SCH context for <kibot.out_pdf_sch_print.PDF_SCH_PrintOptions object at 0x7f282a7efa10> parent: 'Schematic in PDF format' (pdf_schematic) [pdf_sch_print] (kibot - optionable.py:508)
DEBUG:Expanded `/github/workspace/./Schematic` (kibot - optionable.py:554)
DEBUG:Expanding `%f-%i%I%v.%x` in SCH context for <kibot.out_pdf_sch_print.PDF_SCH_PrintOptions object at 0x7f282a7efa10> parent: 'Schematic in PDF format' (pdf_schematic) [pdf_sch_print] (kibot - optionable.py:508)
DEBUG:Expanded `proalbmlb-schematic.pdf` (kibot - optionable.py:554)
DEBUG:Using global `output`=`%f-%i%I%v.%x` (kibot - optionable.py:58)
DEBUG:Using global `variant`=`PRELIMINARY` (kibot - optionable.py:58)
DEBUG:Configuring from default: exclude_filter -> _null (kibot - optionable.py:377)
DEBUG:Configuring from default: exclude_filter -> _null (kibot - optionable.py:377)
DEBUG:Configuring from default: exclude_filter -> _null (kibot - optionable.py:377)
DEBUG:Configuring from default: exclude_filter -> _null (kibot - optionable.py:377)
DEBUG:Configuring from default: exclude_filter -> _null (kibot - optionable.py:377)
DEBUG:Configuring from default: exclude_filter -> _null (kibot - optionable.py:377)
DEBUG:Configuring from default: exclude_filter -> _null (kibot - optionable.py:377)
DEBUG:Configuring from default: repeat_layers -> ['inners'] (kibot - optionable.py:377)
DEBUG:Configuring from default: exclude_filter -> _null (kibot - optionable.py:377)
DEBUG:Configuring from default: exclude_filter -> _null (kibot - optionable.py:377)
DEBUG:Configuring from default: exclude_filter -> _null (kibot - optionable.py:377)
DEBUG:Configuring from default: exclude_filter -> _null (kibot - optionable.py:377)
DEBUG:Configuring from default: exclude_filter -> _null (kibot - optionable.py:377)
DEBUG:Configuring from default: exclude_filter -> _null (kibot - optionable.py:377)
DEBUG:Configuring from default: exclude_filter -> _null (kibot - optionable.py:377)
DEBUG:Configuring from default: repeat_layers -> ['inners'] (kibot - optionable.py:377)
DEBUG:Configuring from default: exclude_filter -> _null (kibot - optionable.py:377)
DEBUG:Configuring from default: exclude_filter -> _null (kibot - optionable.py:377)
DEBUG:Configuring from default: exclude_filter -> _null (kibot - optionable.py:377)
DEBUG:Configuring from default: exclude_filter -> _null (kibot - optionable.py:377)
DEBUG:Configuring from default: exclude_filter -> _null (kibot - optionable.py:377)
DEBUG:Configuring from default: exclude_filter -> _null (kibot - optionable.py:377)
DEBUG:Configuring from default: exclude_filter -> _null (kibot - optionable.py:377)
DEBUG:Configuring from default: exclude_filter -> _null (kibot - optionable.py:377)
DEBUG:Configuring from default: repeat_layers -> ['inners'] (kibot - optionable.py:377)
DEBUG:Configuring from default: exclude_filter -> _null (kibot - optionable.py:377)
DEBUG:Configuring from default: exclude_filter -> _null (kibot - optionable.py:377)
DEBUG:Configuring from default: exclude_filter -> _null (kibot - optionable.py:377)
DEBUG:Configuring from default: exclude_filter -> _null (kibot - optionable.py:377)
DEBUG:Configuring from default: exclude_filter -> _null (kibot - optionable.py:377)
DEBUG:Configuring from default: exclude_filter -> _null (kibot - optionable.py:377)
DEBUG:Configuring from default: repeat_layers -> ['inners'] (kibot - optionable.py:377)
DEBUG:Configuring from default: exclude_filter -> _null (kibot - optionable.py:377)
DEBUG:Configuring from default: pre_transform -> _null (kibot - optionable.py:377)
DEBUG:Configuring from default: exclude_filter -> _null (kibot - optionable.py:377)
DEBUG:Expanding `Top Fabrication (Scale 1:1)` in PCB context for Top Fabrication (Scale 1:1) [Edge.Cuts, F.Cu, F.Mask, F.Paste, F.Silkscreen, F.Fab and F.Dimensions] parent: <kibot.out_pcb_print.PCB_PrintOptions object at 0x7f282860cad0> (kibot - optionable.py:508)
DEBUG:Expanded `Top Fabrication (Scale 1:1)` (kibot - optionable.py:554)
DEBUG:Expanding `Top Fabrication (Scale 1:1)` in PCB context for Top Fabrication (Scale 1:1) [Edge.Cuts, F.Cu, F.Mask, F.Paste, F.Silkscreen, F.Fab and F.Dimensions] parent: <kibot.out_pcb_print.PCB_PrintOptions object at 0x7f282860cad0> (kibot - optionable.py:508)
DEBUG:Expanded `Top Fabrication (Scale 1:1)` (kibot - optionable.py:554)
DEBUG:Expanding `Bottom Fabrication (Scale 1:1)` in PCB context for Bottom Fabrication (Scale 1:1) [Edge.Cuts, B.Cu, B.Mask, B.Paste, B.Silkscreen, B.Fab and B.Dimensions] mirror parent: <kibot.out_pcb_print.PCB_PrintOptions object at 0x7f282860cad0> (kibot - optionable.py:508)
DEBUG:Expanded `Bottom Fabrication (Scale 1:1)` (kibot - optionable.py:554)
DEBUG:Expanding `Bottom Fabrication (Scale 1:1)` in PCB context for Bottom Fabrication (Scale 1:1) [Edge.Cuts, B.Cu, B.Mask, B.Paste, B.Silkscreen, B.Fab and B.Dimensions] mirror parent: <kibot.out_pcb_print.PCB_PrintOptions object at 0x7f282860cad0> (kibot - optionable.py:508)
DEBUG:Expanded `Bottom Fabrication (Scale 1:1)` (kibot - optionable.py:554)
DEBUG:Expanding `Drill Drawing (L1 - L4)` in PCB context for Drill Drawing (%lp) [DrillMap and Edge.Cuts] parent: <kibot.out_pcb_print.PCB_PrintOptions object at 0x7f28291d4410> (kibot - optionable.py:508)
DEBUG:Expanded `Drill Drawing (L1 - L4)` (kibot - optionable.py:554)
DEBUG:Expanding `Drill Drawing L1 - L4 (Scale 1:1)` in PCB context for Drill Drawing (L1 - L4) [DrillMap and Edge.Cuts] parent: <kibot.out_pcb_print.PCB_PrintOptions object at 0x7f28291d4410> (kibot - optionable.py:508)
DEBUG:Expanded `Drill Drawing L1 - L4 (Scale 1:1)` (kibot - optionable.py:554)
DEBUG:Expanding `Drill Drawing (L1 - L4)` in PCB context for Drill Drawing (%lp) [DrillMap and Edge.Cuts] parent: <kibot.out_pcb_print.PCB_PrintOptions object at 0x7f28291e0910> (kibot - optionable.py:508)
DEBUG:Expanded `Drill Drawing (L1 - L4)` (kibot - optionable.py:554)
DEBUG:Expanding `Drill Drawing L1 - L4 (Scale 1:1)` in PCB context for Drill Drawing (L1 - L4) [DrillMap and Edge.Cuts] parent: <kibot.out_pcb_print.PCB_PrintOptions object at 0x7f28291e0910> (kibot - optionable.py:508)
DEBUG:Expanded `Drill Drawing L1 - L4 (Scale 1:1)` (kibot - optionable.py:554)
DEBUG:Expanding `Top Test Points (Scale 1:1)` in PCB context for Top Test Points (Scale 1:1) [Edge.Cuts, F.Cu, F.Mask, F.Paste, F.Silkscreen, F.Fab and F.TestPointList] parent: <kibot.out_pcb_print.PCB_PrintOptions object at 0x7f282860cad0> (kibot - optionable.py:508)
DEBUG:Expanded `Top Test Points (Scale 1:1)` (kibot - optionable.py:554)
DEBUG:Expanding `Top Test Points (Scale 1:1)` in PCB context for Top Test Points (Scale 1:1) [Edge.Cuts, F.Cu, F.Mask, F.Paste, F.Silkscreen, F.Fab and F.TestPointList] parent: <kibot.out_pcb_print.PCB_PrintOptions object at 0x7f282860cad0> (kibot - optionable.py:508)
DEBUG:Expanded `Top Test Points (Scale 1:1)` (kibot - optionable.py:554)
DEBUG:Expanding `Bottom Test Points (Scale 1:1)` in PCB context for Bottom Test Points (Scale 1:1) [Edge.Cuts, B.Cu, B.Mask, B.Paste, B.Silkscreen, B.Fab and B.TestPointList] mirror parent: <kibot.out_pcb_print.PCB_PrintOptions object at 0x7f282860cad0> (kibot - optionable.py:508)
DEBUG:Expanded `Bottom Test Points (Scale 1:1)` (kibot - optionable.py:554)
DEBUG:Expanding `Bottom Test Points (Scale 1:1)` in PCB context for Bottom Test Points (Scale 1:1) [Edge.Cuts, B.Cu, B.Mask, B.Paste, B.Silkscreen, B.Fab and B.TestPointList] mirror parent: <kibot.out_pcb_print.PCB_PrintOptions object at 0x7f282860cad0> (kibot - optionable.py:508)
DEBUG:Expanded `Bottom Test Points (Scale 1:1)` (kibot - optionable.py:554)
DEBUG:Expanding `L1 (Sig, PWR) (Scale 1:1)` in PCB context for %ln (Scale 1:1) [L1 (Sig, PWR)] parent: <kibot.out_pcb_print.PCB_PrintOptions object at 0x7f28291e8cd0> (kibot - optionable.py:508)
DEBUG:Expanded `L1 (Sig, PWR) (Scale 1:1)` (kibot - optionable.py:554)
DEBUG:Expanding `L1 (Sig, PWR) (Scale 1:1)` in PCB context for L1 (Sig, PWR) (Scale 1:1) [L1 (Sig, PWR)] parent: <kibot.out_pcb_print.PCB_PrintOptions object at 0x7f28291e8cd0> (kibot - optionable.py:508)
DEBUG:Expanded `L1 (Sig, PWR) (Scale 1:1)` (kibot - optionable.py:554)
DEBUG:Expanding `L2 (GND) (Scale 1:1)` in PCB context for %ln (Scale 1:1) [L2 (GND)] parent: <kibot.out_pcb_print.PCB_PrintOptions object at 0x7f28291ecf50> (kibot - optionable.py:508)
DEBUG:Expanded `L2 (GND) (Scale 1:1)` (kibot - optionable.py:554)
DEBUG:Expanding `L2 (GND) (Scale 1:1)` in PCB context for L2 (GND) (Scale 1:1) [L2 (GND)] parent: <kibot.out_pcb_print.PCB_PrintOptions object at 0x7f28291ecf50> (kibot - optionable.py:508)
DEBUG:Expanded `L2 (GND) (Scale 1:1)` (kibot - optionable.py:554)
DEBUG:Expanding `L3 (Sig, PWR) (Scale 1:1)` in PCB context for %ln (Scale 1:1) [L3 (Sig, PWR)] parent: <kibot.out_pcb_print.PCB_PrintOptions object at 0x7f28291f51d0> (kibot - optionable.py:508)
DEBUG:Expanded `L3 (Sig, PWR) (Scale 1:1)` (kibot - optionable.py:554)
DEBUG:Expanding `L3 (Sig, PWR) (Scale 1:1)` in PCB context for L3 (Sig, PWR) (Scale 1:1) [L3 (Sig, PWR)] parent: <kibot.out_pcb_print.PCB_PrintOptions object at 0x7f28291f51d0> (kibot - optionable.py:508)
DEBUG:Expanded `L3 (Sig, PWR) (Scale 1:1)` (kibot - optionable.py:554)
DEBUG:Expanding `L4 (Sig, PWR) (Scale 1:1)` in PCB context for %ln (Scale 1:1) [L4 (Sig, PWR)] parent: <kibot.out_pcb_print.PCB_PrintOptions object at 0x7f28291fd450> (kibot - optionable.py:508)
DEBUG:Expanded `L4 (Sig, PWR) (Scale 1:1)` (kibot - optionable.py:554)
DEBUG:Expanding `L4 (Sig, PWR) (Scale 1:1)` in PCB context for L4 (Sig, PWR) (Scale 1:1) [L4 (Sig, PWR)] parent: <kibot.out_pcb_print.PCB_PrintOptions object at 0x7f28291fd450> (kibot - optionable.py:508)
DEBUG:Expanded `L4 (Sig, PWR) (Scale 1:1)` (kibot - optionable.py:554)
DEBUG:Looking for color theme `Altium_Theme` (kibot - color_theme.py:59)
DEBUG:- Color for layer F.Cu (0): #C83434 (kibot - color_theme.py:109)
DEBUG:- Color for layer B.Cu (2): #4D7FC4 (kibot - color_theme.py:109)
DEBUG:- Color for layer F.Adhes (9): #840084 (kibot - color_theme.py:109)
DEBUG:- Color for layer B.Adhes (11): #000084 (kibot - color_theme.py:109)
DEBUG:- Color for layer F.Paste (13): #B4A09AE6 (kibot - color_theme.py:109)
DEBUG:- Color for layer B.Paste (15): #00C2C2E6 (kibot - color_theme.py:109)
DEBUG:- Color for layer F.SilkS (5): #F2EDA1 (kibot - color_theme.py:109)
DEBUG:- Color for layer B.SilkS (7): #E8B2A7 (kibot - color_theme.py:109)
DEBUG:- Color for layer F.Mask (1): #D864FF66 (kibot - color_theme.py:109)
DEBUG:- Color for layer B.Mask (3): #02FFEE66 (kibot - color_theme.py:109)
DEBUG:- Color for layer Dwgs.User (17): #C2C2C2 (kibot - color_theme.py:109)
DEBUG:- Color for layer Cmts.User (19): #5994DC (kibot - color_theme.py:109)
DEBUG:- Color for layer Eco1.User (21): #B4DBD2 (kibot - color_theme.py:109)
DEBUG:- Color for layer Eco2.User (23): #D8C852 (kibot - color_theme.py:109)
DEBUG:- Color for layer Edge.Cuts (25): #D0D2CD (kibot - color_theme.py:109)
DEBUG:- Color for layer Margin (27): #FF26E2 (kibot - color_theme.py:109)
DEBUG:- Color for layer F.CrtYd (31): #FF26E2 (kibot - color_theme.py:109)
DEBUG:- Color for layer B.CrtYd (29): #26E9FF (kibot - color_theme.py:109)
DEBUG:- Color for layer F.Fab (35): #AFAFAF (kibot - color_theme.py:109)
DEBUG:- Color for layer B.Fab (33): #585D84 (kibot - color_theme.py:109)
DEBUG:- Color for layer In1.Cu (4): #7FC87F (kibot - color_theme.py:109)
DEBUG:- Color for layer In2.Cu (6): #CE7D2C (kibot - color_theme.py:109)
DEBUG:- Color for layer In3.Cu (8): #4FCBCB (kibot - color_theme.py:109)
DEBUG:- Color for layer In4.Cu (10): #DB628B (kibot - color_theme.py:109)
DEBUG:- Color for layer In5.Cu (12): #A7A5C6 (kibot - color_theme.py:109)
DEBUG:- Color for layer In6.Cu (14): #28CCD9 (kibot - color_theme.py:109)
DEBUG:- Color for layer In7.Cu (16): #E8B2A7 (kibot - color_theme.py:109)
DEBUG:- Color for layer In8.Cu (18): #F2EDA1 (kibot - color_theme.py:109)
DEBUG:- Color for layer In9.Cu (20): #8DCB81 (kibot - color_theme.py:109)
DEBUG:- Color for layer In10.Cu (22): #ED7C33 (kibot - color_theme.py:109)
DEBUG:- Color for layer In11.Cu (24): #5BC3EB (kibot - color_theme.py:109)
DEBUG:- Color for layer In12.Cu (26): #F76F8E (kibot - color_theme.py:109)
DEBUG:- Color for layer In13.Cu (28): #A7A5C6 (kibot - color_theme.py:109)
DEBUG:- Color for layer In14.Cu (30): #28CCD9 (kibot - color_theme.py:109)
DEBUG:- Color for layer In15.Cu (32): #E8B2A7 (kibot - color_theme.py:109)
DEBUG:- Color for layer In16.Cu (34): #F2EDA1 (kibot - color_theme.py:109)
DEBUG:- Color for layer In17.Cu (36): #ED7C33 (kibot - color_theme.py:109)
DEBUG:- Color for layer In18.Cu (38): #5BC3EB (kibot - color_theme.py:109)
DEBUG:- Color for layer In19.Cu (40): #F76F8E (kibot - color_theme.py:109)
DEBUG:- Color for layer In20.Cu (42): #A7A5C6 (kibot - color_theme.py:109)
DEBUG:- Color for layer In21.Cu (44): #28CCD9 (kibot - color_theme.py:109)
DEBUG:- Color for layer In22.Cu (46): #E8B2A7 (kibot - color_theme.py:109)
DEBUG:- Color for layer In23.Cu (48): #F2EDA1 (kibot - color_theme.py:109)
DEBUG:- Color for layer In24.Cu (50): #ED7C33 (kibot - color_theme.py:109)
DEBUG:- Color for layer In25.Cu (52): #5BC3EB (kibot - color_theme.py:109)
DEBUG:- Color for layer In26.Cu (54): #F76F8E (kibot - color_theme.py:109)
DEBUG:- Color for layer In27.Cu (56): #A7A5C6 (kibot - color_theme.py:109)
DEBUG:- Color for layer In28.Cu (58): #28CCD9 (kibot - color_theme.py:109)
DEBUG:- Color for layer In29.Cu (60): #E8B2A7 (kibot - color_theme.py:109)
DEBUG:- Color for layer In30.Cu (62): #F2EDA1 (kibot - color_theme.py:109)
DEBUG:- Color for layer User.1 (39): #C2C2C2 (kibot - color_theme.py:109)
DEBUG:- Color for layer User.2 (41): #5994DC (kibot - color_theme.py:109)
DEBUG:- Color for layer User.3 (43): #B4DBD2 (kibot - color_theme.py:109)
DEBUG:- Color for layer User.4 (45): #D8C852 (kibot - color_theme.py:109)
DEBUG:- Color for layer User.5 (47): #C2C2C2 (kibot - color_theme.py:109)
DEBUG:- Color for layer User.6 (49): #5994DC (kibot - color_theme.py:109)
DEBUG:- Color for layer User.7 (51): #B4DBD2 (kibot - color_theme.py:109)
DEBUG:- Color for layer User.8 (53): #D8C852 (kibot - color_theme.py:109)
DEBUG:- Color for layer User.9 (55): #E8B2A7 (kibot - color_theme.py:109)
DEBUG:- Color for layer User.10 (57): #5994DC (kibot - color_theme.py:109)
DEBUG:- Color for layer User.11 (59): #B4DBD2 (kibot - color_theme.py:109)
DEBUG:- Color for layer User.12 (61): #D8C852 (kibot - color_theme.py:109)
DEBUG:- Color for layer User.13 (63): #C2C2C2 (kibot - color_theme.py:109)
DEBUG:- Color for layer User.14 (65): #5994DC (kibot - color_theme.py:109)
DEBUG:- Color for layer User.15 (67): #B4DBD2 (kibot - color_theme.py:109)
DEBUG:- Color for layer User.16 (69): #D8C852 (kibot - color_theme.py:109)
DEBUG:- Color for layer User.17 (71): #C2C2C2 (kibot - color_theme.py:109)
DEBUG:- Color for layer User.18 (73): #5994DC (kibot - color_theme.py:109)
DEBUG:- Color for layer User.19 (75): #B4DBD2 (kibot - color_theme.py:109)
DEBUG:- Color for layer User.20 (77): #D8C852 (kibot - color_theme.py:109)
DEBUG:- Color for layer User.21 (79): #C2C2C2 (kibot - color_theme.py:109)
DEBUG:- Color for layer User.22 (81): #5994DC (kibot - color_theme.py:109)
DEBUG:- Color for layer User.23 (83): #B4DBD2 (kibot - color_theme.py:109)
DEBUG:- Color for layer User.24 (85): #D8C852 (kibot - color_theme.py:109)
DEBUG:- Color for layer User.25 (87): #C2C2C2 (kibot - color_theme.py:109)
DEBUG:- Color for layer User.26 (89): #5994DC (kibot - color_theme.py:109)
DEBUG:- Color for layer User.27 (91): #B4DBD2 (kibot - color_theme.py:109)
DEBUG:- Color for layer User.28 (93): #D8C852 (kibot - color_theme.py:109)
DEBUG:- Color for layer User.29 (95): #C2C2C2 (kibot - color_theme.py:109)
DEBUG:- Color for layer User.30 (97): #5994DC (kibot - color_theme.py:109)
DEBUG:- Color for layer User.31 (99): #B4DBD2 (kibot - color_theme.py:109)
DEBUG:- Color for layer User.32 (101): #D8C852 (kibot - color_theme.py:109)
DEBUG:- Color for layer User.33 (103): #C2C2C2 (kibot - color_theme.py:109)
DEBUG:- Color for layer User.34 (105): #5994DC (kibot - color_theme.py:109)
DEBUG:- Color for layer User.35 (107): #B4DBD2 (kibot - color_theme.py:109)
DEBUG:- Color for layer User.36 (109): #D8C852 (kibot - color_theme.py:109)
DEBUG:- Color for layer User.37 (111): #C2C2C2 (kibot - color_theme.py:109)
DEBUG:- Color for layer User.38 (113): #5994DC (kibot - color_theme.py:109)
DEBUG:- Color for layer User.39 (115): #B4DBD2 (kibot - color_theme.py:109)
DEBUG:- Color for layer User.40 (117): #D8C852 (kibot - color_theme.py:109)
DEBUG:- Color for layer User.41 (119): #C2C2C2 (kibot - color_theme.py:109)
DEBUG:- Color for layer User.42 (121): #5994DC (kibot - color_theme.py:109)
DEBUG:- Color for layer User.43 (123): #B4DBD2 (kibot - color_theme.py:109)
DEBUG:- Color for layer User.44 (125): #D8C852 (kibot - color_theme.py:109)
DEBUG:- Color for layer User.45 (127): #C2C2C2 (kibot - color_theme.py:109)
DEBUG:- Color for layer F.Adhesive (9): #840084 (kibot - color_theme.py:109)
DEBUG:- Color for layer B.Adhesive (11): #000084 (kibot - color_theme.py:109)
DEBUG:- Color for layer F.Silkscreen (5): #F2EDA1 (kibot - color_theme.py:109)
DEBUG:- Color for layer B.Silkscreen (7): #E8B2A7 (kibot - color_theme.py:109)
DEBUG:- Color for layer User.Drawings (17): #C2C2C2 (kibot - color_theme.py:109)
DEBUG:- Color for layer User.Comments (19): #5994DC (kibot - color_theme.py:109)
DEBUG:- Color for layer User.Eco1 (21): #B4DBD2 (kibot - color_theme.py:109)
DEBUG:- Color for layer User.Eco2 (23): #D8C852 (kibot - color_theme.py:109)
DEBUG:- Color for layer F.Courtyard (31): #FF26E2 (kibot - color_theme.py:109)
DEBUG:- Color for layer B.Courtyard (29): #26E9FF (kibot - color_theme.py:109)
DEBUG:Configuring from default: groups -> [] (kibot - optionable.py:377)
DEBUG:Expanding `/github/workspace/./Manufacturing/Fabrication` in PCB context for <kibot.out_pcb_print.PCB_PrintOptions object at 0x7f282860cad0> parent: 'Fabrication document in PDF format' (pdf_fabrication) [pcb_print] (kibot - optionable.py:508)
DEBUG:Expanded `/github/workspace/./Manufacturing/Fabrication` (kibot - optionable.py:554)
DEBUG:Expanding `%f-fabrication%I%v.%x` in PCB context for <kibot.out_pcb_print.PCB_PrintOptions object at 0x7f282860cad0> parent: 'Fabrication document in PDF format' (pdf_fabrication) [pcb_print] (kibot - optionable.py:508)
DEBUG:Expanded `proalbmlb-fabrication.pdf` (kibot - optionable.py:554)
DEBUG:Using global `output`=`%f-%i%I%v.%x` (kibot - optionable.py:58)
DEBUG:Using global `variant`=`PRELIMINARY` (kibot - optionable.py:58)
DEBUG:Configuring from default: exclude_filter -> _null (kibot - optionable.py:377)
DEBUG:Configuring from default: repeat_layers -> ['inners'] (kibot - optionable.py:377)
DEBUG:Configuring from default: exclude_filter -> _null (kibot - optionable.py:377)
DEBUG:Configuring from default: exclude_filter -> _null (kibot - optionable.py:377)
DEBUG:Configuring from default: exclude_filter -> _null (kibot - optionable.py:377)
DEBUG:Configuring from default: exclude_filter -> _null (kibot - optionable.py:377)
DEBUG:Configuring from default: exclude_filter -> _null (kibot - optionable.py:377)
DEBUG:Configuring from default: exclude_filter -> _null (kibot - optionable.py:377)
DEBUG:Configuring from default: exclude_filter -> _null (kibot - optionable.py:377)
DEBUG:Configuring from default: repeat_layers -> ['inners'] (kibot - optionable.py:377)
DEBUG:Configuring from default: exclude_filter -> _null (kibot - optionable.py:377)
DEBUG:Configuring from default: exclude_filter -> _null (kibot - optionable.py:377)
DEBUG:Configuring from default: exclude_filter -> _null (kibot - optionable.py:377)
DEBUG:Configuring from default: exclude_filter -> _null (kibot - optionable.py:377)
DEBUG:Configuring from default: exclude_filter -> _null (kibot - optionable.py:377)
DEBUG:Configuring from default: exclude_filter -> _null (kibot - optionable.py:377)
DEBUG:Configuring from default: exclude_filter -> _null (kibot - optionable.py:377)
DEBUG:Configuring from default: repeat_layers -> ['inners'] (kibot - optionable.py:377)
DEBUG:Configuring from default: drill -> False (kibot - optionable.py:377)
DEBUG:Configuring from default: pre_transform -> _null (kibot - optionable.py:377)
DEBUG:Configuring from default: exclude_filter -> _null (kibot - optionable.py:377)
DEBUG:Expanding `Top/Bottom View` in PCB context for Top/Bottom View [TitlePage] parent: <kibot.out_pcb_print.PCB_PrintOptions object at 0x7f282920d810> (kibot - optionable.py:508)
DEBUG:Expanded `Top/Bottom View` (kibot - optionable.py:554)
DEBUG:Expanding `` in PCB context for Top/Bottom View [TitlePage] parent: <kibot.out_pcb_print.PCB_PrintOptions object at 0x7f282920d810> (kibot - optionable.py:508)
DEBUG:Expanded `` (kibot - optionable.py:554)
DEBUG:Expanding `Top Assembly (Scale 1:1)` in PCB context for Top Assembly (Scale 1:1) [Edge.Cuts, F.Cu, F.Mask, F.Paste, F.Silkscreen, F.Fab, F.AssemblyText and F.DNP] parent: <kibot.out_pcb_print.PCB_PrintOptions object at 0x7f282920d810> (kibot - optionable.py:508)
DEBUG:Expanded `Top Assembly (Scale 1:1)` (kibot - optionable.py:554)
DEBUG:Expanding `Top Assembly (Scale 1:1)` in PCB context for Top Assembly (Scale 1:1) [Edge.Cuts, F.Cu, F.Mask, F.Paste, F.Silkscreen, F.Fab, F.AssemblyText and F.DNP] parent: <kibot.out_pcb_print.PCB_PrintOptions object at 0x7f282920d810> (kibot - optionable.py:508)
DEBUG:Expanded `Top Assembly (Scale 1:1)` (kibot - optionable.py:554)
DEBUG:Expanding `Bottom Assembly (Scale 1:1)` in PCB context for Bottom Assembly (Scale 1:1) [Edge.Cuts, B.Cu, B.Mask, B.Paste, B.Silkscreen, B.Fab, B.AssemblyText and B.DNP] mirror parent: <kibot.out_pcb_print.PCB_PrintOptions object at 0x7f282920d810> (kibot - optionable.py:508)
DEBUG:Expanded `Bottom Assembly (Scale 1:1)` (kibot - optionable.py:554)
DEBUG:Expanding `Bottom Assembly (Scale 1:1)` in PCB context for Bottom Assembly (Scale 1:1) [Edge.Cuts, B.Cu, B.Mask, B.Paste, B.Silkscreen, B.Fab, B.AssemblyText and B.DNP] mirror parent: <kibot.out_pcb_print.PCB_PrintOptions object at 0x7f282920d810> (kibot - optionable.py:508)
DEBUG:Expanded `Bottom Assembly (Scale 1:1)` (kibot - optionable.py:554)
DEBUG:Looking for color theme `Altium_Theme` (kibot - color_theme.py:59)
DEBUG:Configuring from default: groups -> [] (kibot - optionable.py:377)
DEBUG:Expanding `/github/workspace/./Manufacturing/Assembly` in PCB context for <kibot.out_pcb_print.PCB_PrintOptions object at 0x7f282920d810> parent: 'Assembly document in PDF format' (pdf_assembly) [pcb_print] (kibot - optionable.py:508)
DEBUG:Expanded `/github/workspace/./Manufacturing/Assembly` (kibot - optionable.py:554)
DEBUG:Expanding `%f-assembly%I%v.%x` in PCB context for <kibot.out_pcb_print.PCB_PrintOptions object at 0x7f282920d810> parent: 'Assembly document in PDF format' (pdf_assembly) [pcb_print] (kibot - optionable.py:508)
DEBUG:Expanded `proalbmlb-assembly.pdf` (kibot - optionable.py:554)
DEBUG:Report template: `kibot_resources/templates/fabrication_notes.txt` (kibot - out_report.py:1109)
DEBUG:- Evaluating `stackup and impedance_controlled` (kibot - out_report.py:1086)
DEBUG:- Result `True` (kibot - out_report.py:1091)
DEBUG:- Evaluating `stackup and impedance_controlled` (kibot - out_report.py:1086)
DEBUG:- Result `True` (kibot - out_report.py:1091)
DEBUG:- Evaluating `stackup and impedance_controlled` (kibot - out_report.py:1086)
DEBUG:- Result `True` (kibot - out_report.py:1091)
DEBUG:- Evaluating `stackup and impedance_controlled` (kibot - out_report.py:1086)
DEBUG:- Result `True` (kibot - out_report.py:1091)
DEBUG:Report output: `/github/workspace/Manufacturing/Fabrication/proalbmlb-fabrication_notes.txt` (kibot - out_report.py:1142)
DEBUG:Using global `output`=`%f-%i%I%v.%x` (kibot - optionable.py:58)
DEBUG:Using global `variant`=`PRELIMINARY` (kibot - optionable.py:58)
DEBUG:Configuring from default: pre_transform -> _null (kibot - optionable.py:377)
DEBUG:Configuring from default: dnf_filter -> _null (kibot - optionable.py:377)
DEBUG:Configuring from default: groups -> [] (kibot - optionable.py:377)
- 'Assembly notes in TXT format' (txt_assembly_notes) [report]
DEBUG:Expanding `/github/workspace/./Manufacturing/Assembly` in PCB context for <kibot.out_report.ReportOptions object at 0x7f282920f4d0> parent: 'Assembly notes in TXT format' (txt_assembly_notes) [report] (kibot - optionable.py:508)
DEBUG:Expanded `/github/workspace/./Manufacturing/Assembly` (kibot - optionable.py:554)
DEBUG:Output destination: /github/workspace/Manufacturing/Assembly (kibot - kiplot.py:733)
DEBUG:Expanding `%f-%I%v.txt` in PCB context for <kibot.out_report.ReportOptions object at 0x7f282920f4d0> parent: 'Assembly notes in TXT format' (txt_assembly_notes) [report] (kibot - optionable.py:508)
DEBUG:Expanded `proalbmlb-assembly_notes.txt` (kibot - optionable.py:554)
DEBUG:Before collapse: (kibot - v5_sch.py:1726)
DEBUG:After collapse: (kibot - v5_sch.py:1768)
DEBUG:Before collapse: (kibot - v5_sch.py:1726)
DEBUG:After collapse: (kibot - v5_sch.py:1768)
DEBUG:Before collapse: (kibot - v5_sch.py:1726)
DEBUG:After collapse: (kibot - v5_sch.py:1768)
DEBUG:Before collapse: (kibot - v5_sch.py:1726)
DEBUG:After collapse: (kibot - v5_sch.py:1768)
DEBUG:Before collapse: (kibot - v5_sch.py:1726)
DEBUG:After collapse: (kibot - v5_sch.py:1768)
DEBUG:Before collapse: (kibot - v5_sch.py:1726)
DEBUG:After collapse: (kibot - v5_sch.py:1768)
DEBUG:Before collapse: (kibot - v5_sch.py:1726)
DEBUG:After collapse: (kibot - v5_sch.py:1768)
DEBUG:Before collapse: (kibot - v5_sch.py:1726)
DEBUG:After collapse: (kibot - v5_sch.py:1768)
DEBUG:Before collapse: (kibot - v5_sch.py:1726)
DEBUG:After collapse: (kibot - v5_sch.py:1768)
DEBUG:Before collapse: (kibot - v5_sch.py:1726)
DEBUG:After collapse: (kibot - v5_sch.py:1768)
DEBUG:Before collapse: (kibot - v5_sch.py:1726)
DEBUG:After collapse: (kibot - v5_sch.py:1768)
DEBUG:Before collapse: (kibot - v5_sch.py:1726)
DEBUG:After collapse: (kibot - v5_sch.py:1768)
DEBUG:Before collapse: (kibot - v5_sch.py:1726)
DEBUG:After collapse: (kibot - v5_sch.py:1768)
DEBUG:Before collapse: (kibot - v5_sch.py:1726)
DEBUG:After collapse: (kibot - v5_sch.py:1768)
DEBUG:Before collapse: (kibot - v5_sch.py:1726)
DEBUG:After collapse: (kibot - v5_sch.py:1768)
DEBUG:Before collapse: (kibot - v5_sch.py:1726)
DEBUG:C30 (0.1uF_0603_16V 0.1μF): 1 {'Reference': 'C30', 'Value': '0.1μF', 'Footprint': 'Capacitor_SMD:C_0603_1608Metric_Pad1.08x0.95mm_HandSolder', 'Datasheet': '~', 'Description': '0.1uF, Min. 16V 10%, X7R or X5R or similar', 'Specifications': '0.1uF, Min. 16V 10%, X7R or X5R or similar', 'Manufacturer': 'AVX Corporation', 'Part Number': '0603YC104KAT2A', 'Display': '0.1uF', 'JLCPCB ID': 'C14663', 'Config': '', 'Manufacturer Part Number': '', 'part': '0.1uF_0603_16V'} (kibot - v5_sch.py:1729)
DEBUG:U11 (TMUX7219MDGKR): 1 {'Reference': 'U11', 'Value': 'TMUX7219MDGKR', 'Footprint': 'TMUX7219MDGKR:SOIC8_DGK_TEX', 'Datasheet': 'https://www.ti.com/document-viewer/tmux7219m/datasheet', 'Description': '', 'Config': '', 'Manufacturer Part Number': '', 'part': 'TMUX7219MDGKR'} (kibot - v5_sch.py:1729)
DEBUG:C23 (10uF_1206_35V): 1 {'Reference': 'C23', 'Value': '10uF_1206_35V', 'Footprint': 'Capacitor_SMD:C_0603_1608Metric_Pad1.08x0.95mm_HandSolder', 'Datasheet': '~', 'Description': '10uF, X6S, Min 35V', 'Specifications': '10uF, X6S, Min 35V', 'Manufacturer': 'TDK', 'Part Number': 'C3216X6S1V106K160AC', 'Display': '10uF', 'JLCPCB ID': 'C13585', 'Config': '', 'Manufacturer Part Number': '', 'part': '10uF_1206_35V'} (kibot - v5_sch.py:1729)
DEBUG:C31 (10uF_1206_35V 10μF): 1 {'Reference': 'C31', 'Value': '10μF', 'Footprint': 'Capacitor_SMD:C_0603_1608Metric_Pad1.08x0.95mm_HandSolder', 'Datasheet': '~', 'Description': '10uF, X6S, Min 35V', 'Specifications': '10uF, X6S, Min 35V', 'Manufacturer': 'TDK', 'Part Number': 'C3216X6S1V106K160AC', 'Display': '10uF', 'JLCPCB ID': 'C13585', 'Config': '', 'Manufacturer Part Number': '', 'part': '10uF_1206_35V'} (kibot - v5_sch.py:1729)
DEBUG:C24 (0.1uF_0603_16V 0.1μF): 1 {'Reference': 'C24', 'Value': '0.1μF', 'Footprint': 'Capacitor_SMD:C_0603_1608Metric_Pad1.08x0.95mm_HandSolder', 'Datasheet': '~', 'Description': '0.1uF, Min. 16V 10%, X7R or X5R or similar', 'Specifications': '0.1uF, Min. 16V 10%, X7R or X5R or similar', 'Manufacturer': 'AVX Corporation', 'Part Number': '0603YC104KAT2A', 'Display': '0.1uF', 'JLCPCB ID': 'C14663', 'Config': '', 'Manufacturer Part Number': '', 'part': '0.1uF_0603_16V'} (kibot - v5_sch.py:1729)
DEBUG:C25 (0.1uF_0603_16V 0.1μF): 1 {'Reference': 'C25', 'Value': '0.1μF', 'Footprint': 'Capacitor_SMD:C_0603_1608Metric_Pad1.08x0.95mm_HandSolder', 'Datasheet': '~', 'Description': '0.1uF, Min. 16V 10%, X7R or X5R or similar', 'Specifications': '0.1uF, Min. 16V 10%, X7R or X5R or similar', 'Manufacturer': 'AVX Corporation', 'Part Number': '0603YC104KAT2A', 'Display': '0.1uF', 'JLCPCB ID': 'C14663', 'Config': '', 'Manufacturer Part Number': '', 'part': '0.1uF_0603_16V'} (kibot - v5_sch.py:1729)
DEBUG:C28 (0.1uF_0603_16V 0.1μF): 1 {'Reference': 'C28', 'Value': '0.1μF', 'Footprint': 'Capacitor_SMD:C_0603_1608Metric_Pad1.08x0.95mm_HandSolder', 'Datasheet': '~', 'Description': '0.1uF, Min. 16V 10%, X7R or X5R or similar', 'Specifications': '0.1uF, Min. 16V 10%, X7R or X5R or similar', 'Manufacturer': 'AVX Corporation', 'Part Number': '0603YC104KAT2A', 'Display': '0.1uF', 'JLCPCB ID': 'C14663', 'Config': '', 'Manufacturer Part Number': '', 'part': '0.1uF_0603_16V'} (kibot - v5_sch.py:1729)
DEBUG:C26 (10uF_1206_35V 10μF): 1 {'Reference': 'C26', 'Value': '10μF', 'Footprint': 'Capacitor_SMD:C_0603_1608Metric_Pad1.08x0.95mm_HandSolder', 'Datasheet': '~', 'Description': '10uF, X6S, Min 35V', 'Specifications': '10uF, X6S, Min 35V', 'Manufacturer': 'TDK', 'Part Number': 'C3216X6S1V106K160AC', 'Display': '10uF', 'JLCPCB ID': 'C13585', 'Config': '', 'Manufacturer Part Number': '', 'part': '10uF_1206_35V'} (kibot - v5_sch.py:1729)
DEBUG:C27 (10uF_1206_35V 10μF): 1 {'Reference': 'C27', 'Value': '10μF', 'Footprint': 'Capacitor_SMD:C_0603_1608Metric_Pad1.08x0.95mm_HandSolder', 'Datasheet': '~', 'Description': '10uF, X6S, Min 35V', 'Specifications': '10uF, X6S, Min 35V', 'Manufacturer': 'TDK', 'Part Number': 'C3216X6S1V106K160AC', 'Display': '10uF', 'JLCPCB ID': 'C13585', 'Config': '', 'Manufacturer Part Number': '', 'part': '10uF_1206_35V'} (kibot - v5_sch.py:1729)
DEBUG:U9 (PINA745AIRELR): 1 {'Reference': 'U9', 'Value': 'PINA745AIRELR', 'Footprint': 'PINA745AIRELR:REL0014A_PINA745AIRELR_TEX', 'Datasheet': 'https://www.ti.com/lit/gpn/ina745a', 'Description': '', 'Config': '', 'Manufacturer Part Number': '', 'part': 'PINA745AIRELR'} (kibot - v5_sch.py:1729)
DEBUG:U10 (PTMUX6236RUMR): 1 {'Reference': 'U10', 'Value': 'PTMUX6236RUMR', 'Footprint': 'PTMUX6236RUMR:WQFN16_RUM_TEX', 'Datasheet': 'https://www.ti.com/lit/gpn/tmux6236', 'Description': '', 'Config': '', 'Manufacturer Part Number': '', 'part': 'PTMUX6236RUMR'} (kibot - v5_sch.py:1729)
DEBUG:C29 (10uF_1206_35V 10μF): 1 {'Reference': 'C29', 'Value': '10μF', 'Footprint': 'Capacitor_SMD:C_0603_1608Metric_Pad1.08x0.95mm_HandSolder', 'Datasheet': '~', 'Description': '10uF, X6S, Min 35V', 'Specifications': '10uF, X6S, Min 35V', 'Manufacturer': 'TDK', 'Part Number': 'C3216X6S1V106K160AC', 'Display': '10uF', 'JLCPCB ID': 'C13585', 'Config': '', 'Manufacturer Part Number': '', 'part': '10uF_1206_35V'} (kibot - v5_sch.py:1729)
DEBUG:U1 (rotopd ~): 1 {'Reference': 'U1', 'Value': '~', 'Footprint': 'Audio_Module:rotopd', 'Datasheet': '', 'Description': '', 'Config': '', 'Manufacturer Part Number': '', 'part': 'rotopd'} (kibot - v5_sch.py:1729)
DEBUG:ENC2 (Encoder_Rotary_11mm_SPST_DShaft): 1 {'Reference': 'ENC2', 'Value': 'Encoder_Rotary_11mm_SPST_DShaft', 'Footprint': 'PCM_4ms_Encoder:ROTENC-12MM-BUT', 'Datasheet': '', 'Description': 'Rotary Encoder 11mm with SPST, No Detent, 20mm D-shaft', 'Manufacturer': 'Alpha Taiwan', 'Part Number': 'RE111F-41B3N-20F-20P-N', 'Specifications': 'Rotary Encoder 11mm with SPST, No Detent, 20mm D-shaft', 'Manufacturer 2': 'Bourns', 'Part Number 2': 'PEC11L-4020F-S0020', 'Config': '', 'Manufacturer Part Number': '', 'part': 'Encoder_Rotary_11mm_SPST_DShaft'} (kibot - v5_sch.py:1729)
DEBUG:ENC1 (Encoder_Rotary_11mm_SPST_DShaft): 1 {'Reference': 'ENC1', 'Value': 'Encoder_Rotary_11mm_SPST_DShaft', 'Footprint': 'PCM_4ms_Encoder:ROTENC-12MM-BUT', 'Datasheet': '', 'Description': 'Rotary Encoder 11mm with SPST, No Detent, 20mm D-shaft', 'Manufacturer': 'Alpha Taiwan', 'Part Number': 'RE111F-41B3N-20F-20P-N', 'Specifications': 'Rotary Encoder 11mm with SPST, No Detent, 20mm D-shaft', 'Manufacturer 2': 'Bourns', 'Part Number 2': 'PEC11L-4020F-S0020', 'Config': '', 'Manufacturer Part Number': '', 'part': 'Encoder_Rotary_11mm_SPST_DShaft'} (kibot - v5_sch.py:1729)
DEBUG:SW2 (SW_Rotary_1x3_MP): 1 {'Reference': 'SW2', 'Value': 'SW_Rotary_1x3_MP', 'Footprint': 'Button_Switch_THT:A_D22022LB', 'Datasheet': '~', 'Description': 'Rotary switch 1x3, SP3T with mount point', 'Config': '', 'Manufacturer Part Number': '', 'part': 'SW_Rotary_1x3_MP'} (kibot - v5_sch.py:1729)
DEBUG:C2 (10uF_1206_35V 10μF): 1 {'Reference': 'C2', 'Value': '10μF', 'Footprint': 'Capacitor_SMD:C_0603_1608Metric_Pad1.08x0.95mm_HandSolder', 'Datasheet': '~', 'Description': '10uF, X6S, Min 35V', 'Specifications': '10uF, X6S, Min 35V', 'Manufacturer': 'TDK', 'Part Number': 'C3216X6S1V106K160AC', 'Display': '10uF', 'JLCPCB ID': 'C13585', 'Config': '', 'Manufacturer Part Number': '', 'part': '10uF_1206_35V'} (kibot - v5_sch.py:1729)
DEBUG:SW3 (SW_Push_LED): 1 {'Reference': 'SW3', 'Value': 'SW_Push_LED', 'Footprint': 'Button_Switch_THT:BH16NBSBB', 'Datasheet': '~', 'Description': 'Push button switch with LED, generic', 'Config': '', 'Manufacturer Part Number': '', 'part': 'SW_Push_LED'} (kibot - v5_sch.py:1729)
DEBUG:U3 (TMUX7201RQXR): 1 {'Reference': 'U3', 'Value': 'TMUX7201RQXR', 'Footprint': 'TMUX7201RQXR:WSON8_RQX_TEX-L', 'Datasheet': 'https://www.ti.com/lit/gpn/tmux7201', 'Description': '', 'Config': '', 'Manufacturer Part Number': '', 'part': 'TMUX7201RQXR'} (kibot - v5_sch.py:1729)
DEBUG:C3 (0.1uF_0603_16V 0.1μF): 1 {'Reference': 'C3', 'Value': '0.1μF', 'Footprint': 'Capacitor_SMD:C_0603_1608Metric_Pad1.08x0.95mm_HandSolder', 'Datasheet': '~', 'Description': '0.1uF, Min. 16V 10%, X7R or X5R or similar', 'Specifications': '0.1uF, Min. 16V 10%, X7R or X5R or similar', 'Manufacturer': 'AVX Corporation', 'Part Number': '0603YC104KAT2A', 'Display': '0.1uF', 'JLCPCB ID': 'C14663', 'Config': '', 'Manufacturer Part Number': '', 'part': '0.1uF_0603_16V'} (kibot - v5_sch.py:1729)
DEBUG:C4 (10uF_1206_35V 10μF): 1 {'Reference': 'C4', 'Value': '10μF', 'Footprint': 'Capacitor_SMD:C_0603_1608Metric_Pad1.08x0.95mm_HandSolder', 'Datasheet': '~', 'Description': '10uF, X6S, Min 35V', 'Specifications': '10uF, X6S, Min 35V', 'Manufacturer': 'TDK', 'Part Number': 'C3216X6S1V106K160AC', 'Display': '10uF', 'JLCPCB ID': 'C13585', 'Config': '', 'Manufacturer Part Number': '', 'part': '10uF_1206_35V'} (kibot - v5_sch.py:1729)
DEBUG:C1 (0.1uF_0603_16V 0.1μF): 1 {'Reference': 'C1', 'Value': '0.1μF', 'Footprint': 'Capacitor_SMD:C_0603_1608Metric_Pad1.08x0.95mm_HandSolder', 'Datasheet': '~', 'Description': '0.1uF, Min. 16V 10%, X7R or X5R or similar', 'Specifications': '0.1uF, Min. 16V 10%, X7R or X5R or similar', 'Manufacturer': 'AVX Corporation', 'Part Number': '0603YC104KAT2A', 'Display': '0.1uF', 'JLCPCB ID': 'C14663', 'Config': '', 'Manufacturer Part Number': '', 'part': '0.1uF_0603_16V'} (kibot - v5_sch.py:1729)
DEBUG:NT3 (NetTie_2): 1 {'Reference': 'NT3', 'Value': 'NetTie_2', 'Footprint': '', 'Datasheet': '~', 'Description': 'Net tie, 2 pins', 'Config': '', 'Manufacturer Part Number': '', 'part': 'NetTie_2'} (kibot - v5_sch.py:1729)
DEBUG:SW1 (SW_DPST): 1 {'Reference': 'SW1', 'Value': 'SW_DPST', 'Footprint': 'Button_Switch_THT:SW_NKK_G1xJP', 'Datasheet': '~', 'Description': 'Double Pole Single Throw (DPST) Switch', 'Config': '', 'Manufacturer Part Number': '', 'part': 'SW_DPST'} (kibot - v5_sch.py:1729)
DEBUG:NT4 (NetTie_2): 1 {'Reference': 'NT4', 'Value': 'NetTie_2', 'Footprint': '', 'Datasheet': '~', 'Description': 'Net tie, 2 pins', 'Config': '', 'Manufacturer Part Number': '', 'part': 'NetTie_2'} (kibot - v5_sch.py:1729)
DEBUG:J11 (Conn_01x08_Socket): 1 {'Reference': 'J11', 'Value': 'Conn_01x08_Socket', 'Footprint': 'Connector_Molex:Molex_PicoBlade_53047-0810_1x08_P1.25mm_Vertical', 'Datasheet': '~', 'Description': 'Generic connector, single row, 01x08, script generated', 'Config': '', 'Manufacturer Part Number': '', 'part': 'Conn_01x08_Socket'} (kibot - v5_sch.py:1729)
DEBUG:J8 (Conn_01x02_Pin): 1 {'Reference': 'J8', 'Value': 'Conn_01x02_Pin', 'Footprint': 'Connector_Molex:Molex_PicoBlade_53047-0210_1x02_P1.25mm_Vertical', 'Datasheet': '~', 'Description': 'Generic connector, single row, 01x02, script generated', 'Config': '', 'Manufacturer Part Number': '', 'part': 'Conn_01x02_Pin'} (kibot - v5_sch.py:1729)
DEBUG:J1 (DE9_Pins_MountingHoles): 1 {'Reference': 'J1', 'Value': 'DE9_Pins_MountingHoles', 'Footprint': 'Connector_Dsub:DSUB-9_Pins_Horizontal_P2.77x2.84mm_EdgePinOffset4.94mm_Housed_MountingHolesOffset4.94mm', 'Datasheet': '~', 'Description': '9-pin D-SUB connector, pins (male), Mounting Hole', 'Config': '', 'Manufacturer Part Number': '', 'part': 'DE9_Pins_MountingHoles'} (kibot - v5_sch.py:1729)
DEBUG:J4 (Conn_01x04_Socket): 1 {'Reference': 'J4', 'Value': 'Conn_01x04_Socket', 'Footprint': 'Connector_Molex:Molex_PicoBlade_53047-0410_1x04_P1.25mm_Vertical', 'Datasheet': '~', 'Description': 'Generic connector, single row, 01x04, script generated', 'Config': '', 'Manufacturer Part Number': '', 'part': 'Conn_01x04_Socket'} (kibot - v5_sch.py:1729)
DEBUG:J7 (Conn_01x04_Socket): 1 {'Reference': 'J7', 'Value': 'Conn_01x04_Socket', 'Footprint': 'Connector_Molex:Molex_PicoBlade_53048-0410_1x04_P1.25mm_Horizontal', 'Datasheet': '~', 'Description': 'Generic connector, single row, 01x04, script generated', 'Config': '', 'Manufacturer Part Number': '', 'part': 'Conn_01x04_Socket'} (kibot - v5_sch.py:1729)
DEBUG:J5 (Conn_01x04_Socket): 1 {'Reference': 'J5', 'Value': 'Conn_01x04_Socket', 'Footprint': 'Connector_Molex:Molex_PicoBlade_53048-0410_1x04_P1.25mm_Horizontal', 'Datasheet': '~', 'Description': 'Generic connector, single row, 01x04, script generated', 'Config': '', 'Manufacturer Part Number': '', 'part': 'Conn_01x04_Socket'} (kibot - v5_sch.py:1729)
DEBUG:J9 (Conn_01x02_Pin): 1 {'Reference': 'J9', 'Value': 'Conn_01x02_Pin', 'Footprint': 'Connector_Molex:Molex_PicoBlade_53048-0210_1x02_P1.25mm_Horizontal', 'Datasheet': '~', 'Description': 'Generic connector, single row, 01x02, script generated', 'Config': '', 'Manufacturer Part Number': '', 'part': 'Conn_01x02_Pin'} (kibot - v5_sch.py:1729)
DEBUG:J3 (HPF-02-01-X-S): 1 {'Reference': 'J3', 'Value': 'HPF-02-01-X-S', 'Footprint': 'Connector_Samtec_HPM_THT:Samtec_HPM-02-05-x-S_Straight_1x02_Pitch5.08mm', 'Datasheet': '', 'Description': '', 'PARTREV': 'A', 'STANDARD': 'Manufacturer Recommendations', 'MAXIMUM_PACKAGE_HEIGHT': '8.89 mm', 'MANUFACTURER': 'Samtec', 'Config': '', 'Manufacturer Part Number': '', 'part': 'HPF-02-01-X-S'} (kibot - v5_sch.py:1729)
DEBUG:J6 (Conn_01x04_Socket): 1 {'Reference': 'J6', 'Value': 'Conn_01x04_Socket', 'Footprint': 'Connector_Molex:Molex_PicoBlade_53047-0410_1x04_P1.25mm_Vertical', 'Datasheet': '~', 'Description': 'Generic connector, single row, 01x04, script generated', 'Config': '', 'Manufacturer Part Number': '', 'part': 'Conn_01x04_Socket'} (kibot - v5_sch.py:1729)
DEBUG:J10 (Conn_01x08_Socket): 1 {'Reference': 'J10', 'Value': 'Conn_01x08_Socket', 'Footprint': 'Connector_Molex:Molex_PicoBlade_53047-0810_1x08_P1.25mm_Vertical', 'Datasheet': '~', 'Description': 'Generic connector, single row, 01x08, script generated', 'Config': '', 'Manufacturer Part Number': '', 'part': 'Conn_01x08_Socket'} (kibot - v5_sch.py:1729)
DEBUG:J2 (Conn_01x08_Socket): 1 {'Reference': 'J2', 'Value': 'Conn_01x08_Socket', 'Footprint': 'Connector_PinHeader_2.54mm:PinHeader_1x08_P2.54mm_Vertical', 'Datasheet': '~', 'Description': 'Generic connector, single row, 01x08, script generated', 'Config': '', 'Manufacturer Part Number': '', 'part': 'Conn_01x08_Socket'} (kibot - v5_sch.py:1729)
DEBUG:U2 (SC1176): 1 {'Reference': 'U2', 'Value': 'SC1176', 'Footprint': 'pictures:MODULE_SC1176', 'Datasheet': '', 'Description': '', 'PARTREV': 'April 2024', 'MANUFACTURER': 'Raspberry Pi', 'STANDARD': 'Manufacturer Recommendations', 'Config': '', 'Manufacturer Part Number': '', 'part': 'SC1176'} (kibot - v5_sch.py:1729)
DEBUG:C32 (10uF_1206_35V 10μF): 1 {'Reference': 'C32', 'Value': '10μF', 'Footprint': 'Capacitor_SMD:C_0603_1608Metric_Pad1.08x0.95mm_HandSolder', 'Datasheet': '~', 'Description': '10uF, X6S, Min 35V', 'Specifications': '10uF, X6S, Min 35V', 'Manufacturer': 'TDK', 'Part Number': 'C3216X6S1V106K160AC', 'Display': '10uF', 'JLCPCB ID': 'C13585', 'Config': '', 'Manufacturer Part Number': '', 'part': '10uF_1206_35V'} (kibot - v5_sch.py:1729)
DEBUG:C35 (10uF_1206_35V 10μF): 1 {'Reference': 'C35', 'Value': '10μF', 'Footprint': 'Capacitor_SMD:C_0603_1608Metric_Pad1.08x0.95mm_HandSolder', 'Datasheet': '~', 'Description': '10uF, X6S, Min 35V', 'Specifications': '10uF, X6S, Min 35V', 'Manufacturer': 'TDK', 'Part Number': 'C3216X6S1V106K160AC', 'Display': '10uF', 'JLCPCB ID': 'C13585', 'Config': '', 'Manufacturer Part Number': '', 'part': '10uF_1206_35V'} (kibot - v5_sch.py:1729)
DEBUG:NT2 (NetTie_2): 1 {'Reference': 'NT2', 'Value': 'NetTie_2', 'Footprint': '', 'Datasheet': '~', 'Description': 'Net tie, 2 pins', 'Config': '', 'Manufacturer Part Number': '', 'part': 'NetTie_2'} (kibot - v5_sch.py:1729)
DEBUG:U12 (PTMUX6236RUMR): 1 {'Reference': 'U12', 'Value': 'PTMUX6236RUMR', 'Footprint': 'Package_DFN_QFN:WQFN-16-1EP_4x4mm_P0.5mm_EP2.6x2.6mm_ThermalVias', 'Datasheet': 'https://www.ti.com/document-viewer/tmux6236/datasheet', 'Description': '', 'Config': '', 'Manufacturer Part Number': '', 'part': 'PTMUX6236RUMR'} (kibot - v5_sch.py:1729)
DEBUG:C33 (0.1uF_0603_16V 0.1μF): 1 {'Reference': 'C33', 'Value': '0.1μF', 'Footprint': 'Capacitor_SMD:C_0603_1608Metric_Pad1.08x0.95mm_HandSolder', 'Datasheet': '~', 'Description': '0.1uF, Min. 16V 10%, X7R or X5R or similar', 'Specifications': '0.1uF, Min. 16V 10%, X7R or X5R or similar', 'Manufacturer': 'AVX Corporation', 'Part Number': '0603YC104KAT2A', 'Display': '0.1uF', 'JLCPCB ID': 'C14663', 'Config': '', 'Manufacturer Part Number': '', 'part': '0.1uF_0603_16V'} (kibot - v5_sch.py:1729)
DEBUG:NT1 (NetTie_2): 1 {'Reference': 'NT1', 'Value': 'NetTie_2', 'Footprint': '', 'Datasheet': '~', 'Description': 'Net tie, 2 pins', 'Config': '', 'Manufacturer Part Number': '', 'part': 'NetTie_2'} (kibot - v5_sch.py:1729)
DEBUG:C34 (0.1uF_0603_16V 0.1μF): 1 {'Reference': 'C34', 'Value': '0.1μF', 'Footprint': 'Capacitor_SMD:C_0603_1608Metric_Pad1.08x0.95mm_HandSolder', 'Datasheet': '~', 'Description': '0.1uF, Min. 16V 10%, X7R or X5R or similar', 'Specifications': '0.1uF, Min. 16V 10%, X7R or X5R or similar', 'Manufacturer': 'AVX Corporation', 'Part Number': '0603YC104KAT2A', 'Display': '0.1uF', 'JLCPCB ID': 'C14663', 'Config': '', 'Manufacturer Part Number': '', 'part': '0.1uF_0603_16V'} (kibot - v5_sch.py:1729)
DEBUG:U7 (PINA745AIRELR): 1 {'Reference': 'U7', 'Value': 'PINA745AIRELR', 'Footprint': 'PINA745AIRELR:REL0014A_PINA745AIRELR_TEX', 'Datasheet': 'https://www.ti.com/lit/gpn/ina745a', 'Description': '', 'Config': '', 'Manufacturer Part Number': '', 'part': 'PINA745AIRELR'} (kibot - v5_sch.py:1729)
DEBUG:C19 (0.1uF_0603_16V 0.1μF): 1 {'Reference': 'C19', 'Value': '0.1μF', 'Footprint': 'Capacitor_SMD:C_0603_1608Metric_Pad1.08x0.95mm_HandSolder', 'Datasheet': '~', 'Description': '0.1uF, Min. 16V 10%, X7R or X5R or similar', 'Specifications': '0.1uF, Min. 16V 10%, X7R or X5R or similar', 'Manufacturer': 'AVX Corporation', 'Part Number': '0603YC104KAT2A', 'Display': '0.1uF', 'JLCPCB ID': 'C14663', 'Config': '', 'Manufacturer Part Number': '', 'part': '0.1uF_0603_16V'} (kibot - v5_sch.py:1729)
DEBUG:C22 (10uF_1206_35V 10μF): 1 {'Reference': 'C22', 'Value': '10μF', 'Footprint': 'Capacitor_SMD:C_0603_1608Metric_Pad1.08x0.95mm_HandSolder', 'Datasheet': '~', 'Description': '10uF, X6S, Min 35V', 'Specifications': '10uF, X6S, Min 35V', 'Manufacturer': 'TDK', 'Part Number': 'C3216X6S1V106K160AC', 'Display': '10uF', 'JLCPCB ID': 'C13585', 'Config': '', 'Manufacturer Part Number': '', 'part': '10uF_1206_35V'} (kibot - v5_sch.py:1729)
DEBUG:U8 (PTMUX6236RUMR): 1 {'Reference': 'U8', 'Value': 'PTMUX6236RUMR', 'Footprint': 'PTMUX6236RUMR:WQFN16_RUM_TEX', 'Datasheet': 'https://www.ti.com/lit/gpn/tmux6236', 'Description': '', 'Config': '', 'Manufacturer Part Number': '', 'part': 'PTMUX6236RUMR'} (kibot - v5_sch.py:1729)
DEBUG:C18 (10uF_1206_35V): 1 {'Reference': 'C18', 'Value': '10uF_1206_35V', 'Footprint': 'Capacitor_SMD:C_0603_1608Metric_Pad1.08x0.95mm_HandSolder', 'Datasheet': '~', 'Description': '10uF, X6S, Min 35V', 'Specifications': '10uF, X6S, Min 35V', 'Manufacturer': 'TDK', 'Part Number': 'C3216X6S1V106K160AC', 'Display': '10uF', 'JLCPCB ID': 'C13585', 'Config': '', 'Manufacturer Part Number': '', 'part': '10uF_1206_35V'} (kibot - v5_sch.py:1729)
DEBUG:C21 (0.1uF_0603_16V 0.1μF): 1 {'Reference': 'C21', 'Value': '0.1μF', 'Footprint': 'Capacitor_SMD:C_0603_1608Metric_Pad1.08x0.95mm_HandSolder', 'Datasheet': '~', 'Description': '0.1uF, Min. 16V 10%, X7R or X5R or similar', 'Specifications': '0.1uF, Min. 16V 10%, X7R or X5R or similar', 'Manufacturer': 'AVX Corporation', 'Part Number': '0603YC104KAT2A', 'Display': '0.1uF', 'JLCPCB ID': 'C14663', 'Config': '', 'Manufacturer Part Number': '', 'part': '0.1uF_0603_16V'} (kibot - v5_sch.py:1729)
DEBUG:C20 (10uF_1206_35V 10μF): 1 {'Reference': 'C20', 'Value': '10μF', 'Footprint': 'Capacitor_SMD:C_0603_1608Metric_Pad1.08x0.95mm_HandSolder', 'Datasheet': '~', 'Description': '10uF, X6S, Min 35V', 'Specifications': '10uF, X6S, Min 35V', 'Manufacturer': 'TDK', 'Part Number': 'C3216X6S1V106K160AC', 'Display': '10uF', 'JLCPCB ID': 'C13585', 'Config': '', 'Manufacturer Part Number': '', 'part': '10uF_1206_35V'} (kibot - v5_sch.py:1729)
DEBUG:After collapse: (kibot - v5_sch.py:1768)
DEBUG:C30 (0.1uF_0603_16V 0.1μF): 1 {'Reference': 'C30', 'Value': '0.1μF', 'Footprint': 'Capacitor_SMD:C_0603_1608Metric_Pad1.08x0.95mm_HandSolder', 'Datasheet': '~', 'Description': '0.1uF, Min. 16V 10%, X7R or X5R or similar', 'Specifications': '0.1uF, Min. 16V 10%, X7R or X5R or similar', 'Manufacturer': 'AVX Corporation', 'Part Number': '0603YC104KAT2A', 'Display': '0.1uF', 'JLCPCB ID': 'C14663', 'Config': '', 'Manufacturer Part Number': '', 'part': '0.1uF_0603_16V'} (kibot - v5_sch.py:1771)
DEBUG:U11 (TMUX7219MDGKR): 1 {'Reference': 'U11', 'Value': 'TMUX7219MDGKR', 'Footprint': 'TMUX7219MDGKR:SOIC8_DGK_TEX', 'Datasheet': 'https://www.ti.com/document-viewer/tmux7219m/datasheet', 'Description': '', 'Config': '', 'Manufacturer Part Number': '', 'part': 'TMUX7219MDGKR'} (kibot - v5_sch.py:1771)
DEBUG:C23 (10uF_1206_35V): 1 {'Reference': 'C23', 'Value': '10uF_1206_35V', 'Footprint': 'Capacitor_SMD:C_0603_1608Metric_Pad1.08x0.95mm_HandSolder', 'Datasheet': '~', 'Description': '10uF, X6S, Min 35V', 'Specifications': '10uF, X6S, Min 35V', 'Manufacturer': 'TDK', 'Part Number': 'C3216X6S1V106K160AC', 'Display': '10uF', 'JLCPCB ID': 'C13585', 'Config': '', 'Manufacturer Part Number': '', 'part': '10uF_1206_35V'} (kibot - v5_sch.py:1771)
DEBUG:C31 (10uF_1206_35V 10μF): 1 {'Reference': 'C31', 'Value': '10μF', 'Footprint': 'Capacitor_SMD:C_0603_1608Metric_Pad1.08x0.95mm_HandSolder', 'Datasheet': '~', 'Description': '10uF, X6S, Min 35V', 'Specifications': '10uF, X6S, Min 35V', 'Manufacturer': 'TDK', 'Part Number': 'C3216X6S1V106K160AC', 'Display': '10uF', 'JLCPCB ID': 'C13585', 'Config': '', 'Manufacturer Part Number': '', 'part': '10uF_1206_35V'} (kibot - v5_sch.py:1771)
DEBUG:C24 (0.1uF_0603_16V 0.1μF): 1 {'Reference': 'C24', 'Value': '0.1μF', 'Footprint': 'Capacitor_SMD:C_0603_1608Metric_Pad1.08x0.95mm_HandSolder', 'Datasheet': '~', 'Description': '0.1uF, Min. 16V 10%, X7R or X5R or similar', 'Specifications': '0.1uF, Min. 16V 10%, X7R or X5R or similar', 'Manufacturer': 'AVX Corporation', 'Part Number': '0603YC104KAT2A', 'Display': '0.1uF', 'JLCPCB ID': 'C14663', 'Config': '', 'Manufacturer Part Number': '', 'part': '0.1uF_0603_16V'} (kibot - v5_sch.py:1771)
DEBUG:C25 (0.1uF_0603_16V 0.1μF): 1 {'Reference': 'C25', 'Value': '0.1μF', 'Footprint': 'Capacitor_SMD:C_0603_1608Metric_Pad1.08x0.95mm_HandSolder', 'Datasheet': '~', 'Description': '0.1uF, Min. 16V 10%, X7R or X5R or similar', 'Specifications': '0.1uF, Min. 16V 10%, X7R or X5R or similar', 'Manufacturer': 'AVX Corporation', 'Part Number': '0603YC104KAT2A', 'Display': '0.1uF', 'JLCPCB ID': 'C14663', 'Config': '', 'Manufacturer Part Number': '', 'part': '0.1uF_0603_16V'} (kibot - v5_sch.py:1771)
DEBUG:C28 (0.1uF_0603_16V 0.1μF): 1 {'Reference': 'C28', 'Value': '0.1μF', 'Footprint': 'Capacitor_SMD:C_0603_1608Metric_Pad1.08x0.95mm_HandSolder', 'Datasheet': '~', 'Description': '0.1uF, Min. 16V 10%, X7R or X5R or similar', 'Specifications': '0.1uF, Min. 16V 10%, X7R or X5R or similar', 'Manufacturer': 'AVX Corporation', 'Part Number': '0603YC104KAT2A', 'Display': '0.1uF', 'JLCPCB ID': 'C14663', 'Config': '', 'Manufacturer Part Number': '', 'part': '0.1uF_0603_16V'} (kibot - v5_sch.py:1771)
DEBUG:C26 (10uF_1206_35V 10μF): 1 {'Reference': 'C26', 'Value': '10μF', 'Footprint': 'Capacitor_SMD:C_0603_1608Metric_Pad1.08x0.95mm_HandSolder', 'Datasheet': '~', 'Description': '10uF, X6S, Min 35V', 'Specifications': '10uF, X6S, Min 35V', 'Manufacturer': 'TDK', 'Part Number': 'C3216X6S1V106K160AC', 'Display': '10uF', 'JLCPCB ID': 'C13585', 'Config': '', 'Manufacturer Part Number': '', 'part': '10uF_1206_35V'} (kibot - v5_sch.py:1771)
DEBUG:C27 (10uF_1206_35V 10μF): 1 {'Reference': 'C27', 'Value': '10μF', 'Footprint': 'Capacitor_SMD:C_0603_1608Metric_Pad1.08x0.95mm_HandSolder', 'Datasheet': '~', 'Description': '10uF, X6S, Min 35V', 'Specifications': '10uF, X6S, Min 35V', 'Manufacturer': 'TDK', 'Part Number': 'C3216X6S1V106K160AC', 'Display': '10uF', 'JLCPCB ID': 'C13585', 'Config': '', 'Manufacturer Part Number': '', 'part': '10uF_1206_35V'} (kibot - v5_sch.py:1771)
DEBUG:U9 (PINA745AIRELR): 1 {'Reference': 'U9', 'Value': 'PINA745AIRELR', 'Footprint': 'PINA745AIRELR:REL0014A_PINA745AIRELR_TEX', 'Datasheet': 'https://www.ti.com/lit/gpn/ina745a', 'Description': '', 'Config': '', 'Manufacturer Part Number': '', 'part': 'PINA745AIRELR'} (kibot - v5_sch.py:1771)
DEBUG:U10 (PTMUX6236RUMR): 1 {'Reference': 'U10', 'Value': 'PTMUX6236RUMR', 'Footprint': 'PTMUX6236RUMR:WQFN16_RUM_TEX', 'Datasheet': 'https://www.ti.com/lit/gpn/tmux6236', 'Description': '', 'Config': '', 'Manufacturer Part Number': '', 'part': 'PTMUX6236RUMR'} (kibot - v5_sch.py:1771)
DEBUG:C29 (10uF_1206_35V 10μF): 1 {'Reference': 'C29', 'Value': '10μF', 'Footprint': 'Capacitor_SMD:C_0603_1608Metric_Pad1.08x0.95mm_HandSolder', 'Datasheet': '~', 'Description': '10uF, X6S, Min 35V', 'Specifications': '10uF, X6S, Min 35V', 'Manufacturer': 'TDK', 'Part Number': 'C3216X6S1V106K160AC', 'Display': '10uF', 'JLCPCB ID': 'C13585', 'Config': '', 'Manufacturer Part Number': '', 'part': '10uF_1206_35V'} (kibot - v5_sch.py:1771)
DEBUG:U1 (rotopd ~): 1 {'Reference': 'U1', 'Value': '~', 'Footprint': 'Audio_Module:rotopd', 'Datasheet': '', 'Description': '', 'Config': '', 'Manufacturer Part Number': '', 'part': 'rotopd'} (kibot - v5_sch.py:1771)
DEBUG:ENC2 (Encoder_Rotary_11mm_SPST_DShaft): 1 {'Reference': 'ENC2', 'Value': 'Encoder_Rotary_11mm_SPST_DShaft', 'Footprint': 'PCM_4ms_Encoder:ROTENC-12MM-BUT', 'Datasheet': '', 'Description': 'Rotary Encoder 11mm with SPST, No Detent, 20mm D-shaft', 'Manufacturer': 'Alpha Taiwan', 'Part Number': 'RE111F-41B3N-20F-20P-N', 'Specifications': 'Rotary Encoder 11mm with SPST, No Detent, 20mm D-shaft', 'Manufacturer 2': 'Bourns', 'Part Number 2': 'PEC11L-4020F-S0020', 'Config': '', 'Manufacturer Part Number': '', 'part': 'Encoder_Rotary_11mm_SPST_DShaft'} (kibot - v5_sch.py:1771)
DEBUG:ENC1 (Encoder_Rotary_11mm_SPST_DShaft): 1 {'Reference': 'ENC1', 'Value': 'Encoder_Rotary_11mm_SPST_DShaft', 'Footprint': 'PCM_4ms_Encoder:ROTENC-12MM-BUT', 'Datasheet': '', 'Description': 'Rotary Encoder 11mm with SPST, No Detent, 20mm D-shaft', 'Manufacturer': 'Alpha Taiwan', 'Part Number': 'RE111F-41B3N-20F-20P-N', 'Specifications': 'Rotary Encoder 11mm with SPST, No Detent, 20mm D-shaft', 'Manufacturer 2': 'Bourns', 'Part Number 2': 'PEC11L-4020F-S0020', 'Config': '', 'Manufacturer Part Number': '', 'part': 'Encoder_Rotary_11mm_SPST_DShaft'} (kibot - v5_sch.py:1771)
DEBUG:SW2 (SW_Rotary_1x3_MP): 1 {'Reference': 'SW2', 'Value': 'SW_Rotary_1x3_MP', 'Footprint': 'Button_Switch_THT:A_D22022LB', 'Datasheet': '~', 'Description': 'Rotary switch 1x3, SP3T with mount point', 'Config': '', 'Manufacturer Part Number': '', 'part': 'SW_Rotary_1x3_MP'} (kibot - v5_sch.py:1771)
DEBUG:C2 (10uF_1206_35V 10μF): 1 {'Reference': 'C2', 'Value': '10μF', 'Footprint': 'Capacitor_SMD:C_0603_1608Metric_Pad1.08x0.95mm_HandSolder', 'Datasheet': '~', 'Description': '10uF, X6S, Min 35V', 'Specifications': '10uF, X6S, Min 35V', 'Manufacturer': 'TDK', 'Part Number': 'C3216X6S1V106K160AC', 'Display': '10uF', 'JLCPCB ID': 'C13585', 'Config': '', 'Manufacturer Part Number': '', 'part': '10uF_1206_35V'} (kibot - v5_sch.py:1771)
DEBUG:SW3 (SW_Push_LED): 1 {'Reference': 'SW3', 'Value': 'SW_Push_LED', 'Footprint': 'Button_Switch_THT:BH16NBSBB', 'Datasheet': '~', 'Description': 'Push button switch with LED, generic', 'Config': '', 'Manufacturer Part Number': '', 'part': 'SW_Push_LED'} (kibot - v5_sch.py:1771)
DEBUG:U3 (TMUX7201RQXR): 1 {'Reference': 'U3', 'Value': 'TMUX7201RQXR', 'Footprint': 'TMUX7201RQXR:WSON8_RQX_TEX-L', 'Datasheet': 'https://www.ti.com/lit/gpn/tmux7201', 'Description': '', 'Config': '', 'Manufacturer Part Number': '', 'part': 'TMUX7201RQXR'} (kibot - v5_sch.py:1771)
DEBUG:C3 (0.1uF_0603_16V 0.1μF): 1 {'Reference': 'C3', 'Value': '0.1μF', 'Footprint': 'Capacitor_SMD:C_0603_1608Metric_Pad1.08x0.95mm_HandSolder', 'Datasheet': '~', 'Description': '0.1uF, Min. 16V 10%, X7R or X5R or similar', 'Specifications': '0.1uF, Min. 16V 10%, X7R or X5R or similar', 'Manufacturer': 'AVX Corporation', 'Part Number': '0603YC104KAT2A', 'Display': '0.1uF', 'JLCPCB ID': 'C14663', 'Config': '', 'Manufacturer Part Number': '', 'part': '0.1uF_0603_16V'} (kibot - v5_sch.py:1771)
DEBUG:C4 (10uF_1206_35V 10μF): 1 {'Reference': 'C4', 'Value': '10μF', 'Footprint': 'Capacitor_SMD:C_0603_1608Metric_Pad1.08x0.95mm_HandSolder', 'Datasheet': '~', 'Description': '10uF, X6S, Min 35V', 'Specifications': '10uF, X6S, Min 35V', 'Manufacturer': 'TDK', 'Part Number': 'C3216X6S1V106K160AC', 'Display': '10uF', 'JLCPCB ID': 'C13585', 'Config': '', 'Manufacturer Part Number': '', 'part': '10uF_1206_35V'} (kibot - v5_sch.py:1771)
DEBUG:C1 (0.1uF_0603_16V 0.1μF): 1 {'Reference': 'C1', 'Value': '0.1μF', 'Footprint': 'Capacitor_SMD:C_0603_1608Metric_Pad1.08x0.95mm_HandSolder', 'Datasheet': '~', 'Description': '0.1uF, Min. 16V 10%, X7R or X5R or similar', 'Specifications': '0.1uF, Min. 16V 10%, X7R or X5R or similar', 'Manufacturer': 'AVX Corporation', 'Part Number': '0603YC104KAT2A', 'Display': '0.1uF', 'JLCPCB ID': 'C14663', 'Config': '', 'Manufacturer Part Number': '', 'part': '0.1uF_0603_16V'} (kibot - v5_sch.py:1771)
DEBUG:NT3 (NetTie_2): 1 {'Reference': 'NT3', 'Value': 'NetTie_2', 'Footprint': '', 'Datasheet': '~', 'Description': 'Net tie, 2 pins', 'Config': '', 'Manufacturer Part Number': '', 'part': 'NetTie_2'} (kibot - v5_sch.py:1771)
DEBUG:SW1 (SW_DPST): 1 {'Reference': 'SW1', 'Value': 'SW_DPST', 'Footprint': 'Button_Switch_THT:SW_NKK_G1xJP', 'Datasheet': '~', 'Description': 'Double Pole Single Throw (DPST) Switch', 'Config': '', 'Manufacturer Part Number': '', 'part': 'SW_DPST'} (kibot - v5_sch.py:1771)
DEBUG:NT4 (NetTie_2): 1 {'Reference': 'NT4', 'Value': 'NetTie_2', 'Footprint': '', 'Datasheet': '~', 'Description': 'Net tie, 2 pins', 'Config': '', 'Manufacturer Part Number': '', 'part': 'NetTie_2'} (kibot - v5_sch.py:1771)
DEBUG:J11 (Conn_01x08_Socket): 1 {'Reference': 'J11', 'Value': 'Conn_01x08_Socket', 'Footprint': 'Connector_Molex:Molex_PicoBlade_53047-0810_1x08_P1.25mm_Vertical', 'Datasheet': '~', 'Description': 'Generic connector, single row, 01x08, script generated', 'Config': '', 'Manufacturer Part Number': '', 'part': 'Conn_01x08_Socket'} (kibot - v5_sch.py:1771)
DEBUG:J8 (Conn_01x02_Pin): 1 {'Reference': 'J8', 'Value': 'Conn_01x02_Pin', 'Footprint': 'Connector_Molex:Molex_PicoBlade_53047-0210_1x02_P1.25mm_Vertical', 'Datasheet': '~', 'Description': 'Generic connector, single row, 01x02, script generated', 'Config': '', 'Manufacturer Part Number': '', 'part': 'Conn_01x02_Pin'} (kibot - v5_sch.py:1771)
DEBUG:J1 (DE9_Pins_MountingHoles): 1 {'Reference': 'J1', 'Value': 'DE9_Pins_MountingHoles', 'Footprint': 'Connector_Dsub:DSUB-9_Pins_Horizontal_P2.77x2.84mm_EdgePinOffset4.94mm_Housed_MountingHolesOffset4.94mm', 'Datasheet': '~', 'Description': '9-pin D-SUB connector, pins (male), Mounting Hole', 'Config': '', 'Manufacturer Part Number': '', 'part': 'DE9_Pins_MountingHoles'} (kibot - v5_sch.py:1771)
DEBUG:J4 (Conn_01x04_Socket): 1 {'Reference': 'J4', 'Value': 'Conn_01x04_Socket', 'Footprint': 'Connector_Molex:Molex_PicoBlade_53047-0410_1x04_P1.25mm_Vertical', 'Datasheet': '~', 'Description': 'Generic connector, single row, 01x04, script generated', 'Config': '', 'Manufacturer Part Number': '', 'part': 'Conn_01x04_Socket'} (kibot - v5_sch.py:1771)
DEBUG:J7 (Conn_01x04_Socket): 1 {'Reference': 'J7', 'Value': 'Conn_01x04_Socket', 'Footprint': 'Connector_Molex:Molex_PicoBlade_53048-0410_1x04_P1.25mm_Horizontal', 'Datasheet': '~', 'Description': 'Generic connector, single row, 01x04, script generated', 'Config': '', 'Manufacturer Part Number': '', 'part': 'Conn_01x04_Socket'} (kibot - v5_sch.py:1771)
DEBUG:J5 (Conn_01x04_Socket): 1 {'Reference': 'J5', 'Value': 'Conn_01x04_Socket', 'Footprint': 'Connector_Molex:Molex_PicoBlade_53048-0410_1x04_P1.25mm_Horizontal', 'Datasheet': '~', 'Description': 'Generic connector, single row, 01x04, script generated', 'Config': '', 'Manufacturer Part Number': '', 'part': 'Conn_01x04_Socket'} (kibot - v5_sch.py:1771)
DEBUG:J9 (Conn_01x02_Pin): 1 {'Reference': 'J9', 'Value': 'Conn_01x02_Pin', 'Footprint': 'Connector_Molex:Molex_PicoBlade_53048-0210_1x02_P1.25mm_Horizontal', 'Datasheet': '~', 'Description': 'Generic connector, single row, 01x02, script generated', 'Config': '', 'Manufacturer Part Number': '', 'part': 'Conn_01x02_Pin'} (kibot - v5_sch.py:1771)
DEBUG:J3 (HPF-02-01-X-S): 1 {'Reference': 'J3', 'Value': 'HPF-02-01-X-S', 'Footprint': 'Connector_Samtec_HPM_THT:Samtec_HPM-02-05-x-S_Straight_1x02_Pitch5.08mm', 'Datasheet': '', 'Description': '', 'PARTREV': 'A', 'STANDARD': 'Manufacturer Recommendations', 'MAXIMUM_PACKAGE_HEIGHT': '8.89 mm', 'MANUFACTURER': 'Samtec', 'Config': '', 'Manufacturer Part Number': '', 'part': 'HPF-02-01-X-S'} (kibot - v5_sch.py:1771)
DEBUG:J6 (Conn_01x04_Socket): 1 {'Reference': 'J6', 'Value': 'Conn_01x04_Socket', 'Footprint': 'Connector_Molex:Molex_PicoBlade_53047-0410_1x04_P1.25mm_Vertical', 'Datasheet': '~', 'Description': 'Generic connector, single row, 01x04, script generated', 'Config': '', 'Manufacturer Part Number': '', 'part': 'Conn_01x04_Socket'} (kibot - v5_sch.py:1771)
DEBUG:J10 (Conn_01x08_Socket): 1 {'Reference': 'J10', 'Value': 'Conn_01x08_Socket', 'Footprint': 'Connector_Molex:Molex_PicoBlade_53047-0810_1x08_P1.25mm_Vertical', 'Datasheet': '~', 'Description': 'Generic connector, single row, 01x08, script generated', 'Config': '', 'Manufacturer Part Number': '', 'part': 'Conn_01x08_Socket'} (kibot - v5_sch.py:1771)
DEBUG:J2 (Conn_01x08_Socket): 1 {'Reference': 'J2', 'Value': 'Conn_01x08_Socket', 'Footprint': 'Connector_PinHeader_2.54mm:PinHeader_1x08_P2.54mm_Vertical', 'Datasheet': '~', 'Description': 'Generic connector, single row, 01x08, script generated', 'Config': '', 'Manufacturer Part Number': '', 'part': 'Conn_01x08_Socket'} (kibot - v5_sch.py:1771)
DEBUG:U2 (SC1176): 1 {'Reference': 'U2', 'Value': 'SC1176', 'Footprint': 'pictures:MODULE_SC1176', 'Datasheet': '', 'Description': '', 'PARTREV': 'April 2024', 'MANUFACTURER': 'Raspberry Pi', 'STANDARD': 'Manufacturer Recommendations', 'Config': '', 'Manufacturer Part Number': '', 'part': 'SC1176'} (kibot - v5_sch.py:1771)
DEBUG:C32 (10uF_1206_35V 10μF): 1 {'Reference': 'C32', 'Value': '10μF', 'Footprint': 'Capacitor_SMD:C_0603_1608Metric_Pad1.08x0.95mm_HandSolder', 'Datasheet': '~', 'Description': '10uF, X6S, Min 35V', 'Specifications': '10uF, X6S, Min 35V', 'Manufacturer': 'TDK', 'Part Number': 'C3216X6S1V106K160AC', 'Display': '10uF', 'JLCPCB ID': 'C13585', 'Config': '', 'Manufacturer Part Number': '', 'part': '10uF_1206_35V'} (kibot - v5_sch.py:1771)
DEBUG:C35 (10uF_1206_35V 10μF): 1 {'Reference': 'C35', 'Value': '10μF', 'Footprint': 'Capacitor_SMD:C_0603_1608Metric_Pad1.08x0.95mm_HandSolder', 'Datasheet': '~', 'Description': '10uF, X6S, Min 35V', 'Specifications': '10uF, X6S, Min 35V', 'Manufacturer': 'TDK', 'Part Number': 'C3216X6S1V106K160AC', 'Display': '10uF', 'JLCPCB ID': 'C13585', 'Config': '', 'Manufacturer Part Number': '', 'part': '10uF_1206_35V'} (kibot - v5_sch.py:1771)
DEBUG:NT2 (NetTie_2): 1 {'Reference': 'NT2', 'Value': 'NetTie_2', 'Footprint': '', 'Datasheet': '~', 'Description': 'Net tie, 2 pins', 'Config': '', 'Manufacturer Part Number': '', 'part': 'NetTie_2'} (kibot - v5_sch.py:1771)
DEBUG:U12 (PTMUX6236RUMR): 1 {'Reference': 'U12', 'Value': 'PTMUX6236RUMR', 'Footprint': 'Package_DFN_QFN:WQFN-16-1EP_4x4mm_P0.5mm_EP2.6x2.6mm_ThermalVias', 'Datasheet': 'https://www.ti.com/document-viewer/tmux6236/datasheet', 'Description': '', 'Config': '', 'Manufacturer Part Number': '', 'part': 'PTMUX6236RUMR'} (kibot - v5_sch.py:1771)
DEBUG:C33 (0.1uF_0603_16V 0.1μF): 1 {'Reference': 'C33', 'Value': '0.1μF', 'Footprint': 'Capacitor_SMD:C_0603_1608Metric_Pad1.08x0.95mm_HandSolder', 'Datasheet': '~', 'Description': '0.1uF, Min. 16V 10%, X7R or X5R or similar', 'Specifications': '0.1uF, Min. 16V 10%, X7R or X5R or similar', 'Manufacturer': 'AVX Corporation', 'Part Number': '0603YC104KAT2A', 'Display': '0.1uF', 'JLCPCB ID': 'C14663', 'Config': '', 'Manufacturer Part Number': '', 'part': '0.1uF_0603_16V'} (kibot - v5_sch.py:1771)
DEBUG:NT1 (NetTie_2): 1 {'Reference': 'NT1', 'Value': 'NetTie_2', 'Footprint': '', 'Datasheet': '~', 'Description': 'Net tie, 2 pins', 'Config': '', 'Manufacturer Part Number': '', 'part': 'NetTie_2'} (kibot - v5_sch.py:1771)
DEBUG:C34 (0.1uF_0603_16V 0.1μF): 1 {'Reference': 'C34', 'Value': '0.1μF', 'Footprint': 'Capacitor_SMD:C_0603_1608Metric_Pad1.08x0.95mm_HandSolder', 'Datasheet': '~', 'Description': '0.1uF, Min. 16V 10%, X7R or X5R or similar', 'Specifications': '0.1uF, Min. 16V 10%, X7R or X5R or similar', 'Manufacturer': 'AVX Corporation', 'Part Number': '0603YC104KAT2A', 'Display': '0.1uF', 'JLCPCB ID': 'C14663', 'Config': '', 'Manufacturer Part Number': '', 'part': '0.1uF_0603_16V'} (kibot - v5_sch.py:1771)
DEBUG:U7 (PINA745AIRELR): 1 {'Reference': 'U7', 'Value': 'PINA745AIRELR', 'Footprint': 'PINA745AIRELR:REL0014A_PINA745AIRELR_TEX', 'Datasheet': 'https://www.ti.com/lit/gpn/ina745a', 'Description': '', 'Config': '', 'Manufacturer Part Number': '', 'part': 'PINA745AIRELR'} (kibot - v5_sch.py:1771)
DEBUG:C19 (0.1uF_0603_16V 0.1μF): 1 {'Reference': 'C19', 'Value': '0.1μF', 'Footprint': 'Capacitor_SMD:C_0603_1608Metric_Pad1.08x0.95mm_HandSolder', 'Datasheet': '~', 'Description': '0.1uF, Min. 16V 10%, X7R or X5R or similar', 'Specifications': '0.1uF, Min. 16V 10%, X7R or X5R or similar', 'Manufacturer': 'AVX Corporation', 'Part Number': '0603YC104KAT2A', 'Display': '0.1uF', 'JLCPCB ID': 'C14663', 'Config': '', 'Manufacturer Part Number': '', 'part': '0.1uF_0603_16V'} (kibot - v5_sch.py:1771)
DEBUG:C22 (10uF_1206_35V 10μF): 1 {'Reference': 'C22', 'Value': '10μF', 'Footprint': 'Capacitor_SMD:C_0603_1608Metric_Pad1.08x0.95mm_HandSolder', 'Datasheet': '~', 'Description': '10uF, X6S, Min 35V', 'Specifications': '10uF, X6S, Min 35V', 'Manufacturer': 'TDK', 'Part Number': 'C3216X6S1V106K160AC', 'Display': '10uF', 'JLCPCB ID': 'C13585', 'Config': '', 'Manufacturer Part Number': '', 'part': '10uF_1206_35V'} (kibot - v5_sch.py:1771)
DEBUG:U8 (PTMUX6236RUMR): 1 {'Reference': 'U8', 'Value': 'PTMUX6236RUMR', 'Footprint': 'PTMUX6236RUMR:WQFN16_RUM_TEX', 'Datasheet': 'https://www.ti.com/lit/gpn/tmux6236', 'Description': '', 'Config': '', 'Manufacturer Part Number': '', 'part': 'PTMUX6236RUMR'} (kibot - v5_sch.py:1771)
DEBUG:C18 (10uF_1206_35V): 1 {'Reference': 'C18', 'Value': '10uF_1206_35V', 'Footprint': 'Capacitor_SMD:C_0603_1608Metric_Pad1.08x0.95mm_HandSolder', 'Datasheet': '~', 'Description': '10uF, X6S, Min 35V', 'Specifications': '10uF, X6S, Min 35V', 'Manufacturer': 'TDK', 'Part Number': 'C3216X6S1V106K160AC', 'Display': '10uF', 'JLCPCB ID': 'C13585', 'Config': '', 'Manufacturer Part Number': '', 'part': '10uF_1206_35V'} (kibot - v5_sch.py:1771)
DEBUG:C21 (0.1uF_0603_16V 0.1μF): 1 {'Reference': 'C21', 'Value': '0.1μF', 'Footprint': 'Capacitor_SMD:C_0603_1608Metric_Pad1.08x0.95mm_HandSolder', 'Datasheet': '~', 'Description': '0.1uF, Min. 16V 10%, X7R or X5R or similar', 'Specifications': '0.1uF, Min. 16V 10%, X7R or X5R or similar', 'Manufacturer': 'AVX Corporation', 'Part Number': '0603YC104KAT2A', 'Display': '0.1uF', 'JLCPCB ID': 'C14663', 'Config': '', 'Manufacturer Part Number': '', 'part': '0.1uF_0603_16V'} (kibot - v5_sch.py:1771)
DEBUG:C20 (10uF_1206_35V 10μF): 1 {'Reference': 'C20', 'Value': '10μF', 'Footprint': 'Capacitor_SMD:C_0603_1608Metric_Pad1.08x0.95mm_HandSolder', 'Datasheet': '~', 'Description': '10uF, X6S, Min 35V', 'Specifications': '10uF, X6S, Min 35V', 'Manufacturer': 'TDK', 'Part Number': 'C3216X6S1V106K160AC', 'Display': '10uF', 'JLCPCB ID': 'C13585', 'Config': '', 'Manufacturer Part Number': '', 'part': '10uF_1206_35V'} (kibot - v5_sch.py:1771)
DEBUG:Filtered warning: (W147) Not including component `fid.C` in filters because it has a malformed reference @ PCB (123.5, 116.6) mm (kibot - log.py:130)
DEBUG:Filtered warning: (W147) Not including component `REF**` in filters because it has a malformed reference @ PCB (151.1, 104.1) mm (kibot - log.py:130)
DEBUG:Filtered warning: (W147) Not including component `fid.B` in filters because it has a malformed reference @ PCB (121.0, 75.8) mm (kibot - log.py:130)
DEBUG:Filtered warning: (W147) Not including component `REF**` in filters because it has a malformed reference @ PCB (116.5, 75.9) mm (kibot - log.py:130)
DEBUG:Filtered warning: (W147) Not including component `Raspberry Pi` in filters because it has a malformed reference @ PCB (124.1552, 74.4728) mm (kibot - log.py:130)
DEBUG:Filtered warning: (W147) Not including component `REF**` in filters because it has a malformed reference @ PCB (116.4, 116.6) mm (kibot - log.py:130)
DEBUG:Filtered warning: (W147) Not including component `REF**` in filters because it has a malformed reference @ PCB (177.4, 75.9) mm (kibot - log.py:130)
DEBUG:Filtered warning: (W147) Not including component `REF**` in filters because it has a malformed reference @ PCB (177.4, 116.6) mm (kibot - log.py:130)
DEBUG:Filtered warning: (W147) Not including component `G***` in filters because it has a malformed reference @ PCB (142.560596, 81.44144) mm (kibot - log.py:130)
DEBUG:Filtered warning: (W147) Not including component `fid.A` in filters because it has a malformed reference @ PCB (170.5, 116.6) mm (kibot - log.py:130)
DEBUG:Filtered warning: (W147) Not including component `REF**` in filters because it has a malformed reference @ PCB (152.1, 109.6) mm (kibot - log.py:130)
DEBUG:Filters reset (kibot - fil_base.py:196)
DEBUG:Applying filter `_mechanical` to exclude (kibot - fil_base.py:187)
DEBUG:- U1 excluded (kibot - fil_base.py:192)
DEBUG:Applying filter `_kibom_dnf_Config` to fitted (kibot - fil_base.py:216)
DEBUG:Applying filter `_kibom_dnc_Config` to fixed (kibot - fil_base.py:226)
DEBUG:Applying KiBoM style variants `PRELIMINARY` (kibot - var_kibom.py:91)
DEBUG:Crossing modules (kibot - out_base.py:367)
DEBUG:Removing paste, mask and/or glue (kibot - out_base.py:448)
DEBUG:Eurocircuits Pattern class for `minimum` is 4 because the clearance is 0.2, track is 0.2 and OAR is 0.15 (kibot - out_report.py:101)
DEBUG:Eurocircuits Pattern class for `measured` is 4 because the clearance is 0.2, track is 0.2 and OAR is 0.15 (kibot - out_report.py:101)
DEBUG:Eurocircuits Pattern class for `defined` is 4 because the clearance is 0.2, track is 0.2 and OAR is 0.15 (kibot - out_report.py:101)
DEBUG:Eurocircuits Drill class for `minimum` is D because the drill is 0.25 (kibot - out_report.py:114)
DEBUG:Eurocircuits Drill class for `measured` is E because the drill is 0.2 (kibot - out_report.py:114)
DEBUG:Eurocircuits Drill class for `defined` is E because the drill is 0.2 (kibot - out_report.py:114)
DEBUG:Restoring paste, mask and/or glue (kibot - out_base.py:535)
DEBUG:Expanding `/github/workspace/./Schematic` in SCH context for <kibot.out_pdf_sch_print.PDF_SCH_PrintOptions object at 0x7f282a7efa10> parent: 'Schematic in PDF format' (pdf_schematic) [pdf_sch_print] (kibot - optionable.py:508)
DEBUG:Expanded `/github/workspace/./Schematic` (kibot - optionable.py:554)
DEBUG:Expanding `%f-%i%I%v.%x` in SCH context for <kibot.out_pdf_sch_print.PDF_SCH_PrintOptions object at 0x7f282a7efa10> parent: 'Schematic in PDF format' (pdf_schematic) [pdf_sch_print] (kibot - optionable.py:508)
DEBUG:Expanded `proalbmlb-schematic.pdf` (kibot - optionable.py:554)
DEBUG:Expanding `/github/workspace/./Manufacturing/Fabrication` in PCB context for <kibot.out_pcb_print.PCB_PrintOptions object at 0x7f282860cad0> parent: 'Fabrication document in PDF format' (pdf_fabrication) [pcb_print] (kibot - optionable.py:508)
DEBUG:Expanded `/github/workspace/./Manufacturing/Fabrication` (kibot - optionable.py:554)
DEBUG:Expanding `%f-fabrication%I%v.%x` in PCB context for <kibot.out_pcb_print.PCB_PrintOptions object at 0x7f282860cad0> parent: 'Fabrication document in PDF format' (pdf_fabrication) [pcb_print] (kibot - optionable.py:508)
DEBUG:Expanded `proalbmlb-fabrication.pdf` (kibot - optionable.py:554)
DEBUG:Expanding `/github/workspace/./Manufacturing/Assembly` in PCB context for <kibot.out_pcb_print.PCB_PrintOptions object at 0x7f282920d810> parent: 'Assembly document in PDF format' (pdf_assembly) [pcb_print] (kibot - optionable.py:508)
DEBUG:Expanded `/github/workspace/./Manufacturing/Assembly` (kibot - optionable.py:554)
DEBUG:Expanding `%f-assembly%I%v.%x` in PCB context for <kibot.out_pcb_print.PCB_PrintOptions object at 0x7f282920d810> parent: 'Assembly document in PDF format' (pdf_assembly) [pcb_print] (kibot - optionable.py:508)
DEBUG:Expanded `proalbmlb-assembly.pdf` (kibot - optionable.py:554)
DEBUG:Report template: `kibot_resources/templates/assembly_notes.txt` (kibot - out_report.py:1109)
DEBUG:Report output: `/github/workspace/Manufacturing/Assembly/proalbmlb-assembly_notes.txt` (kibot - out_report.py:1142)
Found 10 unique warning/s (51 total, 25 filtered)
