ISO-10303-21;
HEADER;
/* Generated by software containing ST-Developer
 * from STEP Tools, Inc. (www.steptools.com) 
 */
/* OPTION: using custom renumber hook */

FILE_DESCRIPTION(
/* description */ ('STEP AP242',
'CAx-IF Rec.Pracs.---Representation and Presentation of Product Manufa
cturing Information (PMI)---4.0---2014-10-13',
'CAx-IF Rec.Pracs.---3D Tessellated Geometry---0.4---2014-09-14','2;1'),

/* implementation_level */ '2;1');

FILE_NAME(
/* name */ 'D22022LB',
/* time_stamp */ '2025-12-23T22:57:52+01:00',
/* author */ ('License CC BY-ND 4.0'),
/* organization */ ('CADENAS'),
/* preprocessor_version */ 'ST-DEVELOPER v20',
/* originating_system */ 'PARTsolutions',
/* authorisation */ '  ');

FILE_SCHEMA (('AP242_MANAGED_MODEL_BASED_3D_ENGINEERING_MIM_LF { 1 0 10303 442 1 1 4 }'));
ENDSEC;

DATA;
#10=TOROIDAL_SURFACE('',#5921,0.135,0.01);
#11=TOROIDAL_SURFACE('',#5924,0.135,0.0100000000000001);
#12=TOROIDAL_SURFACE('',#5929,0.135,0.0100000000000001);
#13=TOROIDAL_SURFACE('',#5932,0.135,0.01);
#14=DEGENERATE_TOROIDAL_SURFACE('',#5856,0.0213824865405185,0.0500000000000005,
 .T.);
#15=ELLIPSE('',#5799,0.503892417275068,0.0875);
#16=ELLIPSE('',#5801,0.503892417275067,0.0875);
#17=ELLIPSE('',#5805,0.503892417275067,0.0875);
#18=ELLIPSE('',#5807,0.503892417275068,0.0875);
#19=ELLIPSE('',#5824,0.172763114494309,0.03);
#20=ELLIPSE('',#5825,0.521168728724499,0.0905);
#21=ELLIPSE('',#5830,0.172763114494309,0.03);
#22=ELLIPSE('',#5831,0.5211687287245,0.0905);
#23=ELLIPSE('',#5834,0.521168728724499,0.0905);
#24=ELLIPSE('',#5836,0.5211687287245,0.0905);
#25=ELLIPSE('',#5845,0.172763114494309,0.03);
#26=ELLIPSE('',#5849,0.172763114494309,0.03);
#27=B_SPLINE_CURVE_WITH_KNOTS('',3,(#8549,#8550,#8551,#8552),
 .UNSPECIFIED.,.F.,.F.,(4,4),(0.00101580221554088,0.00154860692415594),
 .UNSPECIFIED.);
#28=B_SPLINE_CURVE_WITH_KNOTS('',3,(#8553,#8554,#8555,#8556),
 .UNSPECIFIED.,.F.,.F.,(4,4),(0.00101980495055277,0.00155260965916783),
 .UNSPECIFIED.);
#29=B_SPLINE_CURVE_WITH_KNOTS('',3,(#8717,#8718,#8719,#8720,#8721,#8722),
 .UNSPECIFIED.,.F.,.F.,(4,1,1,4),(0.000969859770988975,0.00136186881817083,
0.00155787334176176,0.00175387786535269),.UNSPECIFIED.);
#30=B_SPLINE_CURVE_WITH_KNOTS('',3,(#8742,#8743,#8744,#8745,#8746,#8747),
 .UNSPECIFIED.,.F.,.F.,(4,1,1,4),(0.000969859770988975,0.00136186881817083,
0.00155787334176176,0.00175387786535269),.UNSPECIFIED.);
#31=B_SPLINE_CURVE_WITH_KNOTS('',3,(#8770,#8771,#8772,#8773,#8774,#8775),
 .UNSPECIFIED.,.F.,.F.,(4,1,1,4),(0.000969859770988966,0.00136186881817083,
0.00155787334176176,0.00175387786535269),.UNSPECIFIED.);
#32=B_SPLINE_CURVE_WITH_KNOTS('',3,(#8798,#8799,#8800,#8801,#8802,#8803),
 .UNSPECIFIED.,.F.,.F.,(4,1,1,4),(0.000969859770988968,0.00136186881817083,
0.00155787334176176,0.00175387786535269),.UNSPECIFIED.);
#33=B_SPLINE_CURVE_WITH_KNOTS('',3,(#8831,#8832,#8833,#8834,#8835,#8836),
 .UNSPECIFIED.,.F.,.F.,(4,1,1,4),(0.00527666668784001,0.00547516695691702,
0.00567366722599403,0.00607066776414804),.UNSPECIFIED.);
#34=B_SPLINE_CURVE_WITH_KNOTS('',3,(#8867,#8868,#8869,#8870,#8871,#8872),
 .UNSPECIFIED.,.F.,.F.,(4,1,1,4),(0.0052766666878405,0.00547516695691853,
0.00567366722599655,0.0060706677641526),.UNSPECIFIED.);
#35=B_SPLINE_CURVE_WITH_KNOTS('',3,(#8956,#8957,#8958,#8959,#8960,#8961),
 .UNSPECIFIED.,.F.,.F.,(4,1,1,4),(0.00527666668784071,0.00547516695691949,
0.00567366722599827,0.00607066776415584),.UNSPECIFIED.);
#36=B_SPLINE_CURVE_WITH_KNOTS('',3,(#9006,#9007,#9008,#9009,#9010,#9011),
 .UNSPECIFIED.,.F.,.F.,(4,1,1,4),(0.00527666668784107,0.00547516695692026,
0.00567366722599945,0.00607066776415784),.UNSPECIFIED.);
#37=CONICAL_SURFACE('',#5788,0.122,0.785398163397449);
#38=CONICAL_SURFACE('',#5858,0.0646837567297407,0.523598775598297);
#39=DRAUGHTING_PRE_DEFINED_COLOUR('black');
#40=CONTEXT_DEPENDENT_SHAPE_REPRESENTATION(#58,#9054);
#41=CONTEXT_DEPENDENT_SHAPE_REPRESENTATION(#59,#9056);
#42=CONTEXT_DEPENDENT_SHAPE_REPRESENTATION(#60,#9058);
#43=CONTEXT_DEPENDENT_SHAPE_REPRESENTATION(#61,#9060);
#44=CONTEXT_DEPENDENT_SHAPE_REPRESENTATION(#62,#9062);
#45=CONTEXT_DEPENDENT_SHAPE_REPRESENTATION(#63,#9064);
#46=CONTEXT_DEPENDENT_SHAPE_REPRESENTATION(#64,#9066);
#47=CONTEXT_DEPENDENT_SHAPE_REPRESENTATION(#65,#9068);
#48=CONTEXT_DEPENDENT_SHAPE_REPRESENTATION(#66,#9070);
#49=NEXT_ASSEMBLY_USAGE_OCCURRENCE('NAUO1','D2202-top_body',
'D2202-top_body',#9071,#9072,'');
#50=NEXT_ASSEMBLY_USAGE_OCCURRENCE('NAUO2','D2202-B-bottom_body',
'D2202-B-bottom_body',#9071,#9073,'');
#51=NEXT_ASSEMBLY_USAGE_OCCURRENCE('NAUO3','D2202-B-terminal',
'D2202-B-terminal',#9071,#9074,'');
#52=NEXT_ASSEMBLY_USAGE_OCCURRENCE('NAUO4','D2202-frame','D2202-frame',
#9071,#9075,'');
#53=NEXT_ASSEMBLY_USAGE_OCCURRENCE('NAUO5','D220LB-bushing',
'D220LB-bushing',#9071,#9076,'');
#54=NEXT_ASSEMBLY_USAGE_OCCURRENCE('NAUO6','D22LB-contact',
'D22LB-contact',#9071,#9077,'');
#55=NEXT_ASSEMBLY_USAGE_OCCURRENCE('NAUO7','D220L-toggles',
'D220L-toggles',#9071,#9078,'');
#56=NEXT_ASSEMBLY_USAGE_OCCURRENCE('NAUO8','AT427-cap','AT427-cap',#9071,
#9079,'');
#57=NEXT_ASSEMBLY_USAGE_OCCURRENCE('NAUO9','D2202-B-bracket',
'D2202-B-bracket',#9071,#9080,'');
#58=(
REPRESENTATION_RELATIONSHIP(' ',' ',#5465,#5464)
REPRESENTATION_RELATIONSHIP_WITH_TRANSFORMATION(#67)
SHAPE_REPRESENTATION_RELATIONSHIP()
);
#59=(
REPRESENTATION_RELATIONSHIP(' ',' ',#5466,#5464)
REPRESENTATION_RELATIONSHIP_WITH_TRANSFORMATION(#68)
SHAPE_REPRESENTATION_RELATIONSHIP()
);
#60=(
REPRESENTATION_RELATIONSHIP(' ',' ',#5467,#5464)
REPRESENTATION_RELATIONSHIP_WITH_TRANSFORMATION(#69)
SHAPE_REPRESENTATION_RELATIONSHIP()
);
#61=(
REPRESENTATION_RELATIONSHIP(' ',' ',#5468,#5464)
REPRESENTATION_RELATIONSHIP_WITH_TRANSFORMATION(#70)
SHAPE_REPRESENTATION_RELATIONSHIP()
);
#62=(
REPRESENTATION_RELATIONSHIP(' ',' ',#5469,#5464)
REPRESENTATION_RELATIONSHIP_WITH_TRANSFORMATION(#71)
SHAPE_REPRESENTATION_RELATIONSHIP()
);
#63=(
REPRESENTATION_RELATIONSHIP(' ',' ',#5470,#5464)
REPRESENTATION_RELATIONSHIP_WITH_TRANSFORMATION(#72)
SHAPE_REPRESENTATION_RELATIONSHIP()
);
#64=(
REPRESENTATION_RELATIONSHIP(' ',' ',#5471,#5464)
REPRESENTATION_RELATIONSHIP_WITH_TRANSFORMATION(#73)
SHAPE_REPRESENTATION_RELATIONSHIP()
);
#65=(
REPRESENTATION_RELATIONSHIP(' ',' ',#5472,#5464)
REPRESENTATION_RELATIONSHIP_WITH_TRANSFORMATION(#74)
SHAPE_REPRESENTATION_RELATIONSHIP()
);
#66=(
REPRESENTATION_RELATIONSHIP(' ',' ',#5473,#5464)
REPRESENTATION_RELATIONSHIP_WITH_TRANSFORMATION(#75)
SHAPE_REPRESENTATION_RELATIONSHIP()
);
#67=ITEM_DEFINED_TRANSFORMATION(' ',' ',#5474,#5517);
#68=ITEM_DEFINED_TRANSFORMATION(' ',' ',#5474,#5661);
#69=ITEM_DEFINED_TRANSFORMATION(' ',' ',#5474,#5704);
#70=ITEM_DEFINED_TRANSFORMATION(' ',' ',#5474,#5775);
#71=ITEM_DEFINED_TRANSFORMATION(' ',' ',#5474,#5793);
#72=ITEM_DEFINED_TRANSFORMATION(' ',' ',#5474,#5822);
#73=ITEM_DEFINED_TRANSFORMATION(' ',' ',#5474,#5853);
#74=ITEM_DEFINED_TRANSFORMATION(' ',' ',#5474,#5863);
#75=ITEM_DEFINED_TRANSFORMATION(' ',' ',#5474,#5933);
#76=SHAPE_REPRESENTATION_RELATIONSHIP('','',#5465,#85);
#77=SHAPE_REPRESENTATION_RELATIONSHIP('','',#5466,#86);
#78=SHAPE_REPRESENTATION_RELATIONSHIP('','',#5467,#87);
#79=SHAPE_REPRESENTATION_RELATIONSHIP('','',#5468,#88);
#80=SHAPE_REPRESENTATION_RELATIONSHIP('','',#5469,#89);
#81=SHAPE_REPRESENTATION_RELATIONSHIP('','',#5470,#90);
#82=SHAPE_REPRESENTATION_RELATIONSHIP('','',#5471,#91);
#83=SHAPE_REPRESENTATION_RELATIONSHIP('','',#5472,#92);
#84=SHAPE_REPRESENTATION_RELATIONSHIP('','',#5473,#93);
#85=ADVANCED_BREP_SHAPE_REPRESENTATION('',(#5445),#9027);
#86=ADVANCED_BREP_SHAPE_REPRESENTATION('',(#5446),#9028);
#87=ADVANCED_BREP_SHAPE_REPRESENTATION('',(#5447),#9029);
#88=ADVANCED_BREP_SHAPE_REPRESENTATION('',(#5448),#9030);
#89=ADVANCED_BREP_SHAPE_REPRESENTATION('',(#5449),#9031);
#90=ADVANCED_BREP_SHAPE_REPRESENTATION('',(#5450),#9032);
#91=ADVANCED_BREP_SHAPE_REPRESENTATION('',(#5451),#9033);
#92=ADVANCED_BREP_SHAPE_REPRESENTATION('',(#5452),#9034);
#93=ADVANCED_BREP_SHAPE_REPRESENTATION('',(#5453),#9035);
#94=CYLINDRICAL_SURFACE('',#5488,0.0100000000000001);
#95=CYLINDRICAL_SURFACE('',#5489,0.01);
#96=CYLINDRICAL_SURFACE('',#5491,0.0100000000000001);
#97=CYLINDRICAL_SURFACE('',#5493,0.01);
#98=CYLINDRICAL_SURFACE('',#5556,0.0100000000000001);
#99=CYLINDRICAL_SURFACE('',#5557,0.01);
#100=CYLINDRICAL_SURFACE('',#5558,0.0100000000000001);
#101=CYLINDRICAL_SURFACE('',#5559,0.01);
#102=CYLINDRICAL_SURFACE('',#5570,0.00500000000000001);
#103=CYLINDRICAL_SURFACE('',#5573,0.00500000000000001);
#104=CYLINDRICAL_SURFACE('',#5579,0.00500000000000003);
#105=CYLINDRICAL_SURFACE('',#5582,0.00500000000000008);
#106=CYLINDRICAL_SURFACE('',#5585,0.00500000000000001);
#107=CYLINDRICAL_SURFACE('',#5588,0.00500000000000001);
#108=CYLINDRICAL_SURFACE('',#5594,0.00500000000000003);
#109=CYLINDRICAL_SURFACE('',#5597,0.00500000000000008);
#110=CYLINDRICAL_SURFACE('',#5622,0.00999999999999996);
#111=CYLINDRICAL_SURFACE('',#5625,0.01);
#112=CYLINDRICAL_SURFACE('',#5628,0.01);
#113=CYLINDRICAL_SURFACE('',#5631,0.00999999999999996);
#114=CYLINDRICAL_SURFACE('',#5641,0.0155);
#115=CYLINDRICAL_SURFACE('',#5644,0.0155);
#116=CYLINDRICAL_SURFACE('',#5647,0.0155);
#117=CYLINDRICAL_SURFACE('',#5650,0.0155);
#118=CYLINDRICAL_SURFACE('',#5653,0.0155);
#119=CYLINDRICAL_SURFACE('',#5656,0.0155);
#120=CYLINDRICAL_SURFACE('',#5662,0.00999999999999996);
#121=CYLINDRICAL_SURFACE('',#5666,0.01);
#122=CYLINDRICAL_SURFACE('',#5670,0.01);
#123=CYLINDRICAL_SURFACE('',#5674,0.00999999999999996);
#124=CYLINDRICAL_SURFACE('',#5686,0.0155);
#125=CYLINDRICAL_SURFACE('',#5689,0.0155);
#126=CYLINDRICAL_SURFACE('',#5692,0.0155);
#127=CYLINDRICAL_SURFACE('',#5695,0.0155);
#128=CYLINDRICAL_SURFACE('',#5698,0.0155);
#129=CYLINDRICAL_SURFACE('',#5701,0.0155);
#130=CYLINDRICAL_SURFACE('',#5710,0.0100000000000001);
#131=CYLINDRICAL_SURFACE('',#5717,0.01);
#132=CYLINDRICAL_SURFACE('',#5720,0.0100000000000001);
#133=CYLINDRICAL_SURFACE('',#5727,0.01);
#134=CYLINDRICAL_SURFACE('',#5734,0.0249999999999999);
#135=CYLINDRICAL_SURFACE('',#5738,0.0249999999999999);
#136=CYLINDRICAL_SURFACE('',#5746,0.00749999999999998);
#137=CYLINDRICAL_SURFACE('',#5750,0.00749999999999999);
#138=CYLINDRICAL_SURFACE('',#5756,0.025);
#139=CYLINDRICAL_SURFACE('',#5760,0.025);
#140=CYLINDRICAL_SURFACE('',#5768,0.00749999999999998);
#141=CYLINDRICAL_SURFACE('',#5772,0.00749999999999999);
#142=CYLINDRICAL_SURFACE('',#5782,0.135);
#143=CYLINDRICAL_SURFACE('',#5786,0.122);
#144=CYLINDRICAL_SURFACE('',#5789,0.0875);
#145=CYLINDRICAL_SURFACE('',#5794,0.0875);
#146=CYLINDRICAL_SURFACE('',#5832,0.0905);
#147=CYLINDRICAL_SURFACE('',#5850,0.03);
#148=CYLINDRICAL_SURFACE('',#5860,0.1005);
#149=CYLINDRICAL_SURFACE('',#5877,0.0875);
#150=CYLINDRICAL_SURFACE('',#5889,0.014);
#151=CYLINDRICAL_SURFACE('',#5899,0.014);
#152=CYLINDRICAL_SURFACE('',#5906,0.014);
#153=CYLINDRICAL_SURFACE('',#5916,0.014);
#154=CYLINDRICAL_SURFACE('',#5923,0.145);
#155=CYLINDRICAL_SURFACE('',#5926,0.145);
#156=CYLINDRICAL_SURFACE('',#5927,0.145);
#157=CYLINDRICAL_SURFACE('',#5930,0.145);
#158=CIRCLE('',#5478,0.01);
#159=CIRCLE('',#5479,0.0100000000000001);
#160=CIRCLE('',#5480,0.01);
#161=CIRCLE('',#5481,0.0100000000000001);
#162=CIRCLE('',#5483,0.0100000000000001);
#163=CIRCLE('',#5484,0.01);
#164=CIRCLE('',#5485,0.0100000000000001);
#165=CIRCLE('',#5486,0.01);
#166=CIRCLE('',#5519,0.00500000000000001);
#167=CIRCLE('',#5520,0.00500000000000001);
#168=CIRCLE('',#5521,0.00500000000000003);
#169=CIRCLE('',#5522,0.00500000000000008);
#170=CIRCLE('',#5524,0.01);
#171=CIRCLE('',#5525,0.0100000000000001);
#172=CIRCLE('',#5526,0.01);
#173=CIRCLE('',#5527,0.0100000000000001);
#174=CIRCLE('',#5529,0.00500000000000008);
#175=CIRCLE('',#5530,0.00500000000000003);
#176=CIRCLE('',#5531,0.00500000000000001);
#177=CIRCLE('',#5532,0.00500000000000001);
#178=CIRCLE('',#5538,0.00999999999999996);
#179=CIRCLE('',#5539,0.01);
#180=CIRCLE('',#5540,0.01);
#181=CIRCLE('',#5541,0.00999999999999996);
#182=CIRCLE('',#5545,0.01);
#183=CIRCLE('',#5547,0.0100000000000001);
#184=CIRCLE('',#5549,0.01);
#185=CIRCLE('',#5551,0.0100000000000001);
#186=CIRCLE('',#5571,0.00500000000000001);
#187=CIRCLE('',#5574,0.00500000000000001);
#188=CIRCLE('',#5580,0.00500000000000003);
#189=CIRCLE('',#5583,0.00500000000000008);
#190=CIRCLE('',#5586,0.00500000000000001);
#191=CIRCLE('',#5589,0.00500000000000001);
#192=CIRCLE('',#5595,0.00500000000000003);
#193=CIRCLE('',#5598,0.00500000000000008);
#194=CIRCLE('',#5623,0.00999999999999996);
#195=CIRCLE('',#5626,0.01);
#196=CIRCLE('',#5629,0.01);
#197=CIRCLE('',#5632,0.00999999999999996);
#198=CIRCLE('',#5635,0.0155);
#199=CIRCLE('',#5636,0.0155);
#200=CIRCLE('',#5637,0.0155);
#201=CIRCLE('',#5638,0.0155);
#202=CIRCLE('',#5639,0.0155);
#203=CIRCLE('',#5640,0.0155);
#204=CIRCLE('',#5642,0.0155);
#205=CIRCLE('',#5645,0.0155);
#206=CIRCLE('',#5648,0.0155);
#207=CIRCLE('',#5651,0.0155);
#208=CIRCLE('',#5654,0.0155);
#209=CIRCLE('',#5657,0.0155);
#210=CIRCLE('',#5663,0.00999999999999996);
#211=CIRCLE('',#5664,0.00999999999999996);
#212=CIRCLE('',#5667,0.01);
#213=CIRCLE('',#5668,0.01);
#214=CIRCLE('',#5671,0.01);
#215=CIRCLE('',#5672,0.01);
#216=CIRCLE('',#5675,0.00999999999999996);
#217=CIRCLE('',#5676,0.00999999999999996);
#218=CIRCLE('',#5680,0.0155);
#219=CIRCLE('',#5681,0.0155);
#220=CIRCLE('',#5682,0.0155);
#221=CIRCLE('',#5683,0.0155);
#222=CIRCLE('',#5684,0.0155);
#223=CIRCLE('',#5685,0.0155);
#224=CIRCLE('',#5687,0.0155);
#225=CIRCLE('',#5690,0.0155);
#226=CIRCLE('',#5693,0.0155);
#227=CIRCLE('',#5696,0.0155);
#228=CIRCLE('',#5699,0.0155);
#229=CIRCLE('',#5702,0.0155);
#230=CIRCLE('',#5706,0.0100000000000001);
#231=CIRCLE('',#5707,0.01);
#232=CIRCLE('',#5708,0.0100000000000001);
#233=CIRCLE('',#5709,0.01);
#234=CIRCLE('',#5711,0.0100000000000001);
#235=CIRCLE('',#5713,0.025);
#236=CIRCLE('',#5714,0.025);
#237=CIRCLE('',#5715,0.00749999999999999);
#238=CIRCLE('',#5716,0.00749999999999998);
#239=CIRCLE('',#5718,0.01);
#240=CIRCLE('',#5721,0.0100000000000001);
#241=CIRCLE('',#5723,0.0249999999999999);
#242=CIRCLE('',#5724,0.0249999999999999);
#243=CIRCLE('',#5725,0.00749999999999998);
#244=CIRCLE('',#5726,0.00749999999999999);
#245=CIRCLE('',#5728,0.01);
#246=CIRCLE('',#5735,0.0249999999999999);
#247=CIRCLE('',#5739,0.0249999999999999);
#248=CIRCLE('',#5747,0.00749999999999998);
#249=CIRCLE('',#5751,0.00749999999999999);
#250=CIRCLE('',#5757,0.025);
#251=CIRCLE('',#5761,0.025);
#252=CIRCLE('',#5769,0.00749999999999998);
#253=CIRCLE('',#5773,0.00749999999999999);
#254=CIRCLE('',#5777,0.0875);
#255=CIRCLE('',#5778,0.107236220472441);
#256=CIRCLE('',#5780,0.135);
#257=CIRCLE('',#5781,0.0875);
#258=CIRCLE('',#5783,0.135);
#259=CIRCLE('',#5785,0.122);
#260=CIRCLE('',#5787,0.122);
#261=CIRCLE('',#5795,0.0875);
#262=CIRCLE('',#5796,0.0875);
#263=CIRCLE('',#5797,0.0875);
#264=CIRCLE('',#5798,0.0875);
#265=CIRCLE('',#5800,0.0875);
#266=CIRCLE('',#5802,0.0875);
#267=CIRCLE('',#5803,0.0875);
#268=CIRCLE('',#5804,0.0875);
#269=CIRCLE('',#5806,0.0875);
#270=CIRCLE('',#5827,0.03);
#271=CIRCLE('',#5828,0.0905);
#272=CIRCLE('',#5833,0.0905);
#273=CIRCLE('',#5835,0.0905);
#274=CIRCLE('',#5837,0.0905);
#275=CIRCLE('',#5838,0.0905);
#276=CIRCLE('',#5841,0.03);
#277=CIRCLE('',#5843,0.03);
#278=CIRCLE('',#5847,0.03);
#279=CIRCLE('',#5851,0.03);
#280=CIRCLE('',#5855,0.0213824865405187);
#281=CIRCLE('',#5857,0.0646837567297407);
#282=CIRCLE('',#5859,0.1005);
#283=CIRCLE('',#5861,0.1005);
#284=CIRCLE('',#5865,0.014);
#285=CIRCLE('',#5867,0.014);
#286=CIRCLE('',#5869,0.014);
#287=CIRCLE('',#5871,0.014);
#288=CIRCLE('',#5873,0.014);
#289=CIRCLE('',#5876,0.014);
#290=CIRCLE('',#5878,0.0875);
#291=CIRCLE('',#5879,0.0875);
#292=CIRCLE('',#5882,0.135);
#293=CIRCLE('',#5883,0.135);
#294=CIRCLE('',#5885,0.135);
#295=CIRCLE('',#5886,0.135);
#296=CIRCLE('',#5894,0.145);
#297=CIRCLE('',#5895,0.145);
#298=CIRCLE('',#5900,0.014);
#299=CIRCLE('',#5911,0.145);
#300=CIRCLE('',#5912,0.145);
#301=CIRCLE('',#5917,0.014);
#302=CIRCLE('',#5922,0.145);
#303=CIRCLE('',#5925,0.145);
#304=CIRCLE('',#5928,0.145);
#305=CIRCLE('',#5931,0.145);
#306=ORIENTED_EDGE('',*,*,#1794,.T.);
#307=ORIENTED_EDGE('',*,*,#1795,.T.);
#308=ORIENTED_EDGE('',*,*,#1796,.T.);
#309=ORIENTED_EDGE('',*,*,#1797,.T.);
#310=ORIENTED_EDGE('',*,*,#1798,.F.);
#311=ORIENTED_EDGE('',*,*,#1799,.F.);
#312=ORIENTED_EDGE('',*,*,#1800,.T.);
#313=ORIENTED_EDGE('',*,*,#1801,.T.);
#314=ORIENTED_EDGE('',*,*,#1802,.T.);
#315=ORIENTED_EDGE('',*,*,#1803,.F.);
#316=ORIENTED_EDGE('',*,*,#1804,.T.);
#317=ORIENTED_EDGE('',*,*,#1805,.T.);
#318=ORIENTED_EDGE('',*,*,#1806,.F.);
#319=ORIENTED_EDGE('',*,*,#1807,.T.);
#320=ORIENTED_EDGE('',*,*,#1799,.T.);
#321=ORIENTED_EDGE('',*,*,#1808,.T.);
#322=ORIENTED_EDGE('',*,*,#1809,.T.);
#323=ORIENTED_EDGE('',*,*,#1810,.T.);
#324=ORIENTED_EDGE('',*,*,#1811,.T.);
#325=ORIENTED_EDGE('',*,*,#1812,.F.);
#326=ORIENTED_EDGE('',*,*,#1813,.T.);
#327=ORIENTED_EDGE('',*,*,#1814,.F.);
#328=ORIENTED_EDGE('',*,*,#1815,.T.);
#329=ORIENTED_EDGE('',*,*,#1816,.T.);
#330=ORIENTED_EDGE('',*,*,#1817,.T.);
#331=ORIENTED_EDGE('',*,*,#1818,.T.);
#332=ORIENTED_EDGE('',*,*,#1803,.T.);
#333=ORIENTED_EDGE('',*,*,#1819,.T.);
#334=ORIENTED_EDGE('',*,*,#1820,.F.);
#335=ORIENTED_EDGE('',*,*,#1821,.T.);
#336=ORIENTED_EDGE('',*,*,#1822,.T.);
#337=ORIENTED_EDGE('',*,*,#1805,.F.);
#338=ORIENTED_EDGE('',*,*,#1823,.F.);
#339=ORIENTED_EDGE('',*,*,#1824,.F.);
#340=ORIENTED_EDGE('',*,*,#1825,.F.);
#341=ORIENTED_EDGE('',*,*,#1826,.F.);
#342=ORIENTED_EDGE('',*,*,#1827,.T.);
#343=ORIENTED_EDGE('',*,*,#1828,.F.);
#344=ORIENTED_EDGE('',*,*,#1829,.F.);
#345=ORIENTED_EDGE('',*,*,#1830,.F.);
#346=ORIENTED_EDGE('',*,*,#1831,.F.);
#347=ORIENTED_EDGE('',*,*,#1832,.F.);
#348=ORIENTED_EDGE('',*,*,#1833,.T.);
#349=ORIENTED_EDGE('',*,*,#1834,.F.);
#350=ORIENTED_EDGE('',*,*,#1835,.F.);
#351=ORIENTED_EDGE('',*,*,#1836,.F.);
#352=ORIENTED_EDGE('',*,*,#1837,.T.);
#353=ORIENTED_EDGE('',*,*,#1838,.T.);
#354=ORIENTED_EDGE('',*,*,#1839,.F.);
#355=ORIENTED_EDGE('',*,*,#1840,.F.);
#356=ORIENTED_EDGE('',*,*,#1841,.F.);
#357=ORIENTED_EDGE('',*,*,#1797,.F.);
#358=ORIENTED_EDGE('',*,*,#1842,.F.);
#359=ORIENTED_EDGE('',*,*,#1843,.F.);
#360=ORIENTED_EDGE('',*,*,#1811,.F.);
#361=ORIENTED_EDGE('',*,*,#1844,.T.);
#362=ORIENTED_EDGE('',*,*,#1834,.T.);
#363=ORIENTED_EDGE('',*,*,#1845,.F.);
#364=ORIENTED_EDGE('',*,*,#1823,.T.);
#365=ORIENTED_EDGE('',*,*,#1804,.F.);
#366=ORIENTED_EDGE('',*,*,#1818,.F.);
#367=ORIENTED_EDGE('',*,*,#1846,.T.);
#368=ORIENTED_EDGE('',*,*,#1841,.T.);
#369=ORIENTED_EDGE('',*,*,#1847,.F.);
#370=ORIENTED_EDGE('',*,*,#1808,.F.);
#371=ORIENTED_EDGE('',*,*,#1798,.T.);
#372=ORIENTED_EDGE('',*,*,#1848,.F.);
#373=ORIENTED_EDGE('',*,*,#1836,.T.);
#374=ORIENTED_EDGE('',*,*,#1849,.F.);
#375=ORIENTED_EDGE('',*,*,#1809,.F.);
#376=ORIENTED_EDGE('',*,*,#1847,.T.);
#377=ORIENTED_EDGE('',*,*,#1840,.T.);
#378=ORIENTED_EDGE('',*,*,#1850,.T.);
#379=ORIENTED_EDGE('',*,*,#1851,.F.);
#380=ORIENTED_EDGE('',*,*,#1835,.T.);
#381=ORIENTED_EDGE('',*,*,#1844,.F.);
#382=ORIENTED_EDGE('',*,*,#1810,.F.);
#383=ORIENTED_EDGE('',*,*,#1849,.T.);
#384=ORIENTED_EDGE('',*,*,#1852,.F.);
#385=ORIENTED_EDGE('',*,*,#1853,.F.);
#386=ORIENTED_EDGE('',*,*,#1830,.T.);
#387=ORIENTED_EDGE('',*,*,#1854,.F.);
#388=ORIENTED_EDGE('',*,*,#1815,.F.);
#389=ORIENTED_EDGE('',*,*,#1855,.F.);
#390=ORIENTED_EDGE('',*,*,#1829,.T.);
#391=ORIENTED_EDGE('',*,*,#1856,.F.);
#392=ORIENTED_EDGE('',*,*,#1816,.F.);
#393=ORIENTED_EDGE('',*,*,#1854,.T.);
#394=ORIENTED_EDGE('',*,*,#1828,.T.);
#395=ORIENTED_EDGE('',*,*,#1857,.F.);
#396=ORIENTED_EDGE('',*,*,#1858,.T.);
#397=ORIENTED_EDGE('',*,*,#1859,.T.);
#398=ORIENTED_EDGE('',*,*,#1824,.T.);
#399=ORIENTED_EDGE('',*,*,#1846,.F.);
#400=ORIENTED_EDGE('',*,*,#1817,.F.);
#401=ORIENTED_EDGE('',*,*,#1856,.T.);
#402=ORIENTED_EDGE('',*,*,#1860,.T.);
#403=ORIENTED_EDGE('',*,*,#1858,.F.);
#404=ORIENTED_EDGE('',*,*,#1861,.F.);
#405=ORIENTED_EDGE('',*,*,#1862,.T.);
#406=ORIENTED_EDGE('',*,*,#1827,.F.);
#407=ORIENTED_EDGE('',*,*,#1863,.T.);
#408=ORIENTED_EDGE('',*,*,#1861,.T.);
#409=ORIENTED_EDGE('',*,*,#1857,.T.);
#410=ORIENTED_EDGE('',*,*,#1864,.F.);
#411=ORIENTED_EDGE('',*,*,#1825,.T.);
#412=ORIENTED_EDGE('',*,*,#1859,.F.);
#413=ORIENTED_EDGE('',*,*,#1860,.F.);
#414=ORIENTED_EDGE('',*,*,#1864,.T.);
#415=ORIENTED_EDGE('',*,*,#1862,.F.);
#416=ORIENTED_EDGE('',*,*,#1863,.F.);
#417=ORIENTED_EDGE('',*,*,#1826,.T.);
#418=ORIENTED_EDGE('',*,*,#1837,.F.);
#419=ORIENTED_EDGE('',*,*,#1848,.T.);
#420=ORIENTED_EDGE('',*,*,#1865,.T.);
#421=ORIENTED_EDGE('',*,*,#1866,.T.);
#422=ORIENTED_EDGE('',*,*,#1850,.F.);
#423=ORIENTED_EDGE('',*,*,#1839,.T.);
#424=ORIENTED_EDGE('',*,*,#1867,.F.);
#425=ORIENTED_EDGE('',*,*,#1868,.F.);
#426=ORIENTED_EDGE('',*,*,#1868,.T.);
#427=ORIENTED_EDGE('',*,*,#1869,.F.);
#428=ORIENTED_EDGE('',*,*,#1865,.F.);
#429=ORIENTED_EDGE('',*,*,#1851,.T.);
#430=ORIENTED_EDGE('',*,*,#1867,.T.);
#431=ORIENTED_EDGE('',*,*,#1838,.F.);
#432=ORIENTED_EDGE('',*,*,#1866,.F.);
#433=ORIENTED_EDGE('',*,*,#1869,.T.);
#434=ORIENTED_EDGE('',*,*,#1812,.T.);
#435=ORIENTED_EDGE('',*,*,#1843,.T.);
#436=ORIENTED_EDGE('',*,*,#1870,.F.);
#437=ORIENTED_EDGE('',*,*,#1871,.F.);
#438=ORIENTED_EDGE('',*,*,#1842,.T.);
#439=ORIENTED_EDGE('',*,*,#1872,.F.);
#440=ORIENTED_EDGE('',*,*,#1873,.F.);
#441=ORIENTED_EDGE('',*,*,#1870,.T.);
#442=ORIENTED_EDGE('',*,*,#1845,.T.);
#443=ORIENTED_EDGE('',*,*,#1833,.F.);
#444=ORIENTED_EDGE('',*,*,#1874,.F.);
#445=ORIENTED_EDGE('',*,*,#1872,.T.);
#446=ORIENTED_EDGE('',*,*,#1853,.T.);
#447=ORIENTED_EDGE('',*,*,#1875,.F.);
#448=ORIENTED_EDGE('',*,*,#1876,.F.);
#449=ORIENTED_EDGE('',*,*,#1831,.T.);
#450=ORIENTED_EDGE('',*,*,#1852,.T.);
#451=ORIENTED_EDGE('',*,*,#1877,.F.);
#452=ORIENTED_EDGE('',*,*,#1878,.F.);
#453=ORIENTED_EDGE('',*,*,#1875,.T.);
#454=ORIENTED_EDGE('',*,*,#1814,.T.);
#455=ORIENTED_EDGE('',*,*,#1879,.F.);
#456=ORIENTED_EDGE('',*,*,#1877,.T.);
#457=ORIENTED_EDGE('',*,*,#1855,.T.);
#458=ORIENTED_EDGE('',*,*,#1871,.T.);
#459=ORIENTED_EDGE('',*,*,#1873,.T.);
#460=ORIENTED_EDGE('',*,*,#1874,.T.);
#461=ORIENTED_EDGE('',*,*,#1832,.T.);
#462=ORIENTED_EDGE('',*,*,#1876,.T.);
#463=ORIENTED_EDGE('',*,*,#1878,.T.);
#464=ORIENTED_EDGE('',*,*,#1879,.T.);
#465=ORIENTED_EDGE('',*,*,#1813,.F.);
#466=ORIENTED_EDGE('',*,*,#1880,.T.);
#467=ORIENTED_EDGE('',*,*,#1881,.T.);
#468=ORIENTED_EDGE('',*,*,#1794,.F.);
#469=ORIENTED_EDGE('',*,*,#1807,.F.);
#470=ORIENTED_EDGE('',*,*,#1795,.F.);
#471=ORIENTED_EDGE('',*,*,#1881,.F.);
#472=ORIENTED_EDGE('',*,*,#1882,.T.);
#473=ORIENTED_EDGE('',*,*,#1883,.T.);
#474=ORIENTED_EDGE('',*,*,#1796,.F.);
#475=ORIENTED_EDGE('',*,*,#1883,.F.);
#476=ORIENTED_EDGE('',*,*,#1884,.T.);
#477=ORIENTED_EDGE('',*,*,#1820,.T.);
#478=ORIENTED_EDGE('',*,*,#1800,.F.);
#479=ORIENTED_EDGE('',*,*,#1822,.F.);
#480=ORIENTED_EDGE('',*,*,#1885,.T.);
#481=ORIENTED_EDGE('',*,*,#1886,.T.);
#482=ORIENTED_EDGE('',*,*,#1801,.F.);
#483=ORIENTED_EDGE('',*,*,#1886,.F.);
#484=ORIENTED_EDGE('',*,*,#1887,.T.);
#485=ORIENTED_EDGE('',*,*,#1888,.T.);
#486=ORIENTED_EDGE('',*,*,#1802,.F.);
#487=ORIENTED_EDGE('',*,*,#1888,.F.);
#488=ORIENTED_EDGE('',*,*,#1889,.T.);
#489=ORIENTED_EDGE('',*,*,#1819,.F.);
#490=ORIENTED_EDGE('',*,*,#1806,.T.);
#491=ORIENTED_EDGE('',*,*,#1889,.F.);
#492=ORIENTED_EDGE('',*,*,#1887,.F.);
#493=ORIENTED_EDGE('',*,*,#1885,.F.);
#494=ORIENTED_EDGE('',*,*,#1821,.F.);
#495=ORIENTED_EDGE('',*,*,#1884,.F.);
#496=ORIENTED_EDGE('',*,*,#1882,.F.);
#497=ORIENTED_EDGE('',*,*,#1880,.F.);
#498=ORIENTED_EDGE('',*,*,#1890,.T.);
#499=ORIENTED_EDGE('',*,*,#1891,.T.);
#500=ORIENTED_EDGE('',*,*,#1892,.F.);
#501=ORIENTED_EDGE('',*,*,#1893,.T.);
#502=ORIENTED_EDGE('',*,*,#1894,.F.);
#503=ORIENTED_EDGE('',*,*,#1895,.T.);
#504=ORIENTED_EDGE('',*,*,#1896,.T.);
#505=ORIENTED_EDGE('',*,*,#1897,.T.);
#506=ORIENTED_EDGE('',*,*,#1898,.T.);
#507=ORIENTED_EDGE('',*,*,#1899,.F.);
#508=ORIENTED_EDGE('',*,*,#1900,.T.);
#509=ORIENTED_EDGE('',*,*,#1901,.F.);
#510=ORIENTED_EDGE('',*,*,#1902,.T.);
#511=ORIENTED_EDGE('',*,*,#1903,.F.);
#512=ORIENTED_EDGE('',*,*,#1904,.T.);
#513=ORIENTED_EDGE('',*,*,#1905,.T.);
#514=ORIENTED_EDGE('',*,*,#1906,.T.);
#515=ORIENTED_EDGE('',*,*,#1907,.T.);
#516=ORIENTED_EDGE('',*,*,#1908,.T.);
#517=ORIENTED_EDGE('',*,*,#1909,.T.);
#518=ORIENTED_EDGE('',*,*,#1910,.T.);
#519=ORIENTED_EDGE('',*,*,#1911,.F.);
#520=ORIENTED_EDGE('',*,*,#1912,.T.);
#521=ORIENTED_EDGE('',*,*,#1913,.T.);
#522=ORIENTED_EDGE('',*,*,#1914,.T.);
#523=ORIENTED_EDGE('',*,*,#1915,.F.);
#524=ORIENTED_EDGE('',*,*,#1916,.F.);
#525=ORIENTED_EDGE('',*,*,#1917,.T.);
#526=ORIENTED_EDGE('',*,*,#1918,.T.);
#527=ORIENTED_EDGE('',*,*,#1919,.T.);
#528=ORIENTED_EDGE('',*,*,#1920,.T.);
#529=ORIENTED_EDGE('',*,*,#1921,.F.);
#530=ORIENTED_EDGE('',*,*,#1922,.T.);
#531=ORIENTED_EDGE('',*,*,#1923,.T.);
#532=ORIENTED_EDGE('',*,*,#1924,.T.);
#533=ORIENTED_EDGE('',*,*,#1925,.T.);
#534=ORIENTED_EDGE('',*,*,#1926,.T.);
#535=ORIENTED_EDGE('',*,*,#1927,.F.);
#536=ORIENTED_EDGE('',*,*,#1928,.F.);
#537=ORIENTED_EDGE('',*,*,#1929,.T.);
#538=ORIENTED_EDGE('',*,*,#1930,.F.);
#539=ORIENTED_EDGE('',*,*,#1931,.T.);
#540=ORIENTED_EDGE('',*,*,#1932,.F.);
#541=ORIENTED_EDGE('',*,*,#1933,.F.);
#542=ORIENTED_EDGE('',*,*,#1934,.F.);
#543=ORIENTED_EDGE('',*,*,#1935,.F.);
#544=ORIENTED_EDGE('',*,*,#1936,.T.);
#545=ORIENTED_EDGE('',*,*,#1937,.F.);
#546=ORIENTED_EDGE('',*,*,#1938,.T.);
#547=ORIENTED_EDGE('',*,*,#1939,.F.);
#548=ORIENTED_EDGE('',*,*,#1940,.T.);
#549=ORIENTED_EDGE('',*,*,#1939,.T.);
#550=ORIENTED_EDGE('',*,*,#1941,.F.);
#551=ORIENTED_EDGE('',*,*,#1942,.F.);
#552=ORIENTED_EDGE('',*,*,#1943,.F.);
#553=ORIENTED_EDGE('',*,*,#1944,.F.);
#554=ORIENTED_EDGE('',*,*,#1945,.T.);
#555=ORIENTED_EDGE('',*,*,#1928,.T.);
#556=ORIENTED_EDGE('',*,*,#1891,.F.);
#557=ORIENTED_EDGE('',*,*,#1946,.T.);
#558=ORIENTED_EDGE('',*,*,#1947,.T.);
#559=ORIENTED_EDGE('',*,*,#1948,.T.);
#560=ORIENTED_EDGE('',*,*,#1949,.T.);
#561=ORIENTED_EDGE('',*,*,#1950,.F.);
#562=ORIENTED_EDGE('',*,*,#1902,.F.);
#563=ORIENTED_EDGE('',*,*,#1951,.F.);
#564=ORIENTED_EDGE('',*,*,#1952,.F.);
#565=ORIENTED_EDGE('',*,*,#1953,.F.);
#566=ORIENTED_EDGE('',*,*,#1954,.F.);
#567=ORIENTED_EDGE('',*,*,#1955,.F.);
#568=ORIENTED_EDGE('',*,*,#1956,.F.);
#569=ORIENTED_EDGE('',*,*,#1957,.F.);
#570=ORIENTED_EDGE('',*,*,#1958,.F.);
#571=ORIENTED_EDGE('',*,*,#1959,.F.);
#572=ORIENTED_EDGE('',*,*,#1960,.T.);
#573=ORIENTED_EDGE('',*,*,#1961,.F.);
#574=ORIENTED_EDGE('',*,*,#1962,.F.);
#575=ORIENTED_EDGE('',*,*,#1963,.F.);
#576=ORIENTED_EDGE('',*,*,#1964,.F.);
#577=ORIENTED_EDGE('',*,*,#1965,.F.);
#578=ORIENTED_EDGE('',*,*,#1966,.F.);
#579=ORIENTED_EDGE('',*,*,#1967,.F.);
#580=ORIENTED_EDGE('',*,*,#1968,.F.);
#581=ORIENTED_EDGE('',*,*,#1969,.F.);
#582=ORIENTED_EDGE('',*,*,#1970,.F.);
#583=ORIENTED_EDGE('',*,*,#1971,.F.);
#584=ORIENTED_EDGE('',*,*,#1972,.F.);
#585=ORIENTED_EDGE('',*,*,#1973,.F.);
#586=ORIENTED_EDGE('',*,*,#1974,.T.);
#587=ORIENTED_EDGE('',*,*,#1975,.T.);
#588=ORIENTED_EDGE('',*,*,#1976,.T.);
#589=ORIENTED_EDGE('',*,*,#1977,.T.);
#590=ORIENTED_EDGE('',*,*,#1978,.T.);
#591=ORIENTED_EDGE('',*,*,#1979,.T.);
#592=ORIENTED_EDGE('',*,*,#1980,.T.);
#593=ORIENTED_EDGE('',*,*,#1981,.T.);
#594=ORIENTED_EDGE('',*,*,#1982,.T.);
#595=ORIENTED_EDGE('',*,*,#1983,.T.);
#596=ORIENTED_EDGE('',*,*,#1984,.F.);
#597=ORIENTED_EDGE('',*,*,#1906,.F.);
#598=ORIENTED_EDGE('',*,*,#1985,.T.);
#599=ORIENTED_EDGE('',*,*,#1986,.T.);
#600=ORIENTED_EDGE('',*,*,#1987,.F.);
#601=ORIENTED_EDGE('',*,*,#1988,.F.);
#602=ORIENTED_EDGE('',*,*,#1989,.F.);
#603=ORIENTED_EDGE('',*,*,#1990,.T.);
#604=ORIENTED_EDGE('',*,*,#1991,.T.);
#605=ORIENTED_EDGE('',*,*,#1926,.F.);
#606=ORIENTED_EDGE('',*,*,#1992,.T.);
#607=ORIENTED_EDGE('',*,*,#1993,.T.);
#608=ORIENTED_EDGE('',*,*,#1994,.T.);
#609=ORIENTED_EDGE('',*,*,#1995,.F.);
#610=ORIENTED_EDGE('',*,*,#1996,.F.);
#611=ORIENTED_EDGE('',*,*,#1997,.F.);
#612=ORIENTED_EDGE('',*,*,#1998,.F.);
#613=ORIENTED_EDGE('',*,*,#1999,.F.);
#614=ORIENTED_EDGE('',*,*,#1983,.F.);
#615=ORIENTED_EDGE('',*,*,#2000,.F.);
#616=ORIENTED_EDGE('',*,*,#2001,.T.);
#617=ORIENTED_EDGE('',*,*,#2002,.F.);
#618=ORIENTED_EDGE('',*,*,#2003,.F.);
#619=ORIENTED_EDGE('',*,*,#2004,.F.);
#620=ORIENTED_EDGE('',*,*,#2005,.F.);
#621=ORIENTED_EDGE('',*,*,#2006,.F.);
#622=ORIENTED_EDGE('',*,*,#2007,.T.);
#623=ORIENTED_EDGE('',*,*,#2008,.T.);
#624=ORIENTED_EDGE('',*,*,#2009,.F.);
#625=ORIENTED_EDGE('',*,*,#2010,.F.);
#626=ORIENTED_EDGE('',*,*,#2011,.F.);
#627=ORIENTED_EDGE('',*,*,#2012,.T.);
#628=ORIENTED_EDGE('',*,*,#2013,.T.);
#629=ORIENTED_EDGE('',*,*,#1993,.F.);
#630=ORIENTED_EDGE('',*,*,#2014,.F.);
#631=ORIENTED_EDGE('',*,*,#2015,.F.);
#632=ORIENTED_EDGE('',*,*,#2016,.F.);
#633=ORIENTED_EDGE('',*,*,#1962,.T.);
#634=ORIENTED_EDGE('',*,*,#2017,.F.);
#635=ORIENTED_EDGE('',*,*,#1914,.F.);
#636=ORIENTED_EDGE('',*,*,#2018,.T.);
#637=ORIENTED_EDGE('',*,*,#2002,.T.);
#638=ORIENTED_EDGE('',*,*,#2019,.T.);
#639=ORIENTED_EDGE('',*,*,#2011,.T.);
#640=ORIENTED_EDGE('',*,*,#2020,.F.);
#641=ORIENTED_EDGE('',*,*,#1918,.F.);
#642=ORIENTED_EDGE('',*,*,#2021,.F.);
#643=ORIENTED_EDGE('',*,*,#1958,.T.);
#644=ORIENTED_EDGE('',*,*,#2022,.F.);
#645=ORIENTED_EDGE('',*,*,#1955,.T.);
#646=ORIENTED_EDGE('',*,*,#2023,.T.);
#647=ORIENTED_EDGE('',*,*,#2015,.T.);
#648=ORIENTED_EDGE('',*,*,#2024,.F.);
#649=ORIENTED_EDGE('',*,*,#1924,.F.);
#650=ORIENTED_EDGE('',*,*,#2025,.F.);
#651=ORIENTED_EDGE('',*,*,#2026,.F.);
#652=ORIENTED_EDGE('',*,*,#2027,.T.);
#653=ORIENTED_EDGE('',*,*,#1920,.F.);
#654=ORIENTED_EDGE('',*,*,#2028,.T.);
#655=ORIENTED_EDGE('',*,*,#2009,.T.);
#656=ORIENTED_EDGE('',*,*,#2029,.T.);
#657=ORIENTED_EDGE('',*,*,#1965,.T.);
#658=ORIENTED_EDGE('',*,*,#2030,.F.);
#659=ORIENTED_EDGE('',*,*,#2031,.T.);
#660=ORIENTED_EDGE('',*,*,#2032,.F.);
#661=ORIENTED_EDGE('',*,*,#2004,.T.);
#662=ORIENTED_EDGE('',*,*,#2033,.F.);
#663=ORIENTED_EDGE('',*,*,#1912,.F.);
#664=ORIENTED_EDGE('',*,*,#2034,.T.);
#665=ORIENTED_EDGE('',*,*,#2035,.T.);
#666=ORIENTED_EDGE('',*,*,#2036,.F.);
#667=ORIENTED_EDGE('',*,*,#1908,.F.);
#668=ORIENTED_EDGE('',*,*,#2037,.T.);
#669=ORIENTED_EDGE('',*,*,#1998,.T.);
#670=ORIENTED_EDGE('',*,*,#2038,.F.);
#671=ORIENTED_EDGE('',*,*,#2039,.T.);
#672=ORIENTED_EDGE('',*,*,#2014,.T.);
#673=ORIENTED_EDGE('',*,*,#1992,.F.);
#674=ORIENTED_EDGE('',*,*,#1925,.F.);
#675=ORIENTED_EDGE('',*,*,#2024,.T.);
#676=ORIENTED_EDGE('',*,*,#1999,.T.);
#677=ORIENTED_EDGE('',*,*,#2037,.F.);
#678=ORIENTED_EDGE('',*,*,#1907,.F.);
#679=ORIENTED_EDGE('',*,*,#1984,.T.);
#680=ORIENTED_EDGE('',*,*,#2003,.T.);
#681=ORIENTED_EDGE('',*,*,#2018,.F.);
#682=ORIENTED_EDGE('',*,*,#1913,.F.);
#683=ORIENTED_EDGE('',*,*,#2033,.T.);
#684=ORIENTED_EDGE('',*,*,#2010,.T.);
#685=ORIENTED_EDGE('',*,*,#2028,.F.);
#686=ORIENTED_EDGE('',*,*,#1919,.F.);
#687=ORIENTED_EDGE('',*,*,#2020,.T.);
#688=ORIENTED_EDGE('',*,*,#1969,.T.);
#689=ORIENTED_EDGE('',*,*,#2040,.F.);
#690=ORIENTED_EDGE('',*,*,#2041,.F.);
#691=ORIENTED_EDGE('',*,*,#2042,.T.);
#692=ORIENTED_EDGE('',*,*,#1986,.F.);
#693=ORIENTED_EDGE('',*,*,#2043,.T.);
#694=ORIENTED_EDGE('',*,*,#2041,.T.);
#695=ORIENTED_EDGE('',*,*,#2044,.T.);
#696=ORIENTED_EDGE('',*,*,#1968,.T.);
#697=ORIENTED_EDGE('',*,*,#1987,.T.);
#698=ORIENTED_EDGE('',*,*,#2044,.F.);
#699=ORIENTED_EDGE('',*,*,#2040,.T.);
#700=ORIENTED_EDGE('',*,*,#2045,.T.);
#701=ORIENTED_EDGE('',*,*,#1970,.T.);
#702=ORIENTED_EDGE('',*,*,#2042,.F.);
#703=ORIENTED_EDGE('',*,*,#2043,.F.);
#704=ORIENTED_EDGE('',*,*,#1985,.F.);
#705=ORIENTED_EDGE('',*,*,#1905,.F.);
#706=ORIENTED_EDGE('',*,*,#2046,.F.);
#707=ORIENTED_EDGE('',*,*,#1989,.T.);
#708=ORIENTED_EDGE('',*,*,#1952,.T.);
#709=ORIENTED_EDGE('',*,*,#2047,.F.);
#710=ORIENTED_EDGE('',*,*,#1990,.F.);
#711=ORIENTED_EDGE('',*,*,#2046,.T.);
#712=ORIENTED_EDGE('',*,*,#2048,.T.);
#713=ORIENTED_EDGE('',*,*,#2049,.T.);
#714=ORIENTED_EDGE('',*,*,#1973,.T.);
#715=ORIENTED_EDGE('',*,*,#2050,.F.);
#716=ORIENTED_EDGE('',*,*,#2048,.F.);
#717=ORIENTED_EDGE('',*,*,#2047,.T.);
#718=ORIENTED_EDGE('',*,*,#1972,.T.);
#719=ORIENTED_EDGE('',*,*,#2051,.T.);
#720=ORIENTED_EDGE('',*,*,#1903,.T.);
#721=ORIENTED_EDGE('',*,*,#1991,.F.);
#722=ORIENTED_EDGE('',*,*,#2049,.F.);
#723=ORIENTED_EDGE('',*,*,#2050,.T.);
#724=ORIENTED_EDGE('',*,*,#2017,.T.);
#725=ORIENTED_EDGE('',*,*,#1961,.T.);
#726=ORIENTED_EDGE('',*,*,#2052,.F.);
#727=ORIENTED_EDGE('',*,*,#1915,.T.);
#728=ORIENTED_EDGE('',*,*,#2053,.F.);
#729=ORIENTED_EDGE('',*,*,#1959,.T.);
#730=ORIENTED_EDGE('',*,*,#2021,.T.);
#731=ORIENTED_EDGE('',*,*,#1917,.F.);
#732=ORIENTED_EDGE('',*,*,#1938,.F.);
#733=ORIENTED_EDGE('',*,*,#2054,.F.);
#734=ORIENTED_EDGE('',*,*,#2055,.T.);
#735=ORIENTED_EDGE('',*,*,#1941,.T.);
#736=ORIENTED_EDGE('',*,*,#1937,.T.);
#737=ORIENTED_EDGE('',*,*,#2056,.F.);
#738=ORIENTED_EDGE('',*,*,#2057,.F.);
#739=ORIENTED_EDGE('',*,*,#2054,.T.);
#740=ORIENTED_EDGE('',*,*,#1936,.F.);
#741=ORIENTED_EDGE('',*,*,#2058,.F.);
#742=ORIENTED_EDGE('',*,*,#2059,.T.);
#743=ORIENTED_EDGE('',*,*,#2056,.T.);
#744=ORIENTED_EDGE('',*,*,#1935,.T.);
#745=ORIENTED_EDGE('',*,*,#2060,.F.);
#746=ORIENTED_EDGE('',*,*,#2061,.F.);
#747=ORIENTED_EDGE('',*,*,#2058,.T.);
#748=ORIENTED_EDGE('',*,*,#1934,.T.);
#749=ORIENTED_EDGE('',*,*,#2062,.F.);
#750=ORIENTED_EDGE('',*,*,#2063,.F.);
#751=ORIENTED_EDGE('',*,*,#2060,.T.);
#752=ORIENTED_EDGE('',*,*,#1933,.T.);
#753=ORIENTED_EDGE('',*,*,#2064,.F.);
#754=ORIENTED_EDGE('',*,*,#2065,.F.);
#755=ORIENTED_EDGE('',*,*,#2062,.T.);
#756=ORIENTED_EDGE('',*,*,#1932,.T.);
#757=ORIENTED_EDGE('',*,*,#2066,.F.);
#758=ORIENTED_EDGE('',*,*,#2067,.F.);
#759=ORIENTED_EDGE('',*,*,#2064,.T.);
#760=ORIENTED_EDGE('',*,*,#1931,.F.);
#761=ORIENTED_EDGE('',*,*,#2068,.F.);
#762=ORIENTED_EDGE('',*,*,#2069,.T.);
#763=ORIENTED_EDGE('',*,*,#2066,.T.);
#764=ORIENTED_EDGE('',*,*,#1930,.T.);
#765=ORIENTED_EDGE('',*,*,#2070,.F.);
#766=ORIENTED_EDGE('',*,*,#2071,.F.);
#767=ORIENTED_EDGE('',*,*,#2068,.T.);
#768=ORIENTED_EDGE('',*,*,#1929,.F.);
#769=ORIENTED_EDGE('',*,*,#1945,.F.);
#770=ORIENTED_EDGE('',*,*,#2072,.T.);
#771=ORIENTED_EDGE('',*,*,#2070,.T.);
#772=ORIENTED_EDGE('',*,*,#1944,.T.);
#773=ORIENTED_EDGE('',*,*,#2073,.T.);
#774=ORIENTED_EDGE('',*,*,#1942,.T.);
#775=ORIENTED_EDGE('',*,*,#2055,.F.);
#776=ORIENTED_EDGE('',*,*,#2057,.T.);
#777=ORIENTED_EDGE('',*,*,#2059,.F.);
#778=ORIENTED_EDGE('',*,*,#2061,.T.);
#779=ORIENTED_EDGE('',*,*,#2063,.T.);
#780=ORIENTED_EDGE('',*,*,#2065,.T.);
#781=ORIENTED_EDGE('',*,*,#2067,.T.);
#782=ORIENTED_EDGE('',*,*,#2069,.F.);
#783=ORIENTED_EDGE('',*,*,#2071,.T.);
#784=ORIENTED_EDGE('',*,*,#2072,.F.);
#785=ORIENTED_EDGE('',*,*,#1960,.F.);
#786=ORIENTED_EDGE('',*,*,#2053,.T.);
#787=ORIENTED_EDGE('',*,*,#1916,.T.);
#788=ORIENTED_EDGE('',*,*,#2052,.T.);
#789=ORIENTED_EDGE('',*,*,#1892,.T.);
#790=ORIENTED_EDGE('',*,*,#1948,.F.);
#791=ORIENTED_EDGE('',*,*,#2074,.F.);
#792=ORIENTED_EDGE('',*,*,#2075,.T.);
#793=ORIENTED_EDGE('',*,*,#1893,.F.);
#794=ORIENTED_EDGE('',*,*,#2075,.F.);
#795=ORIENTED_EDGE('',*,*,#2076,.T.);
#796=ORIENTED_EDGE('',*,*,#2077,.T.);
#797=ORIENTED_EDGE('',*,*,#1894,.T.);
#798=ORIENTED_EDGE('',*,*,#2077,.F.);
#799=ORIENTED_EDGE('',*,*,#2078,.F.);
#800=ORIENTED_EDGE('',*,*,#2079,.T.);
#801=ORIENTED_EDGE('',*,*,#1895,.F.);
#802=ORIENTED_EDGE('',*,*,#2079,.F.);
#803=ORIENTED_EDGE('',*,*,#2080,.T.);
#804=ORIENTED_EDGE('',*,*,#2081,.T.);
#805=ORIENTED_EDGE('',*,*,#1896,.F.);
#806=ORIENTED_EDGE('',*,*,#2081,.F.);
#807=ORIENTED_EDGE('',*,*,#2082,.T.);
#808=ORIENTED_EDGE('',*,*,#2083,.T.);
#809=ORIENTED_EDGE('',*,*,#1897,.F.);
#810=ORIENTED_EDGE('',*,*,#2083,.F.);
#811=ORIENTED_EDGE('',*,*,#2084,.T.);
#812=ORIENTED_EDGE('',*,*,#2085,.T.);
#813=ORIENTED_EDGE('',*,*,#1898,.F.);
#814=ORIENTED_EDGE('',*,*,#2085,.F.);
#815=ORIENTED_EDGE('',*,*,#2086,.T.);
#816=ORIENTED_EDGE('',*,*,#2087,.T.);
#817=ORIENTED_EDGE('',*,*,#1899,.T.);
#818=ORIENTED_EDGE('',*,*,#2087,.F.);
#819=ORIENTED_EDGE('',*,*,#2088,.F.);
#820=ORIENTED_EDGE('',*,*,#2089,.T.);
#821=ORIENTED_EDGE('',*,*,#1900,.F.);
#822=ORIENTED_EDGE('',*,*,#2089,.F.);
#823=ORIENTED_EDGE('',*,*,#2090,.T.);
#824=ORIENTED_EDGE('',*,*,#2091,.T.);
#825=ORIENTED_EDGE('',*,*,#1901,.T.);
#826=ORIENTED_EDGE('',*,*,#2091,.F.);
#827=ORIENTED_EDGE('',*,*,#2092,.F.);
#828=ORIENTED_EDGE('',*,*,#1951,.T.);
#829=ORIENTED_EDGE('',*,*,#1904,.F.);
#830=ORIENTED_EDGE('',*,*,#2051,.F.);
#831=ORIENTED_EDGE('',*,*,#1971,.T.);
#832=ORIENTED_EDGE('',*,*,#2045,.F.);
#833=ORIENTED_EDGE('',*,*,#2093,.F.);
#834=ORIENTED_EDGE('',*,*,#1949,.F.);
#835=ORIENTED_EDGE('',*,*,#2092,.T.);
#836=ORIENTED_EDGE('',*,*,#2090,.F.);
#837=ORIENTED_EDGE('',*,*,#2088,.T.);
#838=ORIENTED_EDGE('',*,*,#2086,.F.);
#839=ORIENTED_EDGE('',*,*,#2084,.F.);
#840=ORIENTED_EDGE('',*,*,#2082,.F.);
#841=ORIENTED_EDGE('',*,*,#2080,.F.);
#842=ORIENTED_EDGE('',*,*,#2078,.T.);
#843=ORIENTED_EDGE('',*,*,#2076,.F.);
#844=ORIENTED_EDGE('',*,*,#2074,.T.);
#845=ORIENTED_EDGE('',*,*,#1947,.F.);
#846=ORIENTED_EDGE('',*,*,#2006,.T.);
#847=ORIENTED_EDGE('',*,*,#2094,.F.);
#848=ORIENTED_EDGE('',*,*,#2095,.F.);
#849=ORIENTED_EDGE('',*,*,#2096,.T.);
#850=ORIENTED_EDGE('',*,*,#2031,.F.);
#851=ORIENTED_EDGE('',*,*,#2097,.T.);
#852=ORIENTED_EDGE('',*,*,#2095,.T.);
#853=ORIENTED_EDGE('',*,*,#2098,.T.);
#854=ORIENTED_EDGE('',*,*,#2005,.T.);
#855=ORIENTED_EDGE('',*,*,#2032,.T.);
#856=ORIENTED_EDGE('',*,*,#2098,.F.);
#857=ORIENTED_EDGE('',*,*,#2094,.T.);
#858=ORIENTED_EDGE('',*,*,#2000,.T.);
#859=ORIENTED_EDGE('',*,*,#2096,.F.);
#860=ORIENTED_EDGE('',*,*,#2097,.F.);
#861=ORIENTED_EDGE('',*,*,#2030,.T.);
#862=ORIENTED_EDGE('',*,*,#1964,.T.);
#863=ORIENTED_EDGE('',*,*,#2099,.T.);
#864=ORIENTED_EDGE('',*,*,#2100,.F.);
#865=ORIENTED_EDGE('',*,*,#2038,.T.);
#866=ORIENTED_EDGE('',*,*,#1997,.T.);
#867=ORIENTED_EDGE('',*,*,#2101,.F.);
#868=ORIENTED_EDGE('',*,*,#2039,.F.);
#869=ORIENTED_EDGE('',*,*,#2100,.T.);
#870=ORIENTED_EDGE('',*,*,#2102,.T.);
#871=ORIENTED_EDGE('',*,*,#2103,.T.);
#872=ORIENTED_EDGE('',*,*,#1996,.T.);
#873=ORIENTED_EDGE('',*,*,#2104,.F.);
#874=ORIENTED_EDGE('',*,*,#2102,.F.);
#875=ORIENTED_EDGE('',*,*,#2101,.T.);
#876=ORIENTED_EDGE('',*,*,#1995,.T.);
#877=ORIENTED_EDGE('',*,*,#2105,.F.);
#878=ORIENTED_EDGE('',*,*,#1966,.T.);
#879=ORIENTED_EDGE('',*,*,#2029,.F.);
#880=ORIENTED_EDGE('',*,*,#2103,.F.);
#881=ORIENTED_EDGE('',*,*,#2104,.T.);
#882=ORIENTED_EDGE('',*,*,#1921,.T.);
#883=ORIENTED_EDGE('',*,*,#2027,.F.);
#884=ORIENTED_EDGE('',*,*,#2106,.F.);
#885=ORIENTED_EDGE('',*,*,#2107,.F.);
#886=ORIENTED_EDGE('',*,*,#2108,.T.);
#887=ORIENTED_EDGE('',*,*,#2109,.T.);
#888=ORIENTED_EDGE('',*,*,#2025,.T.);
#889=ORIENTED_EDGE('',*,*,#1923,.F.);
#890=ORIENTED_EDGE('',*,*,#2109,.F.);
#891=ORIENTED_EDGE('',*,*,#2110,.F.);
#892=ORIENTED_EDGE('',*,*,#2106,.T.);
#893=ORIENTED_EDGE('',*,*,#2026,.T.);
#894=ORIENTED_EDGE('',*,*,#2107,.T.);
#895=ORIENTED_EDGE('',*,*,#2110,.T.);
#896=ORIENTED_EDGE('',*,*,#2108,.F.);
#897=ORIENTED_EDGE('',*,*,#1922,.F.);
#898=ORIENTED_EDGE('',*,*,#1911,.T.);
#899=ORIENTED_EDGE('',*,*,#2111,.F.);
#900=ORIENTED_EDGE('',*,*,#2112,.F.);
#901=ORIENTED_EDGE('',*,*,#2034,.F.);
#902=ORIENTED_EDGE('',*,*,#2036,.T.);
#903=ORIENTED_EDGE('',*,*,#2113,.T.);
#904=ORIENTED_EDGE('',*,*,#2114,.T.);
#905=ORIENTED_EDGE('',*,*,#1909,.F.);
#906=ORIENTED_EDGE('',*,*,#2113,.F.);
#907=ORIENTED_EDGE('',*,*,#2035,.F.);
#908=ORIENTED_EDGE('',*,*,#2112,.T.);
#909=ORIENTED_EDGE('',*,*,#2115,.T.);
#910=ORIENTED_EDGE('',*,*,#2114,.F.);
#911=ORIENTED_EDGE('',*,*,#2115,.F.);
#912=ORIENTED_EDGE('',*,*,#2111,.T.);
#913=ORIENTED_EDGE('',*,*,#1910,.F.);
#914=ORIENTED_EDGE('',*,*,#1994,.F.);
#915=ORIENTED_EDGE('',*,*,#1982,.F.);
#916=ORIENTED_EDGE('',*,*,#1967,.T.);
#917=ORIENTED_EDGE('',*,*,#2105,.T.);
#918=ORIENTED_EDGE('',*,*,#2001,.F.);
#919=ORIENTED_EDGE('',*,*,#2099,.F.);
#920=ORIENTED_EDGE('',*,*,#1963,.T.);
#921=ORIENTED_EDGE('',*,*,#2016,.T.);
#922=ORIENTED_EDGE('',*,*,#2007,.F.);
#923=ORIENTED_EDGE('',*,*,#2019,.F.);
#924=ORIENTED_EDGE('',*,*,#1957,.T.);
#925=ORIENTED_EDGE('',*,*,#2116,.T.);
#926=ORIENTED_EDGE('',*,*,#2008,.F.);
#927=ORIENTED_EDGE('',*,*,#2116,.F.);
#928=ORIENTED_EDGE('',*,*,#1956,.T.);
#929=ORIENTED_EDGE('',*,*,#2022,.T.);
#930=ORIENTED_EDGE('',*,*,#2012,.F.);
#931=ORIENTED_EDGE('',*,*,#2023,.F.);
#932=ORIENTED_EDGE('',*,*,#1954,.T.);
#933=ORIENTED_EDGE('',*,*,#2117,.T.);
#934=ORIENTED_EDGE('',*,*,#2013,.F.);
#935=ORIENTED_EDGE('',*,*,#2117,.F.);
#936=ORIENTED_EDGE('',*,*,#1953,.T.);
#937=ORIENTED_EDGE('',*,*,#1988,.T.);
#938=ORIENTED_EDGE('',*,*,#1974,.F.);
#939=ORIENTED_EDGE('',*,*,#2118,.F.);
#940=ORIENTED_EDGE('',*,*,#2119,.T.);
#941=ORIENTED_EDGE('',*,*,#2120,.T.);
#942=ORIENTED_EDGE('',*,*,#1975,.F.);
#943=ORIENTED_EDGE('',*,*,#2120,.F.);
#944=ORIENTED_EDGE('',*,*,#2121,.T.);
#945=ORIENTED_EDGE('',*,*,#2122,.T.);
#946=ORIENTED_EDGE('',*,*,#1976,.F.);
#947=ORIENTED_EDGE('',*,*,#2122,.F.);
#948=ORIENTED_EDGE('',*,*,#2123,.T.);
#949=ORIENTED_EDGE('',*,*,#2124,.T.);
#950=ORIENTED_EDGE('',*,*,#1977,.F.);
#951=ORIENTED_EDGE('',*,*,#2124,.F.);
#952=ORIENTED_EDGE('',*,*,#2125,.T.);
#953=ORIENTED_EDGE('',*,*,#2126,.T.);
#954=ORIENTED_EDGE('',*,*,#1978,.F.);
#955=ORIENTED_EDGE('',*,*,#2126,.F.);
#956=ORIENTED_EDGE('',*,*,#2127,.T.);
#957=ORIENTED_EDGE('',*,*,#2128,.T.);
#958=ORIENTED_EDGE('',*,*,#1979,.F.);
#959=ORIENTED_EDGE('',*,*,#2128,.F.);
#960=ORIENTED_EDGE('',*,*,#2129,.T.);
#961=ORIENTED_EDGE('',*,*,#2130,.T.);
#962=ORIENTED_EDGE('',*,*,#1980,.F.);
#963=ORIENTED_EDGE('',*,*,#2130,.F.);
#964=ORIENTED_EDGE('',*,*,#2131,.T.);
#965=ORIENTED_EDGE('',*,*,#2132,.T.);
#966=ORIENTED_EDGE('',*,*,#1981,.F.);
#967=ORIENTED_EDGE('',*,*,#2132,.F.);
#968=ORIENTED_EDGE('',*,*,#2133,.T.);
#969=ORIENTED_EDGE('',*,*,#2118,.T.);
#970=ORIENTED_EDGE('',*,*,#2134,.F.);
#971=ORIENTED_EDGE('',*,*,#2135,.F.);
#972=ORIENTED_EDGE('',*,*,#2136,.F.);
#973=ORIENTED_EDGE('',*,*,#2137,.F.);
#974=ORIENTED_EDGE('',*,*,#2138,.F.);
#975=ORIENTED_EDGE('',*,*,#2139,.F.);
#976=ORIENTED_EDGE('',*,*,#2119,.F.);
#977=ORIENTED_EDGE('',*,*,#2133,.F.);
#978=ORIENTED_EDGE('',*,*,#2131,.F.);
#979=ORIENTED_EDGE('',*,*,#2129,.F.);
#980=ORIENTED_EDGE('',*,*,#2127,.F.);
#981=ORIENTED_EDGE('',*,*,#2125,.F.);
#982=ORIENTED_EDGE('',*,*,#2123,.F.);
#983=ORIENTED_EDGE('',*,*,#2121,.F.);
#984=ORIENTED_EDGE('',*,*,#2140,.T.);
#985=ORIENTED_EDGE('',*,*,#2139,.T.);
#986=ORIENTED_EDGE('',*,*,#2140,.F.);
#987=ORIENTED_EDGE('',*,*,#2141,.T.);
#988=ORIENTED_EDGE('',*,*,#2138,.T.);
#989=ORIENTED_EDGE('',*,*,#2141,.F.);
#990=ORIENTED_EDGE('',*,*,#2142,.T.);
#991=ORIENTED_EDGE('',*,*,#2137,.T.);
#992=ORIENTED_EDGE('',*,*,#2142,.F.);
#993=ORIENTED_EDGE('',*,*,#2143,.T.);
#994=ORIENTED_EDGE('',*,*,#2136,.T.);
#995=ORIENTED_EDGE('',*,*,#2143,.F.);
#996=ORIENTED_EDGE('',*,*,#2144,.T.);
#997=ORIENTED_EDGE('',*,*,#2135,.T.);
#998=ORIENTED_EDGE('',*,*,#2144,.F.);
#999=ORIENTED_EDGE('',*,*,#2145,.T.);
#1000=ORIENTED_EDGE('',*,*,#2134,.T.);
#1001=ORIENTED_EDGE('',*,*,#2145,.F.);
#1002=ORIENTED_EDGE('',*,*,#1946,.F.);
#1003=ORIENTED_EDGE('',*,*,#1890,.F.);
#1004=ORIENTED_EDGE('',*,*,#1950,.T.);
#1005=ORIENTED_EDGE('',*,*,#2093,.T.);
#1006=ORIENTED_EDGE('',*,*,#1940,.F.);
#1007=ORIENTED_EDGE('',*,*,#2073,.F.);
#1008=ORIENTED_EDGE('',*,*,#1943,.T.);
#1009=ORIENTED_EDGE('',*,*,#1927,.T.);
#1010=ORIENTED_EDGE('',*,*,#2146,.T.);
#1011=ORIENTED_EDGE('',*,*,#2147,.F.);
#1012=ORIENTED_EDGE('',*,*,#2148,.F.);
#1013=ORIENTED_EDGE('',*,*,#2149,.T.);
#1014=ORIENTED_EDGE('',*,*,#2150,.T.);
#1015=ORIENTED_EDGE('',*,*,#2151,.F.);
#1016=ORIENTED_EDGE('',*,*,#2152,.F.);
#1017=ORIENTED_EDGE('',*,*,#2147,.T.);
#1018=ORIENTED_EDGE('',*,*,#2153,.T.);
#1019=ORIENTED_EDGE('',*,*,#2154,.F.);
#1020=ORIENTED_EDGE('',*,*,#2155,.F.);
#1021=ORIENTED_EDGE('',*,*,#2151,.T.);
#1022=ORIENTED_EDGE('',*,*,#2156,.T.);
#1023=ORIENTED_EDGE('',*,*,#2157,.F.);
#1024=ORIENTED_EDGE('',*,*,#2158,.F.);
#1025=ORIENTED_EDGE('',*,*,#2154,.T.);
#1026=ORIENTED_EDGE('',*,*,#2159,.T.);
#1027=ORIENTED_EDGE('',*,*,#2160,.F.);
#1028=ORIENTED_EDGE('',*,*,#2161,.F.);
#1029=ORIENTED_EDGE('',*,*,#2157,.T.);
#1030=ORIENTED_EDGE('',*,*,#2162,.T.);
#1031=ORIENTED_EDGE('',*,*,#2163,.F.);
#1032=ORIENTED_EDGE('',*,*,#2164,.F.);
#1033=ORIENTED_EDGE('',*,*,#2160,.T.);
#1034=ORIENTED_EDGE('',*,*,#2165,.T.);
#1035=ORIENTED_EDGE('',*,*,#2166,.F.);
#1036=ORIENTED_EDGE('',*,*,#2167,.F.);
#1037=ORIENTED_EDGE('',*,*,#2163,.T.);
#1038=ORIENTED_EDGE('',*,*,#2168,.T.);
#1039=ORIENTED_EDGE('',*,*,#2149,.F.);
#1040=ORIENTED_EDGE('',*,*,#2169,.F.);
#1041=ORIENTED_EDGE('',*,*,#2166,.T.);
#1042=ORIENTED_EDGE('',*,*,#2148,.T.);
#1043=ORIENTED_EDGE('',*,*,#2152,.T.);
#1044=ORIENTED_EDGE('',*,*,#2155,.T.);
#1045=ORIENTED_EDGE('',*,*,#2158,.T.);
#1046=ORIENTED_EDGE('',*,*,#2161,.T.);
#1047=ORIENTED_EDGE('',*,*,#2164,.T.);
#1048=ORIENTED_EDGE('',*,*,#2167,.T.);
#1049=ORIENTED_EDGE('',*,*,#2169,.T.);
#1050=ORIENTED_EDGE('',*,*,#2170,.T.);
#1051=ORIENTED_EDGE('',*,*,#2171,.T.);
#1052=ORIENTED_EDGE('',*,*,#2172,.T.);
#1053=ORIENTED_EDGE('',*,*,#2173,.T.);
#1054=ORIENTED_EDGE('',*,*,#2174,.T.);
#1055=ORIENTED_EDGE('',*,*,#2175,.T.);
#1056=ORIENTED_EDGE('',*,*,#2146,.F.);
#1057=ORIENTED_EDGE('',*,*,#2168,.F.);
#1058=ORIENTED_EDGE('',*,*,#2165,.F.);
#1059=ORIENTED_EDGE('',*,*,#2162,.F.);
#1060=ORIENTED_EDGE('',*,*,#2159,.F.);
#1061=ORIENTED_EDGE('',*,*,#2156,.F.);
#1062=ORIENTED_EDGE('',*,*,#2153,.F.);
#1063=ORIENTED_EDGE('',*,*,#2150,.F.);
#1064=ORIENTED_EDGE('',*,*,#2176,.T.);
#1065=ORIENTED_EDGE('',*,*,#2175,.F.);
#1066=ORIENTED_EDGE('',*,*,#2176,.F.);
#1067=ORIENTED_EDGE('',*,*,#2177,.T.);
#1068=ORIENTED_EDGE('',*,*,#2174,.F.);
#1069=ORIENTED_EDGE('',*,*,#2177,.F.);
#1070=ORIENTED_EDGE('',*,*,#2178,.T.);
#1071=ORIENTED_EDGE('',*,*,#2173,.F.);
#1072=ORIENTED_EDGE('',*,*,#2178,.F.);
#1073=ORIENTED_EDGE('',*,*,#2179,.T.);
#1074=ORIENTED_EDGE('',*,*,#2172,.F.);
#1075=ORIENTED_EDGE('',*,*,#2179,.F.);
#1076=ORIENTED_EDGE('',*,*,#2180,.T.);
#1077=ORIENTED_EDGE('',*,*,#2171,.F.);
#1078=ORIENTED_EDGE('',*,*,#2180,.F.);
#1079=ORIENTED_EDGE('',*,*,#2181,.T.);
#1080=ORIENTED_EDGE('',*,*,#2170,.F.);
#1081=ORIENTED_EDGE('',*,*,#2181,.F.);
#1082=ORIENTED_EDGE('',*,*,#2182,.F.);
#1083=ORIENTED_EDGE('',*,*,#2183,.F.);
#1084=ORIENTED_EDGE('',*,*,#2184,.T.);
#1085=ORIENTED_EDGE('',*,*,#2185,.F.);
#1086=ORIENTED_EDGE('',*,*,#2186,.F.);
#1087=ORIENTED_EDGE('',*,*,#2187,.F.);
#1088=ORIENTED_EDGE('',*,*,#2188,.F.);
#1089=ORIENTED_EDGE('',*,*,#2189,.F.);
#1090=ORIENTED_EDGE('',*,*,#2190,.F.);
#1091=ORIENTED_EDGE('',*,*,#2191,.T.);
#1092=ORIENTED_EDGE('',*,*,#2192,.T.);
#1093=ORIENTED_EDGE('',*,*,#2193,.F.);
#1094=ORIENTED_EDGE('',*,*,#2194,.F.);
#1095=ORIENTED_EDGE('',*,*,#2195,.F.);
#1096=ORIENTED_EDGE('',*,*,#2196,.F.);
#1097=ORIENTED_EDGE('',*,*,#2197,.F.);
#1098=ORIENTED_EDGE('',*,*,#2186,.T.);
#1099=ORIENTED_EDGE('',*,*,#2198,.F.);
#1100=ORIENTED_EDGE('',*,*,#2199,.F.);
#1101=ORIENTED_EDGE('',*,*,#2200,.T.);
#1102=ORIENTED_EDGE('',*,*,#2185,.T.);
#1103=ORIENTED_EDGE('',*,*,#2201,.F.);
#1104=ORIENTED_EDGE('',*,*,#2202,.F.);
#1105=ORIENTED_EDGE('',*,*,#2203,.F.);
#1106=ORIENTED_EDGE('',*,*,#2204,.F.);
#1107=ORIENTED_EDGE('',*,*,#2205,.F.);
#1108=ORIENTED_EDGE('',*,*,#2206,.F.);
#1109=ORIENTED_EDGE('',*,*,#2207,.F.);
#1110=ORIENTED_EDGE('',*,*,#2208,.F.);
#1111=ORIENTED_EDGE('',*,*,#2209,.F.);
#1112=ORIENTED_EDGE('',*,*,#2210,.F.);
#1113=ORIENTED_EDGE('',*,*,#2197,.T.);
#1114=ORIENTED_EDGE('',*,*,#2211,.F.);
#1115=ORIENTED_EDGE('',*,*,#2212,.F.);
#1116=ORIENTED_EDGE('',*,*,#2198,.T.);
#1117=ORIENTED_EDGE('',*,*,#2213,.T.);
#1118=ORIENTED_EDGE('',*,*,#2214,.T.);
#1119=ORIENTED_EDGE('',*,*,#2215,.T.);
#1120=ORIENTED_EDGE('',*,*,#2216,.T.);
#1121=ORIENTED_EDGE('',*,*,#2217,.T.);
#1122=ORIENTED_EDGE('',*,*,#2218,.T.);
#1123=ORIENTED_EDGE('',*,*,#2219,.T.);
#1124=ORIENTED_EDGE('',*,*,#2196,.T.);
#1125=ORIENTED_EDGE('',*,*,#2220,.F.);
#1126=ORIENTED_EDGE('',*,*,#2221,.F.);
#1127=ORIENTED_EDGE('',*,*,#2211,.T.);
#1128=ORIENTED_EDGE('',*,*,#2195,.T.);
#1129=ORIENTED_EDGE('',*,*,#2222,.F.);
#1130=ORIENTED_EDGE('',*,*,#2223,.F.);
#1131=ORIENTED_EDGE('',*,*,#2220,.T.);
#1132=ORIENTED_EDGE('',*,*,#2194,.T.);
#1133=ORIENTED_EDGE('',*,*,#2224,.F.);
#1134=ORIENTED_EDGE('',*,*,#2225,.F.);
#1135=ORIENTED_EDGE('',*,*,#2222,.T.);
#1136=ORIENTED_EDGE('',*,*,#2193,.T.);
#1137=ORIENTED_EDGE('',*,*,#2226,.T.);
#1138=ORIENTED_EDGE('',*,*,#2227,.T.);
#1139=ORIENTED_EDGE('',*,*,#2228,.T.);
#1140=ORIENTED_EDGE('',*,*,#2229,.T.);
#1141=ORIENTED_EDGE('',*,*,#2230,.T.);
#1142=ORIENTED_EDGE('',*,*,#2231,.T.);
#1143=ORIENTED_EDGE('',*,*,#2232,.T.);
#1144=ORIENTED_EDGE('',*,*,#2233,.T.);
#1145=ORIENTED_EDGE('',*,*,#2234,.T.);
#1146=ORIENTED_EDGE('',*,*,#2235,.T.);
#1147=ORIENTED_EDGE('',*,*,#2189,.T.);
#1148=ORIENTED_EDGE('',*,*,#2236,.F.);
#1149=ORIENTED_EDGE('',*,*,#2237,.F.);
#1150=ORIENTED_EDGE('',*,*,#2224,.T.);
#1151=ORIENTED_EDGE('',*,*,#2238,.F.);
#1152=ORIENTED_EDGE('',*,*,#2239,.F.);
#1153=ORIENTED_EDGE('',*,*,#2240,.F.);
#1154=ORIENTED_EDGE('',*,*,#2241,.F.);
#1155=ORIENTED_EDGE('',*,*,#2242,.F.);
#1156=ORIENTED_EDGE('',*,*,#2243,.F.);
#1157=ORIENTED_EDGE('',*,*,#2244,.F.);
#1158=ORIENTED_EDGE('',*,*,#2188,.T.);
#1159=ORIENTED_EDGE('',*,*,#2245,.F.);
#1160=ORIENTED_EDGE('',*,*,#2246,.F.);
#1161=ORIENTED_EDGE('',*,*,#2236,.T.);
#1162=ORIENTED_EDGE('',*,*,#2187,.T.);
#1163=ORIENTED_EDGE('',*,*,#2200,.F.);
#1164=ORIENTED_EDGE('',*,*,#2247,.F.);
#1165=ORIENTED_EDGE('',*,*,#2245,.T.);
#1166=ORIENTED_EDGE('',*,*,#2199,.T.);
#1167=ORIENTED_EDGE('',*,*,#2212,.T.);
#1168=ORIENTED_EDGE('',*,*,#2221,.T.);
#1169=ORIENTED_EDGE('',*,*,#2223,.T.);
#1170=ORIENTED_EDGE('',*,*,#2225,.T.);
#1171=ORIENTED_EDGE('',*,*,#2237,.T.);
#1172=ORIENTED_EDGE('',*,*,#2246,.T.);
#1173=ORIENTED_EDGE('',*,*,#2247,.T.);
#1174=ORIENTED_EDGE('',*,*,#2226,.F.);
#1175=ORIENTED_EDGE('',*,*,#2192,.F.);
#1176=ORIENTED_EDGE('',*,*,#2248,.T.);
#1177=ORIENTED_EDGE('',*,*,#2249,.T.);
#1178=ORIENTED_EDGE('',*,*,#2227,.F.);
#1179=ORIENTED_EDGE('',*,*,#2249,.F.);
#1180=ORIENTED_EDGE('',*,*,#2250,.T.);
#1181=ORIENTED_EDGE('',*,*,#2251,.T.);
#1182=ORIENTED_EDGE('',*,*,#2228,.F.);
#1183=ORIENTED_EDGE('',*,*,#2251,.F.);
#1184=ORIENTED_EDGE('',*,*,#2252,.T.);
#1185=ORIENTED_EDGE('',*,*,#2253,.T.);
#1186=ORIENTED_EDGE('',*,*,#2229,.F.);
#1187=ORIENTED_EDGE('',*,*,#2253,.F.);
#1188=ORIENTED_EDGE('',*,*,#2254,.T.);
#1189=ORIENTED_EDGE('',*,*,#2255,.T.);
#1190=ORIENTED_EDGE('',*,*,#2230,.F.);
#1191=ORIENTED_EDGE('',*,*,#2255,.F.);
#1192=ORIENTED_EDGE('',*,*,#2256,.T.);
#1193=ORIENTED_EDGE('',*,*,#2257,.T.);
#1194=ORIENTED_EDGE('',*,*,#2231,.F.);
#1195=ORIENTED_EDGE('',*,*,#2257,.F.);
#1196=ORIENTED_EDGE('',*,*,#2258,.T.);
#1197=ORIENTED_EDGE('',*,*,#2259,.T.);
#1198=ORIENTED_EDGE('',*,*,#2232,.F.);
#1199=ORIENTED_EDGE('',*,*,#2259,.F.);
#1200=ORIENTED_EDGE('',*,*,#2260,.T.);
#1201=ORIENTED_EDGE('',*,*,#2261,.T.);
#1202=ORIENTED_EDGE('',*,*,#2233,.F.);
#1203=ORIENTED_EDGE('',*,*,#2261,.F.);
#1204=ORIENTED_EDGE('',*,*,#2262,.T.);
#1205=ORIENTED_EDGE('',*,*,#2263,.T.);
#1206=ORIENTED_EDGE('',*,*,#2234,.F.);
#1207=ORIENTED_EDGE('',*,*,#2263,.F.);
#1208=ORIENTED_EDGE('',*,*,#2264,.T.);
#1209=ORIENTED_EDGE('',*,*,#2265,.T.);
#1210=ORIENTED_EDGE('',*,*,#2235,.F.);
#1211=ORIENTED_EDGE('',*,*,#2265,.F.);
#1212=ORIENTED_EDGE('',*,*,#2266,.T.);
#1213=ORIENTED_EDGE('',*,*,#2190,.T.);
#1214=ORIENTED_EDGE('',*,*,#2238,.T.);
#1215=ORIENTED_EDGE('',*,*,#2267,.F.);
#1216=ORIENTED_EDGE('',*,*,#2268,.F.);
#1217=ORIENTED_EDGE('',*,*,#2269,.T.);
#1218=ORIENTED_EDGE('',*,*,#2239,.T.);
#1219=ORIENTED_EDGE('',*,*,#2269,.F.);
#1220=ORIENTED_EDGE('',*,*,#2270,.F.);
#1221=ORIENTED_EDGE('',*,*,#2271,.T.);
#1222=ORIENTED_EDGE('',*,*,#2240,.T.);
#1223=ORIENTED_EDGE('',*,*,#2271,.F.);
#1224=ORIENTED_EDGE('',*,*,#2272,.F.);
#1225=ORIENTED_EDGE('',*,*,#2273,.T.);
#1226=ORIENTED_EDGE('',*,*,#2241,.T.);
#1227=ORIENTED_EDGE('',*,*,#2273,.F.);
#1228=ORIENTED_EDGE('',*,*,#2274,.F.);
#1229=ORIENTED_EDGE('',*,*,#2275,.T.);
#1230=ORIENTED_EDGE('',*,*,#2242,.T.);
#1231=ORIENTED_EDGE('',*,*,#2275,.F.);
#1232=ORIENTED_EDGE('',*,*,#2276,.F.);
#1233=ORIENTED_EDGE('',*,*,#2277,.T.);
#1234=ORIENTED_EDGE('',*,*,#2243,.T.);
#1235=ORIENTED_EDGE('',*,*,#2277,.F.);
#1236=ORIENTED_EDGE('',*,*,#2278,.F.);
#1237=ORIENTED_EDGE('',*,*,#2279,.T.);
#1238=ORIENTED_EDGE('',*,*,#2244,.T.);
#1239=ORIENTED_EDGE('',*,*,#2279,.F.);
#1240=ORIENTED_EDGE('',*,*,#2280,.F.);
#1241=ORIENTED_EDGE('',*,*,#2267,.T.);
#1242=ORIENTED_EDGE('',*,*,#2268,.T.);
#1243=ORIENTED_EDGE('',*,*,#2280,.T.);
#1244=ORIENTED_EDGE('',*,*,#2278,.T.);
#1245=ORIENTED_EDGE('',*,*,#2276,.T.);
#1246=ORIENTED_EDGE('',*,*,#2274,.T.);
#1247=ORIENTED_EDGE('',*,*,#2272,.T.);
#1248=ORIENTED_EDGE('',*,*,#2270,.T.);
#1249=ORIENTED_EDGE('',*,*,#2248,.F.);
#1250=ORIENTED_EDGE('',*,*,#2191,.F.);
#1251=ORIENTED_EDGE('',*,*,#2266,.F.);
#1252=ORIENTED_EDGE('',*,*,#2264,.F.);
#1253=ORIENTED_EDGE('',*,*,#2262,.F.);
#1254=ORIENTED_EDGE('',*,*,#2260,.F.);
#1255=ORIENTED_EDGE('',*,*,#2258,.F.);
#1256=ORIENTED_EDGE('',*,*,#2256,.F.);
#1257=ORIENTED_EDGE('',*,*,#2254,.F.);
#1258=ORIENTED_EDGE('',*,*,#2252,.F.);
#1259=ORIENTED_EDGE('',*,*,#2250,.F.);
#1260=ORIENTED_EDGE('',*,*,#2210,.T.);
#1261=ORIENTED_EDGE('',*,*,#2281,.F.);
#1262=ORIENTED_EDGE('',*,*,#2282,.F.);
#1263=ORIENTED_EDGE('',*,*,#2182,.T.);
#1264=ORIENTED_EDGE('',*,*,#2209,.T.);
#1265=ORIENTED_EDGE('',*,*,#2283,.F.);
#1266=ORIENTED_EDGE('',*,*,#2284,.F.);
#1267=ORIENTED_EDGE('',*,*,#2281,.T.);
#1268=ORIENTED_EDGE('',*,*,#2208,.T.);
#1269=ORIENTED_EDGE('',*,*,#2285,.F.);
#1270=ORIENTED_EDGE('',*,*,#2286,.F.);
#1271=ORIENTED_EDGE('',*,*,#2283,.T.);
#1272=ORIENTED_EDGE('',*,*,#2207,.T.);
#1273=ORIENTED_EDGE('',*,*,#2287,.F.);
#1274=ORIENTED_EDGE('',*,*,#2288,.F.);
#1275=ORIENTED_EDGE('',*,*,#2285,.T.);
#1276=ORIENTED_EDGE('',*,*,#2206,.T.);
#1277=ORIENTED_EDGE('',*,*,#2289,.F.);
#1278=ORIENTED_EDGE('',*,*,#2290,.F.);
#1279=ORIENTED_EDGE('',*,*,#2287,.T.);
#1280=ORIENTED_EDGE('',*,*,#2205,.T.);
#1281=ORIENTED_EDGE('',*,*,#2291,.F.);
#1282=ORIENTED_EDGE('',*,*,#2292,.F.);
#1283=ORIENTED_EDGE('',*,*,#2289,.T.);
#1284=ORIENTED_EDGE('',*,*,#2204,.T.);
#1285=ORIENTED_EDGE('',*,*,#2293,.F.);
#1286=ORIENTED_EDGE('',*,*,#2294,.F.);
#1287=ORIENTED_EDGE('',*,*,#2291,.T.);
#1288=ORIENTED_EDGE('',*,*,#2203,.T.);
#1289=ORIENTED_EDGE('',*,*,#2295,.F.);
#1290=ORIENTED_EDGE('',*,*,#2296,.F.);
#1291=ORIENTED_EDGE('',*,*,#2293,.T.);
#1292=ORIENTED_EDGE('',*,*,#2202,.T.);
#1293=ORIENTED_EDGE('',*,*,#2297,.F.);
#1294=ORIENTED_EDGE('',*,*,#2298,.F.);
#1295=ORIENTED_EDGE('',*,*,#2295,.T.);
#1296=ORIENTED_EDGE('',*,*,#2201,.T.);
#1297=ORIENTED_EDGE('',*,*,#2184,.F.);
#1298=ORIENTED_EDGE('',*,*,#2299,.F.);
#1299=ORIENTED_EDGE('',*,*,#2297,.T.);
#1300=ORIENTED_EDGE('',*,*,#2213,.F.);
#1301=ORIENTED_EDGE('',*,*,#2300,.F.);
#1302=ORIENTED_EDGE('',*,*,#2301,.T.);
#1303=ORIENTED_EDGE('',*,*,#2302,.T.);
#1304=ORIENTED_EDGE('',*,*,#2219,.F.);
#1305=ORIENTED_EDGE('',*,*,#2303,.F.);
#1306=ORIENTED_EDGE('',*,*,#2304,.T.);
#1307=ORIENTED_EDGE('',*,*,#2300,.T.);
#1308=ORIENTED_EDGE('',*,*,#2218,.F.);
#1309=ORIENTED_EDGE('',*,*,#2305,.F.);
#1310=ORIENTED_EDGE('',*,*,#2306,.T.);
#1311=ORIENTED_EDGE('',*,*,#2303,.T.);
#1312=ORIENTED_EDGE('',*,*,#2217,.F.);
#1313=ORIENTED_EDGE('',*,*,#2307,.F.);
#1314=ORIENTED_EDGE('',*,*,#2308,.T.);
#1315=ORIENTED_EDGE('',*,*,#2305,.T.);
#1316=ORIENTED_EDGE('',*,*,#2216,.F.);
#1317=ORIENTED_EDGE('',*,*,#2309,.F.);
#1318=ORIENTED_EDGE('',*,*,#2310,.T.);
#1319=ORIENTED_EDGE('',*,*,#2307,.T.);
#1320=ORIENTED_EDGE('',*,*,#2215,.F.);
#1321=ORIENTED_EDGE('',*,*,#2311,.F.);
#1322=ORIENTED_EDGE('',*,*,#2312,.T.);
#1323=ORIENTED_EDGE('',*,*,#2309,.T.);
#1324=ORIENTED_EDGE('',*,*,#2214,.F.);
#1325=ORIENTED_EDGE('',*,*,#2302,.F.);
#1326=ORIENTED_EDGE('',*,*,#2313,.T.);
#1327=ORIENTED_EDGE('',*,*,#2311,.T.);
#1328=ORIENTED_EDGE('',*,*,#2301,.F.);
#1329=ORIENTED_EDGE('',*,*,#2304,.F.);
#1330=ORIENTED_EDGE('',*,*,#2306,.F.);
#1331=ORIENTED_EDGE('',*,*,#2308,.F.);
#1332=ORIENTED_EDGE('',*,*,#2310,.F.);
#1333=ORIENTED_EDGE('',*,*,#2312,.F.);
#1334=ORIENTED_EDGE('',*,*,#2313,.F.);
#1335=ORIENTED_EDGE('',*,*,#2282,.T.);
#1336=ORIENTED_EDGE('',*,*,#2284,.T.);
#1337=ORIENTED_EDGE('',*,*,#2286,.T.);
#1338=ORIENTED_EDGE('',*,*,#2288,.T.);
#1339=ORIENTED_EDGE('',*,*,#2290,.T.);
#1340=ORIENTED_EDGE('',*,*,#2292,.T.);
#1341=ORIENTED_EDGE('',*,*,#2294,.T.);
#1342=ORIENTED_EDGE('',*,*,#2296,.T.);
#1343=ORIENTED_EDGE('',*,*,#2298,.T.);
#1344=ORIENTED_EDGE('',*,*,#2299,.T.);
#1345=ORIENTED_EDGE('',*,*,#2183,.T.);
#1346=ORIENTED_EDGE('',*,*,#2314,.T.);
#1347=ORIENTED_EDGE('',*,*,#2315,.F.);
#1348=ORIENTED_EDGE('',*,*,#2316,.F.);
#1349=ORIENTED_EDGE('',*,*,#2317,.F.);
#1350=ORIENTED_EDGE('',*,*,#2318,.F.);
#1351=ORIENTED_EDGE('',*,*,#2319,.T.);
#1352=ORIENTED_EDGE('',*,*,#2320,.T.);
#1353=ORIENTED_EDGE('',*,*,#2321,.T.);
#1354=ORIENTED_EDGE('',*,*,#2322,.T.);
#1355=ORIENTED_EDGE('',*,*,#2323,.F.);
#1356=ORIENTED_EDGE('',*,*,#2321,.F.);
#1357=ORIENTED_EDGE('',*,*,#2324,.T.);
#1358=ORIENTED_EDGE('',*,*,#2325,.T.);
#1359=ORIENTED_EDGE('',*,*,#2326,.T.);
#1360=ORIENTED_EDGE('',*,*,#2325,.F.);
#1361=ORIENTED_EDGE('',*,*,#2327,.T.);
#1362=ORIENTED_EDGE('',*,*,#2328,.T.);
#1363=ORIENTED_EDGE('',*,*,#2329,.T.);
#1364=ORIENTED_EDGE('',*,*,#2328,.F.);
#1365=ORIENTED_EDGE('',*,*,#2330,.T.);
#1366=ORIENTED_EDGE('',*,*,#2331,.T.);
#1367=ORIENTED_EDGE('',*,*,#2332,.T.);
#1368=ORIENTED_EDGE('',*,*,#2331,.F.);
#1369=ORIENTED_EDGE('',*,*,#2333,.T.);
#1370=ORIENTED_EDGE('',*,*,#2315,.T.);
#1371=ORIENTED_EDGE('',*,*,#2334,.T.);
#1372=ORIENTED_EDGE('',*,*,#2323,.T.);
#1373=ORIENTED_EDGE('',*,*,#2314,.F.);
#1374=ORIENTED_EDGE('',*,*,#2319,.F.);
#1375=ORIENTED_EDGE('',*,*,#2335,.F.);
#1376=ORIENTED_EDGE('',*,*,#2317,.T.);
#1377=ORIENTED_EDGE('',*,*,#2336,.T.);
#1378=ORIENTED_EDGE('',*,*,#2320,.F.);
#1379=ORIENTED_EDGE('',*,*,#2336,.F.);
#1380=ORIENTED_EDGE('',*,*,#2316,.T.);
#1381=ORIENTED_EDGE('',*,*,#2333,.F.);
#1382=ORIENTED_EDGE('',*,*,#2330,.F.);
#1383=ORIENTED_EDGE('',*,*,#2327,.F.);
#1384=ORIENTED_EDGE('',*,*,#2324,.F.);
#1385=ORIENTED_EDGE('',*,*,#2329,.F.);
#1386=ORIENTED_EDGE('',*,*,#2332,.F.);
#1387=ORIENTED_EDGE('',*,*,#2334,.F.);
#1388=ORIENTED_EDGE('',*,*,#2318,.T.);
#1389=ORIENTED_EDGE('',*,*,#2335,.T.);
#1390=ORIENTED_EDGE('',*,*,#2322,.F.);
#1391=ORIENTED_EDGE('',*,*,#2326,.F.);
#1392=ORIENTED_EDGE('',*,*,#2337,.F.);
#1393=ORIENTED_EDGE('',*,*,#2338,.F.);
#1394=ORIENTED_EDGE('',*,*,#2339,.T.);
#1395=ORIENTED_EDGE('',*,*,#2340,.F.);
#1396=ORIENTED_EDGE('',*,*,#2341,.F.);
#1397=ORIENTED_EDGE('',*,*,#2342,.F.);
#1398=ORIENTED_EDGE('',*,*,#2343,.F.);
#1399=ORIENTED_EDGE('',*,*,#2344,.F.);
#1400=ORIENTED_EDGE('',*,*,#2345,.F.);
#1401=ORIENTED_EDGE('',*,*,#2346,.F.);
#1402=ORIENTED_EDGE('',*,*,#2347,.F.);
#1403=ORIENTED_EDGE('',*,*,#2348,.F.);
#1404=ORIENTED_EDGE('',*,*,#2349,.T.);
#1405=ORIENTED_EDGE('',*,*,#2350,.F.);
#1406=ORIENTED_EDGE('',*,*,#2351,.F.);
#1407=ORIENTED_EDGE('',*,*,#2352,.F.);
#1408=ORIENTED_EDGE('',*,*,#2353,.F.);
#1409=ORIENTED_EDGE('',*,*,#2342,.T.);
#1410=ORIENTED_EDGE('',*,*,#2354,.T.);
#1411=ORIENTED_EDGE('',*,*,#2355,.T.);
#1412=ORIENTED_EDGE('',*,*,#2355,.F.);
#1413=ORIENTED_EDGE('',*,*,#2356,.T.);
#1414=ORIENTED_EDGE('',*,*,#2357,.T.);
#1415=ORIENTED_EDGE('',*,*,#2343,.T.);
#1416=ORIENTED_EDGE('',*,*,#2357,.F.);
#1417=ORIENTED_EDGE('',*,*,#2358,.T.);
#1418=ORIENTED_EDGE('',*,*,#2359,.T.);
#1419=ORIENTED_EDGE('',*,*,#2344,.T.);
#1420=ORIENTED_EDGE('',*,*,#2359,.F.);
#1421=ORIENTED_EDGE('',*,*,#2360,.T.);
#1422=ORIENTED_EDGE('',*,*,#2361,.T.);
#1423=ORIENTED_EDGE('',*,*,#2345,.T.);
#1424=ORIENTED_EDGE('',*,*,#2361,.F.);
#1425=ORIENTED_EDGE('',*,*,#2362,.T.);
#1426=ORIENTED_EDGE('',*,*,#2346,.T.);
#1427=ORIENTED_EDGE('',*,*,#2337,.T.);
#1428=ORIENTED_EDGE('',*,*,#2363,.F.);
#1429=ORIENTED_EDGE('',*,*,#2338,.T.);
#1430=ORIENTED_EDGE('',*,*,#2364,.T.);
#1431=ORIENTED_EDGE('',*,*,#2365,.F.);
#1432=ORIENTED_EDGE('',*,*,#2364,.F.);
#1433=ORIENTED_EDGE('',*,*,#2353,.T.);
#1434=ORIENTED_EDGE('',*,*,#2366,.T.);
#1435=ORIENTED_EDGE('',*,*,#2367,.F.);
#1436=ORIENTED_EDGE('',*,*,#2366,.F.);
#1437=ORIENTED_EDGE('',*,*,#2352,.T.);
#1438=ORIENTED_EDGE('',*,*,#2368,.T.);
#1439=ORIENTED_EDGE('',*,*,#2369,.F.);
#1440=ORIENTED_EDGE('',*,*,#2368,.F.);
#1441=ORIENTED_EDGE('',*,*,#2351,.T.);
#1442=ORIENTED_EDGE('',*,*,#2370,.T.);
#1443=ORIENTED_EDGE('',*,*,#2371,.F.);
#1444=ORIENTED_EDGE('',*,*,#2370,.F.);
#1445=ORIENTED_EDGE('',*,*,#2350,.T.);
#1446=ORIENTED_EDGE('',*,*,#2372,.T.);
#1447=ORIENTED_EDGE('',*,*,#2348,.T.);
#1448=ORIENTED_EDGE('',*,*,#2373,.F.);
#1449=ORIENTED_EDGE('',*,*,#2340,.T.);
#1450=ORIENTED_EDGE('',*,*,#2363,.T.);
#1451=ORIENTED_EDGE('',*,*,#2365,.T.);
#1452=ORIENTED_EDGE('',*,*,#2367,.T.);
#1453=ORIENTED_EDGE('',*,*,#2369,.T.);
#1454=ORIENTED_EDGE('',*,*,#2371,.T.);
#1455=ORIENTED_EDGE('',*,*,#2349,.F.);
#1456=ORIENTED_EDGE('',*,*,#2372,.F.);
#1457=ORIENTED_EDGE('',*,*,#2339,.F.);
#1458=ORIENTED_EDGE('',*,*,#2341,.T.);
#1459=ORIENTED_EDGE('',*,*,#2373,.T.);
#1460=ORIENTED_EDGE('',*,*,#2347,.T.);
#1461=ORIENTED_EDGE('',*,*,#2362,.F.);
#1462=ORIENTED_EDGE('',*,*,#2360,.F.);
#1463=ORIENTED_EDGE('',*,*,#2358,.F.);
#1464=ORIENTED_EDGE('',*,*,#2356,.F.);
#1465=ORIENTED_EDGE('',*,*,#2354,.F.);
#1466=ORIENTED_EDGE('',*,*,#2374,.T.);
#1467=ORIENTED_EDGE('',*,*,#2375,.T.);
#1468=ORIENTED_EDGE('',*,*,#2376,.F.);
#1469=ORIENTED_EDGE('',*,*,#2377,.T.);
#1470=ORIENTED_EDGE('',*,*,#2378,.F.);
#1471=ORIENTED_EDGE('',*,*,#2379,.T.);
#1472=ORIENTED_EDGE('',*,*,#2380,.T.);
#1473=ORIENTED_EDGE('',*,*,#2381,.T.);
#1474=ORIENTED_EDGE('',*,*,#2380,.F.);
#1475=ORIENTED_EDGE('',*,*,#2382,.T.);
#1476=ORIENTED_EDGE('',*,*,#2383,.T.);
#1477=ORIENTED_EDGE('',*,*,#2384,.T.);
#1478=ORIENTED_EDGE('',*,*,#2377,.F.);
#1479=ORIENTED_EDGE('',*,*,#2385,.F.);
#1480=ORIENTED_EDGE('',*,*,#2386,.F.);
#1481=ORIENTED_EDGE('',*,*,#2381,.F.);
#1482=ORIENTED_EDGE('',*,*,#2384,.F.);
#1483=ORIENTED_EDGE('',*,*,#2387,.F.);
#1484=ORIENTED_EDGE('',*,*,#2388,.F.);
#1485=ORIENTED_EDGE('',*,*,#2389,.F.);
#1486=ORIENTED_EDGE('',*,*,#2390,.T.);
#1487=ORIENTED_EDGE('',*,*,#2390,.F.);
#1488=ORIENTED_EDGE('',*,*,#2383,.F.);
#1489=ORIENTED_EDGE('',*,*,#2391,.T.);
#1490=ORIENTED_EDGE('',*,*,#2392,.F.);
#1491=ORIENTED_EDGE('',*,*,#2387,.T.);
#1492=ORIENTED_EDGE('',*,*,#2376,.T.);
#1493=ORIENTED_EDGE('',*,*,#2393,.T.);
#1494=ORIENTED_EDGE('',*,*,#2394,.T.);
#1495=ORIENTED_EDGE('',*,*,#2385,.T.);
#1496=ORIENTED_EDGE('',*,*,#2394,.F.);
#1497=ORIENTED_EDGE('',*,*,#2395,.T.);
#1498=ORIENTED_EDGE('',*,*,#2378,.T.);
#1499=ORIENTED_EDGE('',*,*,#2386,.T.);
#1500=ORIENTED_EDGE('',*,*,#2396,.T.);
#1501=ORIENTED_EDGE('',*,*,#2397,.T.);
#1502=ORIENTED_EDGE('',*,*,#2374,.F.);
#1503=ORIENTED_EDGE('',*,*,#2389,.T.);
#1504=ORIENTED_EDGE('',*,*,#2392,.T.);
#1505=ORIENTED_EDGE('',*,*,#2398,.T.);
#1506=ORIENTED_EDGE('',*,*,#2396,.F.);
#1507=ORIENTED_EDGE('',*,*,#2388,.T.);
#1508=ORIENTED_EDGE('',*,*,#2399,.F.);
#1509=ORIENTED_EDGE('',*,*,#2395,.F.);
#1510=ORIENTED_EDGE('',*,*,#2393,.F.);
#1511=ORIENTED_EDGE('',*,*,#2375,.F.);
#1512=ORIENTED_EDGE('',*,*,#2397,.F.);
#1513=ORIENTED_EDGE('',*,*,#2398,.F.);
#1514=ORIENTED_EDGE('',*,*,#2391,.F.);
#1515=ORIENTED_EDGE('',*,*,#2382,.F.);
#1516=ORIENTED_EDGE('',*,*,#2379,.F.);
#1517=ORIENTED_EDGE('',*,*,#2399,.T.);
#1518=ORIENTED_EDGE('',*,*,#2400,.F.);
#1519=ORIENTED_EDGE('',*,*,#2400,.T.);
#1520=ORIENTED_EDGE('',*,*,#2401,.F.);
#1521=ORIENTED_EDGE('',*,*,#2402,.F.);
#1522=ORIENTED_EDGE('',*,*,#2401,.T.);
#1523=ORIENTED_EDGE('',*,*,#2403,.F.);
#1524=ORIENTED_EDGE('',*,*,#2402,.T.);
#1525=ORIENTED_EDGE('',*,*,#2403,.T.);
#1526=ORIENTED_EDGE('',*,*,#2404,.F.);
#1527=ORIENTED_EDGE('',*,*,#2405,.F.);
#1528=ORIENTED_EDGE('',*,*,#2406,.T.);
#1529=ORIENTED_EDGE('',*,*,#2407,.T.);
#1530=ORIENTED_EDGE('',*,*,#2408,.T.);
#1531=ORIENTED_EDGE('',*,*,#2409,.T.);
#1532=ORIENTED_EDGE('',*,*,#2410,.T.);
#1533=ORIENTED_EDGE('',*,*,#2411,.T.);
#1534=ORIENTED_EDGE('',*,*,#2412,.T.);
#1535=ORIENTED_EDGE('',*,*,#2413,.T.);
#1536=ORIENTED_EDGE('',*,*,#2414,.T.);
#1537=ORIENTED_EDGE('',*,*,#2415,.T.);
#1538=ORIENTED_EDGE('',*,*,#2416,.T.);
#1539=ORIENTED_EDGE('',*,*,#2417,.F.);
#1540=ORIENTED_EDGE('',*,*,#2418,.F.);
#1541=ORIENTED_EDGE('',*,*,#2419,.F.);
#1542=ORIENTED_EDGE('',*,*,#2420,.F.);
#1543=ORIENTED_EDGE('',*,*,#2421,.F.);
#1544=ORIENTED_EDGE('',*,*,#2422,.F.);
#1545=ORIENTED_EDGE('',*,*,#2423,.F.);
#1546=ORIENTED_EDGE('',*,*,#2424,.F.);
#1547=ORIENTED_EDGE('',*,*,#2425,.F.);
#1548=ORIENTED_EDGE('',*,*,#2426,.T.);
#1549=ORIENTED_EDGE('',*,*,#2427,.T.);
#1550=ORIENTED_EDGE('',*,*,#2428,.F.);
#1551=ORIENTED_EDGE('',*,*,#2429,.F.);
#1552=ORIENTED_EDGE('',*,*,#2430,.F.);
#1553=ORIENTED_EDGE('',*,*,#2431,.F.);
#1554=ORIENTED_EDGE('',*,*,#2432,.F.);
#1555=ORIENTED_EDGE('',*,*,#2433,.F.);
#1556=ORIENTED_EDGE('',*,*,#2434,.F.);
#1557=ORIENTED_EDGE('',*,*,#2435,.F.);
#1558=ORIENTED_EDGE('',*,*,#2436,.F.);
#1559=ORIENTED_EDGE('',*,*,#2437,.T.);
#1560=ORIENTED_EDGE('',*,*,#2438,.T.);
#1561=ORIENTED_EDGE('',*,*,#2439,.T.);
#1562=ORIENTED_EDGE('',*,*,#2440,.T.);
#1563=ORIENTED_EDGE('',*,*,#2441,.T.);
#1564=ORIENTED_EDGE('',*,*,#2442,.T.);
#1565=ORIENTED_EDGE('',*,*,#2443,.T.);
#1566=ORIENTED_EDGE('',*,*,#2444,.T.);
#1567=ORIENTED_EDGE('',*,*,#2445,.T.);
#1568=ORIENTED_EDGE('',*,*,#2446,.F.);
#1569=ORIENTED_EDGE('',*,*,#2447,.F.);
#1570=ORIENTED_EDGE('',*,*,#2448,.F.);
#1571=ORIENTED_EDGE('',*,*,#2449,.T.);
#1572=ORIENTED_EDGE('',*,*,#2450,.T.);
#1573=ORIENTED_EDGE('',*,*,#2451,.F.);
#1574=ORIENTED_EDGE('',*,*,#2452,.T.);
#1575=ORIENTED_EDGE('',*,*,#2453,.F.);
#1576=ORIENTED_EDGE('',*,*,#2454,.F.);
#1577=ORIENTED_EDGE('',*,*,#2455,.F.);
#1578=ORIENTED_EDGE('',*,*,#2456,.F.);
#1579=ORIENTED_EDGE('',*,*,#2457,.F.);
#1580=ORIENTED_EDGE('',*,*,#2458,.F.);
#1581=ORIENTED_EDGE('',*,*,#2435,.T.);
#1582=ORIENTED_EDGE('',*,*,#2459,.F.);
#1583=ORIENTED_EDGE('',*,*,#2407,.F.);
#1584=ORIENTED_EDGE('',*,*,#2460,.T.);
#1585=ORIENTED_EDGE('',*,*,#2424,.T.);
#1586=ORIENTED_EDGE('',*,*,#2461,.T.);
#1587=ORIENTED_EDGE('',*,*,#2462,.F.);
#1588=ORIENTED_EDGE('',*,*,#2463,.F.);
#1589=ORIENTED_EDGE('',*,*,#2464,.T.);
#1590=ORIENTED_EDGE('',*,*,#2465,.T.);
#1591=ORIENTED_EDGE('',*,*,#2466,.T.);
#1592=ORIENTED_EDGE('',*,*,#2467,.F.);
#1593=ORIENTED_EDGE('',*,*,#2462,.T.);
#1594=ORIENTED_EDGE('',*,*,#2468,.T.);
#1595=ORIENTED_EDGE('',*,*,#2469,.T.);
#1596=ORIENTED_EDGE('',*,*,#2470,.T.);
#1597=ORIENTED_EDGE('',*,*,#2471,.T.);
#1598=ORIENTED_EDGE('',*,*,#2472,.T.);
#1599=ORIENTED_EDGE('',*,*,#2473,.T.);
#1600=ORIENTED_EDGE('',*,*,#2474,.T.);
#1601=ORIENTED_EDGE('',*,*,#2475,.F.);
#1602=ORIENTED_EDGE('',*,*,#2446,.T.);
#1603=ORIENTED_EDGE('',*,*,#2476,.F.);
#1604=ORIENTED_EDGE('',*,*,#2477,.T.);
#1605=ORIENTED_EDGE('',*,*,#2478,.T.);
#1606=ORIENTED_EDGE('',*,*,#2479,.F.);
#1607=ORIENTED_EDGE('',*,*,#2480,.T.);
#1608=ORIENTED_EDGE('',*,*,#2452,.F.);
#1609=ORIENTED_EDGE('',*,*,#2481,.F.);
#1610=ORIENTED_EDGE('',*,*,#2451,.T.);
#1611=ORIENTED_EDGE('',*,*,#2482,.F.);
#1612=ORIENTED_EDGE('',*,*,#2436,.T.);
#1613=ORIENTED_EDGE('',*,*,#2463,.T.);
#1614=ORIENTED_EDGE('',*,*,#2467,.T.);
#1615=ORIENTED_EDGE('',*,*,#2483,.T.);
#1616=ORIENTED_EDGE('',*,*,#2447,.T.);
#1617=ORIENTED_EDGE('',*,*,#2481,.T.);
#1618=ORIENTED_EDGE('',*,*,#2474,.F.);
#1619=ORIENTED_EDGE('',*,*,#2484,.F.);
#1620=ORIENTED_EDGE('',*,*,#2425,.T.);
#1621=ORIENTED_EDGE('',*,*,#2460,.F.);
#1622=ORIENTED_EDGE('',*,*,#2406,.F.);
#1623=ORIENTED_EDGE('',*,*,#2485,.T.);
#1624=ORIENTED_EDGE('',*,*,#2486,.F.);
#1625=ORIENTED_EDGE('',*,*,#2478,.F.);
#1626=ORIENTED_EDGE('',*,*,#2487,.T.);
#1627=ORIENTED_EDGE('',*,*,#2475,.T.);
#1628=ORIENTED_EDGE('',*,*,#2468,.F.);
#1629=ORIENTED_EDGE('',*,*,#2461,.F.);
#1630=ORIENTED_EDGE('',*,*,#2423,.T.);
#1631=ORIENTED_EDGE('',*,*,#2488,.T.);
#1632=ORIENTED_EDGE('',*,*,#2469,.F.);
#1633=ORIENTED_EDGE('',*,*,#2488,.F.);
#1634=ORIENTED_EDGE('',*,*,#2422,.T.);
#1635=ORIENTED_EDGE('',*,*,#2489,.T.);
#1636=ORIENTED_EDGE('',*,*,#2470,.F.);
#1637=ORIENTED_EDGE('',*,*,#2489,.F.);
#1638=ORIENTED_EDGE('',*,*,#2421,.T.);
#1639=ORIENTED_EDGE('',*,*,#2490,.T.);
#1640=ORIENTED_EDGE('',*,*,#2471,.F.);
#1641=ORIENTED_EDGE('',*,*,#2490,.F.);
#1642=ORIENTED_EDGE('',*,*,#2420,.T.);
#1643=ORIENTED_EDGE('',*,*,#2491,.T.);
#1644=ORIENTED_EDGE('',*,*,#2472,.F.);
#1645=ORIENTED_EDGE('',*,*,#2491,.F.);
#1646=ORIENTED_EDGE('',*,*,#2419,.T.);
#1647=ORIENTED_EDGE('',*,*,#2492,.T.);
#1648=ORIENTED_EDGE('',*,*,#2473,.F.);
#1649=ORIENTED_EDGE('',*,*,#2492,.F.);
#1650=ORIENTED_EDGE('',*,*,#2418,.T.);
#1651=ORIENTED_EDGE('',*,*,#2493,.T.);
#1652=ORIENTED_EDGE('',*,*,#2417,.T.);
#1653=ORIENTED_EDGE('',*,*,#2494,.F.);
#1654=ORIENTED_EDGE('',*,*,#2495,.T.);
#1655=ORIENTED_EDGE('',*,*,#2496,.T.);
#1656=ORIENTED_EDGE('',*,*,#2439,.F.);
#1657=ORIENTED_EDGE('',*,*,#2497,.F.);
#1658=ORIENTED_EDGE('',*,*,#2464,.F.);
#1659=ORIENTED_EDGE('',*,*,#2493,.F.);
#1660=ORIENTED_EDGE('',*,*,#2440,.F.);
#1661=ORIENTED_EDGE('',*,*,#2496,.F.);
#1662=ORIENTED_EDGE('',*,*,#2498,.T.);
#1663=ORIENTED_EDGE('',*,*,#2499,.T.);
#1664=ORIENTED_EDGE('',*,*,#2441,.F.);
#1665=ORIENTED_EDGE('',*,*,#2499,.F.);
#1666=ORIENTED_EDGE('',*,*,#2500,.T.);
#1667=ORIENTED_EDGE('',*,*,#2501,.T.);
#1668=ORIENTED_EDGE('',*,*,#2442,.F.);
#1669=ORIENTED_EDGE('',*,*,#2501,.F.);
#1670=ORIENTED_EDGE('',*,*,#2502,.T.);
#1671=ORIENTED_EDGE('',*,*,#2503,.T.);
#1672=ORIENTED_EDGE('',*,*,#2443,.F.);
#1673=ORIENTED_EDGE('',*,*,#2503,.F.);
#1674=ORIENTED_EDGE('',*,*,#2504,.T.);
#1675=ORIENTED_EDGE('',*,*,#2505,.T.);
#1676=ORIENTED_EDGE('',*,*,#2444,.F.);
#1677=ORIENTED_EDGE('',*,*,#2505,.F.);
#1678=ORIENTED_EDGE('',*,*,#2506,.T.);
#1679=ORIENTED_EDGE('',*,*,#2507,.T.);
#1680=ORIENTED_EDGE('',*,*,#2445,.F.);
#1681=ORIENTED_EDGE('',*,*,#2507,.F.);
#1682=ORIENTED_EDGE('',*,*,#2508,.T.);
#1683=ORIENTED_EDGE('',*,*,#2476,.T.);
#1684=ORIENTED_EDGE('',*,*,#2495,.F.);
#1685=ORIENTED_EDGE('',*,*,#2509,.T.);
#1686=ORIENTED_EDGE('',*,*,#2510,.T.);
#1687=ORIENTED_EDGE('',*,*,#2487,.F.);
#1688=ORIENTED_EDGE('',*,*,#2477,.F.);
#1689=ORIENTED_EDGE('',*,*,#2508,.F.);
#1690=ORIENTED_EDGE('',*,*,#2506,.F.);
#1691=ORIENTED_EDGE('',*,*,#2504,.F.);
#1692=ORIENTED_EDGE('',*,*,#2502,.F.);
#1693=ORIENTED_EDGE('',*,*,#2500,.F.);
#1694=ORIENTED_EDGE('',*,*,#2498,.F.);
#1695=ORIENTED_EDGE('',*,*,#2434,.T.);
#1696=ORIENTED_EDGE('',*,*,#2511,.F.);
#1697=ORIENTED_EDGE('',*,*,#2408,.F.);
#1698=ORIENTED_EDGE('',*,*,#2459,.T.);
#1699=ORIENTED_EDGE('',*,*,#2433,.T.);
#1700=ORIENTED_EDGE('',*,*,#2512,.F.);
#1701=ORIENTED_EDGE('',*,*,#2409,.F.);
#1702=ORIENTED_EDGE('',*,*,#2511,.T.);
#1703=ORIENTED_EDGE('',*,*,#2432,.T.);
#1704=ORIENTED_EDGE('',*,*,#2513,.F.);
#1705=ORIENTED_EDGE('',*,*,#2410,.F.);
#1706=ORIENTED_EDGE('',*,*,#2512,.T.);
#1707=ORIENTED_EDGE('',*,*,#2431,.T.);
#1708=ORIENTED_EDGE('',*,*,#2514,.F.);
#1709=ORIENTED_EDGE('',*,*,#2411,.F.);
#1710=ORIENTED_EDGE('',*,*,#2513,.T.);
#1711=ORIENTED_EDGE('',*,*,#2430,.T.);
#1712=ORIENTED_EDGE('',*,*,#2515,.F.);
#1713=ORIENTED_EDGE('',*,*,#2412,.F.);
#1714=ORIENTED_EDGE('',*,*,#2514,.T.);
#1715=ORIENTED_EDGE('',*,*,#2429,.T.);
#1716=ORIENTED_EDGE('',*,*,#2516,.F.);
#1717=ORIENTED_EDGE('',*,*,#2413,.F.);
#1718=ORIENTED_EDGE('',*,*,#2515,.T.);
#1719=ORIENTED_EDGE('',*,*,#2517,.T.);
#1720=ORIENTED_EDGE('',*,*,#2414,.F.);
#1721=ORIENTED_EDGE('',*,*,#2516,.T.);
#1722=ORIENTED_EDGE('',*,*,#2428,.T.);
#1723=ORIENTED_EDGE('',*,*,#2518,.T.);
#1724=ORIENTED_EDGE('',*,*,#2448,.T.);
#1725=ORIENTED_EDGE('',*,*,#2519,.F.);
#1726=ORIENTED_EDGE('',*,*,#2520,.F.);
#1727=ORIENTED_EDGE('',*,*,#2458,.T.);
#1728=ORIENTED_EDGE('',*,*,#2521,.F.);
#1729=ORIENTED_EDGE('',*,*,#2522,.F.);
#1730=ORIENTED_EDGE('',*,*,#2519,.T.);
#1731=ORIENTED_EDGE('',*,*,#2457,.T.);
#1732=ORIENTED_EDGE('',*,*,#2523,.F.);
#1733=ORIENTED_EDGE('',*,*,#2524,.F.);
#1734=ORIENTED_EDGE('',*,*,#2521,.T.);
#1735=ORIENTED_EDGE('',*,*,#2456,.T.);
#1736=ORIENTED_EDGE('',*,*,#2525,.F.);
#1737=ORIENTED_EDGE('',*,*,#2526,.F.);
#1738=ORIENTED_EDGE('',*,*,#2523,.T.);
#1739=ORIENTED_EDGE('',*,*,#2455,.T.);
#1740=ORIENTED_EDGE('',*,*,#2527,.F.);
#1741=ORIENTED_EDGE('',*,*,#2528,.F.);
#1742=ORIENTED_EDGE('',*,*,#2525,.T.);
#1743=ORIENTED_EDGE('',*,*,#2454,.T.);
#1744=ORIENTED_EDGE('',*,*,#2529,.F.);
#1745=ORIENTED_EDGE('',*,*,#2530,.F.);
#1746=ORIENTED_EDGE('',*,*,#2527,.T.);
#1747=ORIENTED_EDGE('',*,*,#2453,.T.);
#1748=ORIENTED_EDGE('',*,*,#2480,.F.);
#1749=ORIENTED_EDGE('',*,*,#2531,.F.);
#1750=ORIENTED_EDGE('',*,*,#2529,.T.);
#1751=ORIENTED_EDGE('',*,*,#2532,.F.);
#1752=ORIENTED_EDGE('',*,*,#2520,.T.);
#1753=ORIENTED_EDGE('',*,*,#2522,.T.);
#1754=ORIENTED_EDGE('',*,*,#2524,.T.);
#1755=ORIENTED_EDGE('',*,*,#2526,.T.);
#1756=ORIENTED_EDGE('',*,*,#2528,.T.);
#1757=ORIENTED_EDGE('',*,*,#2530,.T.);
#1758=ORIENTED_EDGE('',*,*,#2531,.T.);
#1759=ORIENTED_EDGE('',*,*,#2479,.T.);
#1760=ORIENTED_EDGE('',*,*,#2486,.T.);
#1761=ORIENTED_EDGE('',*,*,#2533,.F.);
#1762=ORIENTED_EDGE('',*,*,#2437,.F.);
#1763=ORIENTED_EDGE('',*,*,#2483,.F.);
#1764=ORIENTED_EDGE('',*,*,#2466,.F.);
#1765=ORIENTED_EDGE('',*,*,#2534,.T.);
#1766=ORIENTED_EDGE('',*,*,#2465,.F.);
#1767=ORIENTED_EDGE('',*,*,#2497,.T.);
#1768=ORIENTED_EDGE('',*,*,#2438,.F.);
#1769=ORIENTED_EDGE('',*,*,#2534,.F.);
#1770=ORIENTED_EDGE('',*,*,#2426,.F.);
#1771=ORIENTED_EDGE('',*,*,#2482,.T.);
#1772=ORIENTED_EDGE('',*,*,#2450,.F.);
#1773=ORIENTED_EDGE('',*,*,#2535,.F.);
#1774=ORIENTED_EDGE('',*,*,#2427,.F.);
#1775=ORIENTED_EDGE('',*,*,#2535,.T.);
#1776=ORIENTED_EDGE('',*,*,#2449,.F.);
#1777=ORIENTED_EDGE('',*,*,#2518,.F.);
#1778=ORIENTED_EDGE('',*,*,#2494,.T.);
#1779=ORIENTED_EDGE('',*,*,#2416,.F.);
#1780=ORIENTED_EDGE('',*,*,#2536,.T.);
#1781=ORIENTED_EDGE('',*,*,#2509,.F.);
#1782=ORIENTED_EDGE('',*,*,#2415,.F.);
#1783=ORIENTED_EDGE('',*,*,#2484,.T.);
#1784=ORIENTED_EDGE('',*,*,#2510,.F.);
#1785=ORIENTED_EDGE('',*,*,#2536,.F.);
#1786=ORIENTED_EDGE('',*,*,#2532,.T.);
#1787=ORIENTED_EDGE('',*,*,#2537,.F.);
#1788=ORIENTED_EDGE('',*,*,#2404,.T.);
#1789=ORIENTED_EDGE('',*,*,#2517,.F.);
#1790=ORIENTED_EDGE('',*,*,#2405,.T.);
#1791=ORIENTED_EDGE('',*,*,#2537,.T.);
#1792=ORIENTED_EDGE('',*,*,#2533,.T.);
#1793=ORIENTED_EDGE('',*,*,#2485,.F.);
#1794=EDGE_CURVE('',#2538,#2539,#3045,.T.);
#1795=EDGE_CURVE('',#2539,#2540,#3046,.T.);
#1796=EDGE_CURVE('',#2540,#2541,#3047,.T.);
#1797=EDGE_CURVE('',#2541,#2542,#3048,.T.);
#1798=EDGE_CURVE('',#2543,#2542,#3049,.T.);
#1799=EDGE_CURVE('',#2538,#2543,#3050,.T.);
#1800=EDGE_CURVE('',#2544,#2545,#3051,.T.);
#1801=EDGE_CURVE('',#2545,#2546,#3052,.T.);
#1802=EDGE_CURVE('',#2546,#2547,#3053,.T.);
#1803=EDGE_CURVE('',#2548,#2547,#3054,.T.);
#1804=EDGE_CURVE('',#2548,#2549,#3055,.T.);
#1805=EDGE_CURVE('',#2549,#2544,#3056,.T.);
#1806=EDGE_CURVE('',#2550,#2551,#3057,.T.);
#1807=EDGE_CURVE('',#2550,#2538,#3058,.T.);
#1808=EDGE_CURVE('',#2543,#2552,#158,.T.);
#1809=EDGE_CURVE('',#2552,#2553,#3059,.T.);
#1810=EDGE_CURVE('',#2553,#2554,#159,.T.);
#1811=EDGE_CURVE('',#2554,#2555,#3060,.T.);
#1812=EDGE_CURVE('',#2556,#2555,#3061,.T.);
#1813=EDGE_CURVE('',#2556,#2557,#3062,.T.);
#1814=EDGE_CURVE('',#2558,#2557,#3063,.T.);
#1815=EDGE_CURVE('',#2558,#2559,#3064,.T.);
#1816=EDGE_CURVE('',#2559,#2560,#160,.T.);
#1817=EDGE_CURVE('',#2560,#2561,#3065,.T.);
#1818=EDGE_CURVE('',#2561,#2548,#161,.T.);
#1819=EDGE_CURVE('',#2547,#2551,#3066,.T.);
#1820=EDGE_CURVE('',#2562,#2541,#3067,.T.);
#1821=EDGE_CURVE('',#2562,#2563,#3068,.T.);
#1822=EDGE_CURVE('',#2563,#2544,#3069,.T.);
#1823=EDGE_CURVE('',#2564,#2549,#162,.T.);
#1824=EDGE_CURVE('',#2565,#2564,#3070,.T.);
#1825=EDGE_CURVE('',#2566,#2565,#3071,.T.);
#1826=EDGE_CURVE('',#2567,#2566,#3072,.T.);
#1827=EDGE_CURVE('',#2567,#2568,#3073,.T.);
#1828=EDGE_CURVE('',#2569,#2568,#3074,.T.);
#1829=EDGE_CURVE('',#2570,#2569,#163,.T.);
#1830=EDGE_CURVE('',#2571,#2570,#3075,.T.);
#1831=EDGE_CURVE('',#2572,#2571,#3076,.T.);
#1832=EDGE_CURVE('',#2573,#2572,#3077,.T.);
#1833=EDGE_CURVE('',#2573,#2574,#3078,.T.);
#1834=EDGE_CURVE('',#2575,#2574,#3079,.T.);
#1835=EDGE_CURVE('',#2576,#2575,#164,.T.);
#1836=EDGE_CURVE('',#2577,#2576,#3080,.T.);
#1837=EDGE_CURVE('',#2577,#2578,#3081,.T.);
#1838=EDGE_CURVE('',#2578,#2579,#3082,.T.);
#1839=EDGE_CURVE('',#2580,#2579,#3083,.T.);
#1840=EDGE_CURVE('',#2581,#2580,#3084,.T.);
#1841=EDGE_CURVE('',#2542,#2581,#165,.T.);
#1842=EDGE_CURVE('',#2582,#2583,#3085,.T.);
#1843=EDGE_CURVE('',#2555,#2582,#3086,.T.);
#1844=EDGE_CURVE('',#2554,#2575,#3087,.T.);
#1845=EDGE_CURVE('',#2583,#2574,#3088,.T.);
#1846=EDGE_CURVE('',#2561,#2564,#3089,.T.);
#1847=EDGE_CURVE('',#2552,#2581,#3090,.T.);
#1848=EDGE_CURVE('',#2577,#2584,#3091,.T.);
#1849=EDGE_CURVE('',#2553,#2576,#3092,.T.);
#1850=EDGE_CURVE('',#2580,#2585,#3093,.T.);
#1851=EDGE_CURVE('',#2584,#2585,#3094,.T.);
#1852=EDGE_CURVE('',#2586,#2587,#3095,.T.);
#1853=EDGE_CURVE('',#2571,#2586,#3096,.T.);
#1854=EDGE_CURVE('',#2559,#2570,#3097,.T.);
#1855=EDGE_CURVE('',#2587,#2558,#3098,.T.);
#1856=EDGE_CURVE('',#2560,#2569,#3099,.T.);
#1857=EDGE_CURVE('',#2588,#2568,#3100,.T.);
#1858=EDGE_CURVE('',#2588,#2589,#3101,.T.);
#1859=EDGE_CURVE('',#2589,#2565,#3102,.T.);
#1860=EDGE_CURVE('',#2590,#2589,#3103,.T.);
#1861=EDGE_CURVE('',#2591,#2588,#3104,.T.);
#1862=EDGE_CURVE('',#2591,#2590,#3105,.T.);
#1863=EDGE_CURVE('',#2567,#2591,#3106,.T.);
#1864=EDGE_CURVE('',#2566,#2590,#3107,.T.);
#1865=EDGE_CURVE('',#2584,#2592,#3108,.T.);
#1866=EDGE_CURVE('',#2592,#2578,#3109,.T.);
#1867=EDGE_CURVE('',#2593,#2579,#3110,.T.);
#1868=EDGE_CURVE('',#2585,#2593,#3111,.T.);
#1869=EDGE_CURVE('',#2592,#2593,#3112,.T.);
#1870=EDGE_CURVE('',#2594,#2582,#3113,.T.);
#1871=EDGE_CURVE('',#2556,#2594,#3114,.T.);
#1872=EDGE_CURVE('',#2595,#2583,#3115,.T.);
#1873=EDGE_CURVE('',#2594,#2595,#3116,.T.);
#1874=EDGE_CURVE('',#2595,#2573,#3117,.T.);
#1875=EDGE_CURVE('',#2596,#2586,#3118,.T.);
#1876=EDGE_CURVE('',#2572,#2596,#3119,.T.);
#1877=EDGE_CURVE('',#2597,#2587,#3120,.T.);
#1878=EDGE_CURVE('',#2596,#2597,#3121,.T.);
#1879=EDGE_CURVE('',#2597,#2557,#3122,.T.);
#1880=EDGE_CURVE('',#2550,#2598,#3123,.T.);
#1881=EDGE_CURVE('',#2598,#2539,#3124,.T.);
#1882=EDGE_CURVE('',#2598,#2599,#3125,.T.);
#1883=EDGE_CURVE('',#2599,#2540,#3126,.T.);
#1884=EDGE_CURVE('',#2599,#2562,#3127,.T.);
#1885=EDGE_CURVE('',#2563,#2600,#3128,.T.);
#1886=EDGE_CURVE('',#2600,#2545,#3129,.T.);
#1887=EDGE_CURVE('',#2600,#2601,#3130,.T.);
#1888=EDGE_CURVE('',#2601,#2546,#3131,.T.);
#1889=EDGE_CURVE('',#2601,#2551,#3132,.T.);
#1890=EDGE_CURVE('',#2602,#2603,#3133,.T.);
#1891=EDGE_CURVE('',#2603,#2604,#3134,.T.);
#1892=EDGE_CURVE('',#2605,#2604,#166,.T.);
#1893=EDGE_CURVE('',#2605,#2606,#3135,.T.);
#1894=EDGE_CURVE('',#2607,#2606,#167,.T.);
#1895=EDGE_CURVE('',#2607,#2608,#3136,.T.);
#1896=EDGE_CURVE('',#2608,#2609,#3137,.T.);
#1897=EDGE_CURVE('',#2609,#2610,#3138,.T.);
#1898=EDGE_CURVE('',#2610,#2611,#3139,.T.);
#1899=EDGE_CURVE('',#2612,#2611,#168,.T.);
#1900=EDGE_CURVE('',#2612,#2613,#3140,.T.);
#1901=EDGE_CURVE('',#2614,#2613,#169,.T.);
#1902=EDGE_CURVE('',#2614,#2602,#3141,.T.);
#1903=EDGE_CURVE('',#2615,#2616,#3142,.T.);
#1904=EDGE_CURVE('',#2615,#2617,#3143,.T.);
#1905=EDGE_CURVE('',#2617,#2618,#3144,.T.);
#1906=EDGE_CURVE('',#2618,#2619,#3145,.T.);
#1907=EDGE_CURVE('',#2619,#2620,#170,.T.);
#1908=EDGE_CURVE('',#2620,#2621,#3146,.T.);
#1909=EDGE_CURVE('',#2621,#2622,#3147,.T.);
#1910=EDGE_CURVE('',#2622,#2623,#3148,.T.);
#1911=EDGE_CURVE('',#2624,#2623,#3149,.T.);
#1912=EDGE_CURVE('',#2624,#2625,#3150,.T.);
#1913=EDGE_CURVE('',#2625,#2626,#171,.T.);
#1914=EDGE_CURVE('',#2626,#2627,#3151,.T.);
#1915=EDGE_CURVE('',#2628,#2627,#3152,.T.);
#1916=EDGE_CURVE('',#2629,#2628,#3153,.T.);
#1917=EDGE_CURVE('',#2629,#2630,#3154,.T.);
#1918=EDGE_CURVE('',#2630,#2631,#3155,.T.);
#1919=EDGE_CURVE('',#2631,#2632,#172,.T.);
#1920=EDGE_CURVE('',#2632,#2633,#3156,.T.);
#1921=EDGE_CURVE('',#2634,#2633,#3157,.T.);
#1922=EDGE_CURVE('',#2634,#2635,#3158,.T.);
#1923=EDGE_CURVE('',#2635,#2636,#3159,.T.);
#1924=EDGE_CURVE('',#2636,#2637,#3160,.T.);
#1925=EDGE_CURVE('',#2637,#2638,#173,.T.);
#1926=EDGE_CURVE('',#2638,#2616,#3161,.T.);
#1927=EDGE_CURVE('',#2639,#2640,#3162,.T.);
#1928=EDGE_CURVE('',#2641,#2639,#3163,.T.);
#1929=EDGE_CURVE('',#2641,#2642,#174,.T.);
#1930=EDGE_CURVE('',#2643,#2642,#3164,.T.);
#1931=EDGE_CURVE('',#2643,#2644,#175,.T.);
#1932=EDGE_CURVE('',#2645,#2644,#3165,.T.);
#1933=EDGE_CURVE('',#2646,#2645,#3166,.T.);
#1934=EDGE_CURVE('',#2647,#2646,#3167,.T.);
#1935=EDGE_CURVE('',#2648,#2647,#3168,.T.);
#1936=EDGE_CURVE('',#2648,#2649,#176,.T.);
#1937=EDGE_CURVE('',#2650,#2649,#3169,.T.);
#1938=EDGE_CURVE('',#2650,#2651,#177,.T.);
#1939=EDGE_CURVE('',#2640,#2651,#3170,.T.);
#1940=EDGE_CURVE('',#2652,#2640,#3171,.T.);
#1941=EDGE_CURVE('',#2653,#2651,#3172,.T.);
#1942=EDGE_CURVE('',#2652,#2653,#3173,.T.);
#1943=EDGE_CURVE('',#2654,#2639,#3174,.T.);
#1944=EDGE_CURVE('',#2655,#2654,#3175,.T.);
#1945=EDGE_CURVE('',#2655,#2641,#3176,.T.);
#1946=EDGE_CURVE('',#2603,#2656,#3177,.T.);
#1947=EDGE_CURVE('',#2656,#2657,#3178,.T.);
#1948=EDGE_CURVE('',#2657,#2604,#3179,.T.);
#1949=EDGE_CURVE('',#2658,#2659,#3180,.T.);
#1950=EDGE_CURVE('',#2602,#2659,#3181,.T.);
#1951=EDGE_CURVE('',#2658,#2614,#3182,.T.);
#1952=EDGE_CURVE('',#2660,#2661,#3183,.T.);
#1953=EDGE_CURVE('',#2662,#2660,#3184,.T.);
#1954=EDGE_CURVE('',#2663,#2662,#3185,.T.);
#1955=EDGE_CURVE('',#2664,#2663,#3186,.T.);
#1956=EDGE_CURVE('',#2665,#2664,#3187,.T.);
#1957=EDGE_CURVE('',#2666,#2665,#3188,.T.);
#1958=EDGE_CURVE('',#2667,#2666,#3189,.T.);
#1959=EDGE_CURVE('',#2668,#2667,#3190,.T.);
#1960=EDGE_CURVE('',#2668,#2669,#3191,.T.);
#1961=EDGE_CURVE('',#2670,#2669,#3192,.T.);
#1962=EDGE_CURVE('',#2671,#2670,#3193,.T.);
#1963=EDGE_CURVE('',#2672,#2671,#3194,.T.);
#1964=EDGE_CURVE('',#2673,#2672,#3195,.T.);
#1965=EDGE_CURVE('',#2674,#2673,#3196,.T.);
#1966=EDGE_CURVE('',#2675,#2674,#3197,.T.);
#1967=EDGE_CURVE('',#2676,#2675,#3198,.T.);
#1968=EDGE_CURVE('',#2677,#2676,#3199,.T.);
#1969=EDGE_CURVE('',#2678,#2677,#3200,.T.);
#1970=EDGE_CURVE('',#2679,#2678,#3201,.T.);
#1971=EDGE_CURVE('',#2680,#2679,#3202,.T.);
#1972=EDGE_CURVE('',#2681,#2680,#3203,.T.);
#1973=EDGE_CURVE('',#2661,#2681,#3204,.T.);
#1974=EDGE_CURVE('',#2682,#2683,#178,.T.);
#1975=EDGE_CURVE('',#2683,#2684,#3205,.T.);
#1976=EDGE_CURVE('',#2684,#2685,#179,.T.);
#1977=EDGE_CURVE('',#2685,#2686,#3206,.T.);
#1978=EDGE_CURVE('',#2686,#2687,#180,.T.);
#1979=EDGE_CURVE('',#2687,#2688,#3207,.T.);
#1980=EDGE_CURVE('',#2688,#2689,#181,.T.);
#1981=EDGE_CURVE('',#2689,#2682,#3208,.T.);
#1982=EDGE_CURVE('',#2676,#2690,#3209,.T.);
#1983=EDGE_CURVE('',#2690,#2691,#3210,.T.);
#1984=EDGE_CURVE('',#2619,#2691,#3211,.T.);
#1985=EDGE_CURVE('',#2618,#2692,#3212,.T.);
#1986=EDGE_CURVE('',#2692,#2693,#3213,.T.);
#1987=EDGE_CURVE('',#2676,#2693,#3214,.T.);
#1988=EDGE_CURVE('',#2660,#2694,#3215,.T.);
#1989=EDGE_CURVE('',#2695,#2660,#3216,.T.);
#1990=EDGE_CURVE('',#2695,#2696,#3217,.T.);
#1991=EDGE_CURVE('',#2696,#2616,#3218,.T.);
#1992=EDGE_CURVE('',#2638,#2697,#3219,.T.);
#1993=EDGE_CURVE('',#2697,#2694,#3220,.T.);
#1994=EDGE_CURVE('',#2690,#2698,#3221,.T.);
#1995=EDGE_CURVE('',#2699,#2698,#3222,.T.);
#1996=EDGE_CURVE('',#2700,#2699,#3223,.T.);
#1997=EDGE_CURVE('',#2701,#2700,#3224,.T.);
#1998=EDGE_CURVE('',#2702,#2701,#3225,.T.);
#1999=EDGE_CURVE('',#2691,#2702,#182,.T.);
#2000=EDGE_CURVE('',#2703,#2704,#3226,.T.);
#2001=EDGE_CURVE('',#2703,#2705,#3227,.T.);
#2002=EDGE_CURVE('',#2706,#2705,#3228,.T.);
#2003=EDGE_CURVE('',#2707,#2706,#183,.T.);
#2004=EDGE_CURVE('',#2708,#2707,#3229,.T.);
#2005=EDGE_CURVE('',#2709,#2708,#3230,.T.);
#2006=EDGE_CURVE('',#2704,#2709,#3231,.T.);
#2007=EDGE_CURVE('',#2710,#2711,#3232,.T.);
#2008=EDGE_CURVE('',#2711,#2712,#3233,.T.);
#2009=EDGE_CURVE('',#2713,#2712,#3234,.T.);
#2010=EDGE_CURVE('',#2714,#2713,#184,.T.);
#2011=EDGE_CURVE('',#2710,#2714,#3235,.T.);
#2012=EDGE_CURVE('',#2715,#2716,#3236,.T.);
#2013=EDGE_CURVE('',#2716,#2694,#3237,.T.);
#2014=EDGE_CURVE('',#2717,#2697,#185,.T.);
#2015=EDGE_CURVE('',#2715,#2717,#3238,.T.);
#2016=EDGE_CURVE('',#2671,#2705,#3239,.T.);
#2017=EDGE_CURVE('',#2627,#2670,#3240,.T.);
#2018=EDGE_CURVE('',#2626,#2706,#3241,.T.);
#2019=EDGE_CURVE('',#2666,#2710,#3242,.T.);
#2020=EDGE_CURVE('',#2631,#2714,#3243,.T.);
#2021=EDGE_CURVE('',#2667,#2630,#3244,.T.);
#2022=EDGE_CURVE('',#2664,#2712,#3245,.T.);
#2023=EDGE_CURVE('',#2663,#2715,#3246,.T.);
#2024=EDGE_CURVE('',#2637,#2717,#3247,.T.);
#2025=EDGE_CURVE('',#2718,#2636,#3248,.T.);
#2026=EDGE_CURVE('',#2719,#2718,#3249,.T.);
#2027=EDGE_CURVE('',#2719,#2633,#3250,.T.);
#2028=EDGE_CURVE('',#2632,#2713,#3251,.T.);
#2029=EDGE_CURVE('',#2720,#2674,#3252,.T.);
#2030=EDGE_CURVE('',#2721,#2673,#3253,.T.);
#2031=EDGE_CURVE('',#2721,#2722,#3254,.T.);
#2032=EDGE_CURVE('',#2708,#2722,#3255,.T.);
#2033=EDGE_CURVE('',#2625,#2707,#3256,.T.);
#2034=EDGE_CURVE('',#2624,#2723,#3257,.T.);
#2035=EDGE_CURVE('',#2723,#2724,#3258,.T.);
#2036=EDGE_CURVE('',#2621,#2724,#3259,.T.);
#2037=EDGE_CURVE('',#2620,#2702,#3260,.T.);
#2038=EDGE_CURVE('',#2725,#2701,#3261,.T.);
#2039=EDGE_CURVE('',#2725,#2720,#3262,.T.);
#2040=EDGE_CURVE('',#2726,#2677,#3263,.T.);
#2041=EDGE_CURVE('',#2727,#2726,#3264,.T.);
#2042=EDGE_CURVE('',#2727,#2678,#3265,.T.);
#2043=EDGE_CURVE('',#2692,#2727,#3266,.T.);
#2044=EDGE_CURVE('',#2726,#2693,#3267,.T.);
#2045=EDGE_CURVE('',#2617,#2679,#3268,.T.);
#2046=EDGE_CURVE('',#2695,#2728,#3269,.T.);
#2047=EDGE_CURVE('',#2728,#2661,#3270,.T.);
#2048=EDGE_CURVE('',#2728,#2729,#3271,.T.);
#2049=EDGE_CURVE('',#2729,#2696,#3272,.T.);
#2050=EDGE_CURVE('',#2729,#2681,#3273,.T.);
#2051=EDGE_CURVE('',#2680,#2615,#3274,.T.);
#2052=EDGE_CURVE('',#2628,#2669,#3275,.T.);
#2053=EDGE_CURVE('',#2668,#2629,#3276,.T.);
#2054=EDGE_CURVE('',#2730,#2650,#3277,.T.);
#2055=EDGE_CURVE('',#2730,#2653,#186,.T.);
#2056=EDGE_CURVE('',#2731,#2649,#3278,.T.);
#2057=EDGE_CURVE('',#2730,#2731,#3279,.T.);
#2058=EDGE_CURVE('',#2732,#2648,#3280,.T.);
#2059=EDGE_CURVE('',#2732,#2731,#187,.T.);
#2060=EDGE_CURVE('',#2733,#2647,#3281,.T.);
#2061=EDGE_CURVE('',#2732,#2733,#3282,.T.);
#2062=EDGE_CURVE('',#2734,#2646,#3283,.T.);
#2063=EDGE_CURVE('',#2733,#2734,#3284,.T.);
#2064=EDGE_CURVE('',#2735,#2645,#3285,.T.);
#2065=EDGE_CURVE('',#2734,#2735,#3286,.T.);
#2066=EDGE_CURVE('',#2736,#2644,#3287,.T.);
#2067=EDGE_CURVE('',#2735,#2736,#3288,.T.);
#2068=EDGE_CURVE('',#2737,#2643,#3289,.T.);
#2069=EDGE_CURVE('',#2737,#2736,#188,.T.);
#2070=EDGE_CURVE('',#2738,#2642,#3290,.T.);
#2071=EDGE_CURVE('',#2737,#2738,#3291,.T.);
#2072=EDGE_CURVE('',#2655,#2738,#189,.T.);
#2073=EDGE_CURVE('',#2654,#2652,#3292,.T.);
#2074=EDGE_CURVE('',#2739,#2657,#190,.T.);
#2075=EDGE_CURVE('',#2739,#2605,#3293,.T.);
#2076=EDGE_CURVE('',#2739,#2740,#3294,.T.);
#2077=EDGE_CURVE('',#2740,#2606,#3295,.T.);
#2078=EDGE_CURVE('',#2741,#2740,#191,.T.);
#2079=EDGE_CURVE('',#2741,#2607,#3296,.T.);
#2080=EDGE_CURVE('',#2741,#2742,#3297,.T.);
#2081=EDGE_CURVE('',#2742,#2608,#3298,.T.);
#2082=EDGE_CURVE('',#2742,#2743,#3299,.T.);
#2083=EDGE_CURVE('',#2743,#2609,#3300,.T.);
#2084=EDGE_CURVE('',#2743,#2744,#3301,.T.);
#2085=EDGE_CURVE('',#2744,#2610,#3302,.T.);
#2086=EDGE_CURVE('',#2744,#2745,#3303,.T.);
#2087=EDGE_CURVE('',#2745,#2611,#3304,.T.);
#2088=EDGE_CURVE('',#2746,#2745,#192,.T.);
#2089=EDGE_CURVE('',#2746,#2612,#3305,.T.);
#2090=EDGE_CURVE('',#2746,#2747,#3306,.T.);
#2091=EDGE_CURVE('',#2747,#2613,#3307,.T.);
#2092=EDGE_CURVE('',#2658,#2747,#193,.T.);
#2093=EDGE_CURVE('',#2659,#2656,#3308,.T.);
#2094=EDGE_CURVE('',#2748,#2709,#3309,.T.);
#2095=EDGE_CURVE('',#2749,#2748,#3310,.T.);
#2096=EDGE_CURVE('',#2749,#2704,#3311,.T.);
#2097=EDGE_CURVE('',#2721,#2749,#3312,.T.);
#2098=EDGE_CURVE('',#2748,#2722,#3313,.T.);
#2099=EDGE_CURVE('',#2672,#2703,#3314,.T.);
#2100=EDGE_CURVE('',#2725,#2750,#3315,.T.);
#2101=EDGE_CURVE('',#2750,#2700,#3316,.T.);
#2102=EDGE_CURVE('',#2750,#2751,#3317,.T.);
#2103=EDGE_CURVE('',#2751,#2720,#3318,.T.);
#2104=EDGE_CURVE('',#2751,#2699,#3319,.T.);
#2105=EDGE_CURVE('',#2675,#2698,#3320,.T.);
#2106=EDGE_CURVE('',#2752,#2719,#3321,.T.);
#2107=EDGE_CURVE('',#2634,#2752,#3322,.T.);
#2108=EDGE_CURVE('',#2635,#2753,#3323,.T.);
#2109=EDGE_CURVE('',#2753,#2718,#3324,.T.);
#2110=EDGE_CURVE('',#2752,#2753,#3325,.T.);
#2111=EDGE_CURVE('',#2754,#2623,#3326,.T.);
#2112=EDGE_CURVE('',#2723,#2754,#3327,.T.);
#2113=EDGE_CURVE('',#2724,#2755,#3328,.T.);
#2114=EDGE_CURVE('',#2755,#2622,#3329,.T.);
#2115=EDGE_CURVE('',#2754,#2755,#3330,.T.);
#2116=EDGE_CURVE('',#2665,#2711,#3331,.T.);
#2117=EDGE_CURVE('',#2662,#2716,#3332,.T.);
#2118=EDGE_CURVE('',#2756,#2682,#3333,.T.);
#2119=EDGE_CURVE('',#2756,#2757,#194,.T.);
#2120=EDGE_CURVE('',#2757,#2683,#3334,.T.);
#2121=EDGE_CURVE('',#2757,#2758,#3335,.T.);
#2122=EDGE_CURVE('',#2758,#2684,#3336,.T.);
#2123=EDGE_CURVE('',#2758,#2759,#195,.T.);
#2124=EDGE_CURVE('',#2759,#2685,#3337,.T.);
#2125=EDGE_CURVE('',#2759,#2760,#3338,.T.);
#2126=EDGE_CURVE('',#2760,#2686,#3339,.T.);
#2127=EDGE_CURVE('',#2760,#2761,#196,.T.);
#2128=EDGE_CURVE('',#2761,#2687,#3340,.T.);
#2129=EDGE_CURVE('',#2761,#2762,#3341,.T.);
#2130=EDGE_CURVE('',#2762,#2688,#3342,.T.);
#2131=EDGE_CURVE('',#2762,#2763,#197,.T.);
#2132=EDGE_CURVE('',#2763,#2689,#3343,.T.);
#2133=EDGE_CURVE('',#2763,#2756,#3344,.T.);
#2134=EDGE_CURVE('',#2764,#2764,#198,.F.);
#2135=EDGE_CURVE('',#2765,#2765,#199,.F.);
#2136=EDGE_CURVE('',#2766,#2766,#200,.F.);
#2137=EDGE_CURVE('',#2767,#2767,#201,.F.);
#2138=EDGE_CURVE('',#2768,#2768,#202,.F.);
#2139=EDGE_CURVE('',#2769,#2769,#203,.F.);
#2140=EDGE_CURVE('',#2770,#2770,#204,.T.);
#2141=EDGE_CURVE('',#2771,#2771,#205,.T.);
#2142=EDGE_CURVE('',#2772,#2772,#206,.T.);
#2143=EDGE_CURVE('',#2773,#2773,#207,.T.);
#2144=EDGE_CURVE('',#2774,#2774,#208,.T.);
#2145=EDGE_CURVE('',#2775,#2775,#209,.T.);
#2146=EDGE_CURVE('',#2776,#2777,#210,.T.);
#2147=EDGE_CURVE('',#2778,#2777,#3345,.T.);
#2148=EDGE_CURVE('',#2779,#2778,#211,.T.);
#2149=EDGE_CURVE('',#2779,#2776,#3346,.T.);
#2150=EDGE_CURVE('',#2777,#2780,#3347,.T.);
#2151=EDGE_CURVE('',#2781,#2780,#3348,.T.);
#2152=EDGE_CURVE('',#2778,#2781,#3349,.T.);
#2153=EDGE_CURVE('',#2780,#2782,#212,.T.);
#2154=EDGE_CURVE('',#2783,#2782,#3350,.T.);
#2155=EDGE_CURVE('',#2781,#2783,#213,.T.);
#2156=EDGE_CURVE('',#2782,#2784,#3351,.T.);
#2157=EDGE_CURVE('',#2785,#2784,#3352,.T.);
#2158=EDGE_CURVE('',#2783,#2785,#3353,.T.);
#2159=EDGE_CURVE('',#2784,#2786,#214,.T.);
#2160=EDGE_CURVE('',#2787,#2786,#3354,.T.);
#2161=EDGE_CURVE('',#2785,#2787,#215,.T.);
#2162=EDGE_CURVE('',#2786,#2788,#3355,.T.);
#2163=EDGE_CURVE('',#2789,#2788,#3356,.T.);
#2164=EDGE_CURVE('',#2787,#2789,#3357,.T.);
#2165=EDGE_CURVE('',#2788,#2790,#216,.T.);
#2166=EDGE_CURVE('',#2791,#2790,#3358,.T.);
#2167=EDGE_CURVE('',#2789,#2791,#217,.T.);
#2168=EDGE_CURVE('',#2790,#2776,#3359,.T.);
#2169=EDGE_CURVE('',#2791,#2779,#3360,.T.);
#2170=EDGE_CURVE('',#2792,#2792,#218,.T.);
#2171=EDGE_CURVE('',#2793,#2793,#219,.T.);
#2172=EDGE_CURVE('',#2794,#2794,#220,.T.);
#2173=EDGE_CURVE('',#2795,#2795,#221,.T.);
#2174=EDGE_CURVE('',#2796,#2796,#222,.T.);
#2175=EDGE_CURVE('',#2797,#2797,#223,.T.);
#2176=EDGE_CURVE('',#2798,#2798,#224,.T.);
#2177=EDGE_CURVE('',#2799,#2799,#225,.T.);
#2178=EDGE_CURVE('',#2800,#2800,#226,.T.);
#2179=EDGE_CURVE('',#2801,#2801,#227,.T.);
#2180=EDGE_CURVE('',#2802,#2802,#228,.T.);
#2181=EDGE_CURVE('',#2803,#2803,#229,.T.);
#2182=EDGE_CURVE('',#2804,#2805,#3361,.T.);
#2183=EDGE_CURVE('',#2806,#2804,#3362,.T.);
#2184=EDGE_CURVE('',#2806,#2807,#3363,.T.);
#2185=EDGE_CURVE('',#2808,#2807,#3364,.T.);
#2186=EDGE_CURVE('',#2809,#2808,#230,.T.);
#2187=EDGE_CURVE('',#2810,#2809,#3365,.T.);
#2188=EDGE_CURVE('',#2811,#2810,#231,.T.);
#2189=EDGE_CURVE('',#2812,#2811,#3366,.T.);
#2190=EDGE_CURVE('',#2813,#2812,#3367,.T.);
#2191=EDGE_CURVE('',#2813,#2814,#3368,.T.);
#2192=EDGE_CURVE('',#2814,#2815,#3369,.T.);
#2193=EDGE_CURVE('',#2816,#2815,#3370,.T.);
#2194=EDGE_CURVE('',#2817,#2816,#232,.T.);
#2195=EDGE_CURVE('',#2818,#2817,#3371,.T.);
#2196=EDGE_CURVE('',#2819,#2818,#233,.T.);
#2197=EDGE_CURVE('',#2805,#2819,#3372,.T.);
#2198=EDGE_CURVE('',#2820,#2808,#3373,.T.);
#2199=EDGE_CURVE('',#2821,#2820,#234,.T.);
#2200=EDGE_CURVE('',#2821,#2809,#3374,.T.);
#2201=EDGE_CURVE('',#2822,#2807,#3375,.T.);
#2202=EDGE_CURVE('',#2823,#2822,#3376,.T.);
#2203=EDGE_CURVE('',#2824,#2823,#3377,.T.);
#2204=EDGE_CURVE('',#2825,#2824,#235,.T.);
#2205=EDGE_CURVE('',#2826,#2825,#3378,.T.);
#2206=EDGE_CURVE('',#2827,#2826,#3379,.T.);
#2207=EDGE_CURVE('',#2828,#2827,#236,.T.);
#2208=EDGE_CURVE('',#2829,#2828,#3380,.T.);
#2209=EDGE_CURVE('',#2830,#2829,#3381,.T.);
#2210=EDGE_CURVE('',#2805,#2830,#3382,.T.);
#2211=EDGE_CURVE('',#2831,#2819,#3383,.T.);
#2212=EDGE_CURVE('',#2820,#2831,#3384,.T.);
#2213=EDGE_CURVE('',#2832,#2833,#3385,.T.);
#2214=EDGE_CURVE('',#2833,#2834,#237,.T.);
#2215=EDGE_CURVE('',#2834,#2835,#3386,.T.);
#2216=EDGE_CURVE('',#2835,#2836,#3387,.T.);
#2217=EDGE_CURVE('',#2836,#2837,#238,.T.);
#2218=EDGE_CURVE('',#2837,#2838,#3388,.T.);
#2219=EDGE_CURVE('',#2838,#2832,#3389,.T.);
#2220=EDGE_CURVE('',#2839,#2818,#3390,.T.);
#2221=EDGE_CURVE('',#2831,#2839,#239,.T.);
#2222=EDGE_CURVE('',#2840,#2817,#3391,.T.);
#2223=EDGE_CURVE('',#2839,#2840,#3392,.T.);
#2224=EDGE_CURVE('',#2841,#2816,#3393,.T.);
#2225=EDGE_CURVE('',#2840,#2841,#240,.T.);
#2226=EDGE_CURVE('',#2815,#2842,#3394,.T.);
#2227=EDGE_CURVE('',#2842,#2843,#3395,.T.);
#2228=EDGE_CURVE('',#2843,#2844,#3396,.T.);
#2229=EDGE_CURVE('',#2844,#2845,#241,.T.);
#2230=EDGE_CURVE('',#2845,#2846,#3397,.T.);
#2231=EDGE_CURVE('',#2846,#2847,#3398,.T.);
#2232=EDGE_CURVE('',#2847,#2848,#242,.T.);
#2233=EDGE_CURVE('',#2848,#2849,#3399,.T.);
#2234=EDGE_CURVE('',#2849,#2850,#3400,.T.);
#2235=EDGE_CURVE('',#2850,#2812,#3401,.T.);
#2236=EDGE_CURVE('',#2851,#2811,#3402,.T.);
#2237=EDGE_CURVE('',#2841,#2851,#3403,.T.);
#2238=EDGE_CURVE('',#2852,#2853,#3404,.T.);
#2239=EDGE_CURVE('',#2854,#2852,#3405,.T.);
#2240=EDGE_CURVE('',#2855,#2854,#3406,.T.);
#2241=EDGE_CURVE('',#2856,#2855,#243,.T.);
#2242=EDGE_CURVE('',#2857,#2856,#3407,.T.);
#2243=EDGE_CURVE('',#2858,#2857,#3408,.T.);
#2244=EDGE_CURVE('',#2853,#2858,#244,.T.);
#2245=EDGE_CURVE('',#2859,#2810,#3409,.T.);
#2246=EDGE_CURVE('',#2851,#2859,#245,.T.);
#2247=EDGE_CURVE('',#2859,#2821,#3410,.T.);
#2248=EDGE_CURVE('',#2814,#2860,#3411,.T.);
#2249=EDGE_CURVE('',#2860,#2842,#3412,.T.);
#2250=EDGE_CURVE('',#2860,#2861,#3413,.T.);
#2251=EDGE_CURVE('',#2861,#2843,#3414,.T.);
#2252=EDGE_CURVE('',#2861,#2862,#3415,.T.);
#2253=EDGE_CURVE('',#2862,#2844,#3416,.T.);
#2254=EDGE_CURVE('',#2862,#2863,#246,.T.);
#2255=EDGE_CURVE('',#2863,#2845,#3417,.T.);
#2256=EDGE_CURVE('',#2863,#2864,#3418,.T.);
#2257=EDGE_CURVE('',#2864,#2846,#3419,.T.);
#2258=EDGE_CURVE('',#2864,#2865,#3420,.T.);
#2259=EDGE_CURVE('',#2865,#2847,#3421,.T.);
#2260=EDGE_CURVE('',#2865,#2866,#247,.T.);
#2261=EDGE_CURVE('',#2866,#2848,#3422,.T.);
#2262=EDGE_CURVE('',#2866,#2867,#3423,.T.);
#2263=EDGE_CURVE('',#2867,#2849,#3424,.T.);
#2264=EDGE_CURVE('',#2867,#2868,#3425,.T.);
#2265=EDGE_CURVE('',#2868,#2850,#3426,.T.);
#2266=EDGE_CURVE('',#2868,#2813,#3427,.T.);
#2267=EDGE_CURVE('',#2869,#2853,#3428,.T.);
#2268=EDGE_CURVE('',#2870,#2869,#3429,.T.);
#2269=EDGE_CURVE('',#2870,#2852,#3430,.T.);
#2270=EDGE_CURVE('',#2871,#2870,#3431,.T.);
#2271=EDGE_CURVE('',#2871,#2854,#3432,.T.);
#2272=EDGE_CURVE('',#2872,#2871,#3433,.T.);
#2273=EDGE_CURVE('',#2872,#2855,#3434,.T.);
#2274=EDGE_CURVE('',#2873,#2872,#248,.T.);
#2275=EDGE_CURVE('',#2873,#2856,#3435,.T.);
#2276=EDGE_CURVE('',#2874,#2873,#3436,.T.);
#2277=EDGE_CURVE('',#2874,#2857,#3437,.T.);
#2278=EDGE_CURVE('',#2875,#2874,#3438,.T.);
#2279=EDGE_CURVE('',#2875,#2858,#3439,.T.);
#2280=EDGE_CURVE('',#2869,#2875,#249,.T.);
#2281=EDGE_CURVE('',#2876,#2830,#3440,.T.);
#2282=EDGE_CURVE('',#2804,#2876,#3441,.T.);
#2283=EDGE_CURVE('',#2877,#2829,#3442,.T.);
#2284=EDGE_CURVE('',#2876,#2877,#3443,.T.);
#2285=EDGE_CURVE('',#2878,#2828,#3444,.T.);
#2286=EDGE_CURVE('',#2877,#2878,#3445,.T.);
#2287=EDGE_CURVE('',#2879,#2827,#3446,.T.);
#2288=EDGE_CURVE('',#2878,#2879,#250,.T.);
#2289=EDGE_CURVE('',#2880,#2826,#3447,.T.);
#2290=EDGE_CURVE('',#2879,#2880,#3448,.T.);
#2291=EDGE_CURVE('',#2881,#2825,#3449,.T.);
#2292=EDGE_CURVE('',#2880,#2881,#3450,.T.);
#2293=EDGE_CURVE('',#2882,#2824,#3451,.T.);
#2294=EDGE_CURVE('',#2881,#2882,#251,.T.);
#2295=EDGE_CURVE('',#2883,#2823,#3452,.T.);
#2296=EDGE_CURVE('',#2882,#2883,#3453,.T.);
#2297=EDGE_CURVE('',#2884,#2822,#3454,.T.);
#2298=EDGE_CURVE('',#2883,#2884,#3455,.T.);
#2299=EDGE_CURVE('',#2884,#2806,#3456,.T.);
#2300=EDGE_CURVE('',#2885,#2832,#3457,.T.);
#2301=EDGE_CURVE('',#2885,#2886,#3458,.T.);
#2302=EDGE_CURVE('',#2886,#2833,#3459,.T.);
#2303=EDGE_CURVE('',#2887,#2838,#3460,.T.);
#2304=EDGE_CURVE('',#2887,#2885,#3461,.T.);
#2305=EDGE_CURVE('',#2888,#2837,#3462,.T.);
#2306=EDGE_CURVE('',#2888,#2887,#3463,.T.);
#2307=EDGE_CURVE('',#2889,#2836,#3464,.T.);
#2308=EDGE_CURVE('',#2889,#2888,#252,.T.);
#2309=EDGE_CURVE('',#2890,#2835,#3465,.T.);
#2310=EDGE_CURVE('',#2890,#2889,#3466,.T.);
#2311=EDGE_CURVE('',#2891,#2834,#3467,.T.);
#2312=EDGE_CURVE('',#2891,#2890,#3468,.T.);
#2313=EDGE_CURVE('',#2886,#2891,#253,.T.);
#2314=EDGE_CURVE('',#2892,#2892,#254,.T.);
#2315=EDGE_CURVE('',#2893,#2894,#255,.T.);
#2316=EDGE_CURVE('',#2895,#2893,#3469,.T.);
#2317=EDGE_CURVE('',#2896,#2895,#3470,.T.);
#2318=EDGE_CURVE('',#2894,#2896,#3471,.T.);
#2319=EDGE_CURVE('',#2897,#2898,#3472,.T.);
#2320=EDGE_CURVE('',#2898,#2899,#3473,.T.);
#2321=EDGE_CURVE('',#2899,#2900,#256,.T.);
#2322=EDGE_CURVE('',#2900,#2897,#3474,.T.);
#2323=EDGE_CURVE('',#2901,#2901,#257,.T.);
#2324=EDGE_CURVE('',#2899,#2902,#3475,.F.);
#2325=EDGE_CURVE('',#2902,#2903,#258,.T.);
#2326=EDGE_CURVE('',#2903,#2900,#3476,.T.);
#2327=EDGE_CURVE('',#2902,#2904,#3477,.T.);
#2328=EDGE_CURVE('',#2904,#2905,#259,.T.);
#2329=EDGE_CURVE('',#2905,#2903,#3478,.T.);
#2330=EDGE_CURVE('',#2904,#2906,#3479,.F.);
#2331=EDGE_CURVE('',#2906,#2907,#260,.T.);
#2332=EDGE_CURVE('',#2907,#2905,#3480,.T.);
#2333=EDGE_CURVE('',#2906,#2893,#27,.T.);
#2334=EDGE_CURVE('',#2894,#2907,#28,.T.);
#2335=EDGE_CURVE('',#2896,#2897,#3481,.T.);
#2336=EDGE_CURVE('',#2895,#2898,#3482,.T.);
#2337=EDGE_CURVE('',#2908,#2908,#261,.T.);
#2338=EDGE_CURVE('',#2909,#2910,#262,.T.);
#2339=EDGE_CURVE('',#2909,#2911,#3483,.T.);
#2340=EDGE_CURVE('',#2912,#2911,#263,.T.);
#2341=EDGE_CURVE('',#2913,#2912,#3484,.T.);
#2342=EDGE_CURVE('',#2914,#2913,#264,.T.);
#2343=EDGE_CURVE('',#2915,#2914,#15,.T.);
#2344=EDGE_CURVE('',#2916,#2915,#265,.T.);
#2345=EDGE_CURVE('',#2917,#2916,#16,.T.);
#2346=EDGE_CURVE('',#2918,#2917,#266,.T.);
#2347=EDGE_CURVE('',#2919,#2918,#3485,.F.);
#2348=EDGE_CURVE('',#2920,#2919,#267,.T.);
#2349=EDGE_CURVE('',#2920,#2921,#3486,.F.);
#2350=EDGE_CURVE('',#2922,#2921,#268,.T.);
#2351=EDGE_CURVE('',#2923,#2922,#17,.T.);
#2352=EDGE_CURVE('',#2924,#2923,#269,.T.);
#2353=EDGE_CURVE('',#2910,#2924,#18,.T.);
#2354=EDGE_CURVE('',#2913,#2925,#3487,.T.);
#2355=EDGE_CURVE('',#2925,#2914,#3488,.T.);
#2356=EDGE_CURVE('',#2925,#2926,#3489,.T.);
#2357=EDGE_CURVE('',#2926,#2915,#3490,.T.);
#2358=EDGE_CURVE('',#2926,#2927,#3491,.T.);
#2359=EDGE_CURVE('',#2927,#2916,#3492,.T.);
#2360=EDGE_CURVE('',#2927,#2928,#3493,.T.);
#2361=EDGE_CURVE('',#2928,#2917,#3494,.T.);
#2362=EDGE_CURVE('',#2928,#2918,#3495,.T.);
#2363=EDGE_CURVE('',#2909,#2929,#3496,.T.);
#2364=EDGE_CURVE('',#2910,#2929,#3497,.T.);
#2365=EDGE_CURVE('',#2929,#2930,#3498,.T.);
#2366=EDGE_CURVE('',#2924,#2930,#3499,.T.);
#2367=EDGE_CURVE('',#2930,#2931,#3500,.T.);
#2368=EDGE_CURVE('',#2923,#2931,#3501,.T.);
#2369=EDGE_CURVE('',#2931,#2932,#3502,.T.);
#2370=EDGE_CURVE('',#2922,#2932,#3503,.T.);
#2371=EDGE_CURVE('',#2932,#2921,#3504,.T.);
#2372=EDGE_CURVE('',#2911,#2920,#3505,.T.);
#2373=EDGE_CURVE('',#2912,#2919,#3506,.T.);
#2374=EDGE_CURVE('',#2933,#2934,#3507,.T.);
#2375=EDGE_CURVE('',#2934,#2935,#19,.F.);
#2376=EDGE_CURVE('',#2936,#2935,#3508,.T.);
#2377=EDGE_CURVE('',#2936,#2933,#20,.T.);
#2378=EDGE_CURVE('',#2937,#2938,#3509,.T.);
#2379=EDGE_CURVE('',#2937,#2939,#270,.F.);
#2380=EDGE_CURVE('',#2939,#2940,#3510,.T.);
#2381=EDGE_CURVE('',#2940,#2938,#271,.T.);
#2382=EDGE_CURVE('',#2939,#2941,#21,.F.);
#2383=EDGE_CURVE('',#2941,#2942,#3511,.T.);
#2384=EDGE_CURVE('',#2942,#2940,#22,.T.);
#2385=EDGE_CURVE('',#2943,#2936,#272,.T.);
#2386=EDGE_CURVE('',#2938,#2943,#23,.T.);
#2387=EDGE_CURVE('',#2944,#2942,#273,.T.);
#2388=EDGE_CURVE('',#2945,#2944,#24,.T.);
#2389=EDGE_CURVE('',#2933,#2945,#274,.T.);
#2390=EDGE_CURVE('',#2946,#2946,#275,.T.);
#2391=EDGE_CURVE('',#2941,#2947,#276,.F.);
#2392=EDGE_CURVE('',#2944,#2947,#3512,.T.);
#2393=EDGE_CURVE('',#2935,#2948,#277,.F.);
#2394=EDGE_CURVE('',#2948,#2943,#3513,.T.);
#2395=EDGE_CURVE('',#2948,#2937,#25,.F.);
#2396=EDGE_CURVE('',#2945,#2949,#3514,.T.);
#2397=EDGE_CURVE('',#2949,#2934,#278,.F.);
#2398=EDGE_CURVE('',#2947,#2949,#26,.F.);
#2399=EDGE_CURVE('',#2950,#2950,#279,.T.);
#2400=EDGE_CURVE('',#2951,#2951,#280,.T.);
#2401=EDGE_CURVE('',#2952,#2952,#281,.T.);
#2402=EDGE_CURVE('',#2953,#2953,#282,.T.);
#2403=EDGE_CURVE('',#2954,#2954,#283,.T.);
#2404=EDGE_CURVE('',#2955,#2956,#3515,.T.);
#2405=EDGE_CURVE('',#2957,#2955,#29,.T.);
#2406=EDGE_CURVE('',#2957,#2958,#3516,.T.);
#2407=EDGE_CURVE('',#2958,#2959,#3517,.T.);
#2408=EDGE_CURVE('',#2959,#2960,#3518,.T.);
#2409=EDGE_CURVE('',#2960,#2961,#3519,.T.);
#2410=EDGE_CURVE('',#2961,#2962,#284,.T.);
#2411=EDGE_CURVE('',#2962,#2963,#3520,.T.);
#2412=EDGE_CURVE('',#2963,#2964,#3521,.T.);
#2413=EDGE_CURVE('',#2964,#2965,#3522,.T.);
#2414=EDGE_CURVE('',#2965,#2956,#3523,.T.);
#2415=EDGE_CURVE('',#2966,#2967,#30,.T.);
#2416=EDGE_CURVE('',#2967,#2968,#3524,.F.);
#2417=EDGE_CURVE('',#2969,#2968,#3525,.T.);
#2418=EDGE_CURVE('',#2970,#2969,#3526,.T.);
#2419=EDGE_CURVE('',#2971,#2970,#3527,.T.);
#2420=EDGE_CURVE('',#2972,#2971,#3528,.T.);
#2421=EDGE_CURVE('',#2973,#2972,#285,.T.);
#2422=EDGE_CURVE('',#2974,#2973,#3529,.T.);
#2423=EDGE_CURVE('',#2975,#2974,#3530,.T.);
#2424=EDGE_CURVE('',#2976,#2975,#3531,.T.);
#2425=EDGE_CURVE('',#2966,#2976,#3532,.T.);
#2426=EDGE_CURVE('',#2977,#2978,#31,.T.);
#2427=EDGE_CURVE('',#2978,#2979,#3533,.T.);
#2428=EDGE_CURVE('',#2980,#2979,#3534,.T.);
#2429=EDGE_CURVE('',#2981,#2980,#3535,.T.);
#2430=EDGE_CURVE('',#2982,#2981,#3536,.T.);
#2431=EDGE_CURVE('',#2983,#2982,#3537,.T.);
#2432=EDGE_CURVE('',#2984,#2983,#286,.T.);
#2433=EDGE_CURVE('',#2985,#2984,#3538,.T.);
#2434=EDGE_CURVE('',#2986,#2985,#3539,.T.);
#2435=EDGE_CURVE('',#2987,#2986,#3540,.T.);
#2436=EDGE_CURVE('',#2977,#2987,#3541,.T.);
#2437=EDGE_CURVE('',#2988,#2989,#32,.T.);
#2438=EDGE_CURVE('',#2989,#2990,#3542,.F.);
#2439=EDGE_CURVE('',#2990,#2991,#3543,.T.);
#2440=EDGE_CURVE('',#2991,#2992,#3544,.T.);
#2441=EDGE_CURVE('',#2992,#2993,#3545,.T.);
#2442=EDGE_CURVE('',#2993,#2994,#3546,.T.);
#2443=EDGE_CURVE('',#2994,#2995,#287,.T.);
#2444=EDGE_CURVE('',#2995,#2996,#3547,.T.);
#2445=EDGE_CURVE('',#2996,#2997,#3548,.T.);
#2446=EDGE_CURVE('',#2998,#2997,#3549,.T.);
#2447=EDGE_CURVE('',#2988,#2998,#3550,.T.);
#2448=EDGE_CURVE('',#2999,#3000,#3551,.T.);
#2449=EDGE_CURVE('',#2999,#3001,#3552,.F.);
#2450=EDGE_CURVE('',#3001,#3002,#33,.T.);
#2451=EDGE_CURVE('',#3003,#3002,#3553,.T.);
#2452=EDGE_CURVE('',#3003,#3004,#3554,.T.);
#2453=EDGE_CURVE('',#3005,#3004,#3555,.T.);
#2454=EDGE_CURVE('',#3006,#3005,#3556,.T.);
#2455=EDGE_CURVE('',#3007,#3006,#288,.T.);
#2456=EDGE_CURVE('',#3008,#3007,#3557,.T.);
#2457=EDGE_CURVE('',#3009,#3008,#3558,.T.);
#2458=EDGE_CURVE('',#3000,#3009,#3559,.T.);
#2459=EDGE_CURVE('',#2959,#2986,#3560,.T.);
#2460=EDGE_CURVE('',#2958,#2976,#3561,.T.);
#2461=EDGE_CURVE('',#2975,#3010,#3562,.T.);
#2462=EDGE_CURVE('',#3011,#3010,#3563,.T.);
#2463=EDGE_CURVE('',#2987,#3011,#3564,.T.);
#2464=EDGE_CURVE('',#3012,#3013,#3565,.T.);
#2465=EDGE_CURVE('',#3013,#3014,#3566,.T.);
#2466=EDGE_CURVE('',#3014,#3015,#34,.T.);
#2467=EDGE_CURVE('',#3011,#3015,#3567,.T.);
#2468=EDGE_CURVE('',#3010,#3016,#3568,.T.);
#2469=EDGE_CURVE('',#3016,#3017,#3569,.T.);
#2470=EDGE_CURVE('',#3017,#3018,#289,.T.);
#2471=EDGE_CURVE('',#3018,#3019,#3570,.T.);
#2472=EDGE_CURVE('',#3019,#3020,#3571,.T.);
#2473=EDGE_CURVE('',#3020,#3012,#3572,.T.);
#2474=EDGE_CURVE('',#3021,#3021,#290,.T.);
#2475=EDGE_CURVE('',#3022,#3022,#291,.T.);
#2476=EDGE_CURVE('',#3023,#2997,#3573,.T.);
#2477=EDGE_CURVE('',#3023,#3024,#3574,.T.);
#2478=EDGE_CURVE('',#3024,#3025,#3575,.T.);
#2479=EDGE_CURVE('',#3026,#3025,#3576,.T.);
#2480=EDGE_CURVE('',#3026,#3004,#3577,.T.);
#2481=EDGE_CURVE('',#2998,#3003,#3578,.T.);
#2482=EDGE_CURVE('',#2977,#3002,#292,.T.);
#2483=EDGE_CURVE('',#3015,#2988,#293,.T.);
#2484=EDGE_CURVE('',#2966,#3027,#294,.T.);
#2485=EDGE_CURVE('',#2957,#3028,#295,.T.);
#2486=EDGE_CURVE('',#3025,#3028,#3579,.T.);
#2487=EDGE_CURVE('',#3024,#3027,#3580,.T.);
#2488=EDGE_CURVE('',#2974,#3016,#3581,.T.);
#2489=EDGE_CURVE('',#2973,#3017,#3582,.T.);
#2490=EDGE_CURVE('',#2972,#3018,#3583,.T.);
#2491=EDGE_CURVE('',#2971,#3019,#3584,.T.);
#2492=EDGE_CURVE('',#2970,#3020,#3585,.T.);
#2493=EDGE_CURVE('',#2969,#3012,#3586,.T.);
#2494=EDGE_CURVE('',#3029,#2968,#296,.T.);
#2495=EDGE_CURVE('',#3029,#3030,#3587,.T.);
#2496=EDGE_CURVE('',#3030,#2991,#3588,.T.);
#2497=EDGE_CURVE('',#3013,#2990,#297,.T.);
#2498=EDGE_CURVE('',#3030,#3031,#3589,.T.);
#2499=EDGE_CURVE('',#3031,#2992,#3590,.T.);
#2500=EDGE_CURVE('',#3031,#3032,#3591,.T.);
#2501=EDGE_CURVE('',#3032,#2993,#3592,.T.);
#2502=EDGE_CURVE('',#3032,#3033,#3593,.T.);
#2503=EDGE_CURVE('',#3033,#2994,#3594,.T.);
#2504=EDGE_CURVE('',#3033,#3034,#298,.T.);
#2505=EDGE_CURVE('',#3034,#2995,#3595,.T.);
#2506=EDGE_CURVE('',#3034,#3035,#3596,.T.);
#2507=EDGE_CURVE('',#3035,#2996,#3597,.T.);
#2508=EDGE_CURVE('',#3035,#3023,#3598,.T.);
#2509=EDGE_CURVE('',#3029,#3036,#3599,.T.);
#2510=EDGE_CURVE('',#3036,#3027,#35,.T.);
#2511=EDGE_CURVE('',#2960,#2985,#3600,.T.);
#2512=EDGE_CURVE('',#2961,#2984,#3601,.T.);
#2513=EDGE_CURVE('',#2962,#2983,#3602,.T.);
#2514=EDGE_CURVE('',#2963,#2982,#3603,.T.);
#2515=EDGE_CURVE('',#2964,#2981,#3604,.T.);
#2516=EDGE_CURVE('',#2965,#2980,#3605,.T.);
#2517=EDGE_CURVE('',#3037,#2956,#299,.T.);
#2518=EDGE_CURVE('',#2979,#2999,#300,.T.);
#2519=EDGE_CURVE('',#3038,#3000,#3606,.T.);
#2520=EDGE_CURVE('',#3037,#3038,#3607,.T.);
#2521=EDGE_CURVE('',#3039,#3009,#3608,.T.);
#2522=EDGE_CURVE('',#3038,#3039,#3609,.T.);
#2523=EDGE_CURVE('',#3040,#3008,#3610,.T.);
#2524=EDGE_CURVE('',#3039,#3040,#3611,.T.);
#2525=EDGE_CURVE('',#3041,#3007,#3612,.T.);
#2526=EDGE_CURVE('',#3040,#3041,#3613,.T.);
#2527=EDGE_CURVE('',#3042,#3006,#3614,.T.);
#2528=EDGE_CURVE('',#3041,#3042,#301,.T.);
#2529=EDGE_CURVE('',#3043,#3005,#3615,.T.);
#2530=EDGE_CURVE('',#3042,#3043,#3616,.T.);
#2531=EDGE_CURVE('',#3043,#3026,#3617,.T.);
#2532=EDGE_CURVE('',#3037,#3044,#3618,.F.);
#2533=EDGE_CURVE('',#3044,#3028,#36,.T.);
#2534=EDGE_CURVE('',#3014,#2989,#302,.T.);
#2535=EDGE_CURVE('',#2978,#3001,#303,.T.);
#2536=EDGE_CURVE('',#2967,#3036,#304,.T.);
#2537=EDGE_CURVE('',#2955,#3044,#305,.T.);
#2538=VERTEX_POINT('',#7431);
#2539=VERTEX_POINT('',#7432);
#2540=VERTEX_POINT('',#7434);
#2541=VERTEX_POINT('',#7436);
#2542=VERTEX_POINT('',#7438);
#2543=VERTEX_POINT('',#7440);
#2544=VERTEX_POINT('',#7444);
#2545=VERTEX_POINT('',#7445);
#2546=VERTEX_POINT('',#7447);
#2547=VERTEX_POINT('',#7449);
#2548=VERTEX_POINT('',#7451);
#2549=VERTEX_POINT('',#7453);
#2550=VERTEX_POINT('',#7457);
#2551=VERTEX_POINT('',#7458);
#2552=VERTEX_POINT('',#7461);
#2553=VERTEX_POINT('',#7463);
#2554=VERTEX_POINT('',#7465);
#2555=VERTEX_POINT('',#7467);
#2556=VERTEX_POINT('',#7469);
#2557=VERTEX_POINT('',#7471);
#2558=VERTEX_POINT('',#7473);
#2559=VERTEX_POINT('',#7475);
#2560=VERTEX_POINT('',#7477);
#2561=VERTEX_POINT('',#7479);
#2562=VERTEX_POINT('',#7484);
#2563=VERTEX_POINT('',#7486);
#2564=VERTEX_POINT('',#7489);
#2565=VERTEX_POINT('',#7491);
#2566=VERTEX_POINT('',#7493);
#2567=VERTEX_POINT('',#7495);
#2568=VERTEX_POINT('',#7497);
#2569=VERTEX_POINT('',#7499);
#2570=VERTEX_POINT('',#7501);
#2571=VERTEX_POINT('',#7503);
#2572=VERTEX_POINT('',#7505);
#2573=VERTEX_POINT('',#7507);
#2574=VERTEX_POINT('',#7509);
#2575=VERTEX_POINT('',#7511);
#2576=VERTEX_POINT('',#7513);
#2577=VERTEX_POINT('',#7515);
#2578=VERTEX_POINT('',#7517);
#2579=VERTEX_POINT('',#7519);
#2580=VERTEX_POINT('',#7521);
#2581=VERTEX_POINT('',#7523);
#2582=VERTEX_POINT('',#7527);
#2583=VERTEX_POINT('',#7528);
#2584=VERTEX_POINT('',#7538);
#2585=VERTEX_POINT('',#7541);
#2586=VERTEX_POINT('',#7546);
#2587=VERTEX_POINT('',#7547);
#2588=VERTEX_POINT('',#7555);
#2589=VERTEX_POINT('',#7557);
#2590=VERTEX_POINT('',#7561);
#2591=VERTEX_POINT('',#7563);
#2592=VERTEX_POINT('',#7572);
#2593=VERTEX_POINT('',#7576);
#2594=VERTEX_POINT('',#7583);
#2595=VERTEX_POINT('',#7587);
#2596=VERTEX_POINT('',#7593);
#2597=VERTEX_POINT('',#7597);
#2598=VERTEX_POINT('',#7604);
#2599=VERTEX_POINT('',#7608);
#2600=VERTEX_POINT('',#7614);
#2601=VERTEX_POINT('',#7618);
#2602=VERTEX_POINT('',#7626);
#2603=VERTEX_POINT('',#7627);
#2604=VERTEX_POINT('',#7629);
#2605=VERTEX_POINT('',#7631);
#2606=VERTEX_POINT('',#7633);
#2607=VERTEX_POINT('',#7635);
#2608=VERTEX_POINT('',#7637);
#2609=VERTEX_POINT('',#7639);
#2610=VERTEX_POINT('',#7641);
#2611=VERTEX_POINT('',#7643);
#2612=VERTEX_POINT('',#7645);
#2613=VERTEX_POINT('',#7647);
#2614=VERTEX_POINT('',#7649);
#2615=VERTEX_POINT('',#7653);
#2616=VERTEX_POINT('',#7654);
#2617=VERTEX_POINT('',#7656);
#2618=VERTEX_POINT('',#7658);
#2619=VERTEX_POINT('',#7660);
#2620=VERTEX_POINT('',#7662);
#2621=VERTEX_POINT('',#7664);
#2622=VERTEX_POINT('',#7666);
#2623=VERTEX_POINT('',#7668);
#2624=VERTEX_POINT('',#7670);
#2625=VERTEX_POINT('',#7672);
#2626=VERTEX_POINT('',#7674);
#2627=VERTEX_POINT('',#7676);
#2628=VERTEX_POINT('',#7678);
#2629=VERTEX_POINT('',#7680);
#2630=VERTEX_POINT('',#7682);
#2631=VERTEX_POINT('',#7684);
#2632=VERTEX_POINT('',#7686);
#2633=VERTEX_POINT('',#7688);
#2634=VERTEX_POINT('',#7690);
#2635=VERTEX_POINT('',#7692);
#2636=VERTEX_POINT('',#7694);
#2637=VERTEX_POINT('',#7696);
#2638=VERTEX_POINT('',#7698);
#2639=VERTEX_POINT('',#7702);
#2640=VERTEX_POINT('',#7703);
#2641=VERTEX_POINT('',#7705);
#2642=VERTEX_POINT('',#7707);
#2643=VERTEX_POINT('',#7709);
#2644=VERTEX_POINT('',#7711);
#2645=VERTEX_POINT('',#7713);
#2646=VERTEX_POINT('',#7715);
#2647=VERTEX_POINT('',#7717);
#2648=VERTEX_POINT('',#7719);
#2649=VERTEX_POINT('',#7721);
#2650=VERTEX_POINT('',#7723);
#2651=VERTEX_POINT('',#7725);
#2652=VERTEX_POINT('',#7729);
#2653=VERTEX_POINT('',#7731);
#2654=VERTEX_POINT('',#7735);
#2655=VERTEX_POINT('',#7737);
#2656=VERTEX_POINT('',#7741);
#2657=VERTEX_POINT('',#7743);
#2658=VERTEX_POINT('',#7747);
#2659=VERTEX_POINT('',#7748);
#2660=VERTEX_POINT('',#7753);
#2661=VERTEX_POINT('',#7754);
#2662=VERTEX_POINT('',#7756);
#2663=VERTEX_POINT('',#7758);
#2664=VERTEX_POINT('',#7760);
#2665=VERTEX_POINT('',#7762);
#2666=VERTEX_POINT('',#7764);
#2667=VERTEX_POINT('',#7766);
#2668=VERTEX_POINT('',#7768);
#2669=VERTEX_POINT('',#7770);
#2670=VERTEX_POINT('',#7772);
#2671=VERTEX_POINT('',#7774);
#2672=VERTEX_POINT('',#7776);
#2673=VERTEX_POINT('',#7778);
#2674=VERTEX_POINT('',#7780);
#2675=VERTEX_POINT('',#7782);
#2676=VERTEX_POINT('',#7784);
#2677=VERTEX_POINT('',#7786);
#2678=VERTEX_POINT('',#7788);
#2679=VERTEX_POINT('',#7790);
#2680=VERTEX_POINT('',#7792);
#2681=VERTEX_POINT('',#7794);
#2682=VERTEX_POINT('',#7797);
#2683=VERTEX_POINT('',#7798);
#2684=VERTEX_POINT('',#7800);
#2685=VERTEX_POINT('',#7802);
#2686=VERTEX_POINT('',#7804);
#2687=VERTEX_POINT('',#7806);
#2688=VERTEX_POINT('',#7808);
#2689=VERTEX_POINT('',#7810);
#2690=VERTEX_POINT('',#7814);
#2691=VERTEX_POINT('',#7816);
#2692=VERTEX_POINT('',#7819);
#2693=VERTEX_POINT('',#7821);
#2694=VERTEX_POINT('',#7825);
#2695=VERTEX_POINT('',#7827);
#2696=VERTEX_POINT('',#7829);
#2697=VERTEX_POINT('',#7832);
#2698=VERTEX_POINT('',#7836);
#2699=VERTEX_POINT('',#7838);
#2700=VERTEX_POINT('',#7840);
#2701=VERTEX_POINT('',#7842);
#2702=VERTEX_POINT('',#7844);
#2703=VERTEX_POINT('',#7848);
#2704=VERTEX_POINT('',#7849);
#2705=VERTEX_POINT('',#7851);
#2706=VERTEX_POINT('',#7853);
#2707=VERTEX_POINT('',#7855);
#2708=VERTEX_POINT('',#7857);
#2709=VERTEX_POINT('',#7859);
#2710=VERTEX_POINT('',#7863);
#2711=VERTEX_POINT('',#7864);
#2712=VERTEX_POINT('',#7866);
#2713=VERTEX_POINT('',#7868);
#2714=VERTEX_POINT('',#7870);
#2715=VERTEX_POINT('',#7874);
#2716=VERTEX_POINT('',#7875);
#2717=VERTEX_POINT('',#7878);
#2718=VERTEX_POINT('',#7893);
#2719=VERTEX_POINT('',#7895);
#2720=VERTEX_POINT('',#7900);
#2721=VERTEX_POINT('',#7902);
#2722=VERTEX_POINT('',#7904);
#2723=VERTEX_POINT('',#7908);
#2724=VERTEX_POINT('',#7910);
#2725=VERTEX_POINT('',#7914);
#2726=VERTEX_POINT('',#7922);
#2727=VERTEX_POINT('',#7924);
#2728=VERTEX_POINT('',#7934);
#2729=VERTEX_POINT('',#7938);
#2730=VERTEX_POINT('',#7950);
#2731=VERTEX_POINT('',#7954);
#2732=VERTEX_POINT('',#7958);
#2733=VERTEX_POINT('',#7962);
#2734=VERTEX_POINT('',#7966);
#2735=VERTEX_POINT('',#7970);
#2736=VERTEX_POINT('',#7974);
#2737=VERTEX_POINT('',#7978);
#2738=VERTEX_POINT('',#7982);
#2739=VERTEX_POINT('',#7990);
#2740=VERTEX_POINT('',#7994);
#2741=VERTEX_POINT('',#7998);
#2742=VERTEX_POINT('',#8002);
#2743=VERTEX_POINT('',#8006);
#2744=VERTEX_POINT('',#8010);
#2745=VERTEX_POINT('',#8014);
#2746=VERTEX_POINT('',#8018);
#2747=VERTEX_POINT('',#8022);
#2748=VERTEX_POINT('',#8030);
#2749=VERTEX_POINT('',#8032);
#2750=VERTEX_POINT('',#8042);
#2751=VERTEX_POINT('',#8046);
#2752=VERTEX_POINT('',#8054);
#2753=VERTEX_POINT('',#8058);
#2754=VERTEX_POINT('',#8065);
#2755=VERTEX_POINT('',#8069);
#2756=VERTEX_POINT('',#8084);
#2757=VERTEX_POINT('',#8086);
#2758=VERTEX_POINT('',#8090);
#2759=VERTEX_POINT('',#8094);
#2760=VERTEX_POINT('',#8098);
#2761=VERTEX_POINT('',#8102);
#2762=VERTEX_POINT('',#8106);
#2763=VERTEX_POINT('',#8110);
#2764=VERTEX_POINT('',#8116);
#2765=VERTEX_POINT('',#8118);
#2766=VERTEX_POINT('',#8120);
#2767=VERTEX_POINT('',#8122);
#2768=VERTEX_POINT('',#8124);
#2769=VERTEX_POINT('',#8126);
#2770=VERTEX_POINT('',#8129);
#2771=VERTEX_POINT('',#8133);
#2772=VERTEX_POINT('',#8137);
#2773=VERTEX_POINT('',#8141);
#2774=VERTEX_POINT('',#8145);
#2775=VERTEX_POINT('',#8149);
#2776=VERTEX_POINT('',#8156);
#2777=VERTEX_POINT('',#8157);
#2778=VERTEX_POINT('',#8159);
#2779=VERTEX_POINT('',#8161);
#2780=VERTEX_POINT('',#8165);
#2781=VERTEX_POINT('',#8167);
#2782=VERTEX_POINT('',#8171);
#2783=VERTEX_POINT('',#8173);
#2784=VERTEX_POINT('',#8177);
#2785=VERTEX_POINT('',#8179);
#2786=VERTEX_POINT('',#8183);
#2787=VERTEX_POINT('',#8185);
#2788=VERTEX_POINT('',#8189);
#2789=VERTEX_POINT('',#8191);
#2790=VERTEX_POINT('',#8195);
#2791=VERTEX_POINT('',#8197);
#2792=VERTEX_POINT('',#8205);
#2793=VERTEX_POINT('',#8207);
#2794=VERTEX_POINT('',#8209);
#2795=VERTEX_POINT('',#8211);
#2796=VERTEX_POINT('',#8213);
#2797=VERTEX_POINT('',#8215);
#2798=VERTEX_POINT('',#8218);
#2799=VERTEX_POINT('',#8222);
#2800=VERTEX_POINT('',#8226);
#2801=VERTEX_POINT('',#8230);
#2802=VERTEX_POINT('',#8234);
#2803=VERTEX_POINT('',#8238);
#2804=VERTEX_POINT('',#8243);
#2805=VERTEX_POINT('',#8244);
#2806=VERTEX_POINT('',#8246);
#2807=VERTEX_POINT('',#8248);
#2808=VERTEX_POINT('',#8250);
#2809=VERTEX_POINT('',#8252);
#2810=VERTEX_POINT('',#8254);
#2811=VERTEX_POINT('',#8256);
#2812=VERTEX_POINT('',#8258);
#2813=VERTEX_POINT('',#8260);
#2814=VERTEX_POINT('',#8262);
#2815=VERTEX_POINT('',#8264);
#2816=VERTEX_POINT('',#8266);
#2817=VERTEX_POINT('',#8268);
#2818=VERTEX_POINT('',#8270);
#2819=VERTEX_POINT('',#8272);
#2820=VERTEX_POINT('',#8276);
#2821=VERTEX_POINT('',#8278);
#2822=VERTEX_POINT('',#8282);
#2823=VERTEX_POINT('',#8284);
#2824=VERTEX_POINT('',#8286);
#2825=VERTEX_POINT('',#8288);
#2826=VERTEX_POINT('',#8290);
#2827=VERTEX_POINT('',#8292);
#2828=VERTEX_POINT('',#8294);
#2829=VERTEX_POINT('',#8296);
#2830=VERTEX_POINT('',#8298);
#2831=VERTEX_POINT('',#8301);
#2832=VERTEX_POINT('',#8304);
#2833=VERTEX_POINT('',#8305);
#2834=VERTEX_POINT('',#8307);
#2835=VERTEX_POINT('',#8309);
#2836=VERTEX_POINT('',#8311);
#2837=VERTEX_POINT('',#8313);
#2838=VERTEX_POINT('',#8315);
#2839=VERTEX_POINT('',#8319);
#2840=VERTEX_POINT('',#8323);
#2841=VERTEX_POINT('',#8327);
#2842=VERTEX_POINT('',#8331);
#2843=VERTEX_POINT('',#8333);
#2844=VERTEX_POINT('',#8335);
#2845=VERTEX_POINT('',#8337);
#2846=VERTEX_POINT('',#8339);
#2847=VERTEX_POINT('',#8341);
#2848=VERTEX_POINT('',#8343);
#2849=VERTEX_POINT('',#8345);
#2850=VERTEX_POINT('',#8347);
#2851=VERTEX_POINT('',#8350);
#2852=VERTEX_POINT('',#8353);
#2853=VERTEX_POINT('',#8354);
#2854=VERTEX_POINT('',#8356);
#2855=VERTEX_POINT('',#8358);
#2856=VERTEX_POINT('',#8360);
#2857=VERTEX_POINT('',#8362);
#2858=VERTEX_POINT('',#8364);
#2859=VERTEX_POINT('',#8368);
#2860=VERTEX_POINT('',#8375);
#2861=VERTEX_POINT('',#8379);
#2862=VERTEX_POINT('',#8383);
#2863=VERTEX_POINT('',#8387);
#2864=VERTEX_POINT('',#8391);
#2865=VERTEX_POINT('',#8395);
#2866=VERTEX_POINT('',#8399);
#2867=VERTEX_POINT('',#8403);
#2868=VERTEX_POINT('',#8407);
#2869=VERTEX_POINT('',#8413);
#2870=VERTEX_POINT('',#8415);
#2871=VERTEX_POINT('',#8419);
#2872=VERTEX_POINT('',#8423);
#2873=VERTEX_POINT('',#8427);
#2874=VERTEX_POINT('',#8431);
#2875=VERTEX_POINT('',#8435);
#2876=VERTEX_POINT('',#8442);
#2877=VERTEX_POINT('',#8446);
#2878=VERTEX_POINT('',#8450);
#2879=VERTEX_POINT('',#8454);
#2880=VERTEX_POINT('',#8458);
#2881=VERTEX_POINT('',#8462);
#2882=VERTEX_POINT('',#8466);
#2883=VERTEX_POINT('',#8470);
#2884=VERTEX_POINT('',#8474);
#2885=VERTEX_POINT('',#8480);
#2886=VERTEX_POINT('',#8482);
#2887=VERTEX_POINT('',#8486);
#2888=VERTEX_POINT('',#8490);
#2889=VERTEX_POINT('',#8494);
#2890=VERTEX_POINT('',#8498);
#2891=VERTEX_POINT('',#8502);
#2892=VERTEX_POINT('',#8510);
#2893=VERTEX_POINT('',#8512);
#2894=VERTEX_POINT('',#8513);
#2895=VERTEX_POINT('',#8515);
#2896=VERTEX_POINT('',#8517);
#2897=VERTEX_POINT('',#8521);
#2898=VERTEX_POINT('',#8522);
#2899=VERTEX_POINT('',#8524);
#2900=VERTEX_POINT('',#8526);
#2901=VERTEX_POINT('',#8529);
#2902=VERTEX_POINT('',#8532);
#2903=VERTEX_POINT('',#8534);
#2904=VERTEX_POINT('',#8538);
#2905=VERTEX_POINT('',#8540);
#2906=VERTEX_POINT('',#8544);
#2907=VERTEX_POINT('',#8546);
#2908=VERTEX_POINT('',#8566);
#2909=VERTEX_POINT('',#8568);
#2910=VERTEX_POINT('',#8569);
#2911=VERTEX_POINT('',#8571);
#2912=VERTEX_POINT('',#8573);
#2913=VERTEX_POINT('',#8575);
#2914=VERTEX_POINT('',#8577);
#2915=VERTEX_POINT('',#8579);
#2916=VERTEX_POINT('',#8581);
#2917=VERTEX_POINT('',#8583);
#2918=VERTEX_POINT('',#8585);
#2919=VERTEX_POINT('',#8587);
#2920=VERTEX_POINT('',#8589);
#2921=VERTEX_POINT('',#8591);
#2922=VERTEX_POINT('',#8593);
#2923=VERTEX_POINT('',#8595);
#2924=VERTEX_POINT('',#8597);
#2925=VERTEX_POINT('',#8601);
#2926=VERTEX_POINT('',#8605);
#2927=VERTEX_POINT('',#8609);
#2928=VERTEX_POINT('',#8613);
#2929=VERTEX_POINT('',#8620);
#2930=VERTEX_POINT('',#8624);
#2931=VERTEX_POINT('',#8628);
#2932=VERTEX_POINT('',#8632);
#2933=VERTEX_POINT('',#8644);
#2934=VERTEX_POINT('',#8645);
#2935=VERTEX_POINT('',#8647);
#2936=VERTEX_POINT('',#8649);
#2937=VERTEX_POINT('',#8653);
#2938=VERTEX_POINT('',#8654);
#2939=VERTEX_POINT('',#8656);
#2940=VERTEX_POINT('',#8658);
#2941=VERTEX_POINT('',#8662);
#2942=VERTEX_POINT('',#8664);
#2943=VERTEX_POINT('',#8668);
#2944=VERTEX_POINT('',#8671);
#2945=VERTEX_POINT('',#8673);
#2946=VERTEX_POINT('',#8676);
#2947=VERTEX_POINT('',#8680);
#2948=VERTEX_POINT('',#8684);
#2949=VERTEX_POINT('',#8690);
#2950=VERTEX_POINT('',#8696);
#2951=VERTEX_POINT('',#8701);
#2952=VERTEX_POINT('',#8704);
#2953=VERTEX_POINT('',#8707);
#2954=VERTEX_POINT('',#8710);
#2955=VERTEX_POINT('',#8715);
#2956=VERTEX_POINT('',#8716);
#2957=VERTEX_POINT('',#8723);
#2958=VERTEX_POINT('',#8725);
#2959=VERTEX_POINT('',#8727);
#2960=VERTEX_POINT('',#8729);
#2961=VERTEX_POINT('',#8731);
#2962=VERTEX_POINT('',#8733);
#2963=VERTEX_POINT('',#8735);
#2964=VERTEX_POINT('',#8737);
#2965=VERTEX_POINT('',#8739);
#2966=VERTEX_POINT('',#8748);
#2967=VERTEX_POINT('',#8749);
#2968=VERTEX_POINT('',#8751);
#2969=VERTEX_POINT('',#8753);
#2970=VERTEX_POINT('',#8755);
#2971=VERTEX_POINT('',#8757);
#2972=VERTEX_POINT('',#8759);
#2973=VERTEX_POINT('',#8761);
#2974=VERTEX_POINT('',#8763);
#2975=VERTEX_POINT('',#8765);
#2976=VERTEX_POINT('',#8767);
#2977=VERTEX_POINT('',#8776);
#2978=VERTEX_POINT('',#8777);
#2979=VERTEX_POINT('',#8779);
#2980=VERTEX_POINT('',#8781);
#2981=VERTEX_POINT('',#8783);
#2982=VERTEX_POINT('',#8785);
#2983=VERTEX_POINT('',#8787);
#2984=VERTEX_POINT('',#8789);
#2985=VERTEX_POINT('',#8791);
#2986=VERTEX_POINT('',#8793);
#2987=VERTEX_POINT('',#8795);
#2988=VERTEX_POINT('',#8804);
#2989=VERTEX_POINT('',#8805);
#2990=VERTEX_POINT('',#8807);
#2991=VERTEX_POINT('',#8809);
#2992=VERTEX_POINT('',#8811);
#2993=VERTEX_POINT('',#8813);
#2994=VERTEX_POINT('',#8815);
#2995=VERTEX_POINT('',#8817);
#2996=VERTEX_POINT('',#8819);
#2997=VERTEX_POINT('',#8821);
#2998=VERTEX_POINT('',#8823);
#2999=VERTEX_POINT('',#8827);
#3000=VERTEX_POINT('',#8828);
#3001=VERTEX_POINT('',#8830);
#3002=VERTEX_POINT('',#8837);
#3003=VERTEX_POINT('',#8839);
#3004=VERTEX_POINT('',#8841);
#3005=VERTEX_POINT('',#8843);
#3006=VERTEX_POINT('',#8845);
#3007=VERTEX_POINT('',#8847);
#3008=VERTEX_POINT('',#8849);
#3009=VERTEX_POINT('',#8851);
#3010=VERTEX_POINT('',#8857);
#3011=VERTEX_POINT('',#8859);
#3012=VERTEX_POINT('',#8863);
#3013=VERTEX_POINT('',#8864);
#3014=VERTEX_POINT('',#8866);
#3015=VERTEX_POINT('',#8873);
#3016=VERTEX_POINT('',#8876);
#3017=VERTEX_POINT('',#8878);
#3018=VERTEX_POINT('',#8880);
#3019=VERTEX_POINT('',#8882);
#3020=VERTEX_POINT('',#8884);
#3021=VERTEX_POINT('',#8888);
#3022=VERTEX_POINT('',#8890);
#3023=VERTEX_POINT('',#8893);
#3024=VERTEX_POINT('',#8895);
#3025=VERTEX_POINT('',#8897);
#3026=VERTEX_POINT('',#8899);
#3027=VERTEX_POINT('',#8907);
#3028=VERTEX_POINT('',#8909);
#3029=VERTEX_POINT('',#8926);
#3030=VERTEX_POINT('',#8928);
#3031=VERTEX_POINT('',#8933);
#3032=VERTEX_POINT('',#8937);
#3033=VERTEX_POINT('',#8941);
#3034=VERTEX_POINT('',#8945);
#3035=VERTEX_POINT('',#8949);
#3036=VERTEX_POINT('',#8955);
#3037=VERTEX_POINT('',#8976);
#3038=VERTEX_POINT('',#8979);
#3039=VERTEX_POINT('',#8983);
#3040=VERTEX_POINT('',#8987);
#3041=VERTEX_POINT('',#8991);
#3042=VERTEX_POINT('',#8995);
#3043=VERTEX_POINT('',#8999);
#3044=VERTEX_POINT('',#9005);
#3045=LINE('',#7430,#3619);
#3046=LINE('',#7433,#3620);
#3047=LINE('',#7435,#3621);
#3048=LINE('',#7437,#3622);
#3049=LINE('',#7439,#3623);
#3050=LINE('',#7441,#3624);
#3051=LINE('',#7443,#3625);
#3052=LINE('',#7446,#3626);
#3053=LINE('',#7448,#3627);
#3054=LINE('',#7450,#3628);
#3055=LINE('',#7452,#3629);
#3056=LINE('',#7454,#3630);
#3057=LINE('',#7456,#3631);
#3058=LINE('',#7459,#3632);
#3059=LINE('',#7462,#3633);
#3060=LINE('',#7466,#3634);
#3061=LINE('',#7468,#3635);
#3062=LINE('',#7470,#3636);
#3063=LINE('',#7472,#3637);
#3064=LINE('',#7474,#3638);
#3065=LINE('',#7478,#3639);
#3066=LINE('',#7481,#3640);
#3067=LINE('',#7483,#3641);
#3068=LINE('',#7485,#3642);
#3069=LINE('',#7487,#3643);
#3070=LINE('',#7490,#3644);
#3071=LINE('',#7492,#3645);
#3072=LINE('',#7494,#3646);
#3073=LINE('',#7496,#3647);
#3074=LINE('',#7498,#3648);
#3075=LINE('',#7502,#3649);
#3076=LINE('',#7504,#3650);
#3077=LINE('',#7506,#3651);
#3078=LINE('',#7508,#3652);
#3079=LINE('',#7510,#3653);
#3080=LINE('',#7514,#3654);
#3081=LINE('',#7516,#3655);
#3082=LINE('',#7518,#3656);
#3083=LINE('',#7520,#3657);
#3084=LINE('',#7522,#3658);
#3085=LINE('',#7526,#3659);
#3086=LINE('',#7529,#3660);
#3087=LINE('',#7530,#3661);
#3088=LINE('',#7531,#3662);
#3089=LINE('',#7533,#3663);
#3090=LINE('',#7535,#3664);
#3091=LINE('',#7537,#3665);
#3092=LINE('',#7539,#3666);
#3093=LINE('',#7540,#3667);
#3094=LINE('',#7542,#3668);
#3095=LINE('',#7545,#3669);
#3096=LINE('',#7548,#3670);
#3097=LINE('',#7549,#3671);
#3098=LINE('',#7550,#3672);
#3099=LINE('',#7552,#3673);
#3100=LINE('',#7554,#3674);
#3101=LINE('',#7556,#3675);
#3102=LINE('',#7558,#3676);
#3103=LINE('',#7560,#3677);
#3104=LINE('',#7562,#3678);
#3105=LINE('',#7564,#3679);
#3106=LINE('',#7566,#3680);
#3107=LINE('',#7568,#3681);
#3108=LINE('',#7571,#3682);
#3109=LINE('',#7573,#3683);
#3110=LINE('',#7575,#3684);
#3111=LINE('',#7577,#3685);
#3112=LINE('',#7579,#3686);
#3113=LINE('',#7582,#3687);
#3114=LINE('',#7584,#3688);
#3115=LINE('',#7586,#3689);
#3116=LINE('',#7588,#3690);
#3117=LINE('',#7590,#3691);
#3118=LINE('',#7592,#3692);
#3119=LINE('',#7594,#3693);
#3120=LINE('',#7596,#3694);
#3121=LINE('',#7598,#3695);
#3122=LINE('',#7600,#3696);
#3123=LINE('',#7603,#3697);
#3124=LINE('',#7605,#3698);
#3125=LINE('',#7607,#3699);
#3126=LINE('',#7609,#3700);
#3127=LINE('',#7611,#3701);
#3128=LINE('',#7613,#3702);
#3129=LINE('',#7615,#3703);
#3130=LINE('',#7617,#3704);
#3131=LINE('',#7619,#3705);
#3132=LINE('',#7621,#3706);
#3133=LINE('',#7625,#3707);
#3134=LINE('',#7628,#3708);
#3135=LINE('',#7632,#3709);
#3136=LINE('',#7636,#3710);
#3137=LINE('',#7638,#3711);
#3138=LINE('',#7640,#3712);
#3139=LINE('',#7642,#3713);
#3140=LINE('',#7646,#3714);
#3141=LINE('',#7650,#3715);
#3142=LINE('',#7652,#3716);
#3143=LINE('',#7655,#3717);
#3144=LINE('',#7657,#3718);
#3145=LINE('',#7659,#3719);
#3146=LINE('',#7663,#3720);
#3147=LINE('',#7665,#3721);
#3148=LINE('',#7667,#3722);
#3149=LINE('',#7669,#3723);
#3150=LINE('',#7671,#3724);
#3151=LINE('',#7675,#3725);
#3152=LINE('',#7677,#3726);
#3153=LINE('',#7679,#3727);
#3154=LINE('',#7681,#3728);
#3155=LINE('',#7683,#3729);
#3156=LINE('',#7687,#3730);
#3157=LINE('',#7689,#3731);
#3158=LINE('',#7691,#3732);
#3159=LINE('',#7693,#3733);
#3160=LINE('',#7695,#3734);
#3161=LINE('',#7699,#3735);
#3162=LINE('',#7701,#3736);
#3163=LINE('',#7704,#3737);
#3164=LINE('',#7708,#3738);
#3165=LINE('',#7712,#3739);
#3166=LINE('',#7714,#3740);
#3167=LINE('',#7716,#3741);
#3168=LINE('',#7718,#3742);
#3169=LINE('',#7722,#3743);
#3170=LINE('',#7726,#3744);
#3171=LINE('',#7728,#3745);
#3172=LINE('',#7730,#3746);
#3173=LINE('',#7732,#3747);
#3174=LINE('',#7734,#3748);
#3175=LINE('',#7736,#3749);
#3176=LINE('',#7738,#3750);
#3177=LINE('',#7740,#3751);
#3178=LINE('',#7742,#3752);
#3179=LINE('',#7744,#3753);
#3180=LINE('',#7746,#3754);
#3181=LINE('',#7749,#3755);
#3182=LINE('',#7750,#3756);
#3183=LINE('',#7752,#3757);
#3184=LINE('',#7755,#3758);
#3185=LINE('',#7757,#3759);
#3186=LINE('',#7759,#3760);
#3187=LINE('',#7761,#3761);
#3188=LINE('',#7763,#3762);
#3189=LINE('',#7765,#3763);
#3190=LINE('',#7767,#3764);
#3191=LINE('',#7769,#3765);
#3192=LINE('',#7771,#3766);
#3193=LINE('',#7773,#3767);
#3194=LINE('',#7775,#3768);
#3195=LINE('',#7777,#3769);
#3196=LINE('',#7779,#3770);
#3197=LINE('',#7781,#3771);
#3198=LINE('',#7783,#3772);
#3199=LINE('',#7785,#3773);
#3200=LINE('',#7787,#3774);
#3201=LINE('',#7789,#3775);
#3202=LINE('',#7791,#3776);
#3203=LINE('',#7793,#3777);
#3204=LINE('',#7795,#3778);
#3205=LINE('',#7799,#3779);
#3206=LINE('',#7803,#3780);
#3207=LINE('',#7807,#3781);
#3208=LINE('',#7811,#3782);
#3209=LINE('',#7813,#3783);
#3210=LINE('',#7815,#3784);
#3211=LINE('',#7817,#3785);
#3212=LINE('',#7818,#3786);
#3213=LINE('',#7820,#3787);
#3214=LINE('',#7822,#3788);
#3215=LINE('',#7824,#3789);
#3216=LINE('',#7826,#3790);
#3217=LINE('',#7828,#3791);
#3218=LINE('',#7830,#3792);
#3219=LINE('',#7831,#3793);
#3220=LINE('',#7833,#3794);
#3221=LINE('',#7835,#3795);
#3222=LINE('',#7837,#3796);
#3223=LINE('',#7839,#3797);
#3224=LINE('',#7841,#3798);
#3225=LINE('',#7843,#3799);
#3226=LINE('',#7847,#3800);
#3227=LINE('',#7850,#3801);
#3228=LINE('',#7852,#3802);
#3229=LINE('',#7856,#3803);
#3230=LINE('',#7858,#3804);
#3231=LINE('',#7860,#3805);
#3232=LINE('',#7862,#3806);
#3233=LINE('',#7865,#3807);
#3234=LINE('',#7867,#3808);
#3235=LINE('',#7871,#3809);
#3236=LINE('',#7873,#3810);
#3237=LINE('',#7876,#3811);
#3238=LINE('',#7879,#3812);
#3239=LINE('',#7881,#3813);
#3240=LINE('',#7882,#3814);
#3241=LINE('',#7883,#3815);
#3242=LINE('',#7885,#3816);
#3243=LINE('',#7886,#3817);
#3244=LINE('',#7887,#3818);
#3245=LINE('',#7889,#3819);
#3246=LINE('',#7890,#3820);
#3247=LINE('',#7891,#3821);
#3248=LINE('',#7892,#3822);
#3249=LINE('',#7894,#3823);
#3250=LINE('',#7896,#3824);
#3251=LINE('',#7897,#3825);
#3252=LINE('',#7899,#3826);
#3253=LINE('',#7901,#3827);
#3254=LINE('',#7903,#3828);
#3255=LINE('',#7905,#3829);
#3256=LINE('',#7906,#3830);
#3257=LINE('',#7907,#3831);
#3258=LINE('',#7909,#3832);
#3259=LINE('',#7911,#3833);
#3260=LINE('',#7912,#3834);
#3261=LINE('',#7913,#3835);
#3262=LINE('',#7915,#3836);
#3263=LINE('',#7921,#3837);
#3264=LINE('',#7923,#3838);
#3265=LINE('',#7925,#3839);
#3266=LINE('',#7927,#3840);
#3267=LINE('',#7928,#3841);
#3268=LINE('',#7931,#3842);
#3269=LINE('',#7933,#3843);
#3270=LINE('',#7935,#3844);
#3271=LINE('',#7937,#3845);
#3272=LINE('',#7939,#3846);
#3273=LINE('',#7941,#3847);
#3274=LINE('',#7943,#3848);
#3275=LINE('',#7945,#3849);
#3276=LINE('',#7947,#3850);
#3277=LINE('',#7949,#3851);
#3278=LINE('',#7953,#3852);
#3279=LINE('',#7955,#3853);
#3280=LINE('',#7957,#3854);
#3281=LINE('',#7961,#3855);
#3282=LINE('',#7963,#3856);
#3283=LINE('',#7965,#3857);
#3284=LINE('',#7967,#3858);
#3285=LINE('',#7969,#3859);
#3286=LINE('',#7971,#3860);
#3287=LINE('',#7973,#3861);
#3288=LINE('',#7975,#3862);
#3289=LINE('',#7977,#3863);
#3290=LINE('',#7981,#3864);
#3291=LINE('',#7983,#3865);
#3292=LINE('',#7987,#3866);
#3293=LINE('',#7991,#3867);
#3294=LINE('',#7993,#3868);
#3295=LINE('',#7995,#3869);
#3296=LINE('',#7999,#3870);
#3297=LINE('',#8001,#3871);
#3298=LINE('',#8003,#3872);
#3299=LINE('',#8005,#3873);
#3300=LINE('',#8007,#3874);
#3301=LINE('',#8009,#3875);
#3302=LINE('',#8011,#3876);
#3303=LINE('',#8013,#3877);
#3304=LINE('',#8015,#3878);
#3305=LINE('',#8019,#3879);
#3306=LINE('',#8021,#3880);
#3307=LINE('',#8023,#3881);
#3308=LINE('',#8027,#3882);
#3309=LINE('',#8029,#3883);
#3310=LINE('',#8031,#3884);
#3311=LINE('',#8033,#3885);
#3312=LINE('',#8035,#3886);
#3313=LINE('',#8036,#3887);
#3314=LINE('',#8039,#3888);
#3315=LINE('',#8041,#3889);
#3316=LINE('',#8043,#3890);
#3317=LINE('',#8045,#3891);
#3318=LINE('',#8047,#3892);
#3319=LINE('',#8049,#3893);
#3320=LINE('',#8051,#3894);
#3321=LINE('',#8053,#3895);
#3322=LINE('',#8055,#3896);
#3323=LINE('',#8057,#3897);
#3324=LINE('',#8059,#3898);
#3325=LINE('',#8061,#3899);
#3326=LINE('',#8064,#3900);
#3327=LINE('',#8066,#3901);
#3328=LINE('',#8068,#3902);
#3329=LINE('',#8070,#3903);
#3330=LINE('',#8072,#3904);
#3331=LINE('',#8077,#3905);
#3332=LINE('',#8080,#3906);
#3333=LINE('',#8083,#3907);
#3334=LINE('',#8087,#3908);
#3335=LINE('',#8089,#3909);
#3336=LINE('',#8091,#3910);
#3337=LINE('',#8095,#3911);
#3338=LINE('',#8097,#3912);
#3339=LINE('',#8099,#3913);
#3340=LINE('',#8103,#3914);
#3341=LINE('',#8105,#3915);
#3342=LINE('',#8107,#3916);
#3343=LINE('',#8111,#3917);
#3344=LINE('',#8113,#3918);
#3345=LINE('',#8158,#3919);
#3346=LINE('',#8162,#3920);
#3347=LINE('',#8164,#3921);
#3348=LINE('',#8166,#3922);
#3349=LINE('',#8168,#3923);
#3350=LINE('',#8172,#3924);
#3351=LINE('',#8176,#3925);
#3352=LINE('',#8178,#3926);
#3353=LINE('',#8180,#3927);
#3354=LINE('',#8184,#3928);
#3355=LINE('',#8188,#3929);
#3356=LINE('',#8190,#3930);
#3357=LINE('',#8192,#3931);
#3358=LINE('',#8196,#3932);
#3359=LINE('',#8200,#3933);
#3360=LINE('',#8201,#3934);
#3361=LINE('',#8242,#3935);
#3362=LINE('',#8245,#3936);
#3363=LINE('',#8247,#3937);
#3364=LINE('',#8249,#3938);
#3365=LINE('',#8253,#3939);
#3366=LINE('',#8257,#3940);
#3367=LINE('',#8259,#3941);
#3368=LINE('',#8261,#3942);
#3369=LINE('',#8263,#3943);
#3370=LINE('',#8265,#3944);
#3371=LINE('',#8269,#3945);
#3372=LINE('',#8273,#3946);
#3373=LINE('',#8275,#3947);
#3374=LINE('',#8279,#3948);
#3375=LINE('',#8281,#3949);
#3376=LINE('',#8283,#3950);
#3377=LINE('',#8285,#3951);
#3378=LINE('',#8289,#3952);
#3379=LINE('',#8291,#3953);
#3380=LINE('',#8295,#3954);
#3381=LINE('',#8297,#3955);
#3382=LINE('',#8299,#3956);
#3383=LINE('',#8300,#3957);
#3384=LINE('',#8302,#3958);
#3385=LINE('',#8303,#3959);
#3386=LINE('',#8308,#3960);
#3387=LINE('',#8310,#3961);
#3388=LINE('',#8314,#3962);
#3389=LINE('',#8316,#3963);
#3390=LINE('',#8318,#3964);
#3391=LINE('',#8322,#3965);
#3392=LINE('',#8324,#3966);
#3393=LINE('',#8326,#3967);
#3394=LINE('',#8330,#3968);
#3395=LINE('',#8332,#3969);
#3396=LINE('',#8334,#3970);
#3397=LINE('',#8338,#3971);
#3398=LINE('',#8340,#3972);
#3399=LINE('',#8344,#3973);
#3400=LINE('',#8346,#3974);
#3401=LINE('',#8348,#3975);
#3402=LINE('',#8349,#3976);
#3403=LINE('',#8351,#3977);
#3404=LINE('',#8352,#3978);
#3405=LINE('',#8355,#3979);
#3406=LINE('',#8357,#3980);
#3407=LINE('',#8361,#3981);
#3408=LINE('',#8363,#3982);
#3409=LINE('',#8367,#3983);
#3410=LINE('',#8371,#3984);
#3411=LINE('',#8374,#3985);
#3412=LINE('',#8376,#3986);
#3413=LINE('',#8378,#3987);
#3414=LINE('',#8380,#3988);
#3415=LINE('',#8382,#3989);
#3416=LINE('',#8384,#3990);
#3417=LINE('',#8388,#3991);
#3418=LINE('',#8390,#3992);
#3419=LINE('',#8392,#3993);
#3420=LINE('',#8394,#3994);
#3421=LINE('',#8396,#3995);
#3422=LINE('',#8400,#3996);
#3423=LINE('',#8402,#3997);
#3424=LINE('',#8404,#3998);
#3425=LINE('',#8406,#3999);
#3426=LINE('',#8408,#4000);
#3427=LINE('',#8410,#4001);
#3428=LINE('',#8412,#4002);
#3429=LINE('',#8414,#4003);
#3430=LINE('',#8416,#4004);
#3431=LINE('',#8418,#4005);
#3432=LINE('',#8420,#4006);
#3433=LINE('',#8422,#4007);
#3434=LINE('',#8424,#4008);
#3435=LINE('',#8428,#4009);
#3436=LINE('',#8430,#4010);
#3437=LINE('',#8432,#4011);
#3438=LINE('',#8434,#4012);
#3439=LINE('',#8436,#4013);
#3440=LINE('',#8441,#4014);
#3441=LINE('',#8443,#4015);
#3442=LINE('',#8445,#4016);
#3443=LINE('',#8447,#4017);
#3444=LINE('',#8449,#4018);
#3445=LINE('',#8451,#4019);
#3446=LINE('',#8453,#4020);
#3447=LINE('',#8457,#4021);
#3448=LINE('',#8459,#4022);
#3449=LINE('',#8461,#4023);
#3450=LINE('',#8463,#4024);
#3451=LINE('',#8465,#4025);
#3452=LINE('',#8469,#4026);
#3453=LINE('',#8471,#4027);
#3454=LINE('',#8473,#4028);
#3455=LINE('',#8475,#4029);
#3456=LINE('',#8477,#4030);
#3457=LINE('',#8479,#4031);
#3458=LINE('',#8481,#4032);
#3459=LINE('',#8483,#4033);
#3460=LINE('',#8485,#4034);
#3461=LINE('',#8487,#4035);
#3462=LINE('',#8489,#4036);
#3463=LINE('',#8491,#4037);
#3464=LINE('',#8493,#4038);
#3465=LINE('',#8497,#4039);
#3466=LINE('',#8499,#4040);
#3467=LINE('',#8501,#4041);
#3468=LINE('',#8503,#4042);
#3469=LINE('',#8514,#4043);
#3470=LINE('',#8516,#4044);
#3471=LINE('',#8518,#4045);
#3472=LINE('',#8520,#4046);
#3473=LINE('',#8523,#4047);
#3474=LINE('',#8527,#4048);
#3475=LINE('',#8531,#4049);
#3476=LINE('',#8535,#4050);
#3477=LINE('',#8537,#4051);
#3478=LINE('',#8541,#4052);
#3479=LINE('',#8543,#4053);
#3480=LINE('',#8547,#4054);
#3481=LINE('',#8559,#4055);
#3482=LINE('',#8560,#4056);
#3483=LINE('',#8570,#4057);
#3484=LINE('',#8574,#4058);
#3485=LINE('',#8586,#4059);
#3486=LINE('',#8590,#4060);
#3487=LINE('',#8600,#4061);
#3488=LINE('',#8602,#4062);
#3489=LINE('',#8604,#4063);
#3490=LINE('',#8606,#4064);
#3491=LINE('',#8608,#4065);
#3492=LINE('',#8610,#4066);
#3493=LINE('',#8612,#4067);
#3494=LINE('',#8614,#4068);
#3495=LINE('',#8616,#4069);
#3496=LINE('',#8619,#4070);
#3497=LINE('',#8621,#4071);
#3498=LINE('',#8623,#4072);
#3499=LINE('',#8625,#4073);
#3500=LINE('',#8627,#4074);
#3501=LINE('',#8629,#4075);
#3502=LINE('',#8631,#4076);
#3503=LINE('',#8633,#4077);
#3504=LINE('',#8635,#4078);
#3505=LINE('',#8637,#4079);
#3506=LINE('',#8638,#4080);
#3507=LINE('',#8643,#4081);
#3508=LINE('',#8648,#4082);
#3509=LINE('',#8652,#4083);
#3510=LINE('',#8657,#4084);
#3511=LINE('',#8663,#4085);
#3512=LINE('',#8681,#4086);
#3513=LINE('',#8685,#4087);
#3514=LINE('',#8689,#4088);
#3515=LINE('',#8714,#4089);
#3516=LINE('',#8724,#4090);
#3517=LINE('',#8726,#4091);
#3518=LINE('',#8728,#4092);
#3519=LINE('',#8730,#4093);
#3520=LINE('',#8734,#4094);
#3521=LINE('',#8736,#4095);
#3522=LINE('',#8738,#4096);
#3523=LINE('',#8740,#4097);
#3524=LINE('',#8750,#4098);
#3525=LINE('',#8752,#4099);
#3526=LINE('',#8754,#4100);
#3527=LINE('',#8756,#4101);
#3528=LINE('',#8758,#4102);
#3529=LINE('',#8762,#4103);
#3530=LINE('',#8764,#4104);
#3531=LINE('',#8766,#4105);
#3532=LINE('',#8768,#4106);
#3533=LINE('',#8778,#4107);
#3534=LINE('',#8780,#4108);
#3535=LINE('',#8782,#4109);
#3536=LINE('',#8784,#4110);
#3537=LINE('',#8786,#4111);
#3538=LINE('',#8790,#4112);
#3539=LINE('',#8792,#4113);
#3540=LINE('',#8794,#4114);
#3541=LINE('',#8796,#4115);
#3542=LINE('',#8806,#4116);
#3543=LINE('',#8808,#4117);
#3544=LINE('',#8810,#4118);
#3545=LINE('',#8812,#4119);
#3546=LINE('',#8814,#4120);
#3547=LINE('',#8818,#4121);
#3548=LINE('',#8820,#4122);
#3549=LINE('',#8822,#4123);
#3550=LINE('',#8824,#4124);
#3551=LINE('',#8826,#4125);
#3552=LINE('',#8829,#4126);
#3553=LINE('',#8838,#4127);
#3554=LINE('',#8840,#4128);
#3555=LINE('',#8842,#4129);
#3556=LINE('',#8844,#4130);
#3557=LINE('',#8848,#4131);
#3558=LINE('',#8850,#4132);
#3559=LINE('',#8852,#4133);
#3560=LINE('',#8854,#4134);
#3561=LINE('',#8855,#4135);
#3562=LINE('',#8856,#4136);
#3563=LINE('',#8858,#4137);
#3564=LINE('',#8860,#4138);
#3565=LINE('',#8862,#4139);
#3566=LINE('',#8865,#4140);
#3567=LINE('',#8874,#4141);
#3568=LINE('',#8875,#4142);
#3569=LINE('',#8877,#4143);
#3570=LINE('',#8881,#4144);
#3571=LINE('',#8883,#4145);
#3572=LINE('',#8885,#4146);
#3573=LINE('',#8892,#4147);
#3574=LINE('',#8894,#4148);
#3575=LINE('',#8896,#4149);
#3576=LINE('',#8898,#4150);
#3577=LINE('',#8900,#4151);
#3578=LINE('',#8901,#4152);
#3579=LINE('',#8910,#4153);
#3580=LINE('',#8911,#4154);
#3581=LINE('',#8913,#4155);
#3582=LINE('',#8915,#4156);
#3583=LINE('',#8917,#4157);
#3584=LINE('',#8919,#4158);
#3585=LINE('',#8921,#4159);
#3586=LINE('',#8923,#4160);
#3587=LINE('',#8927,#4161);
#3588=LINE('',#8929,#4162);
#3589=LINE('',#8932,#4163);
#3590=LINE('',#8934,#4164);
#3591=LINE('',#8936,#4165);
#3592=LINE('',#8938,#4166);
#3593=LINE('',#8940,#4167);
#3594=LINE('',#8942,#4168);
#3595=LINE('',#8946,#4169);
#3596=LINE('',#8948,#4170);
#3597=LINE('',#8950,#4171);
#3598=LINE('',#8952,#4172);
#3599=LINE('',#8954,#4173);
#3600=LINE('',#8963,#4174);
#3601=LINE('',#8965,#4175);
#3602=LINE('',#8967,#4176);
#3603=LINE('',#8969,#4177);
#3604=LINE('',#8971,#4178);
#3605=LINE('',#8973,#4179);
#3606=LINE('',#8978,#4180);
#3607=LINE('',#8980,#4181);
#3608=LINE('',#8982,#4182);
#3609=LINE('',#8984,#4183);
#3610=LINE('',#8986,#4184);
#3611=LINE('',#8988,#4185);
#3612=LINE('',#8990,#4186);
#3613=LINE('',#8992,#4187);
#3614=LINE('',#8994,#4188);
#3615=LINE('',#8998,#4189);
#3616=LINE('',#9000,#4190);
#3617=LINE('',#9002,#4191);
#3618=LINE('',#9004,#4192);
#3619=VECTOR('',#5938,39.3700787401575);
#3620=VECTOR('',#5939,39.3700787401575);
#3621=VECTOR('',#5940,39.3700787401575);
#3622=VECTOR('',#5941,39.3700787401575);
#3623=VECTOR('',#5942,39.3700787401575);
#3624=VECTOR('',#5943,39.3700787401575);
#3625=VECTOR('',#5946,39.3700787401575);
#3626=VECTOR('',#5947,39.3700787401575);
#3627=VECTOR('',#5948,39.3700787401575);
#3628=VECTOR('',#5949,39.3700787401575);
#3629=VECTOR('',#5950,39.3700787401575);
#3630=VECTOR('',#5951,39.3700787401575);
#3631=VECTOR('',#5954,39.3700787401575);
#3632=VECTOR('',#5955,39.3700787401575);
#3633=VECTOR('',#5958,39.3700787401575);
#3634=VECTOR('',#5961,39.3700787401575);
#3635=VECTOR('',#5962,39.3700787401575);
#3636=VECTOR('',#5963,39.3700787401575);
#3637=VECTOR('',#5964,39.3700787401575);
#3638=VECTOR('',#5965,39.3700787401575);
#3639=VECTOR('',#5968,39.3700787401575);
#3640=VECTOR('',#5971,39.3700787401575);
#3641=VECTOR('',#5974,39.3700787401575);
#3642=VECTOR('',#5975,39.3700787401575);
#3643=VECTOR('',#5976,39.3700787401575);
#3644=VECTOR('',#5979,39.3700787401575);
#3645=VECTOR('',#5980,39.3700787401575);
#3646=VECTOR('',#5981,39.3700787401575);
#3647=VECTOR('',#5982,39.3700787401575);
#3648=VECTOR('',#5983,39.3700787401575);
#3649=VECTOR('',#5986,39.3700787401575);
#3650=VECTOR('',#5987,39.3700787401575);
#3651=VECTOR('',#5988,39.3700787401575);
#3652=VECTOR('',#5989,39.3700787401575);
#3653=VECTOR('',#5990,39.3700787401575);
#3654=VECTOR('',#5993,39.3700787401575);
#3655=VECTOR('',#5994,39.3700787401575);
#3656=VECTOR('',#5995,39.3700787401575);
#3657=VECTOR('',#5996,39.3700787401575);
#3658=VECTOR('',#5997,39.3700787401575);
#3659=VECTOR('',#6002,39.3700787401575);
#3660=VECTOR('',#6003,39.3700787401575);
#3661=VECTOR('',#6004,39.3700787401575);
#3662=VECTOR('',#6005,39.3700787401575);
#3663=VECTOR('',#6008,39.3700787401575);
#3664=VECTOR('',#6011,39.3700787401575);
#3665=VECTOR('',#6014,39.3700787401575);
#3666=VECTOR('',#6015,39.3700787401575);
#3667=VECTOR('',#6016,39.3700787401575);
#3668=VECTOR('',#6017,39.3700787401575);
#3669=VECTOR('',#6022,39.3700787401575);
#3670=VECTOR('',#6023,39.3700787401575);
#3671=VECTOR('',#6024,39.3700787401575);
#3672=VECTOR('',#6025,39.3700787401575);
#3673=VECTOR('',#6028,39.3700787401575);
#3674=VECTOR('',#6031,39.3700787401575);
#3675=VECTOR('',#6032,39.3700787401575);
#3676=VECTOR('',#6033,39.3700787401575);
#3677=VECTOR('',#6036,39.3700787401575);
#3678=VECTOR('',#6037,39.3700787401575);
#3679=VECTOR('',#6038,39.3700787401575);
#3680=VECTOR('',#6041,39.3700787401575);
#3681=VECTOR('',#6044,39.3700787401575);
#3682=VECTOR('',#6049,39.3700787401575);
#3683=VECTOR('',#6050,39.3700787401575);
#3684=VECTOR('',#6053,39.3700787401575);
#3685=VECTOR('',#6054,39.3700787401575);
#3686=VECTOR('',#6057,39.3700787401575);
#3687=VECTOR('',#6062,39.3700787401575);
#3688=VECTOR('',#6063,39.3700787401575);
#3689=VECTOR('',#6066,39.3700787401575);
#3690=VECTOR('',#6067,39.3700787401575);
#3691=VECTOR('',#6070,39.3700787401575);
#3692=VECTOR('',#6073,39.3700787401575);
#3693=VECTOR('',#6074,39.3700787401575);
#3694=VECTOR('',#6077,39.3700787401575);
#3695=VECTOR('',#6078,39.3700787401575);
#3696=VECTOR('',#6081,39.3700787401575);
#3697=VECTOR('',#6086,39.3700787401575);
#3698=VECTOR('',#6087,39.3700787401575);
#3699=VECTOR('',#6090,39.3700787401575);
#3700=VECTOR('',#6091,39.3700787401575);
#3701=VECTOR('',#6094,39.3700787401575);
#3702=VECTOR('',#6097,39.3700787401575);
#3703=VECTOR('',#6098,39.3700787401575);
#3704=VECTOR('',#6101,39.3700787401575);
#3705=VECTOR('',#6102,39.3700787401575);
#3706=VECTOR('',#6105,39.3700787401575);
#3707=VECTOR('',#6112,39.3700787401575);
#3708=VECTOR('',#6113,39.3700787401575);
#3709=VECTOR('',#6116,39.3700787401575);
#3710=VECTOR('',#6119,39.3700787401575);
#3711=VECTOR('',#6120,39.3700787401575);
#3712=VECTOR('',#6121,39.3700787401575);
#3713=VECTOR('',#6122,39.3700787401575);
#3714=VECTOR('',#6125,39.3700787401575);
#3715=VECTOR('',#6128,39.3700787401575);
#3716=VECTOR('',#6131,39.3700787401575);
#3717=VECTOR('',#6132,39.3700787401575);
#3718=VECTOR('',#6133,39.3700787401575);
#3719=VECTOR('',#6134,39.3700787401575);
#3720=VECTOR('',#6137,39.3700787401575);
#3721=VECTOR('',#6138,39.3700787401575);
#3722=VECTOR('',#6139,39.3700787401575);
#3723=VECTOR('',#6140,39.3700787401575);
#3724=VECTOR('',#6141,39.3700787401575);
#3725=VECTOR('',#6144,39.3700787401575);
#3726=VECTOR('',#6145,39.3700787401575);
#3727=VECTOR('',#6146,39.3700787401575);
#3728=VECTOR('',#6147,39.3700787401575);
#3729=VECTOR('',#6148,39.3700787401575);
#3730=VECTOR('',#6151,39.3700787401575);
#3731=VECTOR('',#6152,39.3700787401575);
#3732=VECTOR('',#6153,39.3700787401575);
#3733=VECTOR('',#6154,39.3700787401575);
#3734=VECTOR('',#6155,39.3700787401575);
#3735=VECTOR('',#6158,39.3700787401575);
#3736=VECTOR('',#6161,39.3700787401575);
#3737=VECTOR('',#6162,39.3700787401575);
#3738=VECTOR('',#6165,39.3700787401575);
#3739=VECTOR('',#6168,39.3700787401575);
#3740=VECTOR('',#6169,39.3700787401575);
#3741=VECTOR('',#6170,39.3700787401575);
#3742=VECTOR('',#6171,39.3700787401575);
#3743=VECTOR('',#6174,39.3700787401575);
#3744=VECTOR('',#6177,39.3700787401575);
#3745=VECTOR('',#6180,39.3700787401575);
#3746=VECTOR('',#6181,39.3700787401575);
#3747=VECTOR('',#6182,39.3700787401575);
#3748=VECTOR('',#6185,39.3700787401575);
#3749=VECTOR('',#6186,39.3700787401575);
#3750=VECTOR('',#6187,39.3700787401575);
#3751=VECTOR('',#6190,39.3700787401575);
#3752=VECTOR('',#6191,39.3700787401575);
#3753=VECTOR('',#6192,39.3700787401575);
#3754=VECTOR('',#6195,39.3700787401575);
#3755=VECTOR('',#6196,39.3700787401575);
#3756=VECTOR('',#6197,39.3700787401575);
#3757=VECTOR('',#6200,39.3700787401575);
#3758=VECTOR('',#6201,39.3700787401575);
#3759=VECTOR('',#6202,39.3700787401575);
#3760=VECTOR('',#6203,39.3700787401575);
#3761=VECTOR('',#6204,39.3700787401575);
#3762=VECTOR('',#6205,39.3700787401575);
#3763=VECTOR('',#6206,39.3700787401575);
#3764=VECTOR('',#6207,39.3700787401575);
#3765=VECTOR('',#6208,39.3700787401575);
#3766=VECTOR('',#6209,39.3700787401575);
#3767=VECTOR('',#6210,39.3700787401575);
#3768=VECTOR('',#6211,39.3700787401575);
#3769=VECTOR('',#6212,39.3700787401575);
#3770=VECTOR('',#6213,39.3700787401575);
#3771=VECTOR('',#6214,39.3700787401575);
#3772=VECTOR('',#6215,39.3700787401575);
#3773=VECTOR('',#6216,39.3700787401575);
#3774=VECTOR('',#6217,39.3700787401575);
#3775=VECTOR('',#6218,39.3700787401575);
#3776=VECTOR('',#6219,39.3700787401575);
#3777=VECTOR('',#6220,39.3700787401575);
#3778=VECTOR('',#6221,39.3700787401575);
#3779=VECTOR('',#6224,39.3700787401575);
#3780=VECTOR('',#6227,39.3700787401575);
#3781=VECTOR('',#6230,39.3700787401575);
#3782=VECTOR('',#6233,39.3700787401575);
#3783=VECTOR('',#6236,39.3700787401575);
#3784=VECTOR('',#6237,39.3700787401575);
#3785=VECTOR('',#6238,39.3700787401575);
#3786=VECTOR('',#6239,39.3700787401575);
#3787=VECTOR('',#6240,39.3700787401575);
#3788=VECTOR('',#6241,39.3700787401575);
#3789=VECTOR('',#6244,39.3700787401575);
#3790=VECTOR('',#6245,39.3700787401575);
#3791=VECTOR('',#6246,39.3700787401575);
#3792=VECTOR('',#6247,39.3700787401575);
#3793=VECTOR('',#6248,39.3700787401575);
#3794=VECTOR('',#6249,39.3700787401575);
#3795=VECTOR('',#6252,39.3700787401575);
#3796=VECTOR('',#6253,39.3700787401575);
#3797=VECTOR('',#6254,39.3700787401575);
#3798=VECTOR('',#6255,39.3700787401575);
#3799=VECTOR('',#6256,39.3700787401575);
#3800=VECTOR('',#6261,39.3700787401575);
#3801=VECTOR('',#6262,39.3700787401575);
#3802=VECTOR('',#6263,39.3700787401575);
#3803=VECTOR('',#6266,39.3700787401575);
#3804=VECTOR('',#6267,39.3700787401575);
#3805=VECTOR('',#6268,39.3700787401575);
#3806=VECTOR('',#6271,39.3700787401575);
#3807=VECTOR('',#6272,39.3700787401575);
#3808=VECTOR('',#6273,39.3700787401575);
#3809=VECTOR('',#6276,39.3700787401575);
#3810=VECTOR('',#6279,39.3700787401575);
#3811=VECTOR('',#6280,39.3700787401575);
#3812=VECTOR('',#6283,39.3700787401575);
#3813=VECTOR('',#6286,39.3700787401575);
#3814=VECTOR('',#6287,39.3700787401575);
#3815=VECTOR('',#6288,39.3700787401575);
#3816=VECTOR('',#6291,39.3700787401575);
#3817=VECTOR('',#6292,39.3700787401575);
#3818=VECTOR('',#6293,39.3700787401575);
#3819=VECTOR('',#6296,39.3700787401575);
#3820=VECTOR('',#6297,39.3700787401575);
#3821=VECTOR('',#6298,39.3700787401575);
#3822=VECTOR('',#6299,39.3700787401575);
#3823=VECTOR('',#6300,39.3700787401575);
#3824=VECTOR('',#6301,39.3700787401575);
#3825=VECTOR('',#6302,39.3700787401575);
#3826=VECTOR('',#6305,39.3700787401575);
#3827=VECTOR('',#6306,39.3700787401575);
#3828=VECTOR('',#6307,39.3700787401575);
#3829=VECTOR('',#6308,39.3700787401575);
#3830=VECTOR('',#6309,39.3700787401575);
#3831=VECTOR('',#6310,39.3700787401575);
#3832=VECTOR('',#6311,39.3700787401575);
#3833=VECTOR('',#6312,39.3700787401575);
#3834=VECTOR('',#6313,39.3700787401575);
#3835=VECTOR('',#6314,39.3700787401575);
#3836=VECTOR('',#6315,39.3700787401575);
#3837=VECTOR('',#6326,39.3700787401575);
#3838=VECTOR('',#6327,39.3700787401575);
#3839=VECTOR('',#6328,39.3700787401575);
#3840=VECTOR('',#6331,39.3700787401575);
#3841=VECTOR('',#6332,39.3700787401575);
#3842=VECTOR('',#6337,39.3700787401575);
#3843=VECTOR('',#6340,39.3700787401575);
#3844=VECTOR('',#6341,39.3700787401575);
#3845=VECTOR('',#6344,39.3700787401575);
#3846=VECTOR('',#6345,39.3700787401575);
#3847=VECTOR('',#6348,39.3700787401575);
#3848=VECTOR('',#6351,39.3700787401575);
#3849=VECTOR('',#6354,39.3700787401575);
#3850=VECTOR('',#6357,39.3700787401575);
#3851=VECTOR('',#6360,39.3700787401575);
#3852=VECTOR('',#6365,39.3700787401575);
#3853=VECTOR('',#6366,39.3700787401575);
#3854=VECTOR('',#6369,39.3700787401575);
#3855=VECTOR('',#6374,39.3700787401575);
#3856=VECTOR('',#6375,39.3700787401575);
#3857=VECTOR('',#6378,39.3700787401575);
#3858=VECTOR('',#6379,39.3700787401575);
#3859=VECTOR('',#6382,39.3700787401575);
#3860=VECTOR('',#6383,39.3700787401575);
#3861=VECTOR('',#6386,39.3700787401575);
#3862=VECTOR('',#6387,39.3700787401575);
#3863=VECTOR('',#6390,39.3700787401575);
#3864=VECTOR('',#6395,39.3700787401575);
#3865=VECTOR('',#6396,39.3700787401575);
#3866=VECTOR('',#6403,39.3700787401575);
#3867=VECTOR('',#6408,39.3700787401575);
#3868=VECTOR('',#6411,39.3700787401575);
#3869=VECTOR('',#6412,39.3700787401575);
#3870=VECTOR('',#6417,39.3700787401575);
#3871=VECTOR('',#6420,39.3700787401575);
#3872=VECTOR('',#6421,39.3700787401575);
#3873=VECTOR('',#6424,39.3700787401575);
#3874=VECTOR('',#6425,39.3700787401575);
#3875=VECTOR('',#6428,39.3700787401575);
#3876=VECTOR('',#6429,39.3700787401575);
#3877=VECTOR('',#6432,39.3700787401575);
#3878=VECTOR('',#6433,39.3700787401575);
#3879=VECTOR('',#6438,39.3700787401575);
#3880=VECTOR('',#6441,39.3700787401575);
#3881=VECTOR('',#6442,39.3700787401575);
#3882=VECTOR('',#6449,39.3700787401575);
#3883=VECTOR('',#6452,39.3700787401575);
#3884=VECTOR('',#6453,39.3700787401575);
#3885=VECTOR('',#6454,39.3700787401575);
#3886=VECTOR('',#6457,39.3700787401575);
#3887=VECTOR('',#6458,39.3700787401575);
#3888=VECTOR('',#6463,39.3700787401575);
#3889=VECTOR('',#6466,39.3700787401575);
#3890=VECTOR('',#6467,39.3700787401575);
#3891=VECTOR('',#6470,39.3700787401575);
#3892=VECTOR('',#6471,39.3700787401575);
#3893=VECTOR('',#6474,39.3700787401575);
#3894=VECTOR('',#6477,39.3700787401575);
#3895=VECTOR('',#6480,39.3700787401575);
#3896=VECTOR('',#6481,39.3700787401575);
#3897=VECTOR('',#6484,39.3700787401575);
#3898=VECTOR('',#6485,39.3700787401575);
#3899=VECTOR('',#6488,39.3700787401575);
#3900=VECTOR('',#6493,39.3700787401575);
#3901=VECTOR('',#6494,39.3700787401575);
#3902=VECTOR('',#6497,39.3700787401575);
#3903=VECTOR('',#6498,39.3700787401575);
#3904=VECTOR('',#6501,39.3700787401575);
#3905=VECTOR('',#6510,39.3700787401575);
#3906=VECTOR('',#6515,39.3700787401575);
#3907=VECTOR('',#6520,39.3700787401575);
#3908=VECTOR('',#6523,39.3700787401575);
#3909=VECTOR('',#6526,39.3700787401575);
#3910=VECTOR('',#6527,39.3700787401575);
#3911=VECTOR('',#6532,39.3700787401575);
#3912=VECTOR('',#6535,39.3700787401575);
#3913=VECTOR('',#6536,39.3700787401575);
#3914=VECTOR('',#6541,39.3700787401575);
#3915=VECTOR('',#6544,39.3700787401575);
#3916=VECTOR('',#6545,39.3700787401575);
#3917=VECTOR('',#6550,39.3700787401575);
#3918=VECTOR('',#6553,39.3700787401575);
#3919=VECTOR('',#6614,39.3700787401575);
#3920=VECTOR('',#6617,39.3700787401575);
#3921=VECTOR('',#6620,39.3700787401575);
#3922=VECTOR('',#6621,39.3700787401575);
#3923=VECTOR('',#6622,39.3700787401575);
#3924=VECTOR('',#6627,39.3700787401575);
#3925=VECTOR('',#6632,39.3700787401575);
#3926=VECTOR('',#6633,39.3700787401575);
#3927=VECTOR('',#6634,39.3700787401575);
#3928=VECTOR('',#6639,39.3700787401575);
#3929=VECTOR('',#6644,39.3700787401575);
#3930=VECTOR('',#6645,39.3700787401575);
#3931=VECTOR('',#6646,39.3700787401575);
#3932=VECTOR('',#6651,39.3700787401575);
#3933=VECTOR('',#6656,39.3700787401575);
#3934=VECTOR('',#6657,39.3700787401575);
#3935=VECTOR('',#6714,39.3700787401575);
#3936=VECTOR('',#6715,39.3700787401575);
#3937=VECTOR('',#6716,39.3700787401575);
#3938=VECTOR('',#6717,39.3700787401575);
#3939=VECTOR('',#6720,39.3700787401575);
#3940=VECTOR('',#6723,39.3700787401575);
#3941=VECTOR('',#6724,39.3700787401575);
#3942=VECTOR('',#6725,39.3700787401575);
#3943=VECTOR('',#6726,39.3700787401575);
#3944=VECTOR('',#6727,39.3700787401575);
#3945=VECTOR('',#6730,39.3700787401575);
#3946=VECTOR('',#6733,39.3700787401575);
#3947=VECTOR('',#6736,39.3700787401575);
#3948=VECTOR('',#6739,39.3700787401575);
#3949=VECTOR('',#6742,39.3700787401575);
#3950=VECTOR('',#6743,39.3700787401575);
#3951=VECTOR('',#6744,39.3700787401575);
#3952=VECTOR('',#6747,39.3700787401575);
#3953=VECTOR('',#6748,39.3700787401575);
#3954=VECTOR('',#6751,39.3700787401575);
#3955=VECTOR('',#6752,39.3700787401575);
#3956=VECTOR('',#6753,39.3700787401575);
#3957=VECTOR('',#6754,39.3700787401575);
#3958=VECTOR('',#6755,39.3700787401575);
#3959=VECTOR('',#6756,39.3700787401575);
#3960=VECTOR('',#6759,39.3700787401575);
#3961=VECTOR('',#6760,39.3700787401575);
#3962=VECTOR('',#6763,39.3700787401575);
#3963=VECTOR('',#6764,39.3700787401575);
#3964=VECTOR('',#6767,39.3700787401575);
#3965=VECTOR('',#6772,39.3700787401575);
#3966=VECTOR('',#6773,39.3700787401575);
#3967=VECTOR('',#6776,39.3700787401575);
#3968=VECTOR('',#6781,39.3700787401575);
#3969=VECTOR('',#6782,39.3700787401575);
#3970=VECTOR('',#6783,39.3700787401575);
#3971=VECTOR('',#6786,39.3700787401575);
#3972=VECTOR('',#6787,39.3700787401575);
#3973=VECTOR('',#6790,39.3700787401575);
#3974=VECTOR('',#6791,39.3700787401575);
#3975=VECTOR('',#6792,39.3700787401575);
#3976=VECTOR('',#6793,39.3700787401575);
#3977=VECTOR('',#6794,39.3700787401575);
#3978=VECTOR('',#6795,39.3700787401575);
#3979=VECTOR('',#6796,39.3700787401575);
#3980=VECTOR('',#6797,39.3700787401575);
#3981=VECTOR('',#6800,39.3700787401575);
#3982=VECTOR('',#6801,39.3700787401575);
#3983=VECTOR('',#6806,39.3700787401575);
#3984=VECTOR('',#6811,39.3700787401575);
#3985=VECTOR('',#6816,39.3700787401575);
#3986=VECTOR('',#6817,39.3700787401575);
#3987=VECTOR('',#6820,39.3700787401575);
#3988=VECTOR('',#6821,39.3700787401575);
#3989=VECTOR('',#6824,39.3700787401575);
#3990=VECTOR('',#6825,39.3700787401575);
#3991=VECTOR('',#6830,39.3700787401575);
#3992=VECTOR('',#6833,39.3700787401575);
#3993=VECTOR('',#6834,39.3700787401575);
#3994=VECTOR('',#6837,39.3700787401575);
#3995=VECTOR('',#6838,39.3700787401575);
#3996=VECTOR('',#6843,39.3700787401575);
#3997=VECTOR('',#6846,39.3700787401575);
#3998=VECTOR('',#6847,39.3700787401575);
#3999=VECTOR('',#6850,39.3700787401575);
#4000=VECTOR('',#6851,39.3700787401575);
#4001=VECTOR('',#6854,39.3700787401575);
#4002=VECTOR('',#6857,39.3700787401575);
#4003=VECTOR('',#6858,39.3700787401575);
#4004=VECTOR('',#6859,39.3700787401575);
#4005=VECTOR('',#6862,39.3700787401575);
#4006=VECTOR('',#6863,39.3700787401575);
#4007=VECTOR('',#6866,39.3700787401575);
#4008=VECTOR('',#6867,39.3700787401575);
#4009=VECTOR('',#6872,39.3700787401575);
#4010=VECTOR('',#6875,39.3700787401575);
#4011=VECTOR('',#6876,39.3700787401575);
#4012=VECTOR('',#6879,39.3700787401575);
#4013=VECTOR('',#6880,39.3700787401575);
#4014=VECTOR('',#6889,39.3700787401575);
#4015=VECTOR('',#6890,39.3700787401575);
#4016=VECTOR('',#6893,39.3700787401575);
#4017=VECTOR('',#6894,39.3700787401575);
#4018=VECTOR('',#6897,39.3700787401575);
#4019=VECTOR('',#6898,39.3700787401575);
#4020=VECTOR('',#6901,39.3700787401575);
#4021=VECTOR('',#6906,39.3700787401575);
#4022=VECTOR('',#6907,39.3700787401575);
#4023=VECTOR('',#6910,39.3700787401575);
#4024=VECTOR('',#6911,39.3700787401575);
#4025=VECTOR('',#6914,39.3700787401575);
#4026=VECTOR('',#6919,39.3700787401575);
#4027=VECTOR('',#6920,39.3700787401575);
#4028=VECTOR('',#6923,39.3700787401575);
#4029=VECTOR('',#6924,39.3700787401575);
#4030=VECTOR('',#6927,39.3700787401575);
#4031=VECTOR('',#6930,39.3700787401575);
#4032=VECTOR('',#6931,39.3700787401575);
#4033=VECTOR('',#6932,39.3700787401575);
#4034=VECTOR('',#6935,39.3700787401575);
#4035=VECTOR('',#6936,39.3700787401575);
#4036=VECTOR('',#6939,39.3700787401575);
#4037=VECTOR('',#6940,39.3700787401575);
#4038=VECTOR('',#6943,39.3700787401575);
#4039=VECTOR('',#6948,39.3700787401575);
#4040=VECTOR('',#6949,39.3700787401575);
#4041=VECTOR('',#6952,39.3700787401575);
#4042=VECTOR('',#6953,39.3700787401575);
#4043=VECTOR('',#6968,39.3700787401575);
#4044=VECTOR('',#6969,39.3700787401575);
#4045=VECTOR('',#6970,39.3700787401575);
#4046=VECTOR('',#6973,39.3700787401575);
#4047=VECTOR('',#6974,39.3700787401575);
#4048=VECTOR('',#6977,39.3700787401575);
#4049=VECTOR('',#6982,39.3700787401575);
#4050=VECTOR('',#6985,39.3700787401575);
#4051=VECTOR('',#6988,39.3700787401575);
#4052=VECTOR('',#6991,39.3700787401575);
#4053=VECTOR('',#6994,39.3700787401575);
#4054=VECTOR('',#6997,39.3700787401575);
#4055=VECTOR('',#7004,39.3700787401575);
#4056=VECTOR('',#7005,39.3700787401575);
#4057=VECTOR('',#7018,39.3700787401575);
#4058=VECTOR('',#7021,39.3700787401575);
#4059=VECTOR('',#7032,39.3700787401575);
#4060=VECTOR('',#7035,39.3700787401575);
#4061=VECTOR('',#7046,39.3700787401575);
#4062=VECTOR('',#7047,39.3700787401575);
#4063=VECTOR('',#7050,39.3700787401575);
#4064=VECTOR('',#7051,39.3700787401575);
#4065=VECTOR('',#7054,39.3700787401575);
#4066=VECTOR('',#7055,39.3700787401575);
#4067=VECTOR('',#7058,39.3700787401575);
#4068=VECTOR('',#7059,39.3700787401575);
#4069=VECTOR('',#7062,39.3700787401575);
#4070=VECTOR('',#7067,39.3700787401575);
#4071=VECTOR('',#7068,39.3700787401575);
#4072=VECTOR('',#7071,39.3700787401575);
#4073=VECTOR('',#7072,39.3700787401575);
#4074=VECTOR('',#7075,39.3700787401575);
#4075=VECTOR('',#7076,39.3700787401575);
#4076=VECTOR('',#7079,39.3700787401575);
#4077=VECTOR('',#7080,39.3700787401575);
#4078=VECTOR('',#7083,39.3700787401575);
#4079=VECTOR('',#7086,39.3700787401575);
#4080=VECTOR('',#7087,39.3700787401575);
#4081=VECTOR('',#7096,39.3700787401575);
#4082=VECTOR('',#7099,39.3700787401575);
#4083=VECTOR('',#7104,39.3700787401575);
#4084=VECTOR('',#7107,39.3700787401575);
#4085=VECTOR('',#7114,39.3700787401575);
#4086=VECTOR('',#7137,39.3700787401575);
#4087=VECTOR('',#7142,39.3700787401575);
#4088=VECTOR('',#7149,39.3700787401575);
#4089=VECTOR('',#7186,39.3700787401575);
#4090=VECTOR('',#7187,39.3700787401575);
#4091=VECTOR('',#7188,39.3700787401575);
#4092=VECTOR('',#7189,39.3700787401575);
#4093=VECTOR('',#7190,39.3700787401575);
#4094=VECTOR('',#7193,39.3700787401575);
#4095=VECTOR('',#7194,39.3700787401575);
#4096=VECTOR('',#7195,39.3700787401575);
#4097=VECTOR('',#7196,39.3700787401575);
#4098=VECTOR('',#7199,39.3700787401575);
#4099=VECTOR('',#7200,39.3700787401575);
#4100=VECTOR('',#7201,39.3700787401575);
#4101=VECTOR('',#7202,39.3700787401575);
#4102=VECTOR('',#7203,39.3700787401575);
#4103=VECTOR('',#7206,39.3700787401575);
#4104=VECTOR('',#7207,39.3700787401575);
#4105=VECTOR('',#7208,39.3700787401575);
#4106=VECTOR('',#7209,39.3700787401575);
#4107=VECTOR('',#7212,39.3700787401575);
#4108=VECTOR('',#7213,39.3700787401575);
#4109=VECTOR('',#7214,39.3700787401575);
#4110=VECTOR('',#7215,39.3700787401575);
#4111=VECTOR('',#7216,39.3700787401575);
#4112=VECTOR('',#7219,39.3700787401575);
#4113=VECTOR('',#7220,39.3700787401575);
#4114=VECTOR('',#7221,39.3700787401575);
#4115=VECTOR('',#7222,39.3700787401575);
#4116=VECTOR('',#7225,39.3700787401575);
#4117=VECTOR('',#7226,39.3700787401575);
#4118=VECTOR('',#7227,39.3700787401575);
#4119=VECTOR('',#7228,39.3700787401575);
#4120=VECTOR('',#7229,39.3700787401575);
#4121=VECTOR('',#7232,39.3700787401575);
#4122=VECTOR('',#7233,39.3700787401575);
#4123=VECTOR('',#7234,39.3700787401575);
#4124=VECTOR('',#7235,39.3700787401575);
#4125=VECTOR('',#7238,39.3700787401575);
#4126=VECTOR('',#7239,39.3700787401575);
#4127=VECTOR('',#7240,39.3700787401575);
#4128=VECTOR('',#7241,39.3700787401575);
#4129=VECTOR('',#7242,39.3700787401575);
#4130=VECTOR('',#7243,39.3700787401575);
#4131=VECTOR('',#7246,39.3700787401575);
#4132=VECTOR('',#7247,39.3700787401575);
#4133=VECTOR('',#7248,39.3700787401575);
#4134=VECTOR('',#7251,39.3700787401575);
#4135=VECTOR('',#7252,39.3700787401575);
#4136=VECTOR('',#7253,39.3700787401575);
#4137=VECTOR('',#7254,39.3700787401575);
#4138=VECTOR('',#7255,39.3700787401575);
#4139=VECTOR('',#7258,39.3700787401575);
#4140=VECTOR('',#7259,39.3700787401575);
#4141=VECTOR('',#7260,39.3700787401575);
#4142=VECTOR('',#7261,39.3700787401575);
#4143=VECTOR('',#7262,39.3700787401575);
#4144=VECTOR('',#7265,39.3700787401575);
#4145=VECTOR('',#7266,39.3700787401575);
#4146=VECTOR('',#7267,39.3700787401575);
#4147=VECTOR('',#7276,39.3700787401575);
#4148=VECTOR('',#7277,39.3700787401575);
#4149=VECTOR('',#7278,39.3700787401575);
#4150=VECTOR('',#7279,39.3700787401575);
#4151=VECTOR('',#7280,39.3700787401575);
#4152=VECTOR('',#7281,39.3700787401575);
#4153=VECTOR('',#7294,39.3700787401575);
#4154=VECTOR('',#7295,39.3700787401575);
#4155=VECTOR('',#7298,39.3700787401575);
#4156=VECTOR('',#7301,39.3700787401575);
#4157=VECTOR('',#7304,39.3700787401575);
#4158=VECTOR('',#7307,39.3700787401575);
#4159=VECTOR('',#7310,39.3700787401575);
#4160=VECTOR('',#7313,39.3700787401575);
#4161=VECTOR('',#7318,39.3700787401575);
#4162=VECTOR('',#7319,39.3700787401575);
#4163=VECTOR('',#7324,39.3700787401575);
#4164=VECTOR('',#7325,39.3700787401575);
#4165=VECTOR('',#7328,39.3700787401575);
#4166=VECTOR('',#7329,39.3700787401575);
#4167=VECTOR('',#7332,39.3700787401575);
#4168=VECTOR('',#7333,39.3700787401575);
#4169=VECTOR('',#7338,39.3700787401575);
#4170=VECTOR('',#7341,39.3700787401575);
#4171=VECTOR('',#7342,39.3700787401575);
#4172=VECTOR('',#7345,39.3700787401575);
#4173=VECTOR('',#7348,39.3700787401575);
#4174=VECTOR('',#7351,39.3700787401575);
#4175=VECTOR('',#7354,39.3700787401575);
#4176=VECTOR('',#7357,39.3700787401575);
#4177=VECTOR('',#7360,39.3700787401575);
#4178=VECTOR('',#7363,39.3700787401575);
#4179=VECTOR('',#7366,39.3700787401575);
#4180=VECTOR('',#7373,39.3700787401575);
#4181=VECTOR('',#7374,39.3700787401575);
#4182=VECTOR('',#7377,39.3700787401575);
#4183=VECTOR('',#7378,39.3700787401575);
#4184=VECTOR('',#7381,39.3700787401575);
#4185=VECTOR('',#7382,39.3700787401575);
#4186=VECTOR('',#7385,39.3700787401575);
#4187=VECTOR('',#7386,39.3700787401575);
#4188=VECTOR('',#7389,39.3700787401575);
#4189=VECTOR('',#7394,39.3700787401575);
#4190=VECTOR('',#7395,39.3700787401575);
#4191=VECTOR('',#7398,39.3700787401575);
#4192=VECTOR('',#7401,39.3700787401575);
#4193=EDGE_LOOP('',(#306,#307,#308,#309,#310,#311));
#4194=EDGE_LOOP('',(#312,#313,#314,#315,#316,#317));
#4195=EDGE_LOOP('',(#318,#319,#320,#321,#322,#323,#324,#325,#326,#327,#328,
#329,#330,#331,#332,#333));
#4196=EDGE_LOOP('',(#334,#335,#336,#337,#338,#339,#340,#341,#342,#343,#344,
#345,#346,#347,#348,#349,#350,#351,#352,#353,#354,#355,#356,#357));
#4197=EDGE_LOOP('',(#358,#359,#360,#361,#362,#363));
#4198=EDGE_LOOP('',(#364,#365,#366,#367));
#4199=EDGE_LOOP('',(#368,#369,#370,#371));
#4200=EDGE_LOOP('',(#372,#373,#374,#375,#376,#377,#378,#379));
#4201=EDGE_LOOP('',(#380,#381,#382,#383));
#4202=EDGE_LOOP('',(#384,#385,#386,#387,#388,#389));
#4203=EDGE_LOOP('',(#390,#391,#392,#393));
#4204=EDGE_LOOP('',(#394,#395,#396,#397,#398,#399,#400,#401));
#4205=EDGE_LOOP('',(#402,#403,#404,#405));
#4206=EDGE_LOOP('',(#406,#407,#408,#409));
#4207=EDGE_LOOP('',(#410,#411,#412,#413));
#4208=EDGE_LOOP('',(#414,#415,#416,#417));
#4209=EDGE_LOOP('',(#418,#419,#420,#421));
#4210=EDGE_LOOP('',(#422,#423,#424,#425));
#4211=EDGE_LOOP('',(#426,#427,#428,#429));
#4212=EDGE_LOOP('',(#430,#431,#432,#433));
#4213=EDGE_LOOP('',(#434,#435,#436,#437));
#4214=EDGE_LOOP('',(#438,#439,#440,#441));
#4215=EDGE_LOOP('',(#442,#443,#444,#445));
#4216=EDGE_LOOP('',(#446,#447,#448,#449));
#4217=EDGE_LOOP('',(#450,#451,#452,#453));
#4218=EDGE_LOOP('',(#454,#455,#456,#457));
#4219=EDGE_LOOP('',(#458,#459,#460,#461,#462,#463,#464,#465));
#4220=EDGE_LOOP('',(#466,#467,#468,#469));
#4221=EDGE_LOOP('',(#470,#471,#472,#473));
#4222=EDGE_LOOP('',(#474,#475,#476,#477));
#4223=EDGE_LOOP('',(#478,#479,#480,#481));
#4224=EDGE_LOOP('',(#482,#483,#484,#485));
#4225=EDGE_LOOP('',(#486,#487,#488,#489));
#4226=EDGE_LOOP('',(#490,#491,#492,#493,#494,#495,#496,#497));
#4227=EDGE_LOOP('',(#498,#499,#500,#501,#502,#503,#504,#505,#506,#507,#508,
#509,#510));
#4228=EDGE_LOOP('',(#511,#512,#513,#514,#515,#516,#517,#518,#519,#520,#521,
#522,#523,#524,#525,#526,#527,#528,#529,#530,#531,#532,#533,#534));
#4229=EDGE_LOOP('',(#535,#536,#537,#538,#539,#540,#541,#542,#543,#544,#545,
#546,#547));
#4230=EDGE_LOOP('',(#548,#549,#550,#551));
#4231=EDGE_LOOP('',(#552,#553,#554,#555));
#4232=EDGE_LOOP('',(#556,#557,#558,#559));
#4233=EDGE_LOOP('',(#560,#561,#562,#563));
#4234=EDGE_LOOP('',(#564,#565,#566,#567,#568,#569,#570,#571,#572,#573,#574,
#575,#576,#577,#578,#579,#580,#581,#582,#583,#584,#585));
#4235=EDGE_LOOP('',(#586,#587,#588,#589,#590,#591,#592,#593));
#4236=EDGE_LOOP('',(#594,#595,#596,#597,#598,#599,#600));
#4237=EDGE_LOOP('',(#601,#602,#603,#604,#605,#606,#607));
#4238=EDGE_LOOP('',(#608,#609,#610,#611,#612,#613,#614));
#4239=EDGE_LOOP('',(#615,#616,#617,#618,#619,#620,#621));
#4240=EDGE_LOOP('',(#622,#623,#624,#625,#626));
#4241=EDGE_LOOP('',(#627,#628,#629,#630,#631));
#4242=EDGE_LOOP('',(#632,#633,#634,#635,#636,#637));
#4243=EDGE_LOOP('',(#638,#639,#640,#641,#642,#643));
#4244=EDGE_LOOP('',(#644,#645,#646,#647,#648,#649,#650,#651,#652,#653,#654,
#655));
#4245=EDGE_LOOP('',(#656,#657,#658,#659,#660,#661,#662,#663,#664,#665,#666,
#667,#668,#669,#670,#671));
#4246=EDGE_LOOP('',(#672,#673,#674,#675));
#4247=EDGE_LOOP('',(#676,#677,#678,#679));
#4248=EDGE_LOOP('',(#680,#681,#682,#683));
#4249=EDGE_LOOP('',(#684,#685,#686,#687));
#4250=EDGE_LOOP('',(#688,#689,#690,#691));
#4251=EDGE_LOOP('',(#692,#693,#694,#695));
#4252=EDGE_LOOP('',(#696,#697,#698,#699));
#4253=EDGE_LOOP('',(#700,#701,#702,#703,#704,#705));
#4254=EDGE_LOOP('',(#706,#707,#708,#709));
#4255=EDGE_LOOP('',(#710,#711,#712,#713));
#4256=EDGE_LOOP('',(#714,#715,#716,#717));
#4257=EDGE_LOOP('',(#718,#719,#720,#721,#722,#723));
#4258=EDGE_LOOP('',(#724,#725,#726,#727));
#4259=EDGE_LOOP('',(#728,#729,#730,#731));
#4260=EDGE_LOOP('',(#732,#733,#734,#735));
#4261=EDGE_LOOP('',(#736,#737,#738,#739));
#4262=EDGE_LOOP('',(#740,#741,#742,#743));
#4263=EDGE_LOOP('',(#744,#745,#746,#747));
#4264=EDGE_LOOP('',(#748,#749,#750,#751));
#4265=EDGE_LOOP('',(#752,#753,#754,#755));
#4266=EDGE_LOOP('',(#756,#757,#758,#759));
#4267=EDGE_LOOP('',(#760,#761,#762,#763));
#4268=EDGE_LOOP('',(#764,#765,#766,#767));
#4269=EDGE_LOOP('',(#768,#769,#770,#771));
#4270=EDGE_LOOP('',(#772,#773,#774,#775,#776,#777,#778,#779,#780,#781,#782,
#783,#784));
#4271=EDGE_LOOP('',(#785,#786,#787,#788));
#4272=EDGE_LOOP('',(#789,#790,#791,#792));
#4273=EDGE_LOOP('',(#793,#794,#795,#796));
#4274=EDGE_LOOP('',(#797,#798,#799,#800));
#4275=EDGE_LOOP('',(#801,#802,#803,#804));
#4276=EDGE_LOOP('',(#805,#806,#807,#808));
#4277=EDGE_LOOP('',(#809,#810,#811,#812));
#4278=EDGE_LOOP('',(#813,#814,#815,#816));
#4279=EDGE_LOOP('',(#817,#818,#819,#820));
#4280=EDGE_LOOP('',(#821,#822,#823,#824));
#4281=EDGE_LOOP('',(#825,#826,#827,#828));
#4282=EDGE_LOOP('',(#829,#830,#831,#832));
#4283=EDGE_LOOP('',(#833,#834,#835,#836,#837,#838,#839,#840,#841,#842,#843,
#844,#845));
#4284=EDGE_LOOP('',(#846,#847,#848,#849));
#4285=EDGE_LOOP('',(#850,#851,#852,#853));
#4286=EDGE_LOOP('',(#854,#855,#856,#857));
#4287=EDGE_LOOP('',(#858,#859,#860,#861,#862,#863));
#4288=EDGE_LOOP('',(#864,#865,#866,#867));
#4289=EDGE_LOOP('',(#868,#869,#870,#871));
#4290=EDGE_LOOP('',(#872,#873,#874,#875));
#4291=EDGE_LOOP('',(#876,#877,#878,#879,#880,#881));
#4292=EDGE_LOOP('',(#882,#883,#884,#885));
#4293=EDGE_LOOP('',(#886,#887,#888,#889));
#4294=EDGE_LOOP('',(#890,#891,#892,#893));
#4295=EDGE_LOOP('',(#894,#895,#896,#897));
#4296=EDGE_LOOP('',(#898,#899,#900,#901));
#4297=EDGE_LOOP('',(#902,#903,#904,#905));
#4298=EDGE_LOOP('',(#906,#907,#908,#909));
#4299=EDGE_LOOP('',(#910,#911,#912,#913));
#4300=EDGE_LOOP('',(#914,#915,#916,#917));
#4301=EDGE_LOOP('',(#918,#919,#920,#921));
#4302=EDGE_LOOP('',(#922,#923,#924,#925));
#4303=EDGE_LOOP('',(#926,#927,#928,#929));
#4304=EDGE_LOOP('',(#930,#931,#932,#933));
#4305=EDGE_LOOP('',(#934,#935,#936,#937));
#4306=EDGE_LOOP('',(#938,#939,#940,#941));
#4307=EDGE_LOOP('',(#942,#943,#944,#945));
#4308=EDGE_LOOP('',(#946,#947,#948,#949));
#4309=EDGE_LOOP('',(#950,#951,#952,#953));
#4310=EDGE_LOOP('',(#954,#955,#956,#957));
#4311=EDGE_LOOP('',(#958,#959,#960,#961));
#4312=EDGE_LOOP('',(#962,#963,#964,#965));
#4313=EDGE_LOOP('',(#966,#967,#968,#969));
#4314=EDGE_LOOP('',(#970));
#4315=EDGE_LOOP('',(#971));
#4316=EDGE_LOOP('',(#972));
#4317=EDGE_LOOP('',(#973));
#4318=EDGE_LOOP('',(#974));
#4319=EDGE_LOOP('',(#975));
#4320=EDGE_LOOP('',(#976,#977,#978,#979,#980,#981,#982,#983));
#4321=EDGE_LOOP('',(#984));
#4322=EDGE_LOOP('',(#985));
#4323=EDGE_LOOP('',(#986));
#4324=EDGE_LOOP('',(#987));
#4325=EDGE_LOOP('',(#988));
#4326=EDGE_LOOP('',(#989));
#4327=EDGE_LOOP('',(#990));
#4328=EDGE_LOOP('',(#991));
#4329=EDGE_LOOP('',(#992));
#4330=EDGE_LOOP('',(#993));
#4331=EDGE_LOOP('',(#994));
#4332=EDGE_LOOP('',(#995));
#4333=EDGE_LOOP('',(#996));
#4334=EDGE_LOOP('',(#997));
#4335=EDGE_LOOP('',(#998));
#4336=EDGE_LOOP('',(#999));
#4337=EDGE_LOOP('',(#1000));
#4338=EDGE_LOOP('',(#1001));
#4339=EDGE_LOOP('',(#1002,#1003,#1004,#1005));
#4340=EDGE_LOOP('',(#1006,#1007,#1008,#1009));
#4341=EDGE_LOOP('',(#1010,#1011,#1012,#1013));
#4342=EDGE_LOOP('',(#1014,#1015,#1016,#1017));
#4343=EDGE_LOOP('',(#1018,#1019,#1020,#1021));
#4344=EDGE_LOOP('',(#1022,#1023,#1024,#1025));
#4345=EDGE_LOOP('',(#1026,#1027,#1028,#1029));
#4346=EDGE_LOOP('',(#1030,#1031,#1032,#1033));
#4347=EDGE_LOOP('',(#1034,#1035,#1036,#1037));
#4348=EDGE_LOOP('',(#1038,#1039,#1040,#1041));
#4349=EDGE_LOOP('',(#1042,#1043,#1044,#1045,#1046,#1047,#1048,#1049));
#4350=EDGE_LOOP('',(#1050));
#4351=EDGE_LOOP('',(#1051));
#4352=EDGE_LOOP('',(#1052));
#4353=EDGE_LOOP('',(#1053));
#4354=EDGE_LOOP('',(#1054));
#4355=EDGE_LOOP('',(#1055));
#4356=EDGE_LOOP('',(#1056,#1057,#1058,#1059,#1060,#1061,#1062,#1063));
#4357=EDGE_LOOP('',(#1064));
#4358=EDGE_LOOP('',(#1065));
#4359=EDGE_LOOP('',(#1066));
#4360=EDGE_LOOP('',(#1067));
#4361=EDGE_LOOP('',(#1068));
#4362=EDGE_LOOP('',(#1069));
#4363=EDGE_LOOP('',(#1070));
#4364=EDGE_LOOP('',(#1071));
#4365=EDGE_LOOP('',(#1072));
#4366=EDGE_LOOP('',(#1073));
#4367=EDGE_LOOP('',(#1074));
#4368=EDGE_LOOP('',(#1075));
#4369=EDGE_LOOP('',(#1076));
#4370=EDGE_LOOP('',(#1077));
#4371=EDGE_LOOP('',(#1078));
#4372=EDGE_LOOP('',(#1079));
#4373=EDGE_LOOP('',(#1080));
#4374=EDGE_LOOP('',(#1081));
#4375=EDGE_LOOP('',(#1082,#1083,#1084,#1085,#1086,#1087,#1088,#1089,#1090,
#1091,#1092,#1093,#1094,#1095,#1096,#1097));
#4376=EDGE_LOOP('',(#1098,#1099,#1100,#1101));
#4377=EDGE_LOOP('',(#1102,#1103,#1104,#1105,#1106,#1107,#1108,#1109,#1110,
#1111,#1112,#1113,#1114,#1115,#1116));
#4378=EDGE_LOOP('',(#1117,#1118,#1119,#1120,#1121,#1122,#1123));
#4379=EDGE_LOOP('',(#1124,#1125,#1126,#1127));
#4380=EDGE_LOOP('',(#1128,#1129,#1130,#1131));
#4381=EDGE_LOOP('',(#1132,#1133,#1134,#1135));
#4382=EDGE_LOOP('',(#1136,#1137,#1138,#1139,#1140,#1141,#1142,#1143,#1144,
#1145,#1146,#1147,#1148,#1149,#1150));
#4383=EDGE_LOOP('',(#1151,#1152,#1153,#1154,#1155,#1156,#1157));
#4384=EDGE_LOOP('',(#1158,#1159,#1160,#1161));
#4385=EDGE_LOOP('',(#1162,#1163,#1164,#1165));
#4386=EDGE_LOOP('',(#1166,#1167,#1168,#1169,#1170,#1171,#1172,#1173));
#4387=EDGE_LOOP('',(#1174,#1175,#1176,#1177));
#4388=EDGE_LOOP('',(#1178,#1179,#1180,#1181));
#4389=EDGE_LOOP('',(#1182,#1183,#1184,#1185));
#4390=EDGE_LOOP('',(#1186,#1187,#1188,#1189));
#4391=EDGE_LOOP('',(#1190,#1191,#1192,#1193));
#4392=EDGE_LOOP('',(#1194,#1195,#1196,#1197));
#4393=EDGE_LOOP('',(#1198,#1199,#1200,#1201));
#4394=EDGE_LOOP('',(#1202,#1203,#1204,#1205));
#4395=EDGE_LOOP('',(#1206,#1207,#1208,#1209));
#4396=EDGE_LOOP('',(#1210,#1211,#1212,#1213));
#4397=EDGE_LOOP('',(#1214,#1215,#1216,#1217));
#4398=EDGE_LOOP('',(#1218,#1219,#1220,#1221));
#4399=EDGE_LOOP('',(#1222,#1223,#1224,#1225));
#4400=EDGE_LOOP('',(#1226,#1227,#1228,#1229));
#4401=EDGE_LOOP('',(#1230,#1231,#1232,#1233));
#4402=EDGE_LOOP('',(#1234,#1235,#1236,#1237));
#4403=EDGE_LOOP('',(#1238,#1239,#1240,#1241));
#4404=EDGE_LOOP('',(#1242,#1243,#1244,#1245,#1246,#1247,#1248));
#4405=EDGE_LOOP('',(#1249,#1250,#1251,#1252,#1253,#1254,#1255,#1256,#1257,
#1258,#1259));
#4406=EDGE_LOOP('',(#1260,#1261,#1262,#1263));
#4407=EDGE_LOOP('',(#1264,#1265,#1266,#1267));
#4408=EDGE_LOOP('',(#1268,#1269,#1270,#1271));
#4409=EDGE_LOOP('',(#1272,#1273,#1274,#1275));
#4410=EDGE_LOOP('',(#1276,#1277,#1278,#1279));
#4411=EDGE_LOOP('',(#1280,#1281,#1282,#1283));
#4412=EDGE_LOOP('',(#1284,#1285,#1286,#1287));
#4413=EDGE_LOOP('',(#1288,#1289,#1290,#1291));
#4414=EDGE_LOOP('',(#1292,#1293,#1294,#1295));
#4415=EDGE_LOOP('',(#1296,#1297,#1298,#1299));
#4416=EDGE_LOOP('',(#1300,#1301,#1302,#1303));
#4417=EDGE_LOOP('',(#1304,#1305,#1306,#1307));
#4418=EDGE_LOOP('',(#1308,#1309,#1310,#1311));
#4419=EDGE_LOOP('',(#1312,#1313,#1314,#1315));
#4420=EDGE_LOOP('',(#1316,#1317,#1318,#1319));
#4421=EDGE_LOOP('',(#1320,#1321,#1322,#1323));
#4422=EDGE_LOOP('',(#1324,#1325,#1326,#1327));
#4423=EDGE_LOOP('',(#1328,#1329,#1330,#1331,#1332,#1333,#1334));
#4424=EDGE_LOOP('',(#1335,#1336,#1337,#1338,#1339,#1340,#1341,#1342,#1343,
#1344,#1345));
#4425=EDGE_LOOP('',(#1346));
#4426=EDGE_LOOP('',(#1347,#1348,#1349,#1350));
#4427=EDGE_LOOP('',(#1351,#1352,#1353,#1354));
#4428=EDGE_LOOP('',(#1355));
#4429=EDGE_LOOP('',(#1356,#1357,#1358,#1359));
#4430=EDGE_LOOP('',(#1360,#1361,#1362,#1363));
#4431=EDGE_LOOP('',(#1364,#1365,#1366,#1367));
#4432=EDGE_LOOP('',(#1368,#1369,#1370,#1371));
#4433=EDGE_LOOP('',(#1372));
#4434=EDGE_LOOP('',(#1373));
#4435=EDGE_LOOP('',(#1374,#1375,#1376,#1377));
#4436=EDGE_LOOP('',(#1378,#1379,#1380,#1381,#1382,#1383,#1384));
#4437=EDGE_LOOP('',(#1385,#1386,#1387,#1388,#1389,#1390,#1391));
#4438=EDGE_LOOP('',(#1392));
#4439=EDGE_LOOP('',(#1393,#1394,#1395,#1396,#1397,#1398,#1399,#1400,#1401,
#1402,#1403,#1404,#1405,#1406,#1407,#1408));
#4440=EDGE_LOOP('',(#1409,#1410,#1411));
#4441=EDGE_LOOP('',(#1412,#1413,#1414,#1415));
#4442=EDGE_LOOP('',(#1416,#1417,#1418,#1419));
#4443=EDGE_LOOP('',(#1420,#1421,#1422,#1423));
#4444=EDGE_LOOP('',(#1424,#1425,#1426));
#4445=EDGE_LOOP('',(#1427));
#4446=EDGE_LOOP('',(#1428,#1429,#1430));
#4447=EDGE_LOOP('',(#1431,#1432,#1433,#1434));
#4448=EDGE_LOOP('',(#1435,#1436,#1437,#1438));
#4449=EDGE_LOOP('',(#1439,#1440,#1441,#1442));
#4450=EDGE_LOOP('',(#1443,#1444,#1445));
#4451=EDGE_LOOP('',(#1446,#1447,#1448,#1449));
#4452=EDGE_LOOP('',(#1450,#1451,#1452,#1453,#1454,#1455,#1456,#1457));
#4453=EDGE_LOOP('',(#1458,#1459,#1460,#1461,#1462,#1463,#1464,#1465));
#4454=EDGE_LOOP('',(#1466,#1467,#1468,#1469));
#4455=EDGE_LOOP('',(#1470,#1471,#1472,#1473));
#4456=EDGE_LOOP('',(#1474,#1475,#1476,#1477));
#4457=EDGE_LOOP('',(#1478,#1479,#1480,#1481,#1482,#1483,#1484,#1485));
#4458=EDGE_LOOP('',(#1486));
#4459=EDGE_LOOP('',(#1487));
#4460=EDGE_LOOP('',(#1488,#1489,#1490,#1491));
#4461=EDGE_LOOP('',(#1492,#1493,#1494,#1495));
#4462=EDGE_LOOP('',(#1496,#1497,#1498,#1499));
#4463=EDGE_LOOP('',(#1500,#1501,#1502,#1503));
#4464=EDGE_LOOP('',(#1504,#1505,#1506,#1507));
#4465=EDGE_LOOP('',(#1508));
#4466=EDGE_LOOP('',(#1509,#1510,#1511,#1512,#1513,#1514,#1515,#1516));
#4467=EDGE_LOOP('',(#1517));
#4468=EDGE_LOOP('',(#1518));
#4469=EDGE_LOOP('',(#1519));
#4470=EDGE_LOOP('',(#1520));
#4471=EDGE_LOOP('',(#1521));
#4472=EDGE_LOOP('',(#1522));
#4473=EDGE_LOOP('',(#1523));
#4474=EDGE_LOOP('',(#1524));
#4475=EDGE_LOOP('',(#1525));
#4476=EDGE_LOOP('',(#1526,#1527,#1528,#1529,#1530,#1531,#1532,#1533,#1534,
#1535,#1536));
#4477=EDGE_LOOP('',(#1537,#1538,#1539,#1540,#1541,#1542,#1543,#1544,#1545,
#1546,#1547));
#4478=EDGE_LOOP('',(#1548,#1549,#1550,#1551,#1552,#1553,#1554,#1555,#1556,
#1557,#1558));
#4479=EDGE_LOOP('',(#1559,#1560,#1561,#1562,#1563,#1564,#1565,#1566,#1567,
#1568,#1569));
#4480=EDGE_LOOP('',(#1570,#1571,#1572,#1573,#1574,#1575,#1576,#1577,#1578,
#1579,#1580));
#4481=EDGE_LOOP('',(#1581,#1582,#1583,#1584,#1585,#1586,#1587,#1588));
#4482=EDGE_LOOP('',(#1589,#1590,#1591,#1592,#1593,#1594,#1595,#1596,#1597,
#1598,#1599));
#4483=EDGE_LOOP('',(#1600));
#4484=EDGE_LOOP('',(#1601));
#4485=EDGE_LOOP('',(#1602,#1603,#1604,#1605,#1606,#1607,#1608,#1609));
#4486=EDGE_LOOP('',(#1610,#1611,#1612,#1613,#1614,#1615,#1616,#1617));
#4487=EDGE_LOOP('',(#1618));
#4488=EDGE_LOOP('',(#1619,#1620,#1621,#1622,#1623,#1624,#1625,#1626));
#4489=EDGE_LOOP('',(#1627));
#4490=EDGE_LOOP('',(#1628,#1629,#1630,#1631));
#4491=EDGE_LOOP('',(#1632,#1633,#1634,#1635));
#4492=EDGE_LOOP('',(#1636,#1637,#1638,#1639));
#4493=EDGE_LOOP('',(#1640,#1641,#1642,#1643));
#4494=EDGE_LOOP('',(#1644,#1645,#1646,#1647));
#4495=EDGE_LOOP('',(#1648,#1649,#1650,#1651));
#4496=EDGE_LOOP('',(#1652,#1653,#1654,#1655,#1656,#1657,#1658,#1659));
#4497=EDGE_LOOP('',(#1660,#1661,#1662,#1663));
#4498=EDGE_LOOP('',(#1664,#1665,#1666,#1667));
#4499=EDGE_LOOP('',(#1668,#1669,#1670,#1671));
#4500=EDGE_LOOP('',(#1672,#1673,#1674,#1675));
#4501=EDGE_LOOP('',(#1676,#1677,#1678,#1679));
#4502=EDGE_LOOP('',(#1680,#1681,#1682,#1683));
#4503=EDGE_LOOP('',(#1684,#1685,#1686,#1687,#1688,#1689,#1690,#1691,#1692,
#1693,#1694));
#4504=EDGE_LOOP('',(#1695,#1696,#1697,#1698));
#4505=EDGE_LOOP('',(#1699,#1700,#1701,#1702));
#4506=EDGE_LOOP('',(#1703,#1704,#1705,#1706));
#4507=EDGE_LOOP('',(#1707,#1708,#1709,#1710));
#4508=EDGE_LOOP('',(#1711,#1712,#1713,#1714));
#4509=EDGE_LOOP('',(#1715,#1716,#1717,#1718));
#4510=EDGE_LOOP('',(#1719,#1720,#1721,#1722,#1723,#1724,#1725,#1726));
#4511=EDGE_LOOP('',(#1727,#1728,#1729,#1730));
#4512=EDGE_LOOP('',(#1731,#1732,#1733,#1734));
#4513=EDGE_LOOP('',(#1735,#1736,#1737,#1738));
#4514=EDGE_LOOP('',(#1739,#1740,#1741,#1742));
#4515=EDGE_LOOP('',(#1743,#1744,#1745,#1746));
#4516=EDGE_LOOP('',(#1747,#1748,#1749,#1750));
#4517=EDGE_LOOP('',(#1751,#1752,#1753,#1754,#1755,#1756,#1757,#1758,#1759,
#1760,#1761));
#4518=EDGE_LOOP('',(#1762,#1763,#1764,#1765));
#4519=EDGE_LOOP('',(#1766,#1767,#1768,#1769));
#4520=EDGE_LOOP('',(#1770,#1771,#1772,#1773));
#4521=EDGE_LOOP('',(#1774,#1775,#1776,#1777));
#4522=EDGE_LOOP('',(#1778,#1779,#1780,#1781));
#4523=EDGE_LOOP('',(#1782,#1783,#1784,#1785));
#4524=EDGE_LOOP('',(#1786,#1787,#1788,#1789));
#4525=EDGE_LOOP('',(#1790,#1791,#1792,#1793));
#4526=FACE_BOUND('',#4193,.T.);
#4527=FACE_BOUND('',#4194,.T.);
#4528=FACE_BOUND('',#4195,.T.);
#4529=FACE_BOUND('',#4196,.T.);
#4530=FACE_BOUND('',#4197,.T.);
#4531=FACE_BOUND('',#4198,.T.);
#4532=FACE_BOUND('',#4199,.T.);
#4533=FACE_BOUND('',#4200,.T.);
#4534=FACE_BOUND('',#4201,.T.);
#4535=FACE_BOUND('',#4202,.T.);
#4536=FACE_BOUND('',#4203,.T.);
#4537=FACE_BOUND('',#4204,.T.);
#4538=FACE_BOUND('',#4205,.T.);
#4539=FACE_BOUND('',#4206,.T.);
#4540=FACE_BOUND('',#4207,.T.);
#4541=FACE_BOUND('',#4208,.T.);
#4542=FACE_BOUND('',#4209,.T.);
#4543=FACE_BOUND('',#4210,.T.);
#4544=FACE_BOUND('',#4211,.T.);
#4545=FACE_BOUND('',#4212,.T.);
#4546=FACE_BOUND('',#4213,.T.);
#4547=FACE_BOUND('',#4214,.T.);
#4548=FACE_BOUND('',#4215,.T.);
#4549=FACE_BOUND('',#4216,.T.);
#4550=FACE_BOUND('',#4217,.T.);
#4551=FACE_BOUND('',#4218,.T.);
#4552=FACE_BOUND('',#4219,.T.);
#4553=FACE_BOUND('',#4220,.T.);
#4554=FACE_BOUND('',#4221,.T.);
#4555=FACE_BOUND('',#4222,.T.);
#4556=FACE_BOUND('',#4223,.T.);
#4557=FACE_BOUND('',#4224,.T.);
#4558=FACE_BOUND('',#4225,.T.);
#4559=FACE_BOUND('',#4226,.T.);
#4560=FACE_BOUND('',#4227,.T.);
#4561=FACE_BOUND('',#4228,.T.);
#4562=FACE_BOUND('',#4229,.T.);
#4563=FACE_BOUND('',#4230,.T.);
#4564=FACE_BOUND('',#4231,.T.);
#4565=FACE_BOUND('',#4232,.T.);
#4566=FACE_BOUND('',#4233,.T.);
#4567=FACE_BOUND('',#4234,.T.);
#4568=FACE_BOUND('',#4235,.T.);
#4569=FACE_BOUND('',#4236,.T.);
#4570=FACE_BOUND('',#4237,.T.);
#4571=FACE_BOUND('',#4238,.T.);
#4572=FACE_BOUND('',#4239,.T.);
#4573=FACE_BOUND('',#4240,.T.);
#4574=FACE_BOUND('',#4241,.T.);
#4575=FACE_BOUND('',#4242,.T.);
#4576=FACE_BOUND('',#4243,.T.);
#4577=FACE_BOUND('',#4244,.T.);
#4578=FACE_BOUND('',#4245,.T.);
#4579=FACE_BOUND('',#4246,.T.);
#4580=FACE_BOUND('',#4247,.T.);
#4581=FACE_BOUND('',#4248,.T.);
#4582=FACE_BOUND('',#4249,.T.);
#4583=FACE_BOUND('',#4250,.T.);
#4584=FACE_BOUND('',#4251,.T.);
#4585=FACE_BOUND('',#4252,.T.);
#4586=FACE_BOUND('',#4253,.T.);
#4587=FACE_BOUND('',#4254,.T.);
#4588=FACE_BOUND('',#4255,.T.);
#4589=FACE_BOUND('',#4256,.T.);
#4590=FACE_BOUND('',#4257,.T.);
#4591=FACE_BOUND('',#4258,.T.);
#4592=FACE_BOUND('',#4259,.T.);
#4593=FACE_BOUND('',#4260,.T.);
#4594=FACE_BOUND('',#4261,.T.);
#4595=FACE_BOUND('',#4262,.T.);
#4596=FACE_BOUND('',#4263,.T.);
#4597=FACE_BOUND('',#4264,.T.);
#4598=FACE_BOUND('',#4265,.T.);
#4599=FACE_BOUND('',#4266,.T.);
#4600=FACE_BOUND('',#4267,.T.);
#4601=FACE_BOUND('',#4268,.T.);
#4602=FACE_BOUND('',#4269,.T.);
#4603=FACE_BOUND('',#4270,.T.);
#4604=FACE_BOUND('',#4271,.T.);
#4605=FACE_BOUND('',#4272,.T.);
#4606=FACE_BOUND('',#4273,.T.);
#4607=FACE_BOUND('',#4274,.T.);
#4608=FACE_BOUND('',#4275,.T.);
#4609=FACE_BOUND('',#4276,.T.);
#4610=FACE_BOUND('',#4277,.T.);
#4611=FACE_BOUND('',#4278,.T.);
#4612=FACE_BOUND('',#4279,.T.);
#4613=FACE_BOUND('',#4280,.T.);
#4614=FACE_BOUND('',#4281,.T.);
#4615=FACE_BOUND('',#4282,.T.);
#4616=FACE_BOUND('',#4283,.T.);
#4617=FACE_BOUND('',#4284,.T.);
#4618=FACE_BOUND('',#4285,.T.);
#4619=FACE_BOUND('',#4286,.T.);
#4620=FACE_BOUND('',#4287,.T.);
#4621=FACE_BOUND('',#4288,.T.);
#4622=FACE_BOUND('',#4289,.T.);
#4623=FACE_BOUND('',#4290,.T.);
#4624=FACE_BOUND('',#4291,.T.);
#4625=FACE_BOUND('',#4292,.T.);
#4626=FACE_BOUND('',#4293,.T.);
#4627=FACE_BOUND('',#4294,.T.);
#4628=FACE_BOUND('',#4295,.T.);
#4629=FACE_BOUND('',#4296,.T.);
#4630=FACE_BOUND('',#4297,.T.);
#4631=FACE_BOUND('',#4298,.T.);
#4632=FACE_BOUND('',#4299,.T.);
#4633=FACE_BOUND('',#4300,.T.);
#4634=FACE_BOUND('',#4301,.T.);
#4635=FACE_BOUND('',#4302,.T.);
#4636=FACE_BOUND('',#4303,.T.);
#4637=FACE_BOUND('',#4304,.T.);
#4638=FACE_BOUND('',#4305,.T.);
#4639=FACE_BOUND('',#4306,.T.);
#4640=FACE_BOUND('',#4307,.T.);
#4641=FACE_BOUND('',#4308,.T.);
#4642=FACE_BOUND('',#4309,.T.);
#4643=FACE_BOUND('',#4310,.T.);
#4644=FACE_BOUND('',#4311,.T.);
#4645=FACE_BOUND('',#4312,.T.);
#4646=FACE_BOUND('',#4313,.T.);
#4647=FACE_BOUND('',#4314,.T.);
#4648=FACE_BOUND('',#4315,.T.);
#4649=FACE_BOUND('',#4316,.T.);
#4650=FACE_BOUND('',#4317,.T.);
#4651=FACE_BOUND('',#4318,.T.);
#4652=FACE_BOUND('',#4319,.T.);
#4653=FACE_BOUND('',#4320,.T.);
#4654=FACE_BOUND('',#4321,.T.);
#4655=FACE_BOUND('',#4322,.T.);
#4656=FACE_BOUND('',#4323,.T.);
#4657=FACE_BOUND('',#4324,.T.);
#4658=FACE_BOUND('',#4325,.T.);
#4659=FACE_BOUND('',#4326,.T.);
#4660=FACE_BOUND('',#4327,.T.);
#4661=FACE_BOUND('',#4328,.T.);
#4662=FACE_BOUND('',#4329,.T.);
#4663=FACE_BOUND('',#4330,.T.);
#4664=FACE_BOUND('',#4331,.T.);
#4665=FACE_BOUND('',#4332,.T.);
#4666=FACE_BOUND('',#4333,.T.);
#4667=FACE_BOUND('',#4334,.T.);
#4668=FACE_BOUND('',#4335,.T.);
#4669=FACE_BOUND('',#4336,.T.);
#4670=FACE_BOUND('',#4337,.T.);
#4671=FACE_BOUND('',#4338,.T.);
#4672=FACE_BOUND('',#4339,.T.);
#4673=FACE_BOUND('',#4340,.T.);
#4674=FACE_BOUND('',#4341,.T.);
#4675=FACE_BOUND('',#4342,.T.);
#4676=FACE_BOUND('',#4343,.T.);
#4677=FACE_BOUND('',#4344,.T.);
#4678=FACE_BOUND('',#4345,.T.);
#4679=FACE_BOUND('',#4346,.T.);
#4680=FACE_BOUND('',#4347,.T.);
#4681=FACE_BOUND('',#4348,.T.);
#4682=FACE_BOUND('',#4349,.T.);
#4683=FACE_BOUND('',#4350,.T.);
#4684=FACE_BOUND('',#4351,.T.);
#4685=FACE_BOUND('',#4352,.T.);
#4686=FACE_BOUND('',#4353,.T.);
#4687=FACE_BOUND('',#4354,.T.);
#4688=FACE_BOUND('',#4355,.T.);
#4689=FACE_BOUND('',#4356,.T.);
#4690=FACE_BOUND('',#4357,.T.);
#4691=FACE_BOUND('',#4358,.T.);
#4692=FACE_BOUND('',#4359,.T.);
#4693=FACE_BOUND('',#4360,.T.);
#4694=FACE_BOUND('',#4361,.T.);
#4695=FACE_BOUND('',#4362,.T.);
#4696=FACE_BOUND('',#4363,.T.);
#4697=FACE_BOUND('',#4364,.T.);
#4698=FACE_BOUND('',#4365,.T.);
#4699=FACE_BOUND('',#4366,.T.);
#4700=FACE_BOUND('',#4367,.T.);
#4701=FACE_BOUND('',#4368,.T.);
#4702=FACE_BOUND('',#4369,.T.);
#4703=FACE_BOUND('',#4370,.T.);
#4704=FACE_BOUND('',#4371,.T.);
#4705=FACE_BOUND('',#4372,.T.);
#4706=FACE_BOUND('',#4373,.T.);
#4707=FACE_BOUND('',#4374,.T.);
#4708=FACE_BOUND('',#4375,.T.);
#4709=FACE_BOUND('',#4376,.T.);
#4710=FACE_BOUND('',#4377,.T.);
#4711=FACE_BOUND('',#4378,.T.);
#4712=FACE_BOUND('',#4379,.T.);
#4713=FACE_BOUND('',#4380,.T.);
#4714=FACE_BOUND('',#4381,.T.);
#4715=FACE_BOUND('',#4382,.T.);
#4716=FACE_BOUND('',#4383,.T.);
#4717=FACE_BOUND('',#4384,.T.);
#4718=FACE_BOUND('',#4385,.T.);
#4719=FACE_BOUND('',#4386,.T.);
#4720=FACE_BOUND('',#4387,.T.);
#4721=FACE_BOUND('',#4388,.T.);
#4722=FACE_BOUND('',#4389,.T.);
#4723=FACE_BOUND('',#4390,.T.);
#4724=FACE_BOUND('',#4391,.T.);
#4725=FACE_BOUND('',#4392,.T.);
#4726=FACE_BOUND('',#4393,.T.);
#4727=FACE_BOUND('',#4394,.T.);
#4728=FACE_BOUND('',#4395,.T.);
#4729=FACE_BOUND('',#4396,.T.);
#4730=FACE_BOUND('',#4397,.T.);
#4731=FACE_BOUND('',#4398,.T.);
#4732=FACE_BOUND('',#4399,.T.);
#4733=FACE_BOUND('',#4400,.T.);
#4734=FACE_BOUND('',#4401,.T.);
#4735=FACE_BOUND('',#4402,.T.);
#4736=FACE_BOUND('',#4403,.T.);
#4737=FACE_BOUND('',#4404,.T.);
#4738=FACE_BOUND('',#4405,.T.);
#4739=FACE_BOUND('',#4406,.T.);
#4740=FACE_BOUND('',#4407,.T.);
#4741=FACE_BOUND('',#4408,.T.);
#4742=FACE_BOUND('',#4409,.T.);
#4743=FACE_BOUND('',#4410,.T.);
#4744=FACE_BOUND('',#4411,.T.);
#4745=FACE_BOUND('',#4412,.T.);
#4746=FACE_BOUND('',#4413,.T.);
#4747=FACE_BOUND('',#4414,.T.);
#4748=FACE_BOUND('',#4415,.T.);
#4749=FACE_BOUND('',#4416,.T.);
#4750=FACE_BOUND('',#4417,.T.);
#4751=FACE_BOUND('',#4418,.T.);
#4752=FACE_BOUND('',#4419,.T.);
#4753=FACE_BOUND('',#4420,.T.);
#4754=FACE_BOUND('',#4421,.T.);
#4755=FACE_BOUND('',#4422,.T.);
#4756=FACE_BOUND('',#4423,.T.);
#4757=FACE_BOUND('',#4424,.T.);
#4758=FACE_BOUND('',#4425,.T.);
#4759=FACE_BOUND('',#4426,.T.);
#4760=FACE_BOUND('',#4427,.T.);
#4761=FACE_BOUND('',#4428,.T.);
#4762=FACE_BOUND('',#4429,.T.);
#4763=FACE_BOUND('',#4430,.T.);
#4764=FACE_BOUND('',#4431,.T.);
#4765=FACE_BOUND('',#4432,.T.);
#4766=FACE_BOUND('',#4433,.T.);
#4767=FACE_BOUND('',#4434,.T.);
#4768=FACE_BOUND('',#4435,.T.);
#4769=FACE_BOUND('',#4436,.T.);
#4770=FACE_BOUND('',#4437,.T.);
#4771=FACE_BOUND('',#4438,.T.);
#4772=FACE_BOUND('',#4439,.T.);
#4773=FACE_BOUND('',#4440,.T.);
#4774=FACE_BOUND('',#4441,.T.);
#4775=FACE_BOUND('',#4442,.T.);
#4776=FACE_BOUND('',#4443,.T.);
#4777=FACE_BOUND('',#4444,.T.);
#4778=FACE_BOUND('',#4445,.T.);
#4779=FACE_BOUND('',#4446,.T.);
#4780=FACE_BOUND('',#4447,.T.);
#4781=FACE_BOUND('',#4448,.T.);
#4782=FACE_BOUND('',#4449,.T.);
#4783=FACE_BOUND('',#4450,.T.);
#4784=FACE_BOUND('',#4451,.T.);
#4785=FACE_BOUND('',#4452,.T.);
#4786=FACE_BOUND('',#4453,.T.);
#4787=FACE_BOUND('',#4454,.T.);
#4788=FACE_BOUND('',#4455,.T.);
#4789=FACE_BOUND('',#4456,.T.);
#4790=FACE_BOUND('',#4457,.T.);
#4791=FACE_BOUND('',#4458,.T.);
#4792=FACE_BOUND('',#4459,.T.);
#4793=FACE_BOUND('',#4460,.T.);
#4794=FACE_BOUND('',#4461,.T.);
#4795=FACE_BOUND('',#4462,.T.);
#4796=FACE_BOUND('',#4463,.T.);
#4797=FACE_BOUND('',#4464,.T.);
#4798=FACE_BOUND('',#4465,.T.);
#4799=FACE_BOUND('',#4466,.T.);
#4800=FACE_BOUND('',#4467,.T.);
#4801=FACE_BOUND('',#4468,.T.);
#4802=FACE_BOUND('',#4469,.T.);
#4803=FACE_BOUND('',#4470,.T.);
#4804=FACE_BOUND('',#4471,.T.);
#4805=FACE_BOUND('',#4472,.T.);
#4806=FACE_BOUND('',#4473,.T.);
#4807=FACE_BOUND('',#4474,.T.);
#4808=FACE_BOUND('',#4475,.T.);
#4809=FACE_BOUND('',#4476,.T.);
#4810=FACE_BOUND('',#4477,.T.);
#4811=FACE_BOUND('',#4478,.T.);
#4812=FACE_BOUND('',#4479,.T.);
#4813=FACE_BOUND('',#4480,.T.);
#4814=FACE_BOUND('',#4481,.T.);
#4815=FACE_BOUND('',#4482,.T.);
#4816=FACE_BOUND('',#4483,.T.);
#4817=FACE_BOUND('',#4484,.T.);
#4818=FACE_BOUND('',#4485,.T.);
#4819=FACE_BOUND('',#4486,.T.);
#4820=FACE_BOUND('',#4487,.T.);
#4821=FACE_BOUND('',#4488,.T.);
#4822=FACE_BOUND('',#4489,.T.);
#4823=FACE_BOUND('',#4490,.T.);
#4824=FACE_BOUND('',#4491,.T.);
#4825=FACE_BOUND('',#4492,.T.);
#4826=FACE_BOUND('',#4493,.T.);
#4827=FACE_BOUND('',#4494,.T.);
#4828=FACE_BOUND('',#4495,.T.);
#4829=FACE_BOUND('',#4496,.T.);
#4830=FACE_BOUND('',#4497,.T.);
#4831=FACE_BOUND('',#4498,.T.);
#4832=FACE_BOUND('',#4499,.T.);
#4833=FACE_BOUND('',#4500,.T.);
#4834=FACE_BOUND('',#4501,.T.);
#4835=FACE_BOUND('',#4502,.T.);
#4836=FACE_BOUND('',#4503,.T.);
#4837=FACE_BOUND('',#4504,.T.);
#4838=FACE_BOUND('',#4505,.T.);
#4839=FACE_BOUND('',#4506,.T.);
#4840=FACE_BOUND('',#4507,.T.);
#4841=FACE_BOUND('',#4508,.T.);
#4842=FACE_BOUND('',#4509,.T.);
#4843=FACE_BOUND('',#4510,.T.);
#4844=FACE_BOUND('',#4511,.T.);
#4845=FACE_BOUND('',#4512,.T.);
#4846=FACE_BOUND('',#4513,.T.);
#4847=FACE_BOUND('',#4514,.T.);
#4848=FACE_BOUND('',#4515,.T.);
#4849=FACE_BOUND('',#4516,.T.);
#4850=FACE_BOUND('',#4517,.T.);
#4851=FACE_BOUND('',#4518,.T.);
#4852=FACE_BOUND('',#4519,.T.);
#4853=FACE_BOUND('',#4520,.T.);
#4854=FACE_BOUND('',#4521,.T.);
#4855=FACE_BOUND('',#4522,.T.);
#4856=FACE_BOUND('',#4523,.T.);
#4857=FACE_BOUND('',#4524,.T.);
#4858=FACE_BOUND('',#4525,.T.);
#4859=PLANE('',#5475);
#4860=PLANE('',#5476);
#4861=PLANE('',#5477);
#4862=PLANE('',#5482);
#4863=PLANE('',#5487);
#4864=PLANE('',#5490);
#4865=PLANE('',#5492);
#4866=PLANE('',#5494);
#4867=PLANE('',#5495);
#4868=PLANE('',#5496);
#4869=PLANE('',#5497);
#4870=PLANE('',#5498);
#4871=PLANE('',#5499);
#4872=PLANE('',#5500);
#4873=PLANE('',#5501);
#4874=PLANE('',#5502);
#4875=PLANE('',#5503);
#4876=PLANE('',#5504);
#4877=PLANE('',#5505);
#4878=PLANE('',#5506);
#4879=PLANE('',#5507);
#4880=PLANE('',#5508);
#4881=PLANE('',#5509);
#4882=PLANE('',#5510);
#4883=PLANE('',#5511);
#4884=PLANE('',#5512);
#4885=PLANE('',#5513);
#4886=PLANE('',#5514);
#4887=PLANE('',#5515);
#4888=PLANE('',#5516);
#4889=PLANE('',#5518);
#4890=PLANE('',#5523);
#4891=PLANE('',#5528);
#4892=PLANE('',#5533);
#4893=PLANE('',#5534);
#4894=PLANE('',#5535);
#4895=PLANE('',#5536);
#4896=PLANE('',#5537);
#4897=PLANE('',#5542);
#4898=PLANE('',#5543);
#4899=PLANE('',#5544);
#4900=PLANE('',#5546);
#4901=PLANE('',#5548);
#4902=PLANE('',#5550);
#4903=PLANE('',#5552);
#4904=PLANE('',#5553);
#4905=PLANE('',#5554);
#4906=PLANE('',#5555);
#4907=PLANE('',#5560);
#4908=PLANE('',#5561);
#4909=PLANE('',#5562);
#4910=PLANE('',#5563);
#4911=PLANE('',#5564);
#4912=PLANE('',#5565);
#4913=PLANE('',#5566);
#4914=PLANE('',#5567);
#4915=PLANE('',#5568);
#4916=PLANE('',#5569);
#4917=PLANE('',#5572);
#4918=PLANE('',#5575);
#4919=PLANE('',#5576);
#4920=PLANE('',#5577);
#4921=PLANE('',#5578);
#4922=PLANE('',#5581);
#4923=PLANE('',#5584);
#4924=PLANE('',#5587);
#4925=PLANE('',#5590);
#4926=PLANE('',#5591);
#4927=PLANE('',#5592);
#4928=PLANE('',#5593);
#4929=PLANE('',#5596);
#4930=PLANE('',#5599);
#4931=PLANE('',#5600);
#4932=PLANE('',#5601);
#4933=PLANE('',#5602);
#4934=PLANE('',#5603);
#4935=PLANE('',#5604);
#4936=PLANE('',#5605);
#4937=PLANE('',#5606);
#4938=PLANE('',#5607);
#4939=PLANE('',#5608);
#4940=PLANE('',#5609);
#4941=PLANE('',#5610);
#4942=PLANE('',#5611);
#4943=PLANE('',#5612);
#4944=PLANE('',#5613);
#4945=PLANE('',#5614);
#4946=PLANE('',#5615);
#4947=PLANE('',#5616);
#4948=PLANE('',#5617);
#4949=PLANE('',#5618);
#4950=PLANE('',#5619);
#4951=PLANE('',#5620);
#4952=PLANE('',#5621);
#4953=PLANE('',#5624);
#4954=PLANE('',#5627);
#4955=PLANE('',#5630);
#4956=PLANE('',#5633);
#4957=PLANE('',#5634);
#4958=PLANE('',#5643);
#4959=PLANE('',#5646);
#4960=PLANE('',#5649);
#4961=PLANE('',#5652);
#4962=PLANE('',#5655);
#4963=PLANE('',#5658);
#4964=PLANE('',#5659);
#4965=PLANE('',#5660);
#4966=PLANE('',#5665);
#4967=PLANE('',#5669);
#4968=PLANE('',#5673);
#4969=PLANE('',#5677);
#4970=PLANE('',#5678);
#4971=PLANE('',#5679);
#4972=PLANE('',#5688);
#4973=PLANE('',#5691);
#4974=PLANE('',#5694);
#4975=PLANE('',#5697);
#4976=PLANE('',#5700);
#4977=PLANE('',#5703);
#4978=PLANE('',#5705);
#4979=PLANE('',#5712);
#4980=PLANE('',#5719);
#4981=PLANE('',#5722);
#4982=PLANE('',#5729);
#4983=PLANE('',#5730);
#4984=PLANE('',#5731);
#4985=PLANE('',#5732);
#4986=PLANE('',#5733);
#4987=PLANE('',#5736);
#4988=PLANE('',#5737);
#4989=PLANE('',#5740);
#4990=PLANE('',#5741);
#4991=PLANE('',#5742);
#4992=PLANE('',#5743);
#4993=PLANE('',#5744);
#4994=PLANE('',#5745);
#4995=PLANE('',#5748);
#4996=PLANE('',#5749);
#4997=PLANE('',#5752);
#4998=PLANE('',#5753);
#4999=PLANE('',#5754);
#5000=PLANE('',#5755);
#5001=PLANE('',#5758);
#5002=PLANE('',#5759);
#5003=PLANE('',#5762);
#5004=PLANE('',#5763);
#5005=PLANE('',#5764);
#5006=PLANE('',#5765);
#5007=PLANE('',#5766);
#5008=PLANE('',#5767);
#5009=PLANE('',#5770);
#5010=PLANE('',#5771);
#5011=PLANE('',#5774);
#5012=PLANE('',#5776);
#5013=PLANE('',#5779);
#5014=PLANE('',#5784);
#5015=PLANE('',#5790);
#5016=PLANE('',#5791);
#5017=PLANE('',#5792);
#5018=PLANE('',#5808);
#5019=PLANE('',#5809);
#5020=PLANE('',#5810);
#5021=PLANE('',#5811);
#5022=PLANE('',#5812);
#5023=PLANE('',#5813);
#5024=PLANE('',#5814);
#5025=PLANE('',#5815);
#5026=PLANE('',#5816);
#5027=PLANE('',#5817);
#5028=PLANE('',#5818);
#5029=PLANE('',#5819);
#5030=PLANE('',#5820);
#5031=PLANE('',#5821);
#5032=PLANE('',#5823);
#5033=PLANE('',#5826);
#5034=PLANE('',#5829);
#5035=PLANE('',#5839);
#5036=PLANE('',#5840);
#5037=PLANE('',#5842);
#5038=PLANE('',#5844);
#5039=PLANE('',#5846);
#5040=PLANE('',#5848);
#5041=PLANE('',#5852);
#5042=PLANE('',#5854);
#5043=PLANE('',#5862);
#5044=PLANE('',#5864);
#5045=PLANE('',#5866);
#5046=PLANE('',#5868);
#5047=PLANE('',#5870);
#5048=PLANE('',#5872);
#5049=PLANE('',#5874);
#5050=PLANE('',#5875);
#5051=PLANE('',#5880);
#5052=PLANE('',#5881);
#5053=PLANE('',#5884);
#5054=PLANE('',#5887);
#5055=PLANE('',#5888);
#5056=PLANE('',#5890);
#5057=PLANE('',#5891);
#5058=PLANE('',#5892);
#5059=PLANE('',#5893);
#5060=PLANE('',#5896);
#5061=PLANE('',#5897);
#5062=PLANE('',#5898);
#5063=PLANE('',#5901);
#5064=PLANE('',#5902);
#5065=PLANE('',#5903);
#5066=PLANE('',#5904);
#5067=PLANE('',#5905);
#5068=PLANE('',#5907);
#5069=PLANE('',#5908);
#5070=PLANE('',#5909);
#5071=PLANE('',#5910);
#5072=PLANE('',#5913);
#5073=PLANE('',#5914);
#5074=PLANE('',#5915);
#5075=PLANE('',#5918);
#5076=PLANE('',#5919);
#5077=PLANE('',#5920);
#5078=ADVANCED_FACE('',(#4526),#4859,.F.);
#5079=ADVANCED_FACE('',(#4527),#4860,.F.);
#5080=ADVANCED_FACE('',(#4528),#4861,.T.);
#5081=ADVANCED_FACE('',(#4529),#4862,.F.);
#5082=ADVANCED_FACE('',(#4530),#4863,.F.);
#5083=ADVANCED_FACE('',(#4531),#94,.T.);
#5084=ADVANCED_FACE('',(#4532),#95,.T.);
#5085=ADVANCED_FACE('',(#4533),#4864,.F.);
#5086=ADVANCED_FACE('',(#4534),#96,.T.);
#5087=ADVANCED_FACE('',(#4535),#4865,.F.);
#5088=ADVANCED_FACE('',(#4536),#97,.T.);
#5089=ADVANCED_FACE('',(#4537),#4866,.F.);
#5090=ADVANCED_FACE('',(#4538),#4867,.F.);
#5091=ADVANCED_FACE('',(#4539),#4868,.T.);
#5092=ADVANCED_FACE('',(#4540),#4869,.F.);
#5093=ADVANCED_FACE('',(#4541),#4870,.F.);
#5094=ADVANCED_FACE('',(#4542),#4871,.T.);
#5095=ADVANCED_FACE('',(#4543),#4872,.F.);
#5096=ADVANCED_FACE('',(#4544),#4873,.F.);
#5097=ADVANCED_FACE('',(#4545),#4874,.F.);
#5098=ADVANCED_FACE('',(#4546),#4875,.F.);
#5099=ADVANCED_FACE('',(#4547),#4876,.F.);
#5100=ADVANCED_FACE('',(#4548),#4877,.F.);
#5101=ADVANCED_FACE('',(#4549),#4878,.F.);
#5102=ADVANCED_FACE('',(#4550),#4879,.F.);
#5103=ADVANCED_FACE('',(#4551),#4880,.F.);
#5104=ADVANCED_FACE('',(#4552),#4881,.T.);
#5105=ADVANCED_FACE('',(#4553),#4882,.T.);
#5106=ADVANCED_FACE('',(#4554),#4883,.T.);
#5107=ADVANCED_FACE('',(#4555),#4884,.T.);
#5108=ADVANCED_FACE('',(#4556),#4885,.T.);
#5109=ADVANCED_FACE('',(#4557),#4886,.T.);
#5110=ADVANCED_FACE('',(#4558),#4887,.T.);
#5111=ADVANCED_FACE('',(#4559),#4888,.F.);
#5112=ADVANCED_FACE('',(#4560),#4889,.F.);
#5113=ADVANCED_FACE('',(#4561),#4890,.T.);
#5114=ADVANCED_FACE('',(#4562),#4891,.F.);
#5115=ADVANCED_FACE('',(#4563),#4892,.F.);
#5116=ADVANCED_FACE('',(#4564),#4893,.F.);
#5117=ADVANCED_FACE('',(#4565),#4894,.T.);
#5118=ADVANCED_FACE('',(#4566),#4895,.T.);
#5119=ADVANCED_FACE('',(#4567,#4568),#4896,.F.);
#5120=ADVANCED_FACE('',(#4569),#4897,.F.);
#5121=ADVANCED_FACE('',(#4570),#4898,.F.);
#5122=ADVANCED_FACE('',(#4571),#4899,.F.);
#5123=ADVANCED_FACE('',(#4572),#4900,.F.);
#5124=ADVANCED_FACE('',(#4573),#4901,.F.);
#5125=ADVANCED_FACE('',(#4574),#4902,.F.);
#5126=ADVANCED_FACE('',(#4575),#4903,.F.);
#5127=ADVANCED_FACE('',(#4576),#4904,.F.);
#5128=ADVANCED_FACE('',(#4577),#4905,.F.);
#5129=ADVANCED_FACE('',(#4578),#4906,.F.);
#5130=ADVANCED_FACE('',(#4579),#98,.T.);
#5131=ADVANCED_FACE('',(#4580),#99,.T.);
#5132=ADVANCED_FACE('',(#4581),#100,.T.);
#5133=ADVANCED_FACE('',(#4582),#101,.T.);
#5134=ADVANCED_FACE('',(#4583),#4907,.F.);
#5135=ADVANCED_FACE('',(#4584),#4908,.T.);
#5136=ADVANCED_FACE('',(#4585),#4909,.F.);
#5137=ADVANCED_FACE('',(#4586),#4910,.F.);
#5138=ADVANCED_FACE('',(#4587),#4911,.F.);
#5139=ADVANCED_FACE('',(#4588),#4912,.T.);
#5140=ADVANCED_FACE('',(#4589),#4913,.F.);
#5141=ADVANCED_FACE('',(#4590),#4914,.F.);
#5142=ADVANCED_FACE('',(#4591),#4915,.F.);
#5143=ADVANCED_FACE('',(#4592),#4916,.F.);
#5144=ADVANCED_FACE('',(#4593),#102,.T.);
#5145=ADVANCED_FACE('',(#4594),#4917,.F.);
#5146=ADVANCED_FACE('',(#4595),#103,.T.);
#5147=ADVANCED_FACE('',(#4596),#4918,.F.);
#5148=ADVANCED_FACE('',(#4597),#4919,.F.);
#5149=ADVANCED_FACE('',(#4598),#4920,.F.);
#5150=ADVANCED_FACE('',(#4599),#4921,.F.);
#5151=ADVANCED_FACE('',(#4600),#104,.T.);
#5152=ADVANCED_FACE('',(#4601),#4922,.F.);
#5153=ADVANCED_FACE('',(#4602),#105,.T.);
#5154=ADVANCED_FACE('',(#4603,#4604),#4923,.T.);
#5155=ADVANCED_FACE('',(#4605),#106,.T.);
#5156=ADVANCED_FACE('',(#4606),#4924,.T.);
#5157=ADVANCED_FACE('',(#4607),#107,.T.);
#5158=ADVANCED_FACE('',(#4608),#4925,.T.);
#5159=ADVANCED_FACE('',(#4609),#4926,.T.);
#5160=ADVANCED_FACE('',(#4610),#4927,.T.);
#5161=ADVANCED_FACE('',(#4611),#4928,.T.);
#5162=ADVANCED_FACE('',(#4612),#108,.T.);
#5163=ADVANCED_FACE('',(#4613),#4929,.T.);
#5164=ADVANCED_FACE('',(#4614),#109,.T.);
#5165=ADVANCED_FACE('',(#4615,#4616),#4930,.F.);
#5166=ADVANCED_FACE('',(#4617),#4931,.F.);
#5167=ADVANCED_FACE('',(#4618),#4932,.T.);
#5168=ADVANCED_FACE('',(#4619),#4933,.F.);
#5169=ADVANCED_FACE('',(#4620),#4934,.F.);
#5170=ADVANCED_FACE('',(#4621),#4935,.F.);
#5171=ADVANCED_FACE('',(#4622),#4936,.T.);
#5172=ADVANCED_FACE('',(#4623),#4937,.F.);
#5173=ADVANCED_FACE('',(#4624),#4938,.F.);
#5174=ADVANCED_FACE('',(#4625),#4939,.F.);
#5175=ADVANCED_FACE('',(#4626),#4940,.T.);
#5176=ADVANCED_FACE('',(#4627),#4941,.T.);
#5177=ADVANCED_FACE('',(#4628),#4942,.T.);
#5178=ADVANCED_FACE('',(#4629),#4943,.F.);
#5179=ADVANCED_FACE('',(#4630),#4944,.T.);
#5180=ADVANCED_FACE('',(#4631),#4945,.T.);
#5181=ADVANCED_FACE('',(#4632),#4946,.T.);
#5182=ADVANCED_FACE('',(#4633),#4947,.T.);
#5183=ADVANCED_FACE('',(#4634),#4948,.T.);
#5184=ADVANCED_FACE('',(#4635),#4949,.T.);
#5185=ADVANCED_FACE('',(#4636),#4950,.T.);
#5186=ADVANCED_FACE('',(#4637),#4951,.T.);
#5187=ADVANCED_FACE('',(#4638),#4952,.T.);
#5188=ADVANCED_FACE('',(#4639),#110,.F.);
#5189=ADVANCED_FACE('',(#4640),#4953,.T.);
#5190=ADVANCED_FACE('',(#4641),#111,.F.);
#5191=ADVANCED_FACE('',(#4642),#4954,.T.);
#5192=ADVANCED_FACE('',(#4643),#112,.F.);
#5193=ADVANCED_FACE('',(#4644),#4955,.T.);
#5194=ADVANCED_FACE('',(#4645),#113,.F.);
#5195=ADVANCED_FACE('',(#4646),#4956,.T.);
#5196=ADVANCED_FACE('',(#4647,#4648,#4649,#4650,#4651,#4652,#4653),#4957,
 .F.);
#5197=ADVANCED_FACE('',(#4654,#4655),#114,.F.);
#5198=ADVANCED_FACE('',(#4656),#4958,.F.);
#5199=ADVANCED_FACE('',(#4657,#4658),#115,.F.);
#5200=ADVANCED_FACE('',(#4659),#4959,.F.);
#5201=ADVANCED_FACE('',(#4660,#4661),#116,.F.);
#5202=ADVANCED_FACE('',(#4662),#4960,.F.);
#5203=ADVANCED_FACE('',(#4663,#4664),#117,.F.);
#5204=ADVANCED_FACE('',(#4665),#4961,.F.);
#5205=ADVANCED_FACE('',(#4666,#4667),#118,.F.);
#5206=ADVANCED_FACE('',(#4668),#4962,.F.);
#5207=ADVANCED_FACE('',(#4669,#4670),#119,.F.);
#5208=ADVANCED_FACE('',(#4671),#4963,.F.);
#5209=ADVANCED_FACE('',(#4672),#4964,.T.);
#5210=ADVANCED_FACE('',(#4673),#4965,.T.);
#5211=ADVANCED_FACE('',(#4674),#120,.T.);
#5212=ADVANCED_FACE('',(#4675),#4966,.F.);
#5213=ADVANCED_FACE('',(#4676),#121,.T.);
#5214=ADVANCED_FACE('',(#4677),#4967,.F.);
#5215=ADVANCED_FACE('',(#4678),#122,.T.);
#5216=ADVANCED_FACE('',(#4679),#4968,.F.);
#5217=ADVANCED_FACE('',(#4680),#123,.T.);
#5218=ADVANCED_FACE('',(#4681),#4969,.F.);
#5219=ADVANCED_FACE('',(#4682),#4970,.T.);
#5220=ADVANCED_FACE('',(#4683,#4684,#4685,#4686,#4687,#4688,#4689),#4971,
 .F.);
#5221=ADVANCED_FACE('',(#4690,#4691),#124,.T.);
#5222=ADVANCED_FACE('',(#4692),#4972,.F.);
#5223=ADVANCED_FACE('',(#4693,#4694),#125,.T.);
#5224=ADVANCED_FACE('',(#4695),#4973,.F.);
#5225=ADVANCED_FACE('',(#4696,#4697),#126,.T.);
#5226=ADVANCED_FACE('',(#4698),#4974,.F.);
#5227=ADVANCED_FACE('',(#4699,#4700),#127,.T.);
#5228=ADVANCED_FACE('',(#4701),#4975,.F.);
#5229=ADVANCED_FACE('',(#4702,#4703),#128,.T.);
#5230=ADVANCED_FACE('',(#4704),#4976,.F.);
#5231=ADVANCED_FACE('',(#4705,#4706),#129,.T.);
#5232=ADVANCED_FACE('',(#4707),#4977,.F.);
#5233=ADVANCED_FACE('',(#4708),#4978,.F.);
#5234=ADVANCED_FACE('',(#4709),#130,.T.);
#5235=ADVANCED_FACE('',(#4710,#4711),#4979,.F.);
#5236=ADVANCED_FACE('',(#4712),#131,.T.);
#5237=ADVANCED_FACE('',(#4713),#4980,.F.);
#5238=ADVANCED_FACE('',(#4714),#132,.T.);
#5239=ADVANCED_FACE('',(#4715,#4716),#4981,.F.);
#5240=ADVANCED_FACE('',(#4717),#133,.T.);
#5241=ADVANCED_FACE('',(#4718),#4982,.F.);
#5242=ADVANCED_FACE('',(#4719),#4983,.T.);
#5243=ADVANCED_FACE('',(#4720),#4984,.T.);
#5244=ADVANCED_FACE('',(#4721),#4985,.T.);
#5245=ADVANCED_FACE('',(#4722),#4986,.T.);
#5246=ADVANCED_FACE('',(#4723),#134,.T.);
#5247=ADVANCED_FACE('',(#4724),#4987,.T.);
#5248=ADVANCED_FACE('',(#4725),#4988,.T.);
#5249=ADVANCED_FACE('',(#4726),#135,.T.);
#5250=ADVANCED_FACE('',(#4727),#4989,.T.);
#5251=ADVANCED_FACE('',(#4728),#4990,.T.);
#5252=ADVANCED_FACE('',(#4729),#4991,.T.);
#5253=ADVANCED_FACE('',(#4730),#4992,.F.);
#5254=ADVANCED_FACE('',(#4731),#4993,.F.);
#5255=ADVANCED_FACE('',(#4732),#4994,.F.);
#5256=ADVANCED_FACE('',(#4733),#136,.F.);
#5257=ADVANCED_FACE('',(#4734),#4995,.F.);
#5258=ADVANCED_FACE('',(#4735),#4996,.F.);
#5259=ADVANCED_FACE('',(#4736),#137,.F.);
#5260=ADVANCED_FACE('',(#4737,#4738),#4997,.F.);
#5261=ADVANCED_FACE('',(#4739),#4998,.F.);
#5262=ADVANCED_FACE('',(#4740),#4999,.F.);
#5263=ADVANCED_FACE('',(#4741),#5000,.F.);
#5264=ADVANCED_FACE('',(#4742),#138,.T.);
#5265=ADVANCED_FACE('',(#4743),#5001,.F.);
#5266=ADVANCED_FACE('',(#4744),#5002,.F.);
#5267=ADVANCED_FACE('',(#4745),#139,.T.);
#5268=ADVANCED_FACE('',(#4746),#5003,.F.);
#5269=ADVANCED_FACE('',(#4747),#5004,.F.);
#5270=ADVANCED_FACE('',(#4748),#5005,.F.);
#5271=ADVANCED_FACE('',(#4749),#5006,.T.);
#5272=ADVANCED_FACE('',(#4750),#5007,.T.);
#5273=ADVANCED_FACE('',(#4751),#5008,.T.);
#5274=ADVANCED_FACE('',(#4752),#140,.F.);
#5275=ADVANCED_FACE('',(#4753),#5009,.T.);
#5276=ADVANCED_FACE('',(#4754),#5010,.T.);
#5277=ADVANCED_FACE('',(#4755),#141,.F.);
#5278=ADVANCED_FACE('',(#4756,#4757),#5011,.T.);
#5279=ADVANCED_FACE('',(#4758,#4759),#5012,.T.);
#5280=ADVANCED_FACE('',(#4760,#4761),#5013,.T.);
#5281=ADVANCED_FACE('',(#4762),#142,.T.);
#5282=ADVANCED_FACE('',(#4763),#5014,.T.);
#5283=ADVANCED_FACE('',(#4764),#143,.T.);
#5284=ADVANCED_FACE('',(#4765),#37,.T.);
#5285=ADVANCED_FACE('',(#4766,#4767),#144,.F.);
#5286=ADVANCED_FACE('',(#4768),#5015,.T.);
#5287=ADVANCED_FACE('',(#4769),#5016,.T.);
#5288=ADVANCED_FACE('',(#4770),#5017,.T.);
#5289=ADVANCED_FACE('',(#4771,#4772),#145,.T.);
#5290=ADVANCED_FACE('',(#4773),#5018,.T.);
#5291=ADVANCED_FACE('',(#4774),#5019,.T.);
#5292=ADVANCED_FACE('',(#4775),#5020,.T.);
#5293=ADVANCED_FACE('',(#4776),#5021,.T.);
#5294=ADVANCED_FACE('',(#4777),#5022,.T.);
#5295=ADVANCED_FACE('',(#4778),#5023,.F.);
#5296=ADVANCED_FACE('',(#4779),#5024,.T.);
#5297=ADVANCED_FACE('',(#4780),#5025,.T.);
#5298=ADVANCED_FACE('',(#4781),#5026,.T.);
#5299=ADVANCED_FACE('',(#4782),#5027,.T.);
#5300=ADVANCED_FACE('',(#4783),#5028,.T.);
#5301=ADVANCED_FACE('',(#4784),#5029,.T.);
#5302=ADVANCED_FACE('',(#4785),#5030,.F.);
#5303=ADVANCED_FACE('',(#4786),#5031,.T.);
#5304=ADVANCED_FACE('',(#4787),#5032,.T.);
#5305=ADVANCED_FACE('',(#4788),#5033,.T.);
#5306=ADVANCED_FACE('',(#4789),#5034,.T.);
#5307=ADVANCED_FACE('',(#4790,#4791),#146,.T.);
#5308=ADVANCED_FACE('',(#4792),#5035,.F.);
#5309=ADVANCED_FACE('',(#4793),#5036,.T.);
#5310=ADVANCED_FACE('',(#4794),#5037,.T.);
#5311=ADVANCED_FACE('',(#4795),#5038,.T.);
#5312=ADVANCED_FACE('',(#4796),#5039,.T.);
#5313=ADVANCED_FACE('',(#4797),#5040,.T.);
#5314=ADVANCED_FACE('',(#4798,#4799),#147,.T.);
#5315=ADVANCED_FACE('',(#4800),#5041,.F.);
#5316=ADVANCED_FACE('',(#4801),#5042,.F.);
#5317=ADVANCED_FACE('',(#4802,#4803),#14,.T.);
#5318=ADVANCED_FACE('',(#4804,#4805),#38,.T.);
#5319=ADVANCED_FACE('',(#4806,#4807),#148,.T.);
#5320=ADVANCED_FACE('',(#4808),#5043,.F.);
#5321=ADVANCED_FACE('',(#4809),#5044,.T.);
#5322=ADVANCED_FACE('',(#4810),#5045,.F.);
#5323=ADVANCED_FACE('',(#4811),#5046,.F.);
#5324=ADVANCED_FACE('',(#4812),#5047,.F.);
#5325=ADVANCED_FACE('',(#4813),#5048,.F.);
#5326=ADVANCED_FACE('',(#4814),#5049,.F.);
#5327=ADVANCED_FACE('',(#4815),#5050,.F.);
#5328=ADVANCED_FACE('',(#4816,#4817),#149,.F.);
#5329=ADVANCED_FACE('',(#4818),#5051,.F.);
#5330=ADVANCED_FACE('',(#4819,#4820),#5052,.T.);
#5331=ADVANCED_FACE('',(#4821,#4822),#5053,.F.);
#5332=ADVANCED_FACE('',(#4823),#5054,.T.);
#5333=ADVANCED_FACE('',(#4824),#5055,.T.);
#5334=ADVANCED_FACE('',(#4825),#150,.T.);
#5335=ADVANCED_FACE('',(#4826),#5056,.T.);
#5336=ADVANCED_FACE('',(#4827),#5057,.T.);
#5337=ADVANCED_FACE('',(#4828),#5058,.T.);
#5338=ADVANCED_FACE('',(#4829),#5059,.T.);
#5339=ADVANCED_FACE('',(#4830),#5060,.T.);
#5340=ADVANCED_FACE('',(#4831),#5061,.T.);
#5341=ADVANCED_FACE('',(#4832),#5062,.T.);
#5342=ADVANCED_FACE('',(#4833),#151,.T.);
#5343=ADVANCED_FACE('',(#4834),#5063,.T.);
#5344=ADVANCED_FACE('',(#4835),#5064,.T.);
#5345=ADVANCED_FACE('',(#4836),#5065,.F.);
#5346=ADVANCED_FACE('',(#4837),#5066,.F.);
#5347=ADVANCED_FACE('',(#4838),#5067,.F.);
#5348=ADVANCED_FACE('',(#4839),#152,.T.);
#5349=ADVANCED_FACE('',(#4840),#5068,.F.);
#5350=ADVANCED_FACE('',(#4841),#5069,.F.);
#5351=ADVANCED_FACE('',(#4842),#5070,.F.);
#5352=ADVANCED_FACE('',(#4843),#5071,.F.);
#5353=ADVANCED_FACE('',(#4844),#5072,.F.);
#5354=ADVANCED_FACE('',(#4845),#5073,.F.);
#5355=ADVANCED_FACE('',(#4846),#5074,.F.);
#5356=ADVANCED_FACE('',(#4847),#153,.T.);
#5357=ADVANCED_FACE('',(#4848),#5075,.F.);
#5358=ADVANCED_FACE('',(#4849),#5076,.F.);
#5359=ADVANCED_FACE('',(#4850),#5077,.T.);
#5360=ADVANCED_FACE('',(#4851),#10,.T.);
#5361=ADVANCED_FACE('',(#4852),#154,.T.);
#5362=ADVANCED_FACE('',(#4853),#11,.T.);
#5363=ADVANCED_FACE('',(#4854),#155,.T.);
#5364=ADVANCED_FACE('',(#4855),#156,.F.);
#5365=ADVANCED_FACE('',(#4856),#12,.F.);
#5366=ADVANCED_FACE('',(#4857),#157,.F.);
#5367=ADVANCED_FACE('',(#4858),#13,.F.);
#5368=CLOSED_SHELL('',(#5078,#5079,#5080,#5081,#5082,#5083,#5084,#5085,
#5086,#5087,#5088,#5089,#5090,#5091,#5092,#5093,#5094,#5095,#5096,#5097,
#5098,#5099,#5100,#5101,#5102,#5103,#5104,#5105,#5106,#5107,#5108,#5109,
#5110,#5111));
#5369=CLOSED_SHELL('',(#5112,#5113,#5114,#5115,#5116,#5117,#5118,#5119,
#5120,#5121,#5122,#5123,#5124,#5125,#5126,#5127,#5128,#5129,#5130,#5131,
#5132,#5133,#5134,#5135,#5136,#5137,#5138,#5139,#5140,#5141,#5142,#5143,
#5144,#5145,#5146,#5147,#5148,#5149,#5150,#5151,#5152,#5153,#5154,#5155,
#5156,#5157,#5158,#5159,#5160,#5161,#5162,#5163,#5164,#5165,#5166,#5167,
#5168,#5169,#5170,#5171,#5172,#5173,#5174,#5175,#5176,#5177,#5178,#5179,
#5180,#5181,#5182,#5183,#5184,#5185,#5186,#5187,#5188,#5189,#5190,#5191,
#5192,#5193,#5194,#5195,#5196,#5197,#5198,#5199,#5200,#5201,#5202,#5203,
#5204,#5205,#5206,#5207,#5208,#5209,#5210));
#5370=CLOSED_SHELL('',(#5211,#5212,#5213,#5214,#5215,#5216,#5217,#5218,
#5219,#5220,#5221,#5222,#5223,#5224,#5225,#5226,#5227,#5228,#5229,#5230,
#5231,#5232));
#5371=CLOSED_SHELL('',(#5233,#5234,#5235,#5236,#5237,#5238,#5239,#5240,
#5241,#5242,#5243,#5244,#5245,#5246,#5247,#5248,#5249,#5250,#5251,#5252,
#5253,#5254,#5255,#5256,#5257,#5258,#5259,#5260,#5261,#5262,#5263,#5264,
#5265,#5266,#5267,#5268,#5269,#5270,#5271,#5272,#5273,#5274,#5275,#5276,
#5277,#5278));
#5372=CLOSED_SHELL('',(#5279,#5280,#5281,#5282,#5283,#5284,#5285,#5286,
#5287,#5288));
#5373=CLOSED_SHELL('',(#5289,#5290,#5291,#5292,#5293,#5294,#5295,#5296,
#5297,#5298,#5299,#5300,#5301,#5302,#5303));
#5374=CLOSED_SHELL('',(#5304,#5305,#5306,#5307,#5308,#5309,#5310,#5311,
#5312,#5313,#5314,#5315));
#5375=CLOSED_SHELL('',(#5316,#5317,#5318,#5319,#5320));
#5376=CLOSED_SHELL('',(#5321,#5322,#5323,#5324,#5325,#5326,#5327,#5328,
#5329,#5330,#5331,#5332,#5333,#5334,#5335,#5336,#5337,#5338,#5339,#5340,
#5341,#5342,#5343,#5344,#5345,#5346,#5347,#5348,#5349,#5350,#5351,#5352,
#5353,#5354,#5355,#5356,#5357,#5358,#5359,#5360,#5361,#5362,#5363,#5364,
#5365,#5366,#5367));
#5377=STYLED_ITEM('',(#5386),#5445);
#5378=STYLED_ITEM('',(#5387),#5446);
#5379=STYLED_ITEM('',(#5388),#5447);
#5380=STYLED_ITEM('',(#5389),#5448);
#5381=STYLED_ITEM('',(#5390),#5449);
#5382=STYLED_ITEM('',(#5391),#5450);
#5383=STYLED_ITEM('',(#5392),#5451);
#5384=STYLED_ITEM('',(#5393),#5452);
#5385=STYLED_ITEM('',(#5394),#5453);
#5386=PRESENTATION_STYLE_ASSIGNMENT((#5395));
#5387=PRESENTATION_STYLE_ASSIGNMENT((#5396));
#5388=PRESENTATION_STYLE_ASSIGNMENT((#5397));
#5389=PRESENTATION_STYLE_ASSIGNMENT((#5398));
#5390=PRESENTATION_STYLE_ASSIGNMENT((#5399));
#5391=PRESENTATION_STYLE_ASSIGNMENT((#5400));
#5392=PRESENTATION_STYLE_ASSIGNMENT((#5401));
#5393=PRESENTATION_STYLE_ASSIGNMENT((#5402));
#5394=PRESENTATION_STYLE_ASSIGNMENT((#5403));
#5395=SURFACE_STYLE_USAGE(.BOTH.,#5404);
#5396=SURFACE_STYLE_USAGE(.BOTH.,#5405);
#5397=SURFACE_STYLE_USAGE(.BOTH.,#5406);
#5398=SURFACE_STYLE_USAGE(.BOTH.,#5407);
#5399=SURFACE_STYLE_USAGE(.BOTH.,#5408);
#5400=SURFACE_STYLE_USAGE(.BOTH.,#5409);
#5401=SURFACE_STYLE_USAGE(.BOTH.,#5410);
#5402=SURFACE_STYLE_USAGE(.BOTH.,#5411);
#5403=SURFACE_STYLE_USAGE(.BOTH.,#5412);
#5404=SURFACE_SIDE_STYLE('',(#5413));
#5405=SURFACE_SIDE_STYLE('',(#5414));
#5406=SURFACE_SIDE_STYLE('',(#5415));
#5407=SURFACE_SIDE_STYLE('',(#5416));
#5408=SURFACE_SIDE_STYLE('',(#5417));
#5409=SURFACE_SIDE_STYLE('',(#5418));
#5410=SURFACE_SIDE_STYLE('',(#5419));
#5411=SURFACE_SIDE_STYLE('',(#5420));
#5412=SURFACE_SIDE_STYLE('',(#5421));
#5413=SURFACE_STYLE_FILL_AREA(#5422);
#5414=SURFACE_STYLE_FILL_AREA(#5423);
#5415=SURFACE_STYLE_FILL_AREA(#5424);
#5416=SURFACE_STYLE_FILL_AREA(#5425);
#5417=SURFACE_STYLE_FILL_AREA(#5426);
#5418=SURFACE_STYLE_FILL_AREA(#5427);
#5419=SURFACE_STYLE_FILL_AREA(#5428);
#5420=SURFACE_STYLE_FILL_AREA(#5429);
#5421=SURFACE_STYLE_FILL_AREA(#5430);
#5422=FILL_AREA_STYLE('',(#5431));
#5423=FILL_AREA_STYLE('',(#5432));
#5424=FILL_AREA_STYLE('',(#5433));
#5425=FILL_AREA_STYLE('',(#5434));
#5426=FILL_AREA_STYLE('',(#5435));
#5427=FILL_AREA_STYLE('',(#5436));
#5428=FILL_AREA_STYLE('',(#5437));
#5429=FILL_AREA_STYLE('',(#5438));
#5430=FILL_AREA_STYLE('',(#5439));
#5431=FILL_AREA_STYLE_COLOUR('',#5440);
#5432=FILL_AREA_STYLE_COLOUR('',#39);
#5433=FILL_AREA_STYLE_COLOUR('',#5441);
#5434=FILL_AREA_STYLE_COLOUR('',#5442);
#5435=FILL_AREA_STYLE_COLOUR('',#5443);
#5436=FILL_AREA_STYLE_COLOUR('',#5442);
#5437=FILL_AREA_STYLE_COLOUR('',#5444);
#5438=FILL_AREA_STYLE_COLOUR('',#5444);
#5439=FILL_AREA_STYLE_COLOUR('',#5443);
#5440=COLOUR_RGB('',0.,0.610000014305115,0.790000021457672);
#5441=COLOUR_RGB('',1.,0.839999973773956,0.);
#5442=COLOUR_RGB('',0.689999997615814,0.689999997615814,0.689999997615814);
#5443=COLOUR_RGB('',0.949999988079071,0.949999988079071,0.949999988079071);
#5444=COLOUR_RGB('',0.75,0.75,0.75);
#5445=MANIFOLD_SOLID_BREP('D2202-top_body',#5368);
#5446=MANIFOLD_SOLID_BREP('D2202-B-bottom_body',#5369);
#5447=MANIFOLD_SOLID_BREP('D2202-B-terminal',#5370);
#5448=MANIFOLD_SOLID_BREP('D2202-frame',#5371);
#5449=MANIFOLD_SOLID_BREP('D220LB-bushing',#5372);
#5450=MANIFOLD_SOLID_BREP('D22LB-contact',#5373);
#5451=MANIFOLD_SOLID_BREP('D220L-toggles',#5374);
#5452=MANIFOLD_SOLID_BREP('AT427-cap',#5375);
#5453=MANIFOLD_SOLID_BREP('D2202-B-bracket',#5376);
#5454=SHAPE_DEFINITION_REPRESENTATION(#9052,#5464);
#5455=SHAPE_DEFINITION_REPRESENTATION(#9053,#5465);
#5456=SHAPE_DEFINITION_REPRESENTATION(#9055,#5466);
#5457=SHAPE_DEFINITION_REPRESENTATION(#9057,#5467);
#5458=SHAPE_DEFINITION_REPRESENTATION(#9059,#5468);
#5459=SHAPE_DEFINITION_REPRESENTATION(#9061,#5469);
#5460=SHAPE_DEFINITION_REPRESENTATION(#9063,#5470);
#5461=SHAPE_DEFINITION_REPRESENTATION(#9065,#5471);
#5462=SHAPE_DEFINITION_REPRESENTATION(#9067,#5472);
#5463=SHAPE_DEFINITION_REPRESENTATION(#9069,#5473);
#5464=SHAPE_REPRESENTATION('D22022LB',(#5474,#5517,#5661,#5704,#5775,#5793,
#5822,#5853,#5863,#5933),#9026);
#5465=SHAPE_REPRESENTATION('D2202-top_body',(#5474),#9027);
#5466=SHAPE_REPRESENTATION('D2202-B-bottom_body',(#5474),#9028);
#5467=SHAPE_REPRESENTATION('D2202-B-terminal',(#5474),#9029);
#5468=SHAPE_REPRESENTATION('D2202-frame',(#5474),#9030);
#5469=SHAPE_REPRESENTATION('D220LB-bushing',(#5474),#9031);
#5470=SHAPE_REPRESENTATION('D22LB-contact',(#5474),#9032);
#5471=SHAPE_REPRESENTATION('D220L-toggles',(#5474),#9033);
#5472=SHAPE_REPRESENTATION('AT427-cap',(#5474),#9034);
#5473=SHAPE_REPRESENTATION('D2202-B-bracket',(#5474),#9035);
#5474=AXIS2_PLACEMENT_3D('',#7428,#5934,#5935);
#5475=AXIS2_PLACEMENT_3D('',#7429,#5936,#5937);
#5476=AXIS2_PLACEMENT_3D('',#7442,#5944,#5945);
#5477=AXIS2_PLACEMENT_3D('',#7455,#5952,#5953);
#5478=AXIS2_PLACEMENT_3D('',#7460,#5956,#5957);
#5479=AXIS2_PLACEMENT_3D('',#7464,#5959,#5960);
#5480=AXIS2_PLACEMENT_3D('',#7476,#5966,#5967);
#5481=AXIS2_PLACEMENT_3D('',#7480,#5969,#5970);
#5482=AXIS2_PLACEMENT_3D('',#7482,#5972,#5973);
#5483=AXIS2_PLACEMENT_3D('',#7488,#5977,#5978);
#5484=AXIS2_PLACEMENT_3D('',#7500,#5984,#5985);
#5485=AXIS2_PLACEMENT_3D('',#7512,#5991,#5992);
#5486=AXIS2_PLACEMENT_3D('',#7524,#5998,#5999);
#5487=AXIS2_PLACEMENT_3D('',#7525,#6000,#6001);
#5488=AXIS2_PLACEMENT_3D('',#7532,#6006,#6007);
#5489=AXIS2_PLACEMENT_3D('',#7534,#6009,#6010);
#5490=AXIS2_PLACEMENT_3D('',#7536,#6012,#6013);
#5491=AXIS2_PLACEMENT_3D('',#7543,#6018,#6019);
#5492=AXIS2_PLACEMENT_3D('',#7544,#6020,#6021);
#5493=AXIS2_PLACEMENT_3D('',#7551,#6026,#6027);
#5494=AXIS2_PLACEMENT_3D('',#7553,#6029,#6030);
#5495=AXIS2_PLACEMENT_3D('',#7559,#6034,#6035);
#5496=AXIS2_PLACEMENT_3D('',#7565,#6039,#6040);
#5497=AXIS2_PLACEMENT_3D('',#7567,#6042,#6043);
#5498=AXIS2_PLACEMENT_3D('',#7569,#6045,#6046);
#5499=AXIS2_PLACEMENT_3D('',#7570,#6047,#6048);
#5500=AXIS2_PLACEMENT_3D('',#7574,#6051,#6052);
#5501=AXIS2_PLACEMENT_3D('',#7578,#6055,#6056);
#5502=AXIS2_PLACEMENT_3D('',#7580,#6058,#6059);
#5503=AXIS2_PLACEMENT_3D('',#7581,#6060,#6061);
#5504=AXIS2_PLACEMENT_3D('',#7585,#6064,#6065);
#5505=AXIS2_PLACEMENT_3D('',#7589,#6068,#6069);
#5506=AXIS2_PLACEMENT_3D('',#7591,#6071,#6072);
#5507=AXIS2_PLACEMENT_3D('',#7595,#6075,#6076);
#5508=AXIS2_PLACEMENT_3D('',#7599,#6079,#6080);
#5509=AXIS2_PLACEMENT_3D('',#7601,#6082,#6083);
#5510=AXIS2_PLACEMENT_3D('',#7602,#6084,#6085);
#5511=AXIS2_PLACEMENT_3D('',#7606,#6088,#6089);
#5512=AXIS2_PLACEMENT_3D('',#7610,#6092,#6093);
#5513=AXIS2_PLACEMENT_3D('',#7612,#6095,#6096);
#5514=AXIS2_PLACEMENT_3D('',#7616,#6099,#6100);
#5515=AXIS2_PLACEMENT_3D('',#7620,#6103,#6104);
#5516=AXIS2_PLACEMENT_3D('',#7622,#6106,#6107);
#5517=AXIS2_PLACEMENT_3D('',#7623,#6108,#6109);
#5518=AXIS2_PLACEMENT_3D('',#7624,#6110,#6111);
#5519=AXIS2_PLACEMENT_3D('',#7630,#6114,#6115);
#5520=AXIS2_PLACEMENT_3D('',#7634,#6117,#6118);
#5521=AXIS2_PLACEMENT_3D('',#7644,#6123,#6124);
#5522=AXIS2_PLACEMENT_3D('',#7648,#6126,#6127);
#5523=AXIS2_PLACEMENT_3D('',#7651,#6129,#6130);
#5524=AXIS2_PLACEMENT_3D('',#7661,#6135,#6136);
#5525=AXIS2_PLACEMENT_3D('',#7673,#6142,#6143);
#5526=AXIS2_PLACEMENT_3D('',#7685,#6149,#6150);
#5527=AXIS2_PLACEMENT_3D('',#7697,#6156,#6157);
#5528=AXIS2_PLACEMENT_3D('',#7700,#6159,#6160);
#5529=AXIS2_PLACEMENT_3D('',#7706,#6163,#6164);
#5530=AXIS2_PLACEMENT_3D('',#7710,#6166,#6167);
#5531=AXIS2_PLACEMENT_3D('',#7720,#6172,#6173);
#5532=AXIS2_PLACEMENT_3D('',#7724,#6175,#6176);
#5533=AXIS2_PLACEMENT_3D('',#7727,#6178,#6179);
#5534=AXIS2_PLACEMENT_3D('',#7733,#6183,#6184);
#5535=AXIS2_PLACEMENT_3D('',#7739,#6188,#6189);
#5536=AXIS2_PLACEMENT_3D('',#7745,#6193,#6194);
#5537=AXIS2_PLACEMENT_3D('',#7751,#6198,#6199);
#5538=AXIS2_PLACEMENT_3D('',#7796,#6222,#6223);
#5539=AXIS2_PLACEMENT_3D('',#7801,#6225,#6226);
#5540=AXIS2_PLACEMENT_3D('',#7805,#6228,#6229);
#5541=AXIS2_PLACEMENT_3D('',#7809,#6231,#6232);
#5542=AXIS2_PLACEMENT_3D('',#7812,#6234,#6235);
#5543=AXIS2_PLACEMENT_3D('',#7823,#6242,#6243);
#5544=AXIS2_PLACEMENT_3D('',#7834,#6250,#6251);
#5545=AXIS2_PLACEMENT_3D('',#7845,#6257,#6258);
#5546=AXIS2_PLACEMENT_3D('',#7846,#6259,#6260);
#5547=AXIS2_PLACEMENT_3D('',#7854,#6264,#6265);
#5548=AXIS2_PLACEMENT_3D('',#7861,#6269,#6270);
#5549=AXIS2_PLACEMENT_3D('',#7869,#6274,#6275);
#5550=AXIS2_PLACEMENT_3D('',#7872,#6277,#6278);
#5551=AXIS2_PLACEMENT_3D('',#7877,#6281,#6282);
#5552=AXIS2_PLACEMENT_3D('',#7880,#6284,#6285);
#5553=AXIS2_PLACEMENT_3D('',#7884,#6289,#6290);
#5554=AXIS2_PLACEMENT_3D('',#7888,#6294,#6295);
#5555=AXIS2_PLACEMENT_3D('',#7898,#6303,#6304);
#5556=AXIS2_PLACEMENT_3D('',#7916,#6316,#6317);
#5557=AXIS2_PLACEMENT_3D('',#7917,#6318,#6319);
#5558=AXIS2_PLACEMENT_3D('',#7918,#6320,#6321);
#5559=AXIS2_PLACEMENT_3D('',#7919,#6322,#6323);
#5560=AXIS2_PLACEMENT_3D('',#7920,#6324,#6325);
#5561=AXIS2_PLACEMENT_3D('',#7926,#6329,#6330);
#5562=AXIS2_PLACEMENT_3D('',#7929,#6333,#6334);
#5563=AXIS2_PLACEMENT_3D('',#7930,#6335,#6336);
#5564=AXIS2_PLACEMENT_3D('',#7932,#6338,#6339);
#5565=AXIS2_PLACEMENT_3D('',#7936,#6342,#6343);
#5566=AXIS2_PLACEMENT_3D('',#7940,#6346,#6347);
#5567=AXIS2_PLACEMENT_3D('',#7942,#6349,#6350);
#5568=AXIS2_PLACEMENT_3D('',#7944,#6352,#6353);
#5569=AXIS2_PLACEMENT_3D('',#7946,#6355,#6356);
#5570=AXIS2_PLACEMENT_3D('',#7948,#6358,#6359);
#5571=AXIS2_PLACEMENT_3D('',#7951,#6361,#6362);
#5572=AXIS2_PLACEMENT_3D('',#7952,#6363,#6364);
#5573=AXIS2_PLACEMENT_3D('',#7956,#6367,#6368);
#5574=AXIS2_PLACEMENT_3D('',#7959,#6370,#6371);
#5575=AXIS2_PLACEMENT_3D('',#7960,#6372,#6373);
#5576=AXIS2_PLACEMENT_3D('',#7964,#6376,#6377);
#5577=AXIS2_PLACEMENT_3D('',#7968,#6380,#6381);
#5578=AXIS2_PLACEMENT_3D('',#7972,#6384,#6385);
#5579=AXIS2_PLACEMENT_3D('',#7976,#6388,#6389);
#5580=AXIS2_PLACEMENT_3D('',#7979,#6391,#6392);
#5581=AXIS2_PLACEMENT_3D('',#7980,#6393,#6394);
#5582=AXIS2_PLACEMENT_3D('',#7984,#6397,#6398);
#5583=AXIS2_PLACEMENT_3D('',#7985,#6399,#6400);
#5584=AXIS2_PLACEMENT_3D('',#7986,#6401,#6402);
#5585=AXIS2_PLACEMENT_3D('',#7988,#6404,#6405);
#5586=AXIS2_PLACEMENT_3D('',#7989,#6406,#6407);
#5587=AXIS2_PLACEMENT_3D('',#7992,#6409,#6410);
#5588=AXIS2_PLACEMENT_3D('',#7996,#6413,#6414);
#5589=AXIS2_PLACEMENT_3D('',#7997,#6415,#6416);
#5590=AXIS2_PLACEMENT_3D('',#8000,#6418,#6419);
#5591=AXIS2_PLACEMENT_3D('',#8004,#6422,#6423);
#5592=AXIS2_PLACEMENT_3D('',#8008,#6426,#6427);
#5593=AXIS2_PLACEMENT_3D('',#8012,#6430,#6431);
#5594=AXIS2_PLACEMENT_3D('',#8016,#6434,#6435);
#5595=AXIS2_PLACEMENT_3D('',#8017,#6436,#6437);
#5596=AXIS2_PLACEMENT_3D('',#8020,#6439,#6440);
#5597=AXIS2_PLACEMENT_3D('',#8024,#6443,#6444);
#5598=AXIS2_PLACEMENT_3D('',#8025,#6445,#6446);
#5599=AXIS2_PLACEMENT_3D('',#8026,#6447,#6448);
#5600=AXIS2_PLACEMENT_3D('',#8028,#6450,#6451);
#5601=AXIS2_PLACEMENT_3D('',#8034,#6455,#6456);
#5602=AXIS2_PLACEMENT_3D('',#8037,#6459,#6460);
#5603=AXIS2_PLACEMENT_3D('',#8038,#6461,#6462);
#5604=AXIS2_PLACEMENT_3D('',#8040,#6464,#6465);
#5605=AXIS2_PLACEMENT_3D('',#8044,#6468,#6469);
#5606=AXIS2_PLACEMENT_3D('',#8048,#6472,#6473);
#5607=AXIS2_PLACEMENT_3D('',#8050,#6475,#6476);
#5608=AXIS2_PLACEMENT_3D('',#8052,#6478,#6479);
#5609=AXIS2_PLACEMENT_3D('',#8056,#6482,#6483);
#5610=AXIS2_PLACEMENT_3D('',#8060,#6486,#6487);
#5611=AXIS2_PLACEMENT_3D('',#8062,#6489,#6490);
#5612=AXIS2_PLACEMENT_3D('',#8063,#6491,#6492);
#5613=AXIS2_PLACEMENT_3D('',#8067,#6495,#6496);
#5614=AXIS2_PLACEMENT_3D('',#8071,#6499,#6500);
#5615=AXIS2_PLACEMENT_3D('',#8073,#6502,#6503);
#5616=AXIS2_PLACEMENT_3D('',#8074,#6504,#6505);
#5617=AXIS2_PLACEMENT_3D('',#8075,#6506,#6507);
#5618=AXIS2_PLACEMENT_3D('',#8076,#6508,#6509);
#5619=AXIS2_PLACEMENT_3D('',#8078,#6511,#6512);
#5620=AXIS2_PLACEMENT_3D('',#8079,#6513,#6514);
#5621=AXIS2_PLACEMENT_3D('',#8081,#6516,#6517);
#5622=AXIS2_PLACEMENT_3D('',#8082,#6518,#6519);
#5623=AXIS2_PLACEMENT_3D('',#8085,#6521,#6522);
#5624=AXIS2_PLACEMENT_3D('',#8088,#6524,#6525);
#5625=AXIS2_PLACEMENT_3D('',#8092,#6528,#6529);
#5626=AXIS2_PLACEMENT_3D('',#8093,#6530,#6531);
#5627=AXIS2_PLACEMENT_3D('',#8096,#6533,#6534);
#5628=AXIS2_PLACEMENT_3D('',#8100,#6537,#6538);
#5629=AXIS2_PLACEMENT_3D('',#8101,#6539,#6540);
#5630=AXIS2_PLACEMENT_3D('',#8104,#6542,#6543);
#5631=AXIS2_PLACEMENT_3D('',#8108,#6546,#6547);
#5632=AXIS2_PLACEMENT_3D('',#8109,#6548,#6549);
#5633=AXIS2_PLACEMENT_3D('',#8112,#6551,#6552);
#5634=AXIS2_PLACEMENT_3D('',#8114,#6554,#6555);
#5635=AXIS2_PLACEMENT_3D('',#8115,#6556,#6557);
#5636=AXIS2_PLACEMENT_3D('',#8117,#6558,#6559);
#5637=AXIS2_PLACEMENT_3D('',#8119,#6560,#6561);
#5638=AXIS2_PLACEMENT_3D('',#8121,#6562,#6563);
#5639=AXIS2_PLACEMENT_3D('',#8123,#6564,#6565);
#5640=AXIS2_PLACEMENT_3D('',#8125,#6566,#6567);
#5641=AXIS2_PLACEMENT_3D('',#8127,#6568,#6569);
#5642=AXIS2_PLACEMENT_3D('',#8128,#6570,#6571);
#5643=AXIS2_PLACEMENT_3D('',#8130,#6572,#6573);
#5644=AXIS2_PLACEMENT_3D('',#8131,#6574,#6575);
#5645=AXIS2_PLACEMENT_3D('',#8132,#6576,#6577);
#5646=AXIS2_PLACEMENT_3D('',#8134,#6578,#6579);
#5647=AXIS2_PLACEMENT_3D('',#8135,#6580,#6581);
#5648=AXIS2_PLACEMENT_3D('',#8136,#6582,#6583);
#5649=AXIS2_PLACEMENT_3D('',#8138,#6584,#6585);
#5650=AXIS2_PLACEMENT_3D('',#8139,#6586,#6587);
#5651=AXIS2_PLACEMENT_3D('',#8140,#6588,#6589);
#5652=AXIS2_PLACEMENT_3D('',#8142,#6590,#6591);
#5653=AXIS2_PLACEMENT_3D('',#8143,#6592,#6593);
#5654=AXIS2_PLACEMENT_3D('',#8144,#6594,#6595);
#5655=AXIS2_PLACEMENT_3D('',#8146,#6596,#6597);
#5656=AXIS2_PLACEMENT_3D('',#8147,#6598,#6599);
#5657=AXIS2_PLACEMENT_3D('',#8148,#6600,#6601);
#5658=AXIS2_PLACEMENT_3D('',#8150,#6602,#6603);
#5659=AXIS2_PLACEMENT_3D('',#8151,#6604,#6605);
#5660=AXIS2_PLACEMENT_3D('',#8152,#6606,#6607);
#5661=AXIS2_PLACEMENT_3D('',#8153,#6608,#6609);
#5662=AXIS2_PLACEMENT_3D('',#8154,#6610,#6611);
#5663=AXIS2_PLACEMENT_3D('',#8155,#6612,#6613);
#5664=AXIS2_PLACEMENT_3D('',#8160,#6615,#6616);
#5665=AXIS2_PLACEMENT_3D('',#8163,#6618,#6619);
#5666=AXIS2_PLACEMENT_3D('',#8169,#6623,#6624);
#5667=AXIS2_PLACEMENT_3D('',#8170,#6625,#6626);
#5668=AXIS2_PLACEMENT_3D('',#8174,#6628,#6629);
#5669=AXIS2_PLACEMENT_3D('',#8175,#6630,#6631);
#5670=AXIS2_PLACEMENT_3D('',#8181,#6635,#6636);
#5671=AXIS2_PLACEMENT_3D('',#8182,#6637,#6638);
#5672=AXIS2_PLACEMENT_3D('',#8186,#6640,#6641);
#5673=AXIS2_PLACEMENT_3D('',#8187,#6642,#6643);
#5674=AXIS2_PLACEMENT_3D('',#8193,#6647,#6648);
#5675=AXIS2_PLACEMENT_3D('',#8194,#6649,#6650);
#5676=AXIS2_PLACEMENT_3D('',#8198,#6652,#6653);
#5677=AXIS2_PLACEMENT_3D('',#8199,#6654,#6655);
#5678=AXIS2_PLACEMENT_3D('',#8202,#6658,#6659);
#5679=AXIS2_PLACEMENT_3D('',#8203,#6660,#6661);
#5680=AXIS2_PLACEMENT_3D('',#8204,#6662,#6663);
#5681=AXIS2_PLACEMENT_3D('',#8206,#6664,#6665);
#5682=AXIS2_PLACEMENT_3D('',#8208,#6666,#6667);
#5683=AXIS2_PLACEMENT_3D('',#8210,#6668,#6669);
#5684=AXIS2_PLACEMENT_3D('',#8212,#6670,#6671);
#5685=AXIS2_PLACEMENT_3D('',#8214,#6672,#6673);
#5686=AXIS2_PLACEMENT_3D('',#8216,#6674,#6675);
#5687=AXIS2_PLACEMENT_3D('',#8217,#6676,#6677);
#5688=AXIS2_PLACEMENT_3D('',#8219,#6678,#6679);
#5689=AXIS2_PLACEMENT_3D('',#8220,#6680,#6681);
#5690=AXIS2_PLACEMENT_3D('',#8221,#6682,#6683);
#5691=AXIS2_PLACEMENT_3D('',#8223,#6684,#6685);
#5692=AXIS2_PLACEMENT_3D('',#8224,#6686,#6687);
#5693=AXIS2_PLACEMENT_3D('',#8225,#6688,#6689);
#5694=AXIS2_PLACEMENT_3D('',#8227,#6690,#6691);
#5695=AXIS2_PLACEMENT_3D('',#8228,#6692,#6693);
#5696=AXIS2_PLACEMENT_3D('',#8229,#6694,#6695);
#5697=AXIS2_PLACEMENT_3D('',#8231,#6696,#6697);
#5698=AXIS2_PLACEMENT_3D('',#8232,#6698,#6699);
#5699=AXIS2_PLACEMENT_3D('',#8233,#6700,#6701);
#5700=AXIS2_PLACEMENT_3D('',#8235,#6702,#6703);
#5701=AXIS2_PLACEMENT_3D('',#8236,#6704,#6705);
#5702=AXIS2_PLACEMENT_3D('',#8237,#6706,#6707);
#5703=AXIS2_PLACEMENT_3D('',#8239,#6708,#6709);
#5704=AXIS2_PLACEMENT_3D('',#8240,#6710,#6711);
#5705=AXIS2_PLACEMENT_3D('',#8241,#6712,#6713);
#5706=AXIS2_PLACEMENT_3D('',#8251,#6718,#6719);
#5707=AXIS2_PLACEMENT_3D('',#8255,#6721,#6722);
#5708=AXIS2_PLACEMENT_3D('',#8267,#6728,#6729);
#5709=AXIS2_PLACEMENT_3D('',#8271,#6731,#6732);
#5710=AXIS2_PLACEMENT_3D('',#8274,#6734,#6735);
#5711=AXIS2_PLACEMENT_3D('',#8277,#6737,#6738);
#5712=AXIS2_PLACEMENT_3D('',#8280,#6740,#6741);
#5713=AXIS2_PLACEMENT_3D('',#8287,#6745,#6746);
#5714=AXIS2_PLACEMENT_3D('',#8293,#6749,#6750);
#5715=AXIS2_PLACEMENT_3D('',#8306,#6757,#6758);
#5716=AXIS2_PLACEMENT_3D('',#8312,#6761,#6762);
#5717=AXIS2_PLACEMENT_3D('',#8317,#6765,#6766);
#5718=AXIS2_PLACEMENT_3D('',#8320,#6768,#6769);
#5719=AXIS2_PLACEMENT_3D('',#8321,#6770,#6771);
#5720=AXIS2_PLACEMENT_3D('',#8325,#6774,#6775);
#5721=AXIS2_PLACEMENT_3D('',#8328,#6777,#6778);
#5722=AXIS2_PLACEMENT_3D('',#8329,#6779,#6780);
#5723=AXIS2_PLACEMENT_3D('',#8336,#6784,#6785);
#5724=AXIS2_PLACEMENT_3D('',#8342,#6788,#6789);
#5725=AXIS2_PLACEMENT_3D('',#8359,#6798,#6799);
#5726=AXIS2_PLACEMENT_3D('',#8365,#6802,#6803);
#5727=AXIS2_PLACEMENT_3D('',#8366,#6804,#6805);
#5728=AXIS2_PLACEMENT_3D('',#8369,#6807,#6808);
#5729=AXIS2_PLACEMENT_3D('',#8370,#6809,#6810);
#5730=AXIS2_PLACEMENT_3D('',#8372,#6812,#6813);
#5731=AXIS2_PLACEMENT_3D('',#8373,#6814,#6815);
#5732=AXIS2_PLACEMENT_3D('',#8377,#6818,#6819);
#5733=AXIS2_PLACEMENT_3D('',#8381,#6822,#6823);
#5734=AXIS2_PLACEMENT_3D('',#8385,#6826,#6827);
#5735=AXIS2_PLACEMENT_3D('',#8386,#6828,#6829);
#5736=AXIS2_PLACEMENT_3D('',#8389,#6831,#6832);
#5737=AXIS2_PLACEMENT_3D('',#8393,#6835,#6836);
#5738=AXIS2_PLACEMENT_3D('',#8397,#6839,#6840);
#5739=AXIS2_PLACEMENT_3D('',#8398,#6841,#6842);
#5740=AXIS2_PLACEMENT_3D('',#8401,#6844,#6845);
#5741=AXIS2_PLACEMENT_3D('',#8405,#6848,#6849);
#5742=AXIS2_PLACEMENT_3D('',#8409,#6852,#6853);
#5743=AXIS2_PLACEMENT_3D('',#8411,#6855,#6856);
#5744=AXIS2_PLACEMENT_3D('',#8417,#6860,#6861);
#5745=AXIS2_PLACEMENT_3D('',#8421,#6864,#6865);
#5746=AXIS2_PLACEMENT_3D('',#8425,#6868,#6869);
#5747=AXIS2_PLACEMENT_3D('',#8426,#6870,#6871);
#5748=AXIS2_PLACEMENT_3D('',#8429,#6873,#6874);
#5749=AXIS2_PLACEMENT_3D('',#8433,#6877,#6878);
#5750=AXIS2_PLACEMENT_3D('',#8437,#6881,#6882);
#5751=AXIS2_PLACEMENT_3D('',#8438,#6883,#6884);
#5752=AXIS2_PLACEMENT_3D('',#8439,#6885,#6886);
#5753=AXIS2_PLACEMENT_3D('',#8440,#6887,#6888);
#5754=AXIS2_PLACEMENT_3D('',#8444,#6891,#6892);
#5755=AXIS2_PLACEMENT_3D('',#8448,#6895,#6896);
#5756=AXIS2_PLACEMENT_3D('',#8452,#6899,#6900);
#5757=AXIS2_PLACEMENT_3D('',#8455,#6902,#6903);
#5758=AXIS2_PLACEMENT_3D('',#8456,#6904,#6905);
#5759=AXIS2_PLACEMENT_3D('',#8460,#6908,#6909);
#5760=AXIS2_PLACEMENT_3D('',#8464,#6912,#6913);
#5761=AXIS2_PLACEMENT_3D('',#8467,#6915,#6916);
#5762=AXIS2_PLACEMENT_3D('',#8468,#6917,#6918);
#5763=AXIS2_PLACEMENT_3D('',#8472,#6921,#6922);
#5764=AXIS2_PLACEMENT_3D('',#8476,#6925,#6926);
#5765=AXIS2_PLACEMENT_3D('',#8478,#6928,#6929);
#5766=AXIS2_PLACEMENT_3D('',#8484,#6933,#6934);
#5767=AXIS2_PLACEMENT_3D('',#8488,#6937,#6938);
#5768=AXIS2_PLACEMENT_3D('',#8492,#6941,#6942);
#5769=AXIS2_PLACEMENT_3D('',#8495,#6944,#6945);
#5770=AXIS2_PLACEMENT_3D('',#8496,#6946,#6947);
#5771=AXIS2_PLACEMENT_3D('',#8500,#6950,#6951);
#5772=AXIS2_PLACEMENT_3D('',#8504,#6954,#6955);
#5773=AXIS2_PLACEMENT_3D('',#8505,#6956,#6957);
#5774=AXIS2_PLACEMENT_3D('',#8506,#6958,#6959);
#5775=AXIS2_PLACEMENT_3D('',#8507,#6960,#6961);
#5776=AXIS2_PLACEMENT_3D('',#8508,#6962,#6963);
#5777=AXIS2_PLACEMENT_3D('',#8509,#6964,#6965);
#5778=AXIS2_PLACEMENT_3D('',#8511,#6966,#6967);
#5779=AXIS2_PLACEMENT_3D('',#8519,#6971,#6972);
#5780=AXIS2_PLACEMENT_3D('',#8525,#6975,#6976);
#5781=AXIS2_PLACEMENT_3D('',#8528,#6978,#6979);
#5782=AXIS2_PLACEMENT_3D('',#8530,#6980,#6981);
#5783=AXIS2_PLACEMENT_3D('',#8533,#6983,#6984);
#5784=AXIS2_PLACEMENT_3D('',#8536,#6986,#6987);
#5785=AXIS2_PLACEMENT_3D('',#8539,#6989,#6990);
#5786=AXIS2_PLACEMENT_3D('',#8542,#6992,#6993);
#5787=AXIS2_PLACEMENT_3D('',#8545,#6995,#6996);
#5788=AXIS2_PLACEMENT_3D('',#8548,#6998,#6999);
#5789=AXIS2_PLACEMENT_3D('',#8557,#7000,#7001);
#5790=AXIS2_PLACEMENT_3D('',#8558,#7002,#7003);
#5791=AXIS2_PLACEMENT_3D('',#8561,#7006,#7007);
#5792=AXIS2_PLACEMENT_3D('',#8562,#7008,#7009);
#5793=AXIS2_PLACEMENT_3D('',#8563,#7010,#7011);
#5794=AXIS2_PLACEMENT_3D('',#8564,#7012,#7013);
#5795=AXIS2_PLACEMENT_3D('',#8565,#7014,#7015);
#5796=AXIS2_PLACEMENT_3D('',#8567,#7016,#7017);
#5797=AXIS2_PLACEMENT_3D('',#8572,#7019,#7020);
#5798=AXIS2_PLACEMENT_3D('',#8576,#7022,#7023);
#5799=AXIS2_PLACEMENT_3D('',#8578,#7024,#7025);
#5800=AXIS2_PLACEMENT_3D('',#8580,#7026,#7027);
#5801=AXIS2_PLACEMENT_3D('',#8582,#7028,#7029);
#5802=AXIS2_PLACEMENT_3D('',#8584,#7030,#7031);
#5803=AXIS2_PLACEMENT_3D('',#8588,#7033,#7034);
#5804=AXIS2_PLACEMENT_3D('',#8592,#7036,#7037);
#5805=AXIS2_PLACEMENT_3D('',#8594,#7038,#7039);
#5806=AXIS2_PLACEMENT_3D('',#8596,#7040,#7041);
#5807=AXIS2_PLACEMENT_3D('',#8598,#7042,#7043);
#5808=AXIS2_PLACEMENT_3D('',#8599,#7044,#7045);
#5809=AXIS2_PLACEMENT_3D('',#8603,#7048,#7049);
#5810=AXIS2_PLACEMENT_3D('',#8607,#7052,#7053);
#5811=AXIS2_PLACEMENT_3D('',#8611,#7056,#7057);
#5812=AXIS2_PLACEMENT_3D('',#8615,#7060,#7061);
#5813=AXIS2_PLACEMENT_3D('',#8617,#7063,#7064);
#5814=AXIS2_PLACEMENT_3D('',#8618,#7065,#7066);
#5815=AXIS2_PLACEMENT_3D('',#8622,#7069,#7070);
#5816=AXIS2_PLACEMENT_3D('',#8626,#7073,#7074);
#5817=AXIS2_PLACEMENT_3D('',#8630,#7077,#7078);
#5818=AXIS2_PLACEMENT_3D('',#8634,#7081,#7082);
#5819=AXIS2_PLACEMENT_3D('',#8636,#7084,#7085);
#5820=AXIS2_PLACEMENT_3D('',#8639,#7088,#7089);
#5821=AXIS2_PLACEMENT_3D('',#8640,#7090,#7091);
#5822=AXIS2_PLACEMENT_3D('',#8641,#7092,#7093);
#5823=AXIS2_PLACEMENT_3D('',#8642,#7094,#7095);
#5824=AXIS2_PLACEMENT_3D('',#8646,#7097,#7098);
#5825=AXIS2_PLACEMENT_3D('',#8650,#7100,#7101);
#5826=AXIS2_PLACEMENT_3D('',#8651,#7102,#7103);
#5827=AXIS2_PLACEMENT_3D('',#8655,#7105,#7106);
#5828=AXIS2_PLACEMENT_3D('',#8659,#7108,#7109);
#5829=AXIS2_PLACEMENT_3D('',#8660,#7110,#7111);
#5830=AXIS2_PLACEMENT_3D('',#8661,#7112,#7113);
#5831=AXIS2_PLACEMENT_3D('',#8665,#7115,#7116);
#5832=AXIS2_PLACEMENT_3D('',#8666,#7117,#7118);
#5833=AXIS2_PLACEMENT_3D('',#8667,#7119,#7120);
#5834=AXIS2_PLACEMENT_3D('',#8669,#7121,#7122);
#5835=AXIS2_PLACEMENT_3D('',#8670,#7123,#7124);
#5836=AXIS2_PLACEMENT_3D('',#8672,#7125,#7126);
#5837=AXIS2_PLACEMENT_3D('',#8674,#7127,#7128);
#5838=AXIS2_PLACEMENT_3D('',#8675,#7129,#7130);
#5839=AXIS2_PLACEMENT_3D('',#8677,#7131,#7132);
#5840=AXIS2_PLACEMENT_3D('',#8678,#7133,#7134);
#5841=AXIS2_PLACEMENT_3D('',#8679,#7135,#7136);
#5842=AXIS2_PLACEMENT_3D('',#8682,#7138,#7139);
#5843=AXIS2_PLACEMENT_3D('',#8683,#7140,#7141);
#5844=AXIS2_PLACEMENT_3D('',#8686,#7143,#7144);
#5845=AXIS2_PLACEMENT_3D('',#8687,#7145,#7146);
#5846=AXIS2_PLACEMENT_3D('',#8688,#7147,#7148);
#5847=AXIS2_PLACEMENT_3D('',#8691,#7150,#7151);
#5848=AXIS2_PLACEMENT_3D('',#8692,#7152,#7153);
#5849=AXIS2_PLACEMENT_3D('',#8693,#7154,#7155);
#5850=AXIS2_PLACEMENT_3D('',#8694,#7156,#7157);
#5851=AXIS2_PLACEMENT_3D('',#8695,#7158,#7159);
#5852=AXIS2_PLACEMENT_3D('',#8697,#7160,#7161);
#5853=AXIS2_PLACEMENT_3D('',#8698,#7162,#7163);
#5854=AXIS2_PLACEMENT_3D('',#8699,#7164,#7165);
#5855=AXIS2_PLACEMENT_3D('',#8700,#7166,#7167);
#5856=AXIS2_PLACEMENT_3D('',#8702,#7168,#7169);
#5857=AXIS2_PLACEMENT_3D('',#8703,#7170,#7171);
#5858=AXIS2_PLACEMENT_3D('',#8705,#7172,#7173);
#5859=AXIS2_PLACEMENT_3D('',#8706,#7174,#7175);
#5860=AXIS2_PLACEMENT_3D('',#8708,#7176,#7177);
#5861=AXIS2_PLACEMENT_3D('',#8709,#7178,#7179);
#5862=AXIS2_PLACEMENT_3D('',#8711,#7180,#7181);
#5863=AXIS2_PLACEMENT_3D('',#8712,#7182,#7183);
#5864=AXIS2_PLACEMENT_3D('',#8713,#7184,#7185);
#5865=AXIS2_PLACEMENT_3D('',#8732,#7191,#7192);
#5866=AXIS2_PLACEMENT_3D('',#8741,#7197,#7198);
#5867=AXIS2_PLACEMENT_3D('',#8760,#7204,#7205);
#5868=AXIS2_PLACEMENT_3D('',#8769,#7210,#7211);
#5869=AXIS2_PLACEMENT_3D('',#8788,#7217,#7218);
#5870=AXIS2_PLACEMENT_3D('',#8797,#7223,#7224);
#5871=AXIS2_PLACEMENT_3D('',#8816,#7230,#7231);
#5872=AXIS2_PLACEMENT_3D('',#8825,#7236,#7237);
#5873=AXIS2_PLACEMENT_3D('',#8846,#7244,#7245);
#5874=AXIS2_PLACEMENT_3D('',#8853,#7249,#7250);
#5875=AXIS2_PLACEMENT_3D('',#8861,#7256,#7257);
#5876=AXIS2_PLACEMENT_3D('',#8879,#7263,#7264);
#5877=AXIS2_PLACEMENT_3D('',#8886,#7268,#7269);
#5878=AXIS2_PLACEMENT_3D('',#8887,#7270,#7271);
#5879=AXIS2_PLACEMENT_3D('',#8889,#7272,#7273);
#5880=AXIS2_PLACEMENT_3D('',#8891,#7274,#7275);
#5881=AXIS2_PLACEMENT_3D('',#8902,#7282,#7283);
#5882=AXIS2_PLACEMENT_3D('',#8903,#7284,#7285);
#5883=AXIS2_PLACEMENT_3D('',#8904,#7286,#7287);
#5884=AXIS2_PLACEMENT_3D('',#8905,#7288,#7289);
#5885=AXIS2_PLACEMENT_3D('',#8906,#7290,#7291);
#5886=AXIS2_PLACEMENT_3D('',#8908,#7292,#7293);
#5887=AXIS2_PLACEMENT_3D('',#8912,#7296,#7297);
#5888=AXIS2_PLACEMENT_3D('',#8914,#7299,#7300);
#5889=AXIS2_PLACEMENT_3D('',#8916,#7302,#7303);
#5890=AXIS2_PLACEMENT_3D('',#8918,#7305,#7306);
#5891=AXIS2_PLACEMENT_3D('',#8920,#7308,#7309);
#5892=AXIS2_PLACEMENT_3D('',#8922,#7311,#7312);
#5893=AXIS2_PLACEMENT_3D('',#8924,#7314,#7315);
#5894=AXIS2_PLACEMENT_3D('',#8925,#7316,#7317);
#5895=AXIS2_PLACEMENT_3D('',#8930,#7320,#7321);
#5896=AXIS2_PLACEMENT_3D('',#8931,#7322,#7323);
#5897=AXIS2_PLACEMENT_3D('',#8935,#7326,#7327);
#5898=AXIS2_PLACEMENT_3D('',#8939,#7330,#7331);
#5899=AXIS2_PLACEMENT_3D('',#8943,#7334,#7335);
#5900=AXIS2_PLACEMENT_3D('',#8944,#7336,#7337);
#5901=AXIS2_PLACEMENT_3D('',#8947,#7339,#7340);
#5902=AXIS2_PLACEMENT_3D('',#8951,#7343,#7344);
#5903=AXIS2_PLACEMENT_3D('',#8953,#7346,#7347);
#5904=AXIS2_PLACEMENT_3D('',#8962,#7349,#7350);
#5905=AXIS2_PLACEMENT_3D('',#8964,#7352,#7353);
#5906=AXIS2_PLACEMENT_3D('',#8966,#7355,#7356);
#5907=AXIS2_PLACEMENT_3D('',#8968,#7358,#7359);
#5908=AXIS2_PLACEMENT_3D('',#8970,#7361,#7362);
#5909=AXIS2_PLACEMENT_3D('',#8972,#7364,#7365);
#5910=AXIS2_PLACEMENT_3D('',#8974,#7367,#7368);
#5911=AXIS2_PLACEMENT_3D('',#8975,#7369,#7370);
#5912=AXIS2_PLACEMENT_3D('',#8977,#7371,#7372);
#5913=AXIS2_PLACEMENT_3D('',#8981,#7375,#7376);
#5914=AXIS2_PLACEMENT_3D('',#8985,#7379,#7380);
#5915=AXIS2_PLACEMENT_3D('',#8989,#7383,#7384);
#5916=AXIS2_PLACEMENT_3D('',#8993,#7387,#7388);
#5917=AXIS2_PLACEMENT_3D('',#8996,#7390,#7391);
#5918=AXIS2_PLACEMENT_3D('',#8997,#7392,#7393);
#5919=AXIS2_PLACEMENT_3D('',#9001,#7396,#7397);
#5920=AXIS2_PLACEMENT_3D('',#9003,#7399,#7400);
#5921=AXIS2_PLACEMENT_3D('',#9012,#7402,#7403);
#5922=AXIS2_PLACEMENT_3D('',#9013,#7404,#7405);
#5923=AXIS2_PLACEMENT_3D('',#9014,#7406,#7407);
#5924=AXIS2_PLACEMENT_3D('',#9015,#7408,#7409);
#5925=AXIS2_PLACEMENT_3D('',#9016,#7410,#7411);
#5926=AXIS2_PLACEMENT_3D('',#9017,#7412,#7413);
#5927=AXIS2_PLACEMENT_3D('',#9018,#7414,#7415);
#5928=AXIS2_PLACEMENT_3D('',#9019,#7416,#7417);
#5929=AXIS2_PLACEMENT_3D('',#9020,#7418,#7419);
#5930=AXIS2_PLACEMENT_3D('',#9021,#7420,#7421);
#5931=AXIS2_PLACEMENT_3D('',#9022,#7422,#7423);
#5932=AXIS2_PLACEMENT_3D('',#9023,#7424,#7425);
#5933=AXIS2_PLACEMENT_3D('',#9024,#7426,#7427);
#5934=DIRECTION('',(0.,0.,1.));
#5935=DIRECTION('',(1.,0.,0.));
#5936=DIRECTION('',(1.,0.,0.));
#5937=DIRECTION('',(0.,0.,-1.));
#5938=DIRECTION('',(0.,-1.,0.));
#5939=DIRECTION('',(0.,1.70740499604017E-15,-1.));
#5940=DIRECTION('',(0.,-1.,0.));
#5941=DIRECTION('',(0.,0.,1.));
#5942=DIRECTION('',(0.,-1.,0.));
#5943=DIRECTION('',(0.,0.,1.));
#5944=DIRECTION('',(1.,0.,0.));
#5945=DIRECTION('',(0.,0.,-1.));
#5946=DIRECTION('',(0.,1.,0.));
#5947=DIRECTION('',(0.,0.,-1.));
#5948=DIRECTION('',(0.,1.,0.));
#5949=DIRECTION('',(0.,0.,1.));
#5950=DIRECTION('',(0.,-1.,0.));
#5951=DIRECTION('',(0.,0.,1.));
#5952=DIRECTION('',(0.,1.,0.));
#5953=DIRECTION('',(0.,0.,1.));
#5954=DIRECTION('',(0.,0.,-1.));
#5955=DIRECTION('',(-1.,0.,0.));
#5956=DIRECTION('',(0.,1.,0.));
#5957=DIRECTION('',(1.,0.,0.));
#5958=DIRECTION('',(1.,0.,0.));
#5959=DIRECTION('',(0.,1.,0.));
#5960=DIRECTION('',(1.,0.,0.));
#5961=DIRECTION('',(0.,0.,-1.));
#5962=DIRECTION('',(1.,0.,0.));
#5963=DIRECTION('',(0.,0.,-1.));
#5964=DIRECTION('',(-1.,0.,0.));
#5965=DIRECTION('',(0.,0.,-1.));
#5966=DIRECTION('',(0.,1.,0.));
#5967=DIRECTION('',(1.,0.,0.));
#5968=DIRECTION('',(-1.,0.,0.));
#5969=DIRECTION('',(0.,1.,0.));
#5970=DIRECTION('',(1.,0.,0.));
#5971=DIRECTION('',(1.,0.,0.));
#5972=DIRECTION('',(0.,1.,0.));
#5973=DIRECTION('',(0.,0.,1.));
#5974=DIRECTION('',(-1.,0.,0.));
#5975=DIRECTION('',(0.,0.,-1.));
#5976=DIRECTION('',(-1.,0.,0.));
#5977=DIRECTION('',(0.,1.,0.));
#5978=DIRECTION('',(1.,0.,0.));
#5979=DIRECTION('',(-1.,0.,0.));
#5980=DIRECTION('',(0.,0.,-1.));
#5981=DIRECTION('',(-1.,0.,0.));
#5982=DIRECTION('',(0.,0.,-1.));
#5983=DIRECTION('',(-1.,0.,0.));
#5984=DIRECTION('',(0.,1.,0.));
#5985=DIRECTION('',(1.,0.,0.));
#5986=DIRECTION('',(0.,0.,-1.));
#5987=DIRECTION('',(1.,0.,0.));
#5988=DIRECTION('',(0.,0.,-1.));
#5989=DIRECTION('',(1.,0.,0.));
#5990=DIRECTION('',(0.,0.,-1.));
#5991=DIRECTION('',(0.,1.,0.));
#5992=DIRECTION('',(1.,0.,0.));
#5993=DIRECTION('',(1.,0.,0.));
#5994=DIRECTION('',(0.,0.,-1.));
#5995=DIRECTION('',(-1.,0.,0.));
#5996=DIRECTION('',(0.,0.,-1.));
#5997=DIRECTION('',(1.,0.,0.));
#5998=DIRECTION('',(0.,1.,0.));
#5999=DIRECTION('',(1.,0.,0.));
#6000=DIRECTION('',(-1.,0.,0.));
#6001=DIRECTION('',(0.,0.,1.));
#6002=DIRECTION('',(0.,1.70740499604017E-15,-1.));
#6003=DIRECTION('',(0.,-1.,0.));
#6004=DIRECTION('',(0.,-1.,0.));
#6005=DIRECTION('',(0.,-1.,0.));
#6006=DIRECTION('',(0.,-1.,0.));
#6007=DIRECTION('',(0.,0.,-1.));
#6008=DIRECTION('',(0.,-1.,0.));
#6009=DIRECTION('',(0.,-1.,0.));
#6010=DIRECTION('',(0.,0.,-1.));
#6011=DIRECTION('',(0.,-1.,0.));
#6012=DIRECTION('',(0.,0.,-1.));
#6013=DIRECTION('',(-1.,0.,0.));
#6014=DIRECTION('',(0.,-1.,0.));
#6015=DIRECTION('',(0.,-1.,0.));
#6016=DIRECTION('',(0.,-1.,0.));
#6017=DIRECTION('',(-1.,0.,0.));
#6018=DIRECTION('',(0.,-1.,0.));
#6019=DIRECTION('',(0.,0.,-1.));
#6020=DIRECTION('',(-1.,0.,0.));
#6021=DIRECTION('',(0.,0.,1.));
#6022=DIRECTION('',(0.,0.,-1.));
#6023=DIRECTION('',(0.,1.,0.));
#6024=DIRECTION('',(0.,-1.,0.));
#6025=DIRECTION('',(0.,1.,0.));
#6026=DIRECTION('',(0.,-1.,0.));
#6027=DIRECTION('',(0.,0.,-1.));
#6028=DIRECTION('',(0.,-1.,0.));
#6029=DIRECTION('',(0.,0.,1.));
#6030=DIRECTION('',(1.,0.,0.));
#6031=DIRECTION('',(0.,1.,0.));
#6032=DIRECTION('',(-1.,0.,0.));
#6033=DIRECTION('',(0.,1.,0.));
#6034=DIRECTION('',(0.,1.,0.));
#6035=DIRECTION('',(0.,0.,1.));
#6036=DIRECTION('',(0.,0.,-1.));
#6037=DIRECTION('',(0.,0.,-1.));
#6038=DIRECTION('',(-1.,0.,0.));
#6039=DIRECTION('',(1.,0.,0.));
#6040=DIRECTION('',(0.,0.,-1.));
#6041=DIRECTION('',(0.,-1.,0.));
#6042=DIRECTION('',(1.,0.,0.));
#6043=DIRECTION('',(0.,0.,-1.));
#6044=DIRECTION('',(0.,-1.,0.));
#6045=DIRECTION('',(0.,0.,-1.));
#6046=DIRECTION('',(-1.,0.,0.));
#6047=DIRECTION('',(1.,0.,0.));
#6048=DIRECTION('',(0.,0.,-1.));
#6049=DIRECTION('',(0.,0.,-1.));
#6050=DIRECTION('',(0.,1.,0.));
#6051=DIRECTION('',(1.,0.,0.));
#6052=DIRECTION('',(0.,0.,-1.));
#6053=DIRECTION('',(0.,1.,0.));
#6054=DIRECTION('',(0.,0.,-1.));
#6055=DIRECTION('',(0.,1.,0.));
#6056=DIRECTION('',(0.,0.,1.));
#6057=DIRECTION('',(-1.,0.,0.));
#6058=DIRECTION('',(0.,0.,1.));
#6059=DIRECTION('',(1.,0.,0.));
#6060=DIRECTION('',(0.,0.,1.));
#6061=DIRECTION('',(1.,0.,0.));
#6062=DIRECTION('',(1.,0.,0.));
#6063=DIRECTION('',(0.,-1.,0.));
#6064=DIRECTION('',(0.,-1.,-1.70740499604017E-15));
#6065=DIRECTION('',(0.,1.70740499604017E-15,-1.));
#6066=DIRECTION('',(1.,0.,0.));
#6067=DIRECTION('',(0.,1.70740499604017E-15,-1.));
#6068=DIRECTION('',(0.,0.,1.));
#6069=DIRECTION('',(1.,0.,0.));
#6070=DIRECTION('',(0.,-1.,0.));
#6071=DIRECTION('',(0.,0.,-1.));
#6072=DIRECTION('',(-1.,0.,0.));
#6073=DIRECTION('',(1.,0.,0.));
#6074=DIRECTION('',(0.,1.,0.));
#6075=DIRECTION('',(0.,-1.,0.));
#6076=DIRECTION('',(0.,0.,-1.));
#6077=DIRECTION('',(1.,0.,0.));
#6078=DIRECTION('',(0.,0.,-1.));
#6079=DIRECTION('',(0.,0.,-1.));
#6080=DIRECTION('',(-1.,0.,0.));
#6081=DIRECTION('',(0.,1.,0.));
#6082=DIRECTION('',(1.,0.,0.));
#6083=DIRECTION('',(0.,0.,-1.));
#6084=DIRECTION('',(0.,0.,-1.));
#6085=DIRECTION('',(-1.,0.,0.));
#6086=DIRECTION('',(0.,-1.,0.));
#6087=DIRECTION('',(-1.,0.,0.));
#6088=DIRECTION('',(0.,1.,1.70740499604017E-15));
#6089=DIRECTION('',(0.,-1.70740499604017E-15,1.));
#6090=DIRECTION('',(0.,1.70740499604017E-15,-1.));
#6091=DIRECTION('',(-1.,0.,0.));
#6092=DIRECTION('',(0.,0.,-1.));
#6093=DIRECTION('',(-1.,0.,0.));
#6094=DIRECTION('',(0.,-1.,0.));
#6095=DIRECTION('',(0.,0.,1.));
#6096=DIRECTION('',(1.,0.,0.));
#6097=DIRECTION('',(0.,1.,0.));
#6098=DIRECTION('',(-1.,0.,0.));
#6099=DIRECTION('',(0.,1.,0.));
#6100=DIRECTION('',(0.,0.,1.));
#6101=DIRECTION('',(0.,0.,-1.));
#6102=DIRECTION('',(-1.,0.,0.));
#6103=DIRECTION('',(0.,0.,1.));
#6104=DIRECTION('',(1.,0.,0.));
#6105=DIRECTION('',(0.,1.,0.));
#6106=DIRECTION('',(1.,0.,0.));
#6107=DIRECTION('',(0.,0.,-1.));
#6108=DIRECTION('',(0.,0.,1.));
#6109=DIRECTION('',(1.,0.,0.));
#6110=DIRECTION('',(1.,0.,0.));
#6111=DIRECTION('',(0.,0.,-1.));
#6112=DIRECTION('',(0.,0.,-1.));
#6113=DIRECTION('',(0.,-1.,0.));
#6114=DIRECTION('',(1.,0.,0.));
#6115=DIRECTION('',(0.,0.,-1.));
#6116=DIRECTION('',(0.,0.,1.));
#6117=DIRECTION('',(1.,0.,0.));
#6118=DIRECTION('',(0.,0.,-1.));
#6119=DIRECTION('',(0.,1.,0.));
#6120=DIRECTION('',(0.,0.161423603335606,0.986885211301775));
#6121=DIRECTION('',(0.,-0.162600915430613,0.986691918635765));
#6122=DIRECTION('',(0.,-1.,0.));
#6123=DIRECTION('',(1.,0.,0.));
#6124=DIRECTION('',(0.,0.,-1.));
#6125=DIRECTION('',(0.,0.,1.));
#6126=DIRECTION('',(1.,0.,0.));
#6127=DIRECTION('',(0.,0.,-1.));
#6128=DIRECTION('',(0.,1.,0.));
#6129=DIRECTION('',(0.,1.,0.));
#6130=DIRECTION('',(0.,0.,1.));
#6131=DIRECTION('',(-1.,0.,0.));
#6132=DIRECTION('',(0.,0.,1.));
#6133=DIRECTION('',(-1.,0.,0.));
#6134=DIRECTION('',(0.,0.,1.));
#6135=DIRECTION('',(0.,1.,0.));
#6136=DIRECTION('',(1.,0.,0.));
#6137=DIRECTION('',(1.,0.,0.));
#6138=DIRECTION('',(0.,0.,-1.));
#6139=DIRECTION('',(1.,0.,0.));
#6140=DIRECTION('',(0.,0.,-1.));
#6141=DIRECTION('',(1.,0.,0.));
#6142=DIRECTION('',(0.,1.,0.));
#6143=DIRECTION('',(1.,0.,0.));
#6144=DIRECTION('',(0.,0.,-1.));
#6145=DIRECTION('',(1.,0.,0.));
#6146=DIRECTION('',(0.,0.,1.));
#6147=DIRECTION('',(1.,0.,0.));
#6148=DIRECTION('',(0.,0.,-1.));
#6149=DIRECTION('',(0.,1.,0.));
#6150=DIRECTION('',(1.,0.,0.));
#6151=DIRECTION('',(-1.,0.,0.));
#6152=DIRECTION('',(0.,0.,-1.));
#6153=DIRECTION('',(-1.,0.,0.));
#6154=DIRECTION('',(0.,0.,-1.));
#6155=DIRECTION('',(-1.,0.,0.));
#6156=DIRECTION('',(0.,1.,0.));
#6157=DIRECTION('',(1.,0.,0.));
#6158=DIRECTION('',(0.,0.,1.));
#6159=DIRECTION('',(-1.,0.,0.));
#6160=DIRECTION('',(0.,0.,1.));
#6161=DIRECTION('',(0.,0.,-1.));
#6162=DIRECTION('',(0.,1.,0.));
#6163=DIRECTION('',(1.,0.,0.));
#6164=DIRECTION('',(0.,0.,-1.));
#6165=DIRECTION('',(0.,0.,1.));
#6166=DIRECTION('',(1.,0.,0.));
#6167=DIRECTION('',(0.,0.,-1.));
#6168=DIRECTION('',(0.,-1.,0.));
#6169=DIRECTION('',(0.,-0.162600915430613,0.986691918635765));
#6170=DIRECTION('',(0.,0.161423603335606,0.986885211301775));
#6171=DIRECTION('',(0.,1.,0.));
#6172=DIRECTION('',(1.,0.,0.));
#6173=DIRECTION('',(0.,0.,-1.));
#6174=DIRECTION('',(0.,0.,1.));
#6175=DIRECTION('',(1.,0.,0.));
#6176=DIRECTION('',(0.,0.,-1.));
#6177=DIRECTION('',(0.,-1.,0.));
#6178=DIRECTION('',(0.,0.,1.));
#6179=DIRECTION('',(1.,0.,0.));
#6180=DIRECTION('',(0.707106781186547,-0.707106781186548,0.));
#6181=DIRECTION('',(1.,0.,0.));
#6182=DIRECTION('',(0.,-1.,0.));
#6183=DIRECTION('',(0.,0.,-1.));
#6184=DIRECTION('',(-1.,0.,0.));
#6185=DIRECTION('',(0.707106781186547,-0.707106781186548,0.));
#6186=DIRECTION('',(0.,1.,0.));
#6187=DIRECTION('',(1.,0.,0.));
#6188=DIRECTION('',(0.,0.,-1.));
#6189=DIRECTION('',(-1.,0.,0.));
#6190=DIRECTION('',(0.707106781186547,0.707106781186548,0.));
#6191=DIRECTION('',(0.,-1.,0.));
#6192=DIRECTION('',(-1.,0.,0.));
#6193=DIRECTION('',(0.,0.,1.));
#6194=DIRECTION('',(1.,0.,0.));
#6195=DIRECTION('',(0.,1.,0.));
#6196=DIRECTION('',(0.707106781186547,0.707106781186548,0.));
#6197=DIRECTION('',(-1.,0.,0.));
#6198=DIRECTION('',(0.,1.,0.));
#6199=DIRECTION('',(0.,0.,1.));
#6200=DIRECTION('',(-1.,0.,0.));
#6201=DIRECTION('',(-1.,0.,0.));
#6202=DIRECTION('',(0.,0.,1.));
#6203=DIRECTION('',(-1.,0.,0.));
#6204=DIRECTION('',(0.,0.,-1.));
#6205=DIRECTION('',(-1.,0.,0.));
#6206=DIRECTION('',(0.,0.,-1.));
#6207=DIRECTION('',(1.,0.,0.));
#6208=DIRECTION('',(0.,0.,1.));
#6209=DIRECTION('',(-1.,0.,0.));
#6210=DIRECTION('',(0.,0.,-1.));
#6211=DIRECTION('',(1.,0.,0.));
#6212=DIRECTION('',(0.,0.,-1.));
#6213=DIRECTION('',(1.,0.,0.));
#6214=DIRECTION('',(0.,0.,1.));
#6215=DIRECTION('',(1.,0.,0.));
#6216=DIRECTION('',(1.,0.,0.));
#6217=DIRECTION('',(0.,0.,1.));
#6218=DIRECTION('',(-1.,0.,0.));
#6219=DIRECTION('',(0.,0.,1.));
#6220=DIRECTION('',(1.,0.,0.));
#6221=DIRECTION('',(0.,0.,1.));
#6222=DIRECTION('',(0.,1.,0.));
#6223=DIRECTION('',(1.,0.,0.));
#6224=DIRECTION('',(0.,0.,1.));
#6225=DIRECTION('',(0.,1.,0.));
#6226=DIRECTION('',(1.,0.,0.));
#6227=DIRECTION('',(1.,0.,0.));
#6228=DIRECTION('',(0.,1.,0.));
#6229=DIRECTION('',(1.,0.,0.));
#6230=DIRECTION('',(0.,0.,-1.));
#6231=DIRECTION('',(0.,1.,0.));
#6232=DIRECTION('',(1.,0.,0.));
#6233=DIRECTION('',(-1.,0.,0.));
#6234=DIRECTION('',(1.,0.,0.));
#6235=DIRECTION('',(0.,0.,-1.));
#6236=DIRECTION('',(0.,-1.,0.));
#6237=DIRECTION('',(0.,0.,1.));
#6238=DIRECTION('',(0.,-1.,0.));
#6239=DIRECTION('',(0.,-1.,0.));
#6240=DIRECTION('',(0.,0.,1.));
#6241=DIRECTION('',(0.,1.,0.));
#6242=DIRECTION('',(1.,0.,0.));
#6243=DIRECTION('',(0.,0.,-1.));
#6244=DIRECTION('',(0.,-1.,0.));
#6245=DIRECTION('',(0.,-1.,0.));
#6246=DIRECTION('',(0.,0.,1.));
#6247=DIRECTION('',(0.,1.,0.));
#6248=DIRECTION('',(0.,-1.,0.));
#6249=DIRECTION('',(0.,0.,1.));
#6250=DIRECTION('',(0.,1.,0.));
#6251=DIRECTION('',(0.,0.,1.));
#6252=DIRECTION('',(1.,0.,0.));
#6253=DIRECTION('',(0.,0.,-1.));
#6254=DIRECTION('',(1.,0.,0.));
#6255=DIRECTION('',(0.,0.,1.));
#6256=DIRECTION('',(1.,0.,0.));
#6257=DIRECTION('',(0.,1.,0.));
#6258=DIRECTION('',(1.,0.,0.));
#6259=DIRECTION('',(0.,1.,0.));
#6260=DIRECTION('',(0.,0.,1.));
#6261=DIRECTION('',(0.,0.,1.));
#6262=DIRECTION('',(1.,0.,0.));
#6263=DIRECTION('',(0.,0.,-1.));
#6264=DIRECTION('',(0.,1.,0.));
#6265=DIRECTION('',(1.,0.,0.));
#6266=DIRECTION('',(1.,0.,0.));
#6267=DIRECTION('',(0.,0.,-1.));
#6268=DIRECTION('',(1.,0.,0.));
#6269=DIRECTION('',(0.,1.,0.));
#6270=DIRECTION('',(0.,0.,1.));
#6271=DIRECTION('',(-1.,0.,0.));
#6272=DIRECTION('',(0.,0.,-1.));
#6273=DIRECTION('',(-1.,0.,0.));
#6274=DIRECTION('',(0.,1.,0.));
#6275=DIRECTION('',(1.,0.,0.));
#6276=DIRECTION('',(0.,0.,-1.));
#6277=DIRECTION('',(0.,1.,0.));
#6278=DIRECTION('',(0.,0.,1.));
#6279=DIRECTION('',(0.,0.,1.));
#6280=DIRECTION('',(-1.,0.,0.));
#6281=DIRECTION('',(0.,1.,0.));
#6282=DIRECTION('',(1.,0.,0.));
#6283=DIRECTION('',(-1.,0.,0.));
#6284=DIRECTION('',(-1.,0.,0.));
#6285=DIRECTION('',(0.,0.,1.));
#6286=DIRECTION('',(0.,-1.,0.));
#6287=DIRECTION('',(0.,-1.,0.));
#6288=DIRECTION('',(0.,-1.,0.));
#6289=DIRECTION('',(-1.,0.,0.));
#6290=DIRECTION('',(0.,0.,1.));
#6291=DIRECTION('',(0.,-1.,0.));
#6292=DIRECTION('',(0.,-1.,0.));
#6293=DIRECTION('',(0.,1.,0.));
#6294=DIRECTION('',(0.,0.,1.));
#6295=DIRECTION('',(1.,0.,0.));
#6296=DIRECTION('',(0.,-1.,0.));
#6297=DIRECTION('',(0.,-1.,0.));
#6298=DIRECTION('',(0.,-1.,0.));
#6299=DIRECTION('',(0.,1.,0.));
#6300=DIRECTION('',(-1.,0.,0.));
#6301=DIRECTION('',(0.,1.,0.));
#6302=DIRECTION('',(0.,-1.,0.));
#6303=DIRECTION('',(0.,0.,-1.));
#6304=DIRECTION('',(-1.,0.,0.));
#6305=DIRECTION('',(0.,-1.,0.));
#6306=DIRECTION('',(0.,-1.,0.));
#6307=DIRECTION('',(1.,0.,0.));
#6308=DIRECTION('',(0.,1.,0.));
#6309=DIRECTION('',(0.,-1.,0.));
#6310=DIRECTION('',(0.,-1.,0.));
#6311=DIRECTION('',(-1.,0.,0.));
#6312=DIRECTION('',(0.,-1.,0.));
#6313=DIRECTION('',(0.,-1.,0.));
#6314=DIRECTION('',(0.,-1.,0.));
#6315=DIRECTION('',(1.,0.,0.));
#6316=DIRECTION('',(0.,-1.,0.));
#6317=DIRECTION('',(0.,0.,-1.));
#6318=DIRECTION('',(0.,-1.,0.));
#6319=DIRECTION('',(0.,0.,-1.));
#6320=DIRECTION('',(0.,-1.,0.));
#6321=DIRECTION('',(0.,0.,-1.));
#6322=DIRECTION('',(0.,-1.,0.));
#6323=DIRECTION('',(0.,0.,-1.));
#6324=DIRECTION('',(1.,0.,0.));
#6325=DIRECTION('',(0.,0.,-1.));
#6326=DIRECTION('',(0.,-1.,0.));
#6327=DIRECTION('',(0.,0.,1.));
#6328=DIRECTION('',(0.,-1.,0.));
#6329=DIRECTION('',(0.,1.,0.));
#6330=DIRECTION('',(0.,0.,1.));
#6331=DIRECTION('',(-1.,0.,0.));
#6332=DIRECTION('',(1.,0.,0.));
#6333=DIRECTION('',(0.,0.,-1.));
#6334=DIRECTION('',(-1.,0.,0.));
#6335=DIRECTION('',(0.,0.,1.));
#6336=DIRECTION('',(1.,0.,0.));
#6337=DIRECTION('',(0.,-1.,0.));
#6338=DIRECTION('',(0.,0.,1.));
#6339=DIRECTION('',(1.,0.,0.));
#6340=DIRECTION('',(-1.,0.,0.));
#6341=DIRECTION('',(0.,-1.,0.));
#6342=DIRECTION('',(0.,1.,0.));
#6343=DIRECTION('',(0.,0.,1.));
#6344=DIRECTION('',(0.,0.,1.));
#6345=DIRECTION('',(1.,0.,0.));
#6346=DIRECTION('',(1.,0.,0.));
#6347=DIRECTION('',(0.,0.,-1.));
#6348=DIRECTION('',(0.,-1.,0.));
#6349=DIRECTION('',(0.,0.,-1.));
#6350=DIRECTION('',(-1.,0.,0.));
#6351=DIRECTION('',(0.,1.,0.));
#6352=DIRECTION('',(0.,0.,1.));
#6353=DIRECTION('',(1.,0.,0.));
#6354=DIRECTION('',(0.,-1.,0.));
#6355=DIRECTION('',(0.,0.,-1.));
#6356=DIRECTION('',(-1.,0.,0.));
#6357=DIRECTION('',(0.,1.,0.));
#6358=DIRECTION('',(1.,0.,0.));
#6359=DIRECTION('',(0.,0.,-1.));
#6360=DIRECTION('',(1.,0.,0.));
#6361=DIRECTION('',(1.,0.,0.));
#6362=DIRECTION('',(0.,0.,-1.));
#6363=DIRECTION('',(0.,1.,0.));
#6364=DIRECTION('',(0.,0.,1.));
#6365=DIRECTION('',(1.,0.,0.));
#6366=DIRECTION('',(0.,0.,1.));
#6367=DIRECTION('',(1.,0.,0.));
#6368=DIRECTION('',(0.,0.,-1.));
#6369=DIRECTION('',(1.,0.,0.));
#6370=DIRECTION('',(1.,0.,0.));
#6371=DIRECTION('',(0.,0.,-1.));
#6372=DIRECTION('',(0.,0.,-1.));
#6373=DIRECTION('',(-1.,0.,0.));
#6374=DIRECTION('',(1.,0.,0.));
#6375=DIRECTION('',(0.,1.,0.));
#6376=DIRECTION('',(0.,0.986885211301775,-0.161423603335606));
#6377=DIRECTION('',(0.,0.161423603335606,0.986885211301775));
#6378=DIRECTION('',(1.,0.,0.));
#6379=DIRECTION('',(0.,0.161423603335606,0.986885211301775));
#6380=DIRECTION('',(0.,0.986691918635765,0.162600915430613));
#6381=DIRECTION('',(0.,-0.162600915430613,0.986691918635765));
#6382=DIRECTION('',(1.,0.,0.));
#6383=DIRECTION('',(0.,-0.162600915430613,0.986691918635765));
#6384=DIRECTION('',(0.,0.,1.));
#6385=DIRECTION('',(1.,0.,0.));
#6386=DIRECTION('',(1.,0.,0.));
#6387=DIRECTION('',(0.,-1.,0.));
#6388=DIRECTION('',(1.,0.,0.));
#6389=DIRECTION('',(0.,0.,-1.));
#6390=DIRECTION('',(1.,0.,0.));
#6391=DIRECTION('',(1.,0.,0.));
#6392=DIRECTION('',(0.,0.,-1.));
#6393=DIRECTION('',(0.,1.,0.));
#6394=DIRECTION('',(0.,0.,1.));
#6395=DIRECTION('',(1.,0.,0.));
#6396=DIRECTION('',(0.,0.,1.));
#6397=DIRECTION('',(1.,0.,0.));
#6398=DIRECTION('',(0.,0.,-1.));
#6399=DIRECTION('',(1.,0.,0.));
#6400=DIRECTION('',(0.,0.,-1.));
#6401=DIRECTION('',(1.,0.,0.));
#6402=DIRECTION('',(0.,0.,-1.));
#6403=DIRECTION('',(0.,0.,-1.));
#6404=DIRECTION('',(-1.,0.,0.));
#6405=DIRECTION('',(0.,0.,1.));
#6406=DIRECTION('',(1.,0.,0.));
#6407=DIRECTION('',(0.,0.,-1.));
#6408=DIRECTION('',(-1.,0.,0.));
#6409=DIRECTION('',(0.,-1.,0.));
#6410=DIRECTION('',(0.,0.,-1.));
#6411=DIRECTION('',(0.,0.,1.));
#6412=DIRECTION('',(-1.,0.,0.));
#6413=DIRECTION('',(-1.,0.,0.));
#6414=DIRECTION('',(0.,0.,1.));
#6415=DIRECTION('',(1.,0.,0.));
#6416=DIRECTION('',(0.,0.,-1.));
#6417=DIRECTION('',(-1.,0.,0.));
#6418=DIRECTION('',(0.,0.,1.));
#6419=DIRECTION('',(1.,0.,0.));
#6420=DIRECTION('',(0.,1.,0.));
#6421=DIRECTION('',(-1.,0.,0.));
#6422=DIRECTION('',(0.,-0.986885211301775,0.161423603335606));
#6423=DIRECTION('',(0.,-0.161423603335606,-0.986885211301775));
#6424=DIRECTION('',(0.,0.161423603335606,0.986885211301775));
#6425=DIRECTION('',(-1.,0.,0.));
#6426=DIRECTION('',(0.,-0.986691918635765,-0.162600915430613));
#6427=DIRECTION('',(0.,0.162600915430613,-0.986691918635765));
#6428=DIRECTION('',(0.,-0.162600915430613,0.986691918635765));
#6429=DIRECTION('',(-1.,0.,0.));
#6430=DIRECTION('',(0.,0.,-1.));
#6431=DIRECTION('',(-1.,0.,0.));
#6432=DIRECTION('',(0.,-1.,0.));
#6433=DIRECTION('',(-1.,0.,0.));
#6434=DIRECTION('',(-1.,0.,0.));
#6435=DIRECTION('',(0.,0.,1.));
#6436=DIRECTION('',(1.,0.,0.));
#6437=DIRECTION('',(0.,0.,-1.));
#6438=DIRECTION('',(-1.,0.,0.));
#6439=DIRECTION('',(0.,-1.,0.));
#6440=DIRECTION('',(0.,0.,-1.));
#6441=DIRECTION('',(0.,0.,1.));
#6442=DIRECTION('',(-1.,0.,0.));
#6443=DIRECTION('',(-1.,0.,0.));
#6444=DIRECTION('',(0.,0.,1.));
#6445=DIRECTION('',(1.,0.,0.));
#6446=DIRECTION('',(0.,0.,-1.));
#6447=DIRECTION('',(1.,0.,0.));
#6448=DIRECTION('',(0.,0.,-1.));
#6449=DIRECTION('',(0.,0.,-1.));
#6450=DIRECTION('',(0.,0.,-1.));
#6451=DIRECTION('',(-1.,0.,0.));
#6452=DIRECTION('',(0.,-1.,0.));
#6453=DIRECTION('',(1.,0.,0.));
#6454=DIRECTION('',(0.,-1.,0.));
#6455=DIRECTION('',(0.,1.,0.));
#6456=DIRECTION('',(0.,0.,1.));
#6457=DIRECTION('',(0.,0.,1.));
#6458=DIRECTION('',(0.,0.,-1.));
#6459=DIRECTION('',(-1.,0.,0.));
#6460=DIRECTION('',(0.,0.,1.));
#6461=DIRECTION('',(1.,0.,0.));
#6462=DIRECTION('',(0.,0.,-1.));
#6463=DIRECTION('',(0.,-1.,0.));
#6464=DIRECTION('',(1.,0.,0.));
#6465=DIRECTION('',(0.,0.,-1.));
#6466=DIRECTION('',(0.,0.,1.));
#6467=DIRECTION('',(0.,-1.,0.));
#6468=DIRECTION('',(0.,1.,0.));
#6469=DIRECTION('',(0.,0.,1.));
#6470=DIRECTION('',(1.,0.,0.));
#6471=DIRECTION('',(0.,0.,-1.));
#6472=DIRECTION('',(0.,0.,-1.));
#6473=DIRECTION('',(-1.,0.,0.));
#6474=DIRECTION('',(0.,-1.,0.));
#6475=DIRECTION('',(-1.,0.,0.));
#6476=DIRECTION('',(0.,0.,1.));
#6477=DIRECTION('',(0.,-1.,0.));
#6478=DIRECTION('',(1.,0.,0.));
#6479=DIRECTION('',(0.,0.,-1.));
#6480=DIRECTION('',(0.,0.,-1.));
#6481=DIRECTION('',(0.,-1.,0.));
#6482=DIRECTION('',(1.,0.,0.));
#6483=DIRECTION('',(0.,0.,-1.));
#6484=DIRECTION('',(0.,-1.,0.));
#6485=DIRECTION('',(0.,0.,-1.));
#6486=DIRECTION('',(0.,1.,0.));
#6487=DIRECTION('',(0.,0.,1.));
#6488=DIRECTION('',(-1.,0.,0.));
#6489=DIRECTION('',(0.,0.,-1.));
#6490=DIRECTION('',(-1.,0.,0.));
#6491=DIRECTION('',(1.,0.,0.));
#6492=DIRECTION('',(0.,0.,-1.));
#6493=DIRECTION('',(0.,1.,0.));
#6494=DIRECTION('',(0.,0.,-1.));
#6495=DIRECTION('',(1.,0.,0.));
#6496=DIRECTION('',(0.,0.,-1.));
#6497=DIRECTION('',(0.,0.,-1.));
#6498=DIRECTION('',(0.,1.,0.));
#6499=DIRECTION('',(0.,1.,0.));
#6500=DIRECTION('',(0.,0.,1.));
#6501=DIRECTION('',(-1.,0.,0.));
#6502=DIRECTION('',(0.,0.,1.));
#6503=DIRECTION('',(1.,0.,0.));
#6504=DIRECTION('',(0.,0.,-1.));
#6505=DIRECTION('',(-1.,0.,0.));
#6506=DIRECTION('',(0.,0.,-1.));
#6507=DIRECTION('',(-1.,0.,0.));
#6508=DIRECTION('',(0.,0.,1.));
#6509=DIRECTION('',(1.,0.,0.));
#6510=DIRECTION('',(0.,-1.,0.));
#6511=DIRECTION('',(-1.,0.,0.));
#6512=DIRECTION('',(0.,0.,1.));
#6513=DIRECTION('',(1.,0.,0.));
#6514=DIRECTION('',(0.,0.,-1.));
#6515=DIRECTION('',(0.,-1.,0.));
#6516=DIRECTION('',(0.,0.,1.));
#6517=DIRECTION('',(1.,0.,0.));
#6518=DIRECTION('',(0.,-1.,0.));
#6519=DIRECTION('',(0.,0.,-1.));
#6520=DIRECTION('',(0.,-1.,0.));
#6521=DIRECTION('',(0.,1.,0.));
#6522=DIRECTION('',(1.,0.,0.));
#6523=DIRECTION('',(0.,-1.,0.));
#6524=DIRECTION('',(1.,0.,0.));
#6525=DIRECTION('',(0.,0.,-1.));
#6526=DIRECTION('',(0.,0.,1.));
#6527=DIRECTION('',(0.,-1.,0.));
#6528=DIRECTION('',(0.,-1.,0.));
#6529=DIRECTION('',(0.,0.,-1.));
#6530=DIRECTION('',(0.,1.,0.));
#6531=DIRECTION('',(1.,0.,0.));
#6532=DIRECTION('',(0.,-1.,0.));
#6533=DIRECTION('',(0.,0.,-1.));
#6534=DIRECTION('',(-1.,0.,0.));
#6535=DIRECTION('',(1.,0.,0.));
#6536=DIRECTION('',(0.,-1.,0.));
#6537=DIRECTION('',(0.,-1.,0.));
#6538=DIRECTION('',(0.,0.,-1.));
#6539=DIRECTION('',(0.,1.,0.));
#6540=DIRECTION('',(1.,0.,0.));
#6541=DIRECTION('',(0.,-1.,0.));
#6542=DIRECTION('',(-1.,0.,0.));
#6543=DIRECTION('',(0.,0.,1.));
#6544=DIRECTION('',(0.,0.,-1.));
#6545=DIRECTION('',(0.,-1.,0.));
#6546=DIRECTION('',(0.,-1.,0.));
#6547=DIRECTION('',(0.,0.,-1.));
#6548=DIRECTION('',(0.,1.,0.));
#6549=DIRECTION('',(1.,0.,0.));
#6550=DIRECTION('',(0.,-1.,0.));
#6551=DIRECTION('',(0.,0.,1.));
#6552=DIRECTION('',(1.,0.,0.));
#6553=DIRECTION('',(-1.,0.,0.));
#6554=DIRECTION('',(0.,1.,0.));
#6555=DIRECTION('',(0.,0.,1.));
#6556=DIRECTION('',(0.,1.,0.));
#6557=DIRECTION('',(0.,0.,1.));
#6558=DIRECTION('',(0.,1.,0.));
#6559=DIRECTION('',(0.,0.,1.));
#6560=DIRECTION('',(0.,1.,0.));
#6561=DIRECTION('',(0.,0.,1.));
#6562=DIRECTION('',(0.,1.,0.));
#6563=DIRECTION('',(0.,0.,1.));
#6564=DIRECTION('',(0.,1.,0.));
#6565=DIRECTION('',(0.,0.,1.));
#6566=DIRECTION('',(0.,1.,0.));
#6567=DIRECTION('',(0.,0.,1.));
#6568=DIRECTION('',(0.,-1.,0.));
#6569=DIRECTION('',(0.,0.,-1.));
#6570=DIRECTION('',(0.,1.,0.));
#6571=DIRECTION('',(1.,0.,0.));
#6572=DIRECTION('',(0.,1.,0.));
#6573=DIRECTION('',(0.,0.,1.));
#6574=DIRECTION('',(0.,-1.,0.));
#6575=DIRECTION('',(0.,0.,-1.));
#6576=DIRECTION('',(0.,1.,0.));
#6577=DIRECTION('',(1.,0.,0.));
#6578=DIRECTION('',(0.,1.,0.));
#6579=DIRECTION('',(0.,0.,1.));
#6580=DIRECTION('',(0.,-1.,0.));
#6581=DIRECTION('',(0.,0.,-1.));
#6582=DIRECTION('',(0.,1.,0.));
#6583=DIRECTION('',(1.,0.,0.));
#6584=DIRECTION('',(0.,1.,0.));
#6585=DIRECTION('',(0.,0.,1.));
#6586=DIRECTION('',(0.,-1.,0.));
#6587=DIRECTION('',(0.,0.,-1.));
#6588=DIRECTION('',(0.,1.,0.));
#6589=DIRECTION('',(1.,0.,0.));
#6590=DIRECTION('',(0.,1.,0.));
#6591=DIRECTION('',(0.,0.,1.));
#6592=DIRECTION('',(0.,-1.,0.));
#6593=DIRECTION('',(0.,0.,-1.));
#6594=DIRECTION('',(0.,1.,0.));
#6595=DIRECTION('',(1.,0.,0.));
#6596=DIRECTION('',(0.,1.,0.));
#6597=DIRECTION('',(0.,0.,1.));
#6598=DIRECTION('',(0.,-1.,0.));
#6599=DIRECTION('',(0.,0.,-1.));
#6600=DIRECTION('',(0.,1.,0.));
#6601=DIRECTION('',(1.,0.,0.));
#6602=DIRECTION('',(0.,1.,0.));
#6603=DIRECTION('',(0.,0.,1.));
#6604=DIRECTION('',(-0.707106781186548,0.707106781186547,0.));
#6605=DIRECTION('',(-0.707106781186547,-0.707106781186548,0.));
#6606=DIRECTION('',(0.707106781186548,0.707106781186547,0.));
#6607=DIRECTION('',(-0.707106781186547,0.707106781186548,0.));
#6608=DIRECTION('',(0.,0.,1.));
#6609=DIRECTION('',(1.,0.,0.));
#6610=DIRECTION('',(0.,-1.,0.));
#6611=DIRECTION('',(0.,0.,-1.));
#6612=DIRECTION('',(0.,1.,0.));
#6613=DIRECTION('',(1.,0.,0.));
#6614=DIRECTION('',(0.,-1.,0.));
#6615=DIRECTION('',(0.,1.,0.));
#6616=DIRECTION('',(1.,0.,0.));
#6617=DIRECTION('',(0.,-1.,0.));
#6618=DIRECTION('',(1.,0.,0.));
#6619=DIRECTION('',(0.,0.,-1.));
#6620=DIRECTION('',(0.,0.,1.));
#6621=DIRECTION('',(0.,-1.,0.));
#6622=DIRECTION('',(0.,0.,1.));
#6623=DIRECTION('',(0.,-1.,0.));
#6624=DIRECTION('',(0.,0.,-1.));
#6625=DIRECTION('',(0.,1.,0.));
#6626=DIRECTION('',(1.,0.,0.));
#6627=DIRECTION('',(0.,-1.,0.));
#6628=DIRECTION('',(0.,1.,0.));
#6629=DIRECTION('',(1.,0.,0.));
#6630=DIRECTION('',(0.,0.,-1.));
#6631=DIRECTION('',(-1.,0.,0.));
#6632=DIRECTION('',(1.,0.,0.));
#6633=DIRECTION('',(0.,-1.,0.));
#6634=DIRECTION('',(1.,0.,0.));
#6635=DIRECTION('',(0.,-1.,0.));
#6636=DIRECTION('',(0.,0.,-1.));
#6637=DIRECTION('',(0.,1.,0.));
#6638=DIRECTION('',(1.,0.,0.));
#6639=DIRECTION('',(0.,-1.,0.));
#6640=DIRECTION('',(0.,1.,0.));
#6641=DIRECTION('',(1.,0.,0.));
#6642=DIRECTION('',(-1.,0.,0.));
#6643=DIRECTION('',(0.,0.,1.));
#6644=DIRECTION('',(0.,0.,-1.));
#6645=DIRECTION('',(0.,-1.,0.));
#6646=DIRECTION('',(0.,0.,-1.));
#6647=DIRECTION('',(0.,-1.,0.));
#6648=DIRECTION('',(0.,0.,-1.));
#6649=DIRECTION('',(0.,1.,0.));
#6650=DIRECTION('',(1.,0.,0.));
#6651=DIRECTION('',(0.,-1.,0.));
#6652=DIRECTION('',(0.,1.,0.));
#6653=DIRECTION('',(1.,0.,0.));
#6654=DIRECTION('',(0.,0.,1.));
#6655=DIRECTION('',(1.,0.,0.));
#6656=DIRECTION('',(-1.,0.,0.));
#6657=DIRECTION('',(-1.,0.,0.));
#6658=DIRECTION('',(0.,1.,0.));
#6659=DIRECTION('',(0.,0.,1.));
#6660=DIRECTION('',(0.,1.,0.));
#6661=DIRECTION('',(0.,0.,1.));
#6662=DIRECTION('',(0.,1.,0.));
#6663=DIRECTION('',(1.,0.,0.));
#6664=DIRECTION('',(0.,1.,0.));
#6665=DIRECTION('',(1.,0.,0.));
#6666=DIRECTION('',(0.,1.,0.));
#6667=DIRECTION('',(1.,0.,0.));
#6668=DIRECTION('',(0.,1.,0.));
#6669=DIRECTION('',(1.,0.,0.));
#6670=DIRECTION('',(0.,1.,0.));
#6671=DIRECTION('',(1.,0.,0.));
#6672=DIRECTION('',(0.,1.,0.));
#6673=DIRECTION('',(1.,0.,0.));
#6674=DIRECTION('',(0.,1.,0.));
#6675=DIRECTION('',(0.,0.,1.));
#6676=DIRECTION('',(0.,1.,0.));
#6677=DIRECTION('',(1.,0.,0.));
#6678=DIRECTION('',(0.,1.,0.));
#6679=DIRECTION('',(0.,0.,1.));
#6680=DIRECTION('',(0.,1.,0.));
#6681=DIRECTION('',(0.,0.,1.));
#6682=DIRECTION('',(0.,1.,0.));
#6683=DIRECTION('',(1.,0.,0.));
#6684=DIRECTION('',(0.,1.,0.));
#6685=DIRECTION('',(0.,0.,1.));
#6686=DIRECTION('',(0.,1.,0.));
#6687=DIRECTION('',(0.,0.,1.));
#6688=DIRECTION('',(0.,1.,0.));
#6689=DIRECTION('',(1.,0.,0.));
#6690=DIRECTION('',(0.,1.,0.));
#6691=DIRECTION('',(0.,0.,1.));
#6692=DIRECTION('',(0.,1.,0.));
#6693=DIRECTION('',(0.,0.,1.));
#6694=DIRECTION('',(0.,1.,0.));
#6695=DIRECTION('',(1.,0.,0.));
#6696=DIRECTION('',(0.,1.,0.));
#6697=DIRECTION('',(0.,0.,1.));
#6698=DIRECTION('',(0.,1.,0.));
#6699=DIRECTION('',(0.,0.,1.));
#6700=DIRECTION('',(0.,1.,0.));
#6701=DIRECTION('',(1.,0.,0.));
#6702=DIRECTION('',(0.,1.,0.));
#6703=DIRECTION('',(0.,0.,1.));
#6704=DIRECTION('',(0.,1.,0.));
#6705=DIRECTION('',(0.,0.,1.));
#6706=DIRECTION('',(0.,1.,0.));
#6707=DIRECTION('',(1.,0.,0.));
#6708=DIRECTION('',(0.,1.,0.));
#6709=DIRECTION('',(0.,0.,1.));
#6710=DIRECTION('',(0.,0.,1.));
#6711=DIRECTION('',(1.,0.,0.));
#6712=DIRECTION('',(0.,1.,0.));
#6713=DIRECTION('',(0.,0.,1.));
#6714=DIRECTION('',(-1.,0.,0.));
#6715=DIRECTION('',(0.,0.,1.));
#6716=DIRECTION('',(-1.,0.,0.));
#6717=DIRECTION('',(0.,0.,1.));
#6718=DIRECTION('',(0.,1.,0.));
#6719=DIRECTION('',(1.,0.,0.));
#6720=DIRECTION('',(-1.,0.,0.));
#6721=DIRECTION('',(0.,1.,0.));
#6722=DIRECTION('',(1.,0.,0.));
#6723=DIRECTION('',(0.,0.,-1.));
#6724=DIRECTION('',(1.,0.,0.));
#6725=DIRECTION('',(0.,0.,1.));
#6726=DIRECTION('',(1.,0.,0.));
#6727=DIRECTION('',(0.,0.,-1.));
#6728=DIRECTION('',(0.,1.,0.));
#6729=DIRECTION('',(1.,0.,0.));
#6730=DIRECTION('',(1.,0.,0.));
#6731=DIRECTION('',(0.,1.,0.));
#6732=DIRECTION('',(1.,0.,0.));
#6733=DIRECTION('',(0.,0.,1.));
#6734=DIRECTION('',(0.,-1.,0.));
#6735=DIRECTION('',(0.,0.,-1.));
#6736=DIRECTION('',(0.,-1.,0.));
#6737=DIRECTION('',(0.,1.,0.));
#6738=DIRECTION('',(1.,0.,0.));
#6739=DIRECTION('',(0.,-1.,0.));
#6740=DIRECTION('',(1.,0.,0.));
#6741=DIRECTION('',(0.,0.,-1.));
#6742=DIRECTION('',(0.,1.,0.));
#6743=DIRECTION('',(0.,0.,-1.));
#6744=DIRECTION('',(0.,1.,0.));
#6745=DIRECTION('',(1.,0.,0.));
#6746=DIRECTION('',(0.,0.,-1.));
#6747=DIRECTION('',(0.,-0.21925132906105,-0.975668414321671));
#6748=DIRECTION('',(0.,0.21925132906105,-0.975668414321671));
#6749=DIRECTION('',(1.,0.,0.));
#6750=DIRECTION('',(0.,0.,-1.));
#6751=DIRECTION('',(0.,-1.,0.));
#6752=DIRECTION('',(0.,5.97591748614058E-15,-1.));
#6753=DIRECTION('',(0.,-1.,0.));
#6754=DIRECTION('',(0.,-1.,0.));
#6755=DIRECTION('',(0.,0.,1.));
#6756=DIRECTION('',(0.,-1.,0.));
#6757=DIRECTION('',(1.,0.,0.));
#6758=DIRECTION('',(0.,0.,-1.));
#6759=DIRECTION('',(0.,0.21925132906105,-0.975668414321671));
#6760=DIRECTION('',(0.,-0.21925132906105,-0.975668414321671));
#6761=DIRECTION('',(1.,0.,0.));
#6762=DIRECTION('',(0.,0.,-1.));
#6763=DIRECTION('',(0.,1.,0.));
#6764=DIRECTION('',(0.,0.,1.));
#6765=DIRECTION('',(0.,-1.,0.));
#6766=DIRECTION('',(0.,0.,-1.));
#6767=DIRECTION('',(0.,-1.,0.));
#6768=DIRECTION('',(0.,1.,0.));
#6769=DIRECTION('',(1.,0.,0.));
#6770=DIRECTION('',(0.,0.,-1.));
#6771=DIRECTION('',(-1.,0.,0.));
#6772=DIRECTION('',(0.,-1.,0.));
#6773=DIRECTION('',(1.,0.,0.));
#6774=DIRECTION('',(0.,-1.,0.));
#6775=DIRECTION('',(0.,0.,-1.));
#6776=DIRECTION('',(0.,-1.,0.));
#6777=DIRECTION('',(0.,1.,0.));
#6778=DIRECTION('',(1.,0.,0.));
#6779=DIRECTION('',(-1.,0.,0.));
#6780=DIRECTION('',(0.,0.,1.));
#6781=DIRECTION('',(0.,-1.,0.));
#6782=DIRECTION('',(0.,0.,-1.));
#6783=DIRECTION('',(0.,-0.999847695156391,-0.0174524064372835));
#6784=DIRECTION('',(1.,0.,0.));
#6785=DIRECTION('',(0.,0.,-1.));
#6786=DIRECTION('',(0.,0.236245697736428,-0.971693351989725));
#6787=DIRECTION('',(0.,-0.236245697736428,-0.971693351989725));
#6788=DIRECTION('',(1.,0.,0.));
#6789=DIRECTION('',(0.,0.,-1.));
#6790=DIRECTION('',(0.,0.999847695156391,-0.0174524064372835));
#6791=DIRECTION('',(0.,0.,-1.));
#6792=DIRECTION('',(0.,1.,0.));
#6793=DIRECTION('',(0.,-1.,0.));
#6794=DIRECTION('',(0.,0.,-1.));
#6795=DIRECTION('',(0.,-1.,0.));
#6796=DIRECTION('',(0.,0.,1.));
#6797=DIRECTION('',(0.,1.,0.));
#6798=DIRECTION('',(1.,0.,0.));
#6799=DIRECTION('',(0.,0.,-1.));
#6800=DIRECTION('',(0.,-0.21925132906105,-0.975668414321671));
#6801=DIRECTION('',(0.,0.21925132906105,-0.975668414321671));
#6802=DIRECTION('',(1.,0.,0.));
#6803=DIRECTION('',(0.,0.,-1.));
#6804=DIRECTION('',(0.,-1.,0.));
#6805=DIRECTION('',(0.,0.,-1.));
#6806=DIRECTION('',(0.,-1.,0.));
#6807=DIRECTION('',(0.,1.,0.));
#6808=DIRECTION('',(1.,0.,0.));
#6809=DIRECTION('',(0.,0.,1.));
#6810=DIRECTION('',(1.,0.,0.));
#6811=DIRECTION('',(-1.,0.,0.));
#6812=DIRECTION('',(0.,1.,0.));
#6813=DIRECTION('',(0.,0.,1.));
#6814=DIRECTION('',(0.,0.,1.));
#6815=DIRECTION('',(1.,0.,0.));
#6816=DIRECTION('',(0.,-1.,0.));
#6817=DIRECTION('',(1.,0.,0.));
#6818=DIRECTION('',(0.,-1.,0.));
#6819=DIRECTION('',(0.,0.,-1.));
#6820=DIRECTION('',(0.,0.,-1.));
#6821=DIRECTION('',(1.,0.,0.));
#6822=DIRECTION('',(0.,-0.0174524064372835,0.999847695156391));
#6823=DIRECTION('',(0.,-0.999847695156391,-0.0174524064372835));
#6824=DIRECTION('',(0.,-0.999847695156391,-0.0174524064372835));
#6825=DIRECTION('',(1.,0.,0.));
#6826=DIRECTION('',(1.,0.,0.));
#6827=DIRECTION('',(0.,0.,-1.));
#6828=DIRECTION('',(1.,0.,0.));
#6829=DIRECTION('',(0.,0.,-1.));
#6830=DIRECTION('',(1.,0.,0.));
#6831=DIRECTION('',(0.,-0.971693351989725,-0.236245697736428));
#6832=DIRECTION('',(0.,0.236245697736428,-0.971693351989725));
#6833=DIRECTION('',(0.,0.236245697736428,-0.971693351989725));
#6834=DIRECTION('',(1.,0.,0.));
#6835=DIRECTION('',(0.,-0.971693351989725,0.236245697736428));
#6836=DIRECTION('',(0.,-0.236245697736428,-0.971693351989725));
#6837=DIRECTION('',(0.,-0.236245697736428,-0.971693351989725));
#6838=DIRECTION('',(1.,0.,0.));
#6839=DIRECTION('',(1.,0.,0.));
#6840=DIRECTION('',(0.,0.,-1.));
#6841=DIRECTION('',(1.,0.,0.));
#6842=DIRECTION('',(0.,0.,-1.));
#6843=DIRECTION('',(1.,0.,0.));
#6844=DIRECTION('',(0.,-0.0174524064372835,-0.999847695156391));
#6845=DIRECTION('',(0.,0.999847695156391,-0.0174524064372835));
#6846=DIRECTION('',(0.,0.999847695156391,-0.0174524064372835));
#6847=DIRECTION('',(1.,0.,0.));
#6848=DIRECTION('',(0.,-1.,0.));
#6849=DIRECTION('',(0.,0.,-1.));
#6850=DIRECTION('',(0.,0.,-1.));
#6851=DIRECTION('',(1.,0.,0.));
#6852=DIRECTION('',(0.,0.,-1.));
#6853=DIRECTION('',(-1.,0.,0.));
#6854=DIRECTION('',(0.,1.,0.));
#6855=DIRECTION('',(0.,0.,1.));
#6856=DIRECTION('',(1.,0.,0.));
#6857=DIRECTION('',(1.,0.,0.));
#6858=DIRECTION('',(0.,-1.,0.));
#6859=DIRECTION('',(1.,0.,0.));
#6860=DIRECTION('',(0.,1.,0.));
#6861=DIRECTION('',(0.,0.,1.));
#6862=DIRECTION('',(0.,0.,1.));
#6863=DIRECTION('',(1.,0.,0.));
#6864=DIRECTION('',(0.,0.,-1.));
#6865=DIRECTION('',(-1.,0.,0.));
#6866=DIRECTION('',(0.,1.,0.));
#6867=DIRECTION('',(1.,0.,0.));
#6868=DIRECTION('',(1.,0.,0.));
#6869=DIRECTION('',(0.,0.,-1.));
#6870=DIRECTION('',(1.,0.,0.));
#6871=DIRECTION('',(0.,0.,-1.));
#6872=DIRECTION('',(1.,0.,0.));
#6873=DIRECTION('',(0.,-0.975668414321671,0.21925132906105));
#6874=DIRECTION('',(0.,-0.21925132906105,-0.975668414321671));
#6875=DIRECTION('',(0.,-0.21925132906105,-0.975668414321671));
#6876=DIRECTION('',(1.,0.,0.));
#6877=DIRECTION('',(0.,-0.975668414321671,-0.21925132906105));
#6878=DIRECTION('',(0.,0.21925132906105,-0.975668414321671));
#6879=DIRECTION('',(0.,0.21925132906105,-0.975668414321671));
#6880=DIRECTION('',(1.,0.,0.));
#6881=DIRECTION('',(1.,0.,0.));
#6882=DIRECTION('',(0.,0.,-1.));
#6883=DIRECTION('',(1.,0.,0.));
#6884=DIRECTION('',(0.,0.,-1.));
#6885=DIRECTION('',(1.,0.,0.));
#6886=DIRECTION('',(0.,0.,-1.));
#6887=DIRECTION('',(0.,0.,-1.));
#6888=DIRECTION('',(-1.,0.,0.));
#6889=DIRECTION('',(-1.,0.,0.));
#6890=DIRECTION('',(0.,-1.,0.));
#6891=DIRECTION('',(0.,1.,5.97591748614058E-15));
#6892=DIRECTION('',(0.,-5.97591748614058E-15,1.));
#6893=DIRECTION('',(-1.,0.,0.));
#6894=DIRECTION('',(0.,5.97591748614058E-15,-1.));
#6895=DIRECTION('',(0.,0.,-1.));
#6896=DIRECTION('',(-1.,0.,0.));
#6897=DIRECTION('',(-1.,0.,0.));
#6898=DIRECTION('',(0.,-1.,0.));
#6899=DIRECTION('',(-1.,0.,0.));
#6900=DIRECTION('',(0.,0.,1.));
#6901=DIRECTION('',(-1.,0.,0.));
#6902=DIRECTION('',(1.,0.,0.));
#6903=DIRECTION('',(0.,0.,-1.));
#6904=DIRECTION('',(0.,0.975668414321671,0.21925132906105));
#6905=DIRECTION('',(0.,-0.21925132906105,0.975668414321671));
#6906=DIRECTION('',(-1.,0.,0.));
#6907=DIRECTION('',(0.,0.21925132906105,-0.975668414321671));
#6908=DIRECTION('',(0.,0.975668414321671,-0.21925132906105));
#6909=DIRECTION('',(0.,0.21925132906105,0.975668414321671));
#6910=DIRECTION('',(-1.,0.,0.));
#6911=DIRECTION('',(0.,-0.21925132906105,-0.975668414321671));
#6912=DIRECTION('',(-1.,0.,0.));
#6913=DIRECTION('',(0.,0.,1.));
#6914=DIRECTION('',(-1.,0.,0.));
#6915=DIRECTION('',(1.,0.,0.));
#6916=DIRECTION('',(0.,0.,-1.));
#6917=DIRECTION('',(0.,0.,1.));
#6918=DIRECTION('',(1.,0.,0.));
#6919=DIRECTION('',(-1.,0.,0.));
#6920=DIRECTION('',(0.,1.,0.));
#6921=DIRECTION('',(0.,1.,0.));
#6922=DIRECTION('',(0.,0.,1.));
#6923=DIRECTION('',(-1.,0.,0.));
#6924=DIRECTION('',(0.,0.,-1.));
#6925=DIRECTION('',(0.,0.,1.));
#6926=DIRECTION('',(1.,0.,0.));
#6927=DIRECTION('',(0.,1.,0.));
#6928=DIRECTION('',(0.,0.,-1.));
#6929=DIRECTION('',(-1.,0.,0.));
#6930=DIRECTION('',(-1.,0.,0.));
#6931=DIRECTION('',(0.,-1.,0.));
#6932=DIRECTION('',(-1.,0.,0.));
#6933=DIRECTION('',(0.,-1.,0.));
#6934=DIRECTION('',(0.,0.,-1.));
#6935=DIRECTION('',(-1.,0.,0.));
#6936=DIRECTION('',(0.,0.,1.));
#6937=DIRECTION('',(0.,0.,1.));
#6938=DIRECTION('',(1.,0.,0.));
#6939=DIRECTION('',(-1.,0.,0.));
#6940=DIRECTION('',(0.,1.,0.));
#6941=DIRECTION('',(-1.,0.,0.));
#6942=DIRECTION('',(0.,0.,1.));
#6943=DIRECTION('',(-1.,0.,0.));
#6944=DIRECTION('',(1.,0.,0.));
#6945=DIRECTION('',(0.,0.,-1.));
#6946=DIRECTION('',(0.,0.975668414321671,-0.21925132906105));
#6947=DIRECTION('',(0.,0.21925132906105,0.975668414321671));
#6948=DIRECTION('',(-1.,0.,0.));
#6949=DIRECTION('',(0.,-0.21925132906105,-0.975668414321671));
#6950=DIRECTION('',(0.,0.975668414321671,0.21925132906105));
#6951=DIRECTION('',(0.,-0.21925132906105,0.975668414321671));
#6952=DIRECTION('',(-1.,0.,0.));
#6953=DIRECTION('',(0.,0.21925132906105,-0.975668414321671));
#6954=DIRECTION('',(-1.,0.,0.));
#6955=DIRECTION('',(0.,0.,1.));
#6956=DIRECTION('',(1.,0.,0.));
#6957=DIRECTION('',(0.,0.,-1.));
#6958=DIRECTION('',(1.,0.,0.));
#6959=DIRECTION('',(0.,0.,-1.));
#6960=DIRECTION('',(0.,0.,1.));
#6961=DIRECTION('',(1.,0.,0.));
#6962=DIRECTION('',(0.,1.,0.));
#6963=DIRECTION('',(0.,0.,1.));
#6964=DIRECTION('',(0.,-1.,0.));
#6965=DIRECTION('',(0.,0.,-1.));
#6966=DIRECTION('',(0.,-1.,0.));
#6967=DIRECTION('',(0.,0.,-1.));
#6968=DIRECTION('',(1.,0.,0.));
#6969=DIRECTION('',(0.,0.,1.));
#6970=DIRECTION('',(-1.,0.,0.));
#6971=DIRECTION('',(0.,-1.,0.));
#6972=DIRECTION('',(0.,0.,-1.));
#6973=DIRECTION('',(0.,0.,1.));
#6974=DIRECTION('',(1.,0.,0.));
#6975=DIRECTION('',(0.,-1.,0.));
#6976=DIRECTION('',(0.,0.,-1.));
#6977=DIRECTION('',(-1.,0.,0.));
#6978=DIRECTION('',(0.,-1.,0.));
#6979=DIRECTION('',(0.,0.,-1.));
#6980=DIRECTION('',(0.,-1.,0.));
#6981=DIRECTION('',(0.,0.,-1.));
#6982=DIRECTION('',(0.,-1.,0.));
#6983=DIRECTION('',(0.,-1.,0.));
#6984=DIRECTION('',(0.,0.,-1.));
#6985=DIRECTION('',(0.,-1.,0.));
#6986=DIRECTION('',(0.,1.,0.));
#6987=DIRECTION('',(0.,0.,1.));
#6988=DIRECTION('',(-1.,0.,0.));
#6989=DIRECTION('',(0.,-1.,0.));
#6990=DIRECTION('',(0.,0.,-1.));
#6991=DIRECTION('',(1.,0.,0.));
#6992=DIRECTION('',(0.,-1.,0.));
#6993=DIRECTION('',(0.,0.,-1.));
#6994=DIRECTION('',(0.,-1.,0.));
#6995=DIRECTION('',(0.,-1.,0.));
#6996=DIRECTION('',(0.,0.,-1.));
#6997=DIRECTION('',(0.,-1.,0.));
#6998=DIRECTION('',(0.,-1.,0.));
#6999=DIRECTION('',(0.,0.,-1.));
#7000=DIRECTION('',(0.,-1.,0.));
#7001=DIRECTION('',(0.,0.,-1.));
#7002=DIRECTION('',(1.,0.,0.));
#7003=DIRECTION('',(0.,0.,-1.));
#7004=DIRECTION('',(0.,-1.,0.));
#7005=DIRECTION('',(0.,-1.,0.));
#7006=DIRECTION('',(0.,0.,-1.));
#7007=DIRECTION('',(-1.,0.,0.));
#7008=DIRECTION('',(0.,0.,1.));
#7009=DIRECTION('',(1.,0.,0.));
#7010=DIRECTION('',(1.,0.,0.));
#7011=DIRECTION('',(0.,0.,-1.));
#7012=DIRECTION('',(0.,-1.,0.));
#7013=DIRECTION('',(0.,0.,-1.));
#7014=DIRECTION('',(0.,-1.,0.));
#7015=DIRECTION('',(0.,0.,-1.));
#7016=DIRECTION('',(0.,1.,0.));
#7017=DIRECTION('',(0.,0.,1.));
#7018=DIRECTION('',(0.,-1.,0.));
#7019=DIRECTION('',(0.,1.,0.));
#7020=DIRECTION('',(0.,0.,1.));
#7021=DIRECTION('',(0.,-1.,0.));
#7022=DIRECTION('',(0.,1.,0.));
#7023=DIRECTION('',(0.,0.,1.));
#7024=DIRECTION('',(-0.984807753012208,0.17364817766693,0.));
#7025=DIRECTION('',(-0.17364817766693,-0.984807753012208,0.));
#7026=DIRECTION('',(0.,1.,0.));
#7027=DIRECTION('',(0.,0.,1.));
#7028=DIRECTION('',(0.984807753012208,0.173648177666931,0.));
#7029=DIRECTION('',(0.173648177666931,-0.984807753012208,0.));
#7030=DIRECTION('',(0.,1.,0.));
#7031=DIRECTION('',(0.,0.,1.));
#7032=DIRECTION('',(0.,-1.,0.));
#7033=DIRECTION('',(0.,1.,0.));
#7034=DIRECTION('',(0.,0.,1.));
#7035=DIRECTION('',(0.,-1.,0.));
#7036=DIRECTION('',(0.,1.,0.));
#7037=DIRECTION('',(0.,0.,1.));
#7038=DIRECTION('',(0.984807753012208,0.173648177666931,0.));
#7039=DIRECTION('',(0.173648177666931,-0.984807753012208,0.));
#7040=DIRECTION('',(0.,1.,0.));
#7041=DIRECTION('',(0.,0.,1.));
#7042=DIRECTION('',(-0.984807753012208,0.17364817766693,0.));
#7043=DIRECTION('',(-0.17364817766693,-0.984807753012208,0.));
#7044=DIRECTION('',(0.,1.,0.));
#7045=DIRECTION('',(0.,0.,1.));
#7046=DIRECTION('',(1.,0.,0.));
#7047=DIRECTION('',(0.,0.,-1.));
#7048=DIRECTION('',(-0.984807753012208,0.17364817766693,0.));
#7049=DIRECTION('',(-0.17364817766693,-0.984807753012208,0.));
#7050=DIRECTION('',(0.17364817766693,0.984807753012208,0.));
#7051=DIRECTION('',(0.,0.,-1.));
#7052=DIRECTION('',(0.,1.,0.));
#7053=DIRECTION('',(0.,0.,1.));
#7054=DIRECTION('',(1.,0.,0.));
#7055=DIRECTION('',(0.,0.,-1.));
#7056=DIRECTION('',(0.984807753012208,0.173648177666931,0.));
#7057=DIRECTION('',(-0.173648177666931,0.984807753012208,0.));
#7058=DIRECTION('',(0.173648177666931,-0.984807753012208,0.));
#7059=DIRECTION('',(0.,0.,-1.));
#7060=DIRECTION('',(0.,1.,0.));
#7061=DIRECTION('',(0.,0.,1.));
#7062=DIRECTION('',(1.,0.,0.));
#7063=DIRECTION('',(0.,1.,0.));
#7064=DIRECTION('',(0.,0.,1.));
#7065=DIRECTION('',(0.,1.,0.));
#7066=DIRECTION('',(0.,0.,1.));
#7067=DIRECTION('',(1.,0.,0.));
#7068=DIRECTION('',(0.,0.,-1.));
#7069=DIRECTION('',(-0.984807753012208,0.17364817766693,0.));
#7070=DIRECTION('',(-0.17364817766693,-0.984807753012208,0.));
#7071=DIRECTION('',(0.17364817766693,0.984807753012208,0.));
#7072=DIRECTION('',(0.,0.,-1.));
#7073=DIRECTION('',(0.,1.,0.));
#7074=DIRECTION('',(0.,0.,1.));
#7075=DIRECTION('',(1.,0.,0.));
#7076=DIRECTION('',(0.,0.,-1.));
#7077=DIRECTION('',(0.984807753012208,0.173648177666931,0.));
#7078=DIRECTION('',(-0.173648177666931,0.984807753012208,0.));
#7079=DIRECTION('',(0.173648177666931,-0.984807753012208,0.));
#7080=DIRECTION('',(0.,0.,-1.));
#7081=DIRECTION('',(0.,1.,0.));
#7082=DIRECTION('',(0.,0.,1.));
#7083=DIRECTION('',(1.,0.,0.));
#7084=DIRECTION('',(0.,1.,0.));
#7085=DIRECTION('',(0.,0.,1.));
#7086=DIRECTION('',(1.,0.,0.));
#7087=DIRECTION('',(1.,0.,0.));
#7088=DIRECTION('',(0.,0.,1.));
#7089=DIRECTION('',(1.,0.,0.));
#7090=DIRECTION('',(0.,0.,1.));
#7091=DIRECTION('',(1.,0.,0.));
#7092=DIRECTION('',(1.,0.,0.));
#7093=DIRECTION('',(0.,0.,-1.));
#7094=DIRECTION('',(0.999390827019096,0.0348994967025008,0.));
#7095=DIRECTION('',(-0.0348994967025008,0.999390827019096,0.));
#7096=DIRECTION('',(0.,0.,-1.));
#7097=DIRECTION('',(0.999390827019096,0.0348994967025008,0.));
#7098=DIRECTION('',(0.0348994967025008,-0.999390827019096,0.));
#7099=DIRECTION('',(0.,0.,-1.));
#7100=DIRECTION('',(0.999390827019096,0.0348994967025008,0.));
#7101=DIRECTION('',(0.0348994967025008,-0.999390827019096,0.));
#7102=DIRECTION('',(0.207911690817759,-0.978147600733806,0.));
#7103=DIRECTION('',(0.978147600733806,0.207911690817759,0.));
#7104=DIRECTION('',(0.,0.,-1.));
#7105=DIRECTION('',(0.207911690817759,-0.978147600733806,0.));
#7106=DIRECTION('',(0.978147600733806,0.207911690817759,0.));
#7107=DIRECTION('',(0.,0.,-1.));
#7108=DIRECTION('',(0.207911690817759,-0.978147600733806,0.));
#7109=DIRECTION('',(0.978147600733806,0.207911690817759,0.));
#7110=DIRECTION('',(-0.927183854566788,-0.374606593415912,0.));
#7111=DIRECTION('',(0.374606593415912,-0.927183854566788,0.));
#7112=DIRECTION('',(-0.927183854566788,-0.374606593415912,0.));
#7113=DIRECTION('',(0.374606593415912,-0.927183854566788,0.));
#7114=DIRECTION('',(0.,0.,-1.));
#7115=DIRECTION('',(-0.927183854566788,-0.374606593415912,0.));
#7116=DIRECTION('',(0.374606593415912,-0.927183854566788,0.));
#7117=DIRECTION('',(0.207911690817759,-0.978147600733806,0.));
#7118=DIRECTION('',(0.978147600733806,0.207911690817759,0.));
#7119=DIRECTION('',(0.207911690817759,-0.978147600733806,0.));
#7120=DIRECTION('',(0.978147600733806,0.207911690817759,0.));
#7121=DIRECTION('',(0.999390827019096,0.0348994967025008,0.));
#7122=DIRECTION('',(0.0348994967025008,-0.999390827019096,0.));
#7123=DIRECTION('',(0.207911690817759,-0.978147600733806,0.));
#7124=DIRECTION('',(0.978147600733806,0.207911690817759,0.));
#7125=DIRECTION('',(-0.927183854566788,-0.374606593415912,0.));
#7126=DIRECTION('',(0.374606593415912,-0.927183854566788,0.));
#7127=DIRECTION('',(0.207911690817759,-0.978147600733806,0.));
#7128=DIRECTION('',(0.978147600733806,0.207911690817759,0.));
#7129=DIRECTION('',(0.207911690817759,-0.978147600733806,0.));
#7130=DIRECTION('',(0.978147600733806,0.207911690817759,0.));
#7131=DIRECTION('',(0.207911690817759,-0.978147600733806,0.));
#7132=DIRECTION('',(0.978147600733806,0.207911690817759,0.));
#7133=DIRECTION('',(0.207911690817759,-0.978147600733806,0.));
#7134=DIRECTION('',(0.978147600733806,0.207911690817759,0.));
#7135=DIRECTION('',(0.207911690817759,-0.978147600733806,0.));
#7136=DIRECTION('',(0.978147600733806,0.207911690817759,0.));
#7137=DIRECTION('',(0.,0.,-1.));
#7138=DIRECTION('',(0.207911690817759,-0.978147600733806,0.));
#7139=DIRECTION('',(0.978147600733806,0.207911690817759,0.));
#7140=DIRECTION('',(0.207911690817759,-0.978147600733806,0.));
#7141=DIRECTION('',(0.978147600733806,0.207911690817759,0.));
#7142=DIRECTION('',(0.,0.,-1.));
#7143=DIRECTION('',(0.999390827019096,0.0348994967025008,0.));
#7144=DIRECTION('',(-0.0348994967025008,0.999390827019096,0.));
#7145=DIRECTION('',(0.999390827019096,0.0348994967025008,0.));
#7146=DIRECTION('',(0.0348994967025008,-0.999390827019096,0.));
#7147=DIRECTION('',(0.207911690817759,-0.978147600733806,0.));
#7148=DIRECTION('',(0.978147600733806,0.207911690817759,0.));
#7149=DIRECTION('',(0.,0.,-1.));
#7150=DIRECTION('',(0.207911690817759,-0.978147600733806,0.));
#7151=DIRECTION('',(0.978147600733806,0.207911690817759,0.));
#7152=DIRECTION('',(-0.927183854566788,-0.374606593415912,0.));
#7153=DIRECTION('',(0.374606593415912,-0.927183854566788,0.));
#7154=DIRECTION('',(-0.927183854566788,-0.374606593415912,0.));
#7155=DIRECTION('',(0.374606593415912,-0.927183854566788,0.));
#7156=DIRECTION('',(0.207911690817759,-0.978147600733806,0.));
#7157=DIRECTION('',(0.978147600733806,0.207911690817759,0.));
#7158=DIRECTION('',(0.207911690817759,-0.978147600733806,0.));
#7159=DIRECTION('',(0.978147600733806,0.207911690817759,0.));
#7160=DIRECTION('',(-0.207911690817759,0.978147600733806,0.));
#7161=DIRECTION('',(-0.978147600733806,-0.207911690817759,0.));
#7162=DIRECTION('',(1.,0.,0.));
#7163=DIRECTION('',(0.,0.,-1.));
#7164=DIRECTION('',(0.207911690817759,-0.978147600733806,0.));
#7165=DIRECTION('',(0.978147600733806,0.207911690817759,0.));
#7166=DIRECTION('',(0.207911690817759,-0.978147600733806,0.));
#7167=DIRECTION('',(0.978147600733806,0.207911690817759,0.));
#7168=DIRECTION('',(0.207911690817759,-0.978147600733806,0.));
#7169=DIRECTION('',(0.978147600733806,0.207911690817759,0.));
#7170=DIRECTION('',(0.207911690817759,-0.978147600733806,0.));
#7171=DIRECTION('',(0.978147600733806,0.207911690817759,0.));
#7172=DIRECTION('',(0.207911690817759,-0.978147600733806,0.));
#7173=DIRECTION('',(0.978147600733806,0.207911690817759,0.));
#7174=DIRECTION('',(0.207911690817759,-0.978147600733806,0.));
#7175=DIRECTION('',(0.978147600733806,0.207911690817759,0.));
#7176=DIRECTION('',(0.207911690817759,-0.978147600733806,0.));
#7177=DIRECTION('',(0.978147600733806,0.207911690817759,0.));
#7178=DIRECTION('',(0.207911690817759,-0.978147600733806,0.));
#7179=DIRECTION('',(0.978147600733806,0.207911690817759,0.));
#7180=DIRECTION('',(-0.207911690817759,0.978147600733806,0.));
#7181=DIRECTION('',(-0.978147600733806,-0.207911690817759,0.));
#7182=DIRECTION('',(1.,0.,0.));
#7183=DIRECTION('',(0.,0.,-1.));
#7184=DIRECTION('',(0.,0.,1.));
#7185=DIRECTION('',(1.,0.,0.));
#7186=DIRECTION('',(0.,-1.,0.));
#7187=DIRECTION('',(-1.,0.,0.));
#7188=DIRECTION('',(0.,-1.,0.));
#7189=DIRECTION('',(1.,0.,0.));
#7190=DIRECTION('',(0.,-1.,0.));
#7191=DIRECTION('',(0.,0.,1.));
#7192=DIRECTION('',(1.,0.,0.));
#7193=DIRECTION('',(0.,1.,0.));
#7194=DIRECTION('',(1.,0.,0.));
#7195=DIRECTION('',(3.33477538289095E-17,1.,0.));
#7196=DIRECTION('',(1.,0.,0.));
#7197=DIRECTION('',(0.,0.,1.));
#7198=DIRECTION('',(1.,0.,0.));
#7199=DIRECTION('',(0.,1.,0.));
#7200=DIRECTION('',(1.,0.,0.));
#7201=DIRECTION('',(3.33477538289095E-17,1.,0.));
#7202=DIRECTION('',(1.,0.,0.));
#7203=DIRECTION('',(0.,1.,0.));
#7204=DIRECTION('',(0.,0.,1.));
#7205=DIRECTION('',(1.,0.,0.));
#7206=DIRECTION('',(0.,-1.,0.));
#7207=DIRECTION('',(1.,0.,0.));
#7208=DIRECTION('',(0.,-1.,0.));
#7209=DIRECTION('',(-1.,0.,0.));
#7210=DIRECTION('',(0.,0.,1.));
#7211=DIRECTION('',(1.,0.,0.));
#7212=DIRECTION('',(0.,-1.,0.));
#7213=DIRECTION('',(1.,0.,0.));
#7214=DIRECTION('',(3.33477538289095E-17,1.,0.));
#7215=DIRECTION('',(1.,0.,0.));
#7216=DIRECTION('',(0.,1.,0.));
#7217=DIRECTION('',(0.,0.,1.));
#7218=DIRECTION('',(1.,0.,0.));
#7219=DIRECTION('',(0.,-1.,0.));
#7220=DIRECTION('',(1.,0.,0.));
#7221=DIRECTION('',(0.,-1.,0.));
#7222=DIRECTION('',(-1.,0.,0.));
#7223=DIRECTION('',(0.,0.,-1.));
#7224=DIRECTION('',(-1.,0.,0.));
#7225=DIRECTION('',(0.,1.,0.));
#7226=DIRECTION('',(1.,0.,0.));
#7227=DIRECTION('',(-6.66955076578189E-17,-1.,0.));
#7228=DIRECTION('',(1.,0.,0.));
#7229=DIRECTION('',(0.,-1.,0.));
#7230=DIRECTION('',(0.,0.,1.));
#7231=DIRECTION('',(1.,0.,0.));
#7232=DIRECTION('',(0.,1.,0.));
#7233=DIRECTION('',(1.,0.,0.));
#7234=DIRECTION('',(0.,-1.,0.));
#7235=DIRECTION('',(1.,0.,0.));
#7236=DIRECTION('',(0.,0.,1.));
#7237=DIRECTION('',(1.,0.,0.));
#7238=DIRECTION('',(1.,0.,0.));
#7239=DIRECTION('',(0.,-1.,0.));
#7240=DIRECTION('',(-1.,0.,0.));
#7241=DIRECTION('',(0.,-1.,0.));
#7242=DIRECTION('',(1.,0.,0.));
#7243=DIRECTION('',(0.,1.,0.));
#7244=DIRECTION('',(0.,0.,1.));
#7245=DIRECTION('',(1.,0.,0.));
#7246=DIRECTION('',(0.,-1.,0.));
#7247=DIRECTION('',(1.,0.,0.));
#7248=DIRECTION('',(-6.66955076578189E-17,-1.,0.));
#7249=DIRECTION('',(1.,0.,0.));
#7250=DIRECTION('',(0.,0.,-1.));
#7251=DIRECTION('',(0.,0.,-1.));
#7252=DIRECTION('',(0.,0.,1.));
#7253=DIRECTION('',(0.,0.,1.));
#7254=DIRECTION('',(0.,-1.,0.));
#7255=DIRECTION('',(0.,0.,1.));
#7256=DIRECTION('',(0.,0.,-1.));
#7257=DIRECTION('',(-1.,0.,0.));
#7258=DIRECTION('',(1.,0.,0.));
#7259=DIRECTION('',(0.,1.,0.));
#7260=DIRECTION('',(1.,0.,0.));
#7261=DIRECTION('',(1.,0.,0.));
#7262=DIRECTION('',(0.,-1.,0.));
#7263=DIRECTION('',(0.,0.,1.));
#7264=DIRECTION('',(1.,0.,0.));
#7265=DIRECTION('',(0.,1.,0.));
#7266=DIRECTION('',(1.,0.,0.));
#7267=DIRECTION('',(3.33477538289095E-17,1.,0.));
#7268=DIRECTION('',(0.,-1.,0.));
#7269=DIRECTION('',(0.,0.,-1.));
#7270=DIRECTION('',(0.,1.,0.));
#7271=DIRECTION('',(1.,0.,0.));
#7272=DIRECTION('',(0.,1.,0.));
#7273=DIRECTION('',(1.,0.,0.));
#7274=DIRECTION('',(-1.,0.,0.));
#7275=DIRECTION('',(0.,0.,1.));
#7276=DIRECTION('',(0.,0.,1.));
#7277=DIRECTION('',(0.,1.,0.));
#7278=DIRECTION('',(0.,0.,-1.));
#7279=DIRECTION('',(0.,1.,0.));
#7280=DIRECTION('',(0.,0.,-1.));
#7281=DIRECTION('',(0.,0.,-1.));
#7282=DIRECTION('',(0.,1.,0.));
#7283=DIRECTION('',(0.,0.,1.));
#7284=DIRECTION('',(0.,-1.,0.));
#7285=DIRECTION('',(0.,0.,-1.));
#7286=DIRECTION('',(0.,1.,0.));
#7287=DIRECTION('',(0.,0.,1.));
#7288=DIRECTION('',(0.,1.,0.));
#7289=DIRECTION('',(0.,0.,1.));
#7290=DIRECTION('',(0.,1.,0.));
#7291=DIRECTION('',(0.,0.,1.));
#7292=DIRECTION('',(0.,-1.,0.));
#7293=DIRECTION('',(0.,0.,-1.));
#7294=DIRECTION('',(-1.,0.,0.));
#7295=DIRECTION('',(-1.,0.,0.));
#7296=DIRECTION('',(0.,-1.,0.));
#7297=DIRECTION('',(0.,0.,-1.));
#7298=DIRECTION('',(0.,0.,1.));
#7299=DIRECTION('',(-1.,0.,0.));
#7300=DIRECTION('',(0.,0.,1.));
#7301=DIRECTION('',(0.,0.,1.));
#7302=DIRECTION('',(0.,0.,1.));
#7303=DIRECTION('',(1.,0.,0.));
#7304=DIRECTION('',(0.,0.,1.));
#7305=DIRECTION('',(1.,0.,0.));
#7306=DIRECTION('',(0.,0.,-1.));
#7307=DIRECTION('',(0.,0.,1.));
#7308=DIRECTION('',(0.,-1.,0.));
#7309=DIRECTION('',(0.,0.,-1.));
#7310=DIRECTION('',(0.,0.,1.));
#7311=DIRECTION('',(1.,-3.33477538289095E-17,0.));
#7312=DIRECTION('',(3.33477538289095E-17,1.,0.));
#7313=DIRECTION('',(0.,0.,1.));
#7314=DIRECTION('',(0.,-1.,0.));
#7315=DIRECTION('',(0.,0.,-1.));
#7316=DIRECTION('',(0.,-1.,0.));
#7317=DIRECTION('',(0.,0.,-1.));
#7318=DIRECTION('',(1.,0.,0.));
#7319=DIRECTION('',(0.,0.,1.));
#7320=DIRECTION('',(0.,1.,0.));
#7321=DIRECTION('',(0.,0.,1.));
#7322=DIRECTION('',(-1.,6.66955076578189E-17,0.));
#7323=DIRECTION('',(-6.66955076578189E-17,-1.,0.));
#7324=DIRECTION('',(-6.66955076578189E-17,-1.,0.));
#7325=DIRECTION('',(0.,0.,1.));
#7326=DIRECTION('',(0.,-1.,0.));
#7327=DIRECTION('',(0.,0.,-1.));
#7328=DIRECTION('',(1.,0.,0.));
#7329=DIRECTION('',(0.,0.,1.));
#7330=DIRECTION('',(-1.,0.,0.));
#7331=DIRECTION('',(0.,0.,1.));
#7332=DIRECTION('',(0.,-1.,0.));
#7333=DIRECTION('',(0.,0.,1.));
#7334=DIRECTION('',(0.,0.,1.));
#7335=DIRECTION('',(1.,0.,0.));
#7336=DIRECTION('',(0.,0.,1.));
#7337=DIRECTION('',(1.,0.,0.));
#7338=DIRECTION('',(0.,0.,1.));
#7339=DIRECTION('',(1.,0.,0.));
#7340=DIRECTION('',(0.,0.,-1.));
#7341=DIRECTION('',(0.,1.,0.));
#7342=DIRECTION('',(0.,0.,1.));
#7343=DIRECTION('',(0.,-1.,0.));
#7344=DIRECTION('',(0.,0.,-1.));
#7345=DIRECTION('',(1.,0.,0.));
#7346=DIRECTION('',(0.,0.,1.));
#7347=DIRECTION('',(1.,0.,0.));
#7348=DIRECTION('',(0.,1.,0.));
#7349=DIRECTION('',(0.,1.,0.));
#7350=DIRECTION('',(0.,0.,1.));
#7351=DIRECTION('',(0.,0.,-1.));
#7352=DIRECTION('',(1.,0.,0.));
#7353=DIRECTION('',(0.,0.,-1.));
#7354=DIRECTION('',(0.,0.,-1.));
#7355=DIRECTION('',(0.,0.,-1.));
#7356=DIRECTION('',(-1.,0.,0.));
#7357=DIRECTION('',(0.,0.,-1.));
#7358=DIRECTION('',(-1.,0.,0.));
#7359=DIRECTION('',(0.,0.,1.));
#7360=DIRECTION('',(0.,0.,-1.));
#7361=DIRECTION('',(0.,1.,0.));
#7362=DIRECTION('',(0.,0.,1.));
#7363=DIRECTION('',(0.,0.,-1.));
#7364=DIRECTION('',(-1.,3.33477538289095E-17,0.));
#7365=DIRECTION('',(-3.33477538289095E-17,-1.,0.));
#7366=DIRECTION('',(0.,0.,-1.));
#7367=DIRECTION('',(0.,1.,0.));
#7368=DIRECTION('',(0.,0.,1.));
#7369=DIRECTION('',(0.,1.,0.));
#7370=DIRECTION('',(0.,0.,1.));
#7371=DIRECTION('',(0.,-1.,0.));
#7372=DIRECTION('',(0.,0.,-1.));
#7373=DIRECTION('',(0.,0.,-1.));
#7374=DIRECTION('',(1.,0.,0.));
#7375=DIRECTION('',(1.,-6.66955076578189E-17,0.));
#7376=DIRECTION('',(6.66955076578189E-17,1.,0.));
#7377=DIRECTION('',(0.,0.,-1.));
#7378=DIRECTION('',(-6.66955076578189E-17,-1.,0.));
#7379=DIRECTION('',(0.,1.,0.));
#7380=DIRECTION('',(0.,0.,1.));
#7381=DIRECTION('',(0.,0.,-1.));
#7382=DIRECTION('',(1.,0.,0.));
#7383=DIRECTION('',(1.,0.,0.));
#7384=DIRECTION('',(0.,0.,-1.));
#7385=DIRECTION('',(0.,0.,-1.));
#7386=DIRECTION('',(0.,-1.,0.));
#7387=DIRECTION('',(0.,0.,-1.));
#7388=DIRECTION('',(-1.,0.,0.));
#7389=DIRECTION('',(0.,0.,-1.));
#7390=DIRECTION('',(0.,0.,1.));
#7391=DIRECTION('',(1.,0.,0.));
#7392=DIRECTION('',(-1.,0.,0.));
#7393=DIRECTION('',(0.,0.,1.));
#7394=DIRECTION('',(0.,0.,-1.));
#7395=DIRECTION('',(0.,1.,0.));
#7396=DIRECTION('',(0.,1.,0.));
#7397=DIRECTION('',(0.,0.,1.));
#7398=DIRECTION('',(1.,0.,0.));
#7399=DIRECTION('',(0.,0.,1.));
#7400=DIRECTION('',(1.,0.,0.));
#7401=DIRECTION('',(0.,-1.,0.));
#7402=DIRECTION('',(0.,1.,0.));
#7403=DIRECTION('',(0.,0.,1.));
#7404=DIRECTION('',(0.,1.,0.));
#7405=DIRECTION('',(0.,0.,1.));
#7406=DIRECTION('',(0.,1.,0.));
#7407=DIRECTION('',(0.,0.,1.));
#7408=DIRECTION('',(0.,-1.,0.));
#7409=DIRECTION('',(0.,0.,-1.));
#7410=DIRECTION('',(0.,-1.,0.));
#7411=DIRECTION('',(0.,0.,-1.));
#7412=DIRECTION('',(0.,-1.,0.));
#7413=DIRECTION('',(0.,0.,-1.));
#7414=DIRECTION('',(0.,1.,0.));
#7415=DIRECTION('',(0.,0.,1.));
#7416=DIRECTION('',(0.,1.,0.));
#7417=DIRECTION('',(0.,0.,1.));
#7418=DIRECTION('',(0.,1.,0.));
#7419=DIRECTION('',(0.,0.,1.));
#7420=DIRECTION('',(0.,-1.,0.));
#7421=DIRECTION('',(0.,0.,-1.));
#7422=DIRECTION('',(0.,-1.,0.));
#7423=DIRECTION('',(0.,0.,-1.));
#7424=DIRECTION('',(0.,-1.,0.));
#7425=DIRECTION('',(0.,0.,-1.));
#7426=DIRECTION('',(0.,0.,1.));
#7427=DIRECTION('',(1.,0.,0.));
#7428=CARTESIAN_POINT('',(0.,0.,0.));
#7429=CARTESIAN_POINT('',(-0.244,-0.016,-0.2735));
#7430=CARTESIAN_POINT('',(-0.244,0.,0.2235));
#7431=CARTESIAN_POINT('',(-0.244,-0.016,0.2235));
#7432=CARTESIAN_POINT('',(-0.244,-0.128,0.2235));
#7433=CARTESIAN_POINT('',(-0.244,-0.128,0.2235));
#7434=CARTESIAN_POINT('',(-0.244,-0.128,0.2035));
#7435=CARTESIAN_POINT('',(-0.244,-0.128,0.2035));
#7436=CARTESIAN_POINT('',(-0.244,-0.341333333333333,0.2035));
#7437=CARTESIAN_POINT('',(-0.244,-0.341333333333333,-0.2735));
#7438=CARTESIAN_POINT('',(-0.244,-0.341333333333333,0.2735));
#7439=CARTESIAN_POINT('',(-0.244,-0.016,0.2735));
#7440=CARTESIAN_POINT('',(-0.244,-0.016,0.2735));
#7441=CARTESIAN_POINT('',(-0.244,-0.016,-0.2735));
#7442=CARTESIAN_POINT('',(-0.244,-0.016,-0.2735));
#7443=CARTESIAN_POINT('',(-0.244,-0.341333333333333,-0.2035));
#7444=CARTESIAN_POINT('',(-0.244,-0.341333333333333,-0.2035));
#7445=CARTESIAN_POINT('',(-0.244,-0.128,-0.2035));
#7446=CARTESIAN_POINT('',(-0.244,-0.128,-0.2035));
#7447=CARTESIAN_POINT('',(-0.244,-0.128,-0.2235));
#7448=CARTESIAN_POINT('',(-0.244,-0.128,-0.2235));
#7449=CARTESIAN_POINT('',(-0.244,-0.016,-0.2235));
#7450=CARTESIAN_POINT('',(-0.244,-0.016,-0.2735));
#7451=CARTESIAN_POINT('',(-0.244,-0.016,-0.2735));
#7452=CARTESIAN_POINT('',(-0.244,-0.016,-0.2735));
#7453=CARTESIAN_POINT('',(-0.244,-0.341333333333333,-0.2735));
#7454=CARTESIAN_POINT('',(-0.244,-0.341333333333333,-0.2735));
#7455=CARTESIAN_POINT('',(-0.234,-0.016,-0.2735));
#7456=CARTESIAN_POINT('',(-0.228,-0.016,-0.2735));
#7457=CARTESIAN_POINT('',(-0.228,-0.016,0.2235));
#7458=CARTESIAN_POINT('',(-0.228,-0.016,-0.2235));
#7459=CARTESIAN_POINT('',(-0.234,-0.016,0.2235));
#7460=CARTESIAN_POINT('',(-0.234,-0.016,0.2735));
#7461=CARTESIAN_POINT('',(-0.234,-0.016,0.2835));
#7462=CARTESIAN_POINT('',(-0.234,-0.016,0.2835));
#7463=CARTESIAN_POINT('',(0.234,-0.016,0.2835));
#7464=CARTESIAN_POINT('',(0.234,-0.016,0.2735));
#7465=CARTESIAN_POINT('',(0.244,-0.016,0.2735));
#7466=CARTESIAN_POINT('',(0.244,-0.016,0.2735));
#7467=CARTESIAN_POINT('',(0.244,-0.016,0.2235));
#7468=CARTESIAN_POINT('',(-0.234,-0.016,0.2235));
#7469=CARTESIAN_POINT('',(0.228,-0.016,0.2235));
#7470=CARTESIAN_POINT('',(0.228,-0.016,-0.2735));
#7471=CARTESIAN_POINT('',(0.228,-0.016,-0.2235));
#7472=CARTESIAN_POINT('',(-0.234,-0.016,-0.2235));
#7473=CARTESIAN_POINT('',(0.244,-0.016,-0.2235));
#7474=CARTESIAN_POINT('',(0.244,-0.016,0.2735));
#7475=CARTESIAN_POINT('',(0.244,-0.016,-0.2735));
#7476=CARTESIAN_POINT('',(0.234,-0.016,-0.2735));
#7477=CARTESIAN_POINT('',(0.234,-0.016,-0.2835));
#7478=CARTESIAN_POINT('',(0.234,-0.016,-0.2835));
#7479=CARTESIAN_POINT('',(-0.234,-0.016,-0.2835));
#7480=CARTESIAN_POINT('',(-0.234,-0.016,-0.2735));
#7481=CARTESIAN_POINT('',(-0.234,-0.016,-0.2235));
#7482=CARTESIAN_POINT('',(-0.234,-0.341333333333333,-0.2735));
#7483=CARTESIAN_POINT('',(-0.228,-0.341333333333333,0.2035));
#7484=CARTESIAN_POINT('',(-0.228,-0.341333333333333,0.2035));
#7485=CARTESIAN_POINT('',(-0.228,-0.341333333333333,0.2035));
#7486=CARTESIAN_POINT('',(-0.228,-0.341333333333333,-0.2035));
#7487=CARTESIAN_POINT('',(-0.228,-0.341333333333333,-0.2035));
#7488=CARTESIAN_POINT('',(-0.234,-0.341333333333333,-0.2735));
#7489=CARTESIAN_POINT('',(-0.234,-0.341333333333333,-0.2835));
#7490=CARTESIAN_POINT('',(0.234,-0.341333333333333,-0.2835));
#7491=CARTESIAN_POINT('',(-0.1,-0.341333333333333,-0.2835));
#7492=CARTESIAN_POINT('',(-0.1,-0.341333333333333,-0.2735));
#7493=CARTESIAN_POINT('',(-0.1,-0.341333333333333,-0.2675));
#7494=CARTESIAN_POINT('',(0.1,-0.341333333333333,-0.2675));
#7495=CARTESIAN_POINT('',(0.1,-0.341333333333333,-0.2675));
#7496=CARTESIAN_POINT('',(0.1,-0.341333333333333,-0.2735));
#7497=CARTESIAN_POINT('',(0.1,-0.341333333333333,-0.2835));
#7498=CARTESIAN_POINT('',(0.234,-0.341333333333333,-0.2835));
#7499=CARTESIAN_POINT('',(0.234,-0.341333333333333,-0.2835));
#7500=CARTESIAN_POINT('',(0.234,-0.341333333333333,-0.2735));
#7501=CARTESIAN_POINT('',(0.244,-0.341333333333333,-0.2735));
#7502=CARTESIAN_POINT('',(0.244,-0.341333333333333,0.2735));
#7503=CARTESIAN_POINT('',(0.244,-0.341333333333333,-0.2035));
#7504=CARTESIAN_POINT('',(0.228,-0.341333333333333,-0.2035));
#7505=CARTESIAN_POINT('',(0.228,-0.341333333333333,-0.2035));
#7506=CARTESIAN_POINT('',(0.228,-0.341333333333333,0.2035));
#7507=CARTESIAN_POINT('',(0.228,-0.341333333333333,0.2035));
#7508=CARTESIAN_POINT('',(0.228,-0.341333333333333,0.2035));
#7509=CARTESIAN_POINT('',(0.244,-0.341333333333333,0.2035));
#7510=CARTESIAN_POINT('',(0.244,-0.341333333333333,0.2735));
#7511=CARTESIAN_POINT('',(0.244,-0.341333333333333,0.2735));
#7512=CARTESIAN_POINT('',(0.234,-0.341333333333333,0.2735));
#7513=CARTESIAN_POINT('',(0.234,-0.341333333333333,0.2835));
#7514=CARTESIAN_POINT('',(-0.234,-0.341333333333333,0.2835));
#7515=CARTESIAN_POINT('',(0.1,-0.341333333333333,0.2835));
#7516=CARTESIAN_POINT('',(0.1,-0.341333333333333,-0.2735));
#7517=CARTESIAN_POINT('',(0.1,-0.341333333333333,0.2675));
#7518=CARTESIAN_POINT('',(0.1,-0.341333333333333,0.2675));
#7519=CARTESIAN_POINT('',(-0.1,-0.341333333333333,0.2675));
#7520=CARTESIAN_POINT('',(-0.1,-0.341333333333333,-0.2735));
#7521=CARTESIAN_POINT('',(-0.1,-0.341333333333333,0.2835));
#7522=CARTESIAN_POINT('',(-0.234,-0.341333333333333,0.2835));
#7523=CARTESIAN_POINT('',(-0.234,-0.341333333333333,0.2835));
#7524=CARTESIAN_POINT('',(-0.234,-0.341333333333333,0.2735));
#7525=CARTESIAN_POINT('',(0.244,-0.016,0.2735));
#7526=CARTESIAN_POINT('',(0.244,-0.128,0.2235));
#7527=CARTESIAN_POINT('',(0.244,-0.128,0.2235));
#7528=CARTESIAN_POINT('',(0.244,-0.128,0.2035));
#7529=CARTESIAN_POINT('',(0.244,0.,0.2235));
#7530=CARTESIAN_POINT('',(0.244,-0.016,0.2735));
#7531=CARTESIAN_POINT('',(0.244,-0.128,0.2035));
#7532=CARTESIAN_POINT('',(-0.234,-0.016,-0.2735));
#7533=CARTESIAN_POINT('',(-0.234,-0.016,-0.2835));
#7534=CARTESIAN_POINT('',(-0.234,-0.016,0.2735));
#7535=CARTESIAN_POINT('',(-0.234,-0.016,0.2835));
#7536=CARTESIAN_POINT('',(-0.234,-0.016,0.2835));
#7537=CARTESIAN_POINT('',(0.1,-0.336333333333333,0.2835));
#7538=CARTESIAN_POINT('',(0.1,-0.379,0.2835));
#7539=CARTESIAN_POINT('',(0.234,-0.016,0.2835));
#7540=CARTESIAN_POINT('',(-0.1,-0.336333333333333,0.2835));
#7541=CARTESIAN_POINT('',(-0.1,-0.379,0.2835));
#7542=CARTESIAN_POINT('',(0.1,-0.379,0.2835));
#7543=CARTESIAN_POINT('',(0.234,-0.016,0.2735));
#7544=CARTESIAN_POINT('',(0.244,-0.016,0.2735));
#7545=CARTESIAN_POINT('',(0.244,-0.128,-0.2035));
#7546=CARTESIAN_POINT('',(0.244,-0.128,-0.2035));
#7547=CARTESIAN_POINT('',(0.244,-0.128,-0.2235));
#7548=CARTESIAN_POINT('',(0.244,-0.341333333333333,-0.2035));
#7549=CARTESIAN_POINT('',(0.244,-0.016,-0.2735));
#7550=CARTESIAN_POINT('',(0.244,-0.128,-0.2235));
#7551=CARTESIAN_POINT('',(0.234,-0.016,-0.2735));
#7552=CARTESIAN_POINT('',(0.234,-0.016,-0.2835));
#7553=CARTESIAN_POINT('',(0.234,-0.016,-0.2835));
#7554=CARTESIAN_POINT('',(0.1,-0.379,-0.2835));
#7555=CARTESIAN_POINT('',(0.1,-0.379,-0.2835));
#7556=CARTESIAN_POINT('',(0.1,-0.379,-0.2835));
#7557=CARTESIAN_POINT('',(-0.1,-0.379,-0.2835));
#7558=CARTESIAN_POINT('',(-0.1,-0.379,-0.2835));
#7559=CARTESIAN_POINT('',(0.1,-0.379,-0.2675));
#7560=CARTESIAN_POINT('',(-0.1,-0.379,-0.2675));
#7561=CARTESIAN_POINT('',(-0.1,-0.379,-0.2675));
#7562=CARTESIAN_POINT('',(0.1,-0.379,-0.2675));
#7563=CARTESIAN_POINT('',(0.1,-0.379,-0.2675));
#7564=CARTESIAN_POINT('',(0.1,-0.379,-0.2675));
#7565=CARTESIAN_POINT('',(0.1,0.,0.));
#7566=CARTESIAN_POINT('',(0.1,-0.341333333333333,-0.2675));
#7567=CARTESIAN_POINT('',(-0.1,0.,0.));
#7568=CARTESIAN_POINT('',(-0.1,-0.341333333333333,-0.2675));
#7569=CARTESIAN_POINT('',(0.1,-0.341333333333333,-0.2675));
#7570=CARTESIAN_POINT('',(0.1,0.,0.));
#7571=CARTESIAN_POINT('',(0.1,-0.379,0.2835));
#7572=CARTESIAN_POINT('',(0.1,-0.379,0.2675));
#7573=CARTESIAN_POINT('',(0.1,-0.379,0.2675));
#7574=CARTESIAN_POINT('',(-0.1,0.,0.));
#7575=CARTESIAN_POINT('',(-0.1,-0.379,0.2675));
#7576=CARTESIAN_POINT('',(-0.1,-0.379,0.2675));
#7577=CARTESIAN_POINT('',(-0.1,-0.379,0.2835));
#7578=CARTESIAN_POINT('',(0.1,-0.379,0.2835));
#7579=CARTESIAN_POINT('',(0.1,-0.379,0.2675));
#7580=CARTESIAN_POINT('',(0.1,-0.379,0.2675));
#7581=CARTESIAN_POINT('',(0.228,0.,0.2235));
#7582=CARTESIAN_POINT('',(0.228,-0.128,0.2235));
#7583=CARTESIAN_POINT('',(0.228,-0.128,0.2235));
#7584=CARTESIAN_POINT('',(0.228,0.,0.2235));
#7585=CARTESIAN_POINT('',(0.228,-0.128,0.2235));
#7586=CARTESIAN_POINT('',(0.228,-0.128,0.2035));
#7587=CARTESIAN_POINT('',(0.228,-0.128,0.2035));
#7588=CARTESIAN_POINT('',(0.228,-0.128,0.2235));
#7589=CARTESIAN_POINT('',(0.228,-0.128,0.2035));
#7590=CARTESIAN_POINT('',(0.228,-0.128,0.2035));
#7591=CARTESIAN_POINT('',(0.228,-0.341333333333333,-0.2035));
#7592=CARTESIAN_POINT('',(0.228,-0.128,-0.2035));
#7593=CARTESIAN_POINT('',(0.228,-0.128,-0.2035));
#7594=CARTESIAN_POINT('',(0.228,-0.341333333333333,-0.2035));
#7595=CARTESIAN_POINT('',(0.228,-0.128,-0.2035));
#7596=CARTESIAN_POINT('',(0.228,-0.128,-0.2235));
#7597=CARTESIAN_POINT('',(0.228,-0.128,-0.2235));
#7598=CARTESIAN_POINT('',(0.228,-0.128,-0.2035));
#7599=CARTESIAN_POINT('',(0.228,-0.128,-0.2235));
#7600=CARTESIAN_POINT('',(0.228,-0.128,-0.2235));
#7601=CARTESIAN_POINT('',(0.228,0.,0.));
#7602=CARTESIAN_POINT('',(-0.228,0.,0.2235));
#7603=CARTESIAN_POINT('',(-0.228,0.,0.2235));
#7604=CARTESIAN_POINT('',(-0.228,-0.128,0.2235));
#7605=CARTESIAN_POINT('',(-0.228,-0.128,0.2235));
#7606=CARTESIAN_POINT('',(-0.228,-0.128,0.2235));
#7607=CARTESIAN_POINT('',(-0.228,-0.128,0.2235));
#7608=CARTESIAN_POINT('',(-0.228,-0.128,0.2035));
#7609=CARTESIAN_POINT('',(-0.228,-0.128,0.2035));
#7610=CARTESIAN_POINT('',(-0.228,-0.128,0.2035));
#7611=CARTESIAN_POINT('',(-0.228,-0.128,0.2035));
#7612=CARTESIAN_POINT('',(-0.228,-0.341333333333333,-0.2035));
#7613=CARTESIAN_POINT('',(-0.228,-0.341333333333333,-0.2035));
#7614=CARTESIAN_POINT('',(-0.228,-0.128,-0.2035));
#7615=CARTESIAN_POINT('',(-0.228,-0.128,-0.2035));
#7616=CARTESIAN_POINT('',(-0.228,-0.128,-0.2035));
#7617=CARTESIAN_POINT('',(-0.228,-0.128,-0.2035));
#7618=CARTESIAN_POINT('',(-0.228,-0.128,-0.2235));
#7619=CARTESIAN_POINT('',(-0.228,-0.128,-0.2235));
#7620=CARTESIAN_POINT('',(-0.228,-0.128,-0.2235));
#7621=CARTESIAN_POINT('',(-0.228,-0.128,-0.2235));
#7622=CARTESIAN_POINT('',(-0.228,0.,0.));
#7623=CARTESIAN_POINT('',(0.,0.,0.));
#7624=CARTESIAN_POINT('',(-0.244,-0.341333333333333,-0.2735));
#7625=CARTESIAN_POINT('',(-0.244,-0.366333333333333,0.1635));
#7626=CARTESIAN_POINT('',(-0.244,-0.366333333333333,0.1635));
#7627=CARTESIAN_POINT('',(-0.244,-0.366333333333333,-0.1635));
#7628=CARTESIAN_POINT('',(-0.244,-0.341333333333333,-0.1635));
#7629=CARTESIAN_POINT('',(-0.244,-0.409,-0.1635));
#7630=CARTESIAN_POINT('',(-0.244,-0.409,-0.1585));
#7631=CARTESIAN_POINT('',(-0.244,-0.414,-0.1585));
#7632=CARTESIAN_POINT('',(-0.244,-0.414,-0.1585));
#7633=CARTESIAN_POINT('',(-0.244,-0.414,-0.1385));
#7634=CARTESIAN_POINT('',(-0.244,-0.409,-0.1385));
#7635=CARTESIAN_POINT('',(-0.244,-0.409,-0.1335));
#7636=CARTESIAN_POINT('',(-0.244,-0.409,-0.1335));
#7637=CARTESIAN_POINT('',(-0.244,-0.405836431226766,-0.1335));
#7638=CARTESIAN_POINT('',(-0.244,-0.405836431226766,-0.1335));
#7639=CARTESIAN_POINT('',(-0.244,-0.384,0.));
#7640=CARTESIAN_POINT('',(-0.244,-0.384,0.));
#7641=CARTESIAN_POINT('',(-0.244,-0.406,0.1335));
#7642=CARTESIAN_POINT('',(-0.244,-0.406,0.1335));
#7643=CARTESIAN_POINT('',(-0.244,-0.409,0.1335));
#7644=CARTESIAN_POINT('',(-0.244,-0.409,0.1385));
#7645=CARTESIAN_POINT('',(-0.244,-0.414,0.1385));
#7646=CARTESIAN_POINT('',(-0.244,-0.414,0.1385));
#7647=CARTESIAN_POINT('',(-0.244,-0.414,0.1585));
#7648=CARTESIAN_POINT('',(-0.244,-0.409,0.1585));
#7649=CARTESIAN_POINT('',(-0.244,-0.409,0.1635));
#7650=CARTESIAN_POINT('',(-0.244,-0.409,0.1635));
#7651=CARTESIAN_POINT('',(-0.234,-0.341333333333333,-0.2735));
#7652=CARTESIAN_POINT('',(-0.228,-0.341333333333333,-0.2035));
#7653=CARTESIAN_POINT('',(-0.228,-0.341333333333333,-0.2035));
#7654=CARTESIAN_POINT('',(-0.244,-0.341333333333333,-0.2035));
#7655=CARTESIAN_POINT('',(-0.228,-0.341333333333333,0.1635));
#7656=CARTESIAN_POINT('',(-0.228,-0.341333333333333,0.2035));
#7657=CARTESIAN_POINT('',(-0.228,-0.341333333333333,0.2035));
#7658=CARTESIAN_POINT('',(-0.244,-0.341333333333333,0.2035));
#7659=CARTESIAN_POINT('',(-0.244,-0.341333333333333,-0.2735));
#7660=CARTESIAN_POINT('',(-0.244,-0.341333333333333,0.2735));
#7661=CARTESIAN_POINT('',(-0.234,-0.341333333333333,0.2735));
#7662=CARTESIAN_POINT('',(-0.234,-0.341333333333333,0.2835));
#7663=CARTESIAN_POINT('',(-0.234,-0.341333333333333,0.2835));
#7664=CARTESIAN_POINT('',(-0.1,-0.341333333333333,0.2835));
#7665=CARTESIAN_POINT('',(-0.1,-0.341333333333333,-0.2735));
#7666=CARTESIAN_POINT('',(-0.1,-0.341333333333333,0.2675));
#7667=CARTESIAN_POINT('',(-0.234,-0.341333333333333,0.2675));
#7668=CARTESIAN_POINT('',(0.1,-0.341333333333333,0.2675));
#7669=CARTESIAN_POINT('',(0.1,-0.341333333333333,-0.2735));
#7670=CARTESIAN_POINT('',(0.1,-0.341333333333333,0.2835));
#7671=CARTESIAN_POINT('',(-0.234,-0.341333333333333,0.2835));
#7672=CARTESIAN_POINT('',(0.234,-0.341333333333333,0.2835));
#7673=CARTESIAN_POINT('',(0.234,-0.341333333333333,0.2735));
#7674=CARTESIAN_POINT('',(0.244,-0.341333333333333,0.2735));
#7675=CARTESIAN_POINT('',(0.244,-0.341333333333333,0.2735));
#7676=CARTESIAN_POINT('',(0.244,-0.341333333333333,0.2035));
#7677=CARTESIAN_POINT('',(0.228,-0.341333333333333,0.2035));
#7678=CARTESIAN_POINT('',(0.228,-0.341333333333333,0.2035));
#7679=CARTESIAN_POINT('',(0.228,-0.341333333333333,0.1635));
#7680=CARTESIAN_POINT('',(0.228,-0.341333333333333,-0.2035));
#7681=CARTESIAN_POINT('',(0.228,-0.341333333333333,-0.2035));
#7682=CARTESIAN_POINT('',(0.244,-0.341333333333333,-0.2035));
#7683=CARTESIAN_POINT('',(0.244,-0.341333333333333,0.2735));
#7684=CARTESIAN_POINT('',(0.244,-0.341333333333333,-0.2735));
#7685=CARTESIAN_POINT('',(0.234,-0.341333333333333,-0.2735));
#7686=CARTESIAN_POINT('',(0.234,-0.341333333333333,-0.2835));
#7687=CARTESIAN_POINT('',(0.234,-0.341333333333333,-0.2835));
#7688=CARTESIAN_POINT('',(0.1,-0.341333333333333,-0.2835));
#7689=CARTESIAN_POINT('',(0.1,-0.341333333333333,-0.2735));
#7690=CARTESIAN_POINT('',(0.1,-0.341333333333333,-0.2675));
#7691=CARTESIAN_POINT('',(-0.234,-0.341333333333333,-0.2675));
#7692=CARTESIAN_POINT('',(-0.1,-0.341333333333333,-0.2675));
#7693=CARTESIAN_POINT('',(-0.1,-0.341333333333333,-0.2735));
#7694=CARTESIAN_POINT('',(-0.1,-0.341333333333333,-0.2835));
#7695=CARTESIAN_POINT('',(0.234,-0.341333333333333,-0.2835));
#7696=CARTESIAN_POINT('',(-0.234,-0.341333333333333,-0.2835));
#7697=CARTESIAN_POINT('',(-0.234,-0.341333333333333,-0.2735));
#7698=CARTESIAN_POINT('',(-0.244,-0.341333333333333,-0.2735));
#7699=CARTESIAN_POINT('',(-0.244,-0.341333333333333,-0.2735));
#7700=CARTESIAN_POINT('',(0.244,-0.341333333333333,0.2735));
#7701=CARTESIAN_POINT('',(0.244,-0.366333333333333,0.1635));
#7702=CARTESIAN_POINT('',(0.244,-0.366333333333333,0.1635));
#7703=CARTESIAN_POINT('',(0.244,-0.366333333333333,-0.1635));
#7704=CARTESIAN_POINT('',(0.244,-0.409,0.1635));
#7705=CARTESIAN_POINT('',(0.244,-0.409,0.1635));
#7706=CARTESIAN_POINT('',(0.244,-0.409,0.1585));
#7707=CARTESIAN_POINT('',(0.244,-0.414,0.1585));
#7708=CARTESIAN_POINT('',(0.244,-0.414,0.1385));
#7709=CARTESIAN_POINT('',(0.244,-0.414,0.1385));
#7710=CARTESIAN_POINT('',(0.244,-0.409,0.1385));
#7711=CARTESIAN_POINT('',(0.244,-0.409,0.1335));
#7712=CARTESIAN_POINT('',(0.244,-0.406,0.1335));
#7713=CARTESIAN_POINT('',(0.244,-0.406,0.1335));
#7714=CARTESIAN_POINT('',(0.244,-0.384,0.));
#7715=CARTESIAN_POINT('',(0.244,-0.384,0.));
#7716=CARTESIAN_POINT('',(0.244,-0.405836431226766,-0.1335));
#7717=CARTESIAN_POINT('',(0.244,-0.405836431226766,-0.1335));
#7718=CARTESIAN_POINT('',(0.244,-0.409,-0.1335));
#7719=CARTESIAN_POINT('',(0.244,-0.409,-0.1335));
#7720=CARTESIAN_POINT('',(0.244,-0.409,-0.1385));
#7721=CARTESIAN_POINT('',(0.244,-0.414,-0.1385));
#7722=CARTESIAN_POINT('',(0.244,-0.414,-0.1585));
#7723=CARTESIAN_POINT('',(0.244,-0.414,-0.1585));
#7724=CARTESIAN_POINT('',(0.244,-0.409,-0.1585));
#7725=CARTESIAN_POINT('',(0.244,-0.409,-0.1635));
#7726=CARTESIAN_POINT('',(0.244,-0.341333333333333,-0.1635));
#7727=CARTESIAN_POINT('',(0.228,-0.341333333333333,-0.1635));
#7728=CARTESIAN_POINT('',(0.228,-0.350333333333333,-0.1635));
#7729=CARTESIAN_POINT('',(0.228,-0.350333333333333,-0.1635));
#7730=CARTESIAN_POINT('',(0.228,-0.409,-0.1635));
#7731=CARTESIAN_POINT('',(0.228,-0.409,-0.1635));
#7732=CARTESIAN_POINT('',(0.228,-0.341333333333333,-0.1635));
#7733=CARTESIAN_POINT('',(0.228,-0.409,0.1635));
#7734=CARTESIAN_POINT('',(0.228,-0.350333333333333,0.1635));
#7735=CARTESIAN_POINT('',(0.228,-0.350333333333333,0.1635));
#7736=CARTESIAN_POINT('',(0.228,-0.409,0.1635));
#7737=CARTESIAN_POINT('',(0.228,-0.409,0.1635));
#7738=CARTESIAN_POINT('',(0.228,-0.409,0.1635));
#7739=CARTESIAN_POINT('',(-0.228,-0.341333333333333,-0.1635));
#7740=CARTESIAN_POINT('',(-0.244,-0.366333333333333,-0.1635));
#7741=CARTESIAN_POINT('',(-0.228,-0.350333333333333,-0.1635));
#7742=CARTESIAN_POINT('',(-0.228,-0.341333333333333,-0.1635));
#7743=CARTESIAN_POINT('',(-0.228,-0.409,-0.1635));
#7744=CARTESIAN_POINT('',(-0.228,-0.409,-0.1635));
#7745=CARTESIAN_POINT('',(-0.228,-0.409,0.1635));
#7746=CARTESIAN_POINT('',(-0.228,-0.409,0.1635));
#7747=CARTESIAN_POINT('',(-0.228,-0.409,0.1635));
#7748=CARTESIAN_POINT('',(-0.228,-0.350333333333333,0.1635));
#7749=CARTESIAN_POINT('',(-0.244,-0.366333333333333,0.1635));
#7750=CARTESIAN_POINT('',(-0.228,-0.409,0.1635));
#7751=CARTESIAN_POINT('',(0.,-0.492,0.));
#7752=CARTESIAN_POINT('',(-0.232,-0.492,-0.2435));
#7753=CARTESIAN_POINT('',(-0.244,-0.492,-0.2435));
#7754=CARTESIAN_POINT('',(-0.256,-0.492,-0.2435));
#7755=CARTESIAN_POINT('',(-0.184,-0.492,-0.2435));
#7756=CARTESIAN_POINT('',(-0.184,-0.492,-0.2435));
#7757=CARTESIAN_POINT('',(-0.184,-0.492,-0.2835));
#7758=CARTESIAN_POINT('',(-0.184,-0.492,-0.2835));
#7759=CARTESIAN_POINT('',(0.184,-0.492,-0.2835));
#7760=CARTESIAN_POINT('',(0.184,-0.492,-0.2835));
#7761=CARTESIAN_POINT('',(0.184,-0.492,-0.2435));
#7762=CARTESIAN_POINT('',(0.184,-0.492,-0.2435));
#7763=CARTESIAN_POINT('',(0.244,-0.492,-0.2435));
#7764=CARTESIAN_POINT('',(0.244,-0.492,-0.2435));
#7765=CARTESIAN_POINT('',(0.244,-0.492,0.2435));
#7766=CARTESIAN_POINT('',(0.244,-0.492,-0.2035));
#7767=CARTESIAN_POINT('',(0.228,-0.492,-0.2035));
#7768=CARTESIAN_POINT('',(0.228,-0.492,-0.2035));
#7769=CARTESIAN_POINT('',(0.228,-0.492,-0.1585));
#7770=CARTESIAN_POINT('',(0.228,-0.492,0.2035));
#7771=CARTESIAN_POINT('',(0.228,-0.492,0.2035));
#7772=CARTESIAN_POINT('',(0.244,-0.492,0.2035));
#7773=CARTESIAN_POINT('',(0.244,-0.492,0.2435));
#7774=CARTESIAN_POINT('',(0.244,-0.492,0.2435));
#7775=CARTESIAN_POINT('',(0.184,-0.492,0.2435));
#7776=CARTESIAN_POINT('',(0.184,-0.492,0.2435));
#7777=CARTESIAN_POINT('',(0.184,-0.492,0.2835));
#7778=CARTESIAN_POINT('',(0.184,-0.492,0.2835));
#7779=CARTESIAN_POINT('',(-0.184,-0.492,0.2835));
#7780=CARTESIAN_POINT('',(-0.184,-0.492,0.2835));
#7781=CARTESIAN_POINT('',(-0.184,-0.492,0.2435));
#7782=CARTESIAN_POINT('',(-0.184,-0.492,0.2435));
#7783=CARTESIAN_POINT('',(-0.244,-0.492,0.2435));
#7784=CARTESIAN_POINT('',(-0.244,-0.492,0.2435));
#7785=CARTESIAN_POINT('',(-0.256,-0.492,0.2435));
#7786=CARTESIAN_POINT('',(-0.256,-0.492,0.2435));
#7787=CARTESIAN_POINT('',(-0.256,-0.492,0.2035));
#7788=CARTESIAN_POINT('',(-0.256,-0.492,0.2035));
#7789=CARTESIAN_POINT('',(-0.244,-0.492,0.2035));
#7790=CARTESIAN_POINT('',(-0.228,-0.492,0.2035));
#7791=CARTESIAN_POINT('',(-0.228,-0.492,-0.1585));
#7792=CARTESIAN_POINT('',(-0.228,-0.492,-0.2035));
#7793=CARTESIAN_POINT('',(-0.256,-0.492,-0.2035));
#7794=CARTESIAN_POINT('',(-0.256,-0.492,-0.2035));
#7795=CARTESIAN_POINT('',(-0.256,-0.492,-0.2435));
#7796=CARTESIAN_POINT('',(-0.184,-0.492,-0.2235));
#7797=CARTESIAN_POINT('',(-0.184,-0.492,-0.2335));
#7798=CARTESIAN_POINT('',(-0.194,-0.492,-0.2235));
#7799=CARTESIAN_POINT('',(-0.194,-0.492,-0.2235));
#7800=CARTESIAN_POINT('',(-0.194,-0.492,0.2235));
#7801=CARTESIAN_POINT('',(-0.184,-0.492,0.2235));
#7802=CARTESIAN_POINT('',(-0.184,-0.492,0.2335));
#7803=CARTESIAN_POINT('',(-0.184,-0.492,0.2335));
#7804=CARTESIAN_POINT('',(0.184,-0.492,0.2335));
#7805=CARTESIAN_POINT('',(0.184,-0.492,0.2235));
#7806=CARTESIAN_POINT('',(0.194,-0.492,0.2235));
#7807=CARTESIAN_POINT('',(0.194,-0.492,0.2235));
#7808=CARTESIAN_POINT('',(0.194,-0.492,-0.2235));
#7809=CARTESIAN_POINT('',(0.184,-0.492,-0.2235));
#7810=CARTESIAN_POINT('',(0.184,-0.492,-0.2335));
#7811=CARTESIAN_POINT('',(0.184,-0.492,-0.2335));
#7812=CARTESIAN_POINT('',(-0.244,-0.341333333333333,-0.2735));
#7813=CARTESIAN_POINT('',(-0.244,-0.492,0.2435));
#7814=CARTESIAN_POINT('',(-0.244,-0.512,0.2435));
#7815=CARTESIAN_POINT('',(-0.244,-0.512,-0.2735));
#7816=CARTESIAN_POINT('',(-0.244,-0.512,0.2735));
#7817=CARTESIAN_POINT('',(-0.244,-0.341333333333333,0.2735));
#7818=CARTESIAN_POINT('',(-0.244,-0.341333333333333,0.2035));
#7819=CARTESIAN_POINT('',(-0.244,-0.384,0.2035));
#7820=CARTESIAN_POINT('',(-0.244,-0.384,-0.2735));
#7821=CARTESIAN_POINT('',(-0.244,-0.384,0.2435));
#7822=CARTESIAN_POINT('',(-0.244,-0.341333333333333,0.2435));
#7823=CARTESIAN_POINT('',(-0.244,-0.341333333333333,-0.2735));
#7824=CARTESIAN_POINT('',(-0.244,-0.492,-0.2435));
#7825=CARTESIAN_POINT('',(-0.244,-0.512,-0.2435));
#7826=CARTESIAN_POINT('',(-0.244,-0.341333333333333,-0.2435));
#7827=CARTESIAN_POINT('',(-0.244,-0.384,-0.2435));
#7828=CARTESIAN_POINT('',(-0.244,-0.384,-0.2735));
#7829=CARTESIAN_POINT('',(-0.244,-0.384,-0.2035));
#7830=CARTESIAN_POINT('',(-0.244,-0.512,-0.2035));
#7831=CARTESIAN_POINT('',(-0.244,-0.341333333333333,-0.2735));
#7832=CARTESIAN_POINT('',(-0.244,-0.512,-0.2735));
#7833=CARTESIAN_POINT('',(-0.244,-0.512,-0.2735));
#7834=CARTESIAN_POINT('',(-0.234,-0.512,-0.2735));
#7835=CARTESIAN_POINT('',(-0.244,-0.512,0.2435));
#7836=CARTESIAN_POINT('',(-0.184,-0.512,0.2435));
#7837=CARTESIAN_POINT('',(-0.184,-0.512,0.2955));
#7838=CARTESIAN_POINT('',(-0.184,-0.512,0.2955));
#7839=CARTESIAN_POINT('',(-0.224,-0.512,0.2955));
#7840=CARTESIAN_POINT('',(-0.224,-0.512,0.2955));
#7841=CARTESIAN_POINT('',(-0.224,-0.512,0.2715));
#7842=CARTESIAN_POINT('',(-0.224,-0.512,0.2835));
#7843=CARTESIAN_POINT('',(-0.234,-0.512,0.2835));
#7844=CARTESIAN_POINT('',(-0.234,-0.512,0.2835));
#7845=CARTESIAN_POINT('',(-0.234,-0.512,0.2735));
#7846=CARTESIAN_POINT('',(-0.234,-0.512,-0.2735));
#7847=CARTESIAN_POINT('',(0.184,-0.512,0.2835));
#7848=CARTESIAN_POINT('',(0.184,-0.512,0.2435));
#7849=CARTESIAN_POINT('',(0.184,-0.512,0.2955));
#7850=CARTESIAN_POINT('',(0.184,-0.512,0.2435));
#7851=CARTESIAN_POINT('',(0.244,-0.512,0.2435));
#7852=CARTESIAN_POINT('',(0.244,-0.512,0.2735));
#7853=CARTESIAN_POINT('',(0.244,-0.512,0.2735));
#7854=CARTESIAN_POINT('',(0.234,-0.512,0.2735));
#7855=CARTESIAN_POINT('',(0.234,-0.512,0.2835));
#7856=CARTESIAN_POINT('',(-0.234,-0.512,0.2835));
#7857=CARTESIAN_POINT('',(0.224,-0.512,0.2835));
#7858=CARTESIAN_POINT('',(0.224,-0.512,0.2955));
#7859=CARTESIAN_POINT('',(0.224,-0.512,0.2955));
#7860=CARTESIAN_POINT('',(0.184,-0.512,0.2955));
#7861=CARTESIAN_POINT('',(-0.234,-0.512,-0.2735));
#7862=CARTESIAN_POINT('',(0.244,-0.512,-0.2435));
#7863=CARTESIAN_POINT('',(0.244,-0.512,-0.2435));
#7864=CARTESIAN_POINT('',(0.184,-0.512,-0.2435));
#7865=CARTESIAN_POINT('',(0.184,-0.512,-0.2435));
#7866=CARTESIAN_POINT('',(0.184,-0.512,-0.2835));
#7867=CARTESIAN_POINT('',(0.234,-0.512,-0.2835));
#7868=CARTESIAN_POINT('',(0.234,-0.512,-0.2835));
#7869=CARTESIAN_POINT('',(0.234,-0.512,-0.2735));
#7870=CARTESIAN_POINT('',(0.244,-0.512,-0.2735));
#7871=CARTESIAN_POINT('',(0.244,-0.512,0.2735));
#7872=CARTESIAN_POINT('',(-0.234,-0.512,-0.2735));
#7873=CARTESIAN_POINT('',(-0.184,-0.512,-0.2835));
#7874=CARTESIAN_POINT('',(-0.184,-0.512,-0.2835));
#7875=CARTESIAN_POINT('',(-0.184,-0.512,-0.2435));
#7876=CARTESIAN_POINT('',(-0.184,-0.512,-0.2435));
#7877=CARTESIAN_POINT('',(-0.234,-0.512,-0.2735));
#7878=CARTESIAN_POINT('',(-0.234,-0.512,-0.2835));
#7879=CARTESIAN_POINT('',(0.234,-0.512,-0.2835));
#7880=CARTESIAN_POINT('',(0.244,-0.341333333333333,0.2735));
#7881=CARTESIAN_POINT('',(0.244,-0.492,0.2435));
#7882=CARTESIAN_POINT('',(0.244,-0.341333333333333,0.2035));
#7883=CARTESIAN_POINT('',(0.244,-0.341333333333333,0.2735));
#7884=CARTESIAN_POINT('',(0.244,-0.341333333333333,0.2735));
#7885=CARTESIAN_POINT('',(0.244,-0.492,-0.2435));
#7886=CARTESIAN_POINT('',(0.244,-0.341333333333333,-0.2735));
#7887=CARTESIAN_POINT('',(0.244,-0.512,-0.2035));
#7888=CARTESIAN_POINT('',(0.234,-0.341333333333333,-0.2835));
#7889=CARTESIAN_POINT('',(0.184,-0.492,-0.2835));
#7890=CARTESIAN_POINT('',(-0.184,-0.492,-0.2835));
#7891=CARTESIAN_POINT('',(-0.234,-0.341333333333333,-0.2835));
#7892=CARTESIAN_POINT('',(-0.1,-0.379,-0.2835));
#7893=CARTESIAN_POINT('',(-0.1,-0.379,-0.2835));
#7894=CARTESIAN_POINT('',(0.1,-0.379,-0.2835));
#7895=CARTESIAN_POINT('',(0.1,-0.379,-0.2835));
#7896=CARTESIAN_POINT('',(0.1,-0.379,-0.2835));
#7897=CARTESIAN_POINT('',(0.234,-0.341333333333333,-0.2835));
#7898=CARTESIAN_POINT('',(-0.234,-0.341333333333333,0.2835));
#7899=CARTESIAN_POINT('',(-0.184,-0.404,0.2835));
#7900=CARTESIAN_POINT('',(-0.184,-0.404,0.2835));
#7901=CARTESIAN_POINT('',(0.184,-0.404,0.2835));
#7902=CARTESIAN_POINT('',(0.184,-0.404,0.2835));
#7903=CARTESIAN_POINT('',(-0.234,-0.404,0.2835));
#7904=CARTESIAN_POINT('',(0.224,-0.404,0.2835));
#7905=CARTESIAN_POINT('',(0.224,-0.341333333333333,0.2835));
#7906=CARTESIAN_POINT('',(0.234,-0.341333333333333,0.2835));
#7907=CARTESIAN_POINT('',(0.1,-0.251,0.2835));
#7908=CARTESIAN_POINT('',(0.1,-0.379,0.2835));
#7909=CARTESIAN_POINT('',(0.1,-0.379,0.2835));
#7910=CARTESIAN_POINT('',(-0.1,-0.379,0.2835));
#7911=CARTESIAN_POINT('',(-0.1,-0.251,0.2835));
#7912=CARTESIAN_POINT('',(-0.234,-0.341333333333333,0.2835));
#7913=CARTESIAN_POINT('',(-0.224,-0.341333333333333,0.2835));
#7914=CARTESIAN_POINT('',(-0.224,-0.404,0.2835));
#7915=CARTESIAN_POINT('',(-0.234,-0.404,0.2835));
#7916=CARTESIAN_POINT('',(-0.234,-0.341333333333333,-0.2735));
#7917=CARTESIAN_POINT('',(-0.234,-0.341333333333333,0.2735));
#7918=CARTESIAN_POINT('',(0.234,-0.341333333333333,0.2735));
#7919=CARTESIAN_POINT('',(0.234,-0.341333333333333,-0.2735));
#7920=CARTESIAN_POINT('',(-0.256,-0.384,0.2035));
#7921=CARTESIAN_POINT('',(-0.256,-0.384,0.2435));
#7922=CARTESIAN_POINT('',(-0.256,-0.384,0.2435));
#7923=CARTESIAN_POINT('',(-0.256,-0.384,0.2035));
#7924=CARTESIAN_POINT('',(-0.256,-0.384,0.2035));
#7925=CARTESIAN_POINT('',(-0.256,-0.384,0.2035));
#7926=CARTESIAN_POINT('',(0.,-0.384,0.));
#7927=CARTESIAN_POINT('',(-0.244,-0.384,0.2035));
#7928=CARTESIAN_POINT('',(-0.256,-0.384,0.2435));
#7929=CARTESIAN_POINT('',(-0.256,-0.384,0.2435));
#7930=CARTESIAN_POINT('',(-0.244,-0.384,0.2035));
#7931=CARTESIAN_POINT('',(-0.228,-0.341333333333333,0.2035));
#7932=CARTESIAN_POINT('',(-0.232,-0.384,-0.2435));
#7933=CARTESIAN_POINT('',(-0.232,-0.384,-0.2435));
#7934=CARTESIAN_POINT('',(-0.256,-0.384,-0.2435));
#7935=CARTESIAN_POINT('',(-0.256,-0.384,-0.2435));
#7936=CARTESIAN_POINT('',(0.,-0.384,0.));
#7937=CARTESIAN_POINT('',(-0.256,-0.384,-0.2435));
#7938=CARTESIAN_POINT('',(-0.256,-0.384,-0.2035));
#7939=CARTESIAN_POINT('',(-0.256,-0.384,-0.2035));
#7940=CARTESIAN_POINT('',(-0.256,-0.384,-0.2435));
#7941=CARTESIAN_POINT('',(-0.256,-0.384,-0.2035));
#7942=CARTESIAN_POINT('',(-0.256,-0.384,-0.2035));
#7943=CARTESIAN_POINT('',(-0.228,-0.512,-0.2035));
#7944=CARTESIAN_POINT('',(0.228,-0.341333333333333,0.2035));
#7945=CARTESIAN_POINT('',(0.228,-0.341333333333333,0.2035));
#7946=CARTESIAN_POINT('',(0.228,-0.512,-0.2035));
#7947=CARTESIAN_POINT('',(0.228,-0.512,-0.2035));
#7948=CARTESIAN_POINT('',(0.228,-0.409,-0.1585));
#7949=CARTESIAN_POINT('',(0.228,-0.414,-0.1585));
#7950=CARTESIAN_POINT('',(0.228,-0.414,-0.1585));
#7951=CARTESIAN_POINT('',(0.228,-0.409,-0.1585));
#7952=CARTESIAN_POINT('',(0.228,-0.414,-0.1585));
#7953=CARTESIAN_POINT('',(0.228,-0.414,-0.1385));
#7954=CARTESIAN_POINT('',(0.228,-0.414,-0.1385));
#7955=CARTESIAN_POINT('',(0.228,-0.414,-0.1585));
#7956=CARTESIAN_POINT('',(0.228,-0.409,-0.1385));
#7957=CARTESIAN_POINT('',(0.228,-0.409,-0.1335));
#7958=CARTESIAN_POINT('',(0.228,-0.409,-0.1335));
#7959=CARTESIAN_POINT('',(0.228,-0.409,-0.1385));
#7960=CARTESIAN_POINT('',(0.228,-0.409,-0.1335));
#7961=CARTESIAN_POINT('',(0.228,-0.405836431226766,-0.1335));
#7962=CARTESIAN_POINT('',(0.228,-0.405836431226766,-0.1335));
#7963=CARTESIAN_POINT('',(0.228,-0.409,-0.1335));
#7964=CARTESIAN_POINT('',(0.228,-0.405836431226766,-0.1335));
#7965=CARTESIAN_POINT('',(0.228,-0.384,0.));
#7966=CARTESIAN_POINT('',(0.228,-0.384,0.));
#7967=CARTESIAN_POINT('',(0.228,-0.405836431226766,-0.1335));
#7968=CARTESIAN_POINT('',(0.228,-0.384,0.));
#7969=CARTESIAN_POINT('',(0.228,-0.406,0.1335));
#7970=CARTESIAN_POINT('',(0.228,-0.406,0.1335));
#7971=CARTESIAN_POINT('',(0.228,-0.384,0.));
#7972=CARTESIAN_POINT('',(0.228,-0.406,0.1335));
#7973=CARTESIAN_POINT('',(0.228,-0.409,0.1335));
#7974=CARTESIAN_POINT('',(0.228,-0.409,0.1335));
#7975=CARTESIAN_POINT('',(0.228,-0.406,0.1335));
#7976=CARTESIAN_POINT('',(0.228,-0.409,0.1385));
#7977=CARTESIAN_POINT('',(0.228,-0.414,0.1385));
#7978=CARTESIAN_POINT('',(0.228,-0.414,0.1385));
#7979=CARTESIAN_POINT('',(0.228,-0.409,0.1385));
#7980=CARTESIAN_POINT('',(0.228,-0.414,0.1385));
#7981=CARTESIAN_POINT('',(0.228,-0.414,0.1585));
#7982=CARTESIAN_POINT('',(0.228,-0.414,0.1585));
#7983=CARTESIAN_POINT('',(0.228,-0.414,0.1385));
#7984=CARTESIAN_POINT('',(0.228,-0.409,0.1585));
#7985=CARTESIAN_POINT('',(0.228,-0.409,0.1585));
#7986=CARTESIAN_POINT('',(0.228,-0.409,-0.1585));
#7987=CARTESIAN_POINT('',(0.228,-0.350333333333333,0.1635));
#7988=CARTESIAN_POINT('',(-0.228,-0.409,-0.1585));
#7989=CARTESIAN_POINT('',(-0.228,-0.409,-0.1585));
#7990=CARTESIAN_POINT('',(-0.228,-0.414,-0.1585));
#7991=CARTESIAN_POINT('',(-0.228,-0.414,-0.1585));
#7992=CARTESIAN_POINT('',(-0.228,-0.414,-0.1585));
#7993=CARTESIAN_POINT('',(-0.228,-0.414,-0.1585));
#7994=CARTESIAN_POINT('',(-0.228,-0.414,-0.1385));
#7995=CARTESIAN_POINT('',(-0.228,-0.414,-0.1385));
#7996=CARTESIAN_POINT('',(-0.228,-0.409,-0.1385));
#7997=CARTESIAN_POINT('',(-0.228,-0.409,-0.1385));
#7998=CARTESIAN_POINT('',(-0.228,-0.409,-0.1335));
#7999=CARTESIAN_POINT('',(-0.228,-0.409,-0.1335));
#8000=CARTESIAN_POINT('',(-0.228,-0.409,-0.1335));
#8001=CARTESIAN_POINT('',(-0.228,-0.409,-0.1335));
#8002=CARTESIAN_POINT('',(-0.228,-0.405836431226766,-0.1335));
#8003=CARTESIAN_POINT('',(-0.228,-0.405836431226766,-0.1335));
#8004=CARTESIAN_POINT('',(-0.228,-0.405836431226766,-0.1335));
#8005=CARTESIAN_POINT('',(-0.228,-0.405836431226766,-0.1335));
#8006=CARTESIAN_POINT('',(-0.228,-0.384,0.));
#8007=CARTESIAN_POINT('',(-0.228,-0.384,0.));
#8008=CARTESIAN_POINT('',(-0.228,-0.384,0.));
#8009=CARTESIAN_POINT('',(-0.228,-0.384,0.));
#8010=CARTESIAN_POINT('',(-0.228,-0.406,0.1335));
#8011=CARTESIAN_POINT('',(-0.228,-0.406,0.1335));
#8012=CARTESIAN_POINT('',(-0.228,-0.406,0.1335));
#8013=CARTESIAN_POINT('',(-0.228,-0.406,0.1335));
#8014=CARTESIAN_POINT('',(-0.228,-0.409,0.1335));
#8015=CARTESIAN_POINT('',(-0.228,-0.409,0.1335));
#8016=CARTESIAN_POINT('',(-0.228,-0.409,0.1385));
#8017=CARTESIAN_POINT('',(-0.228,-0.409,0.1385));
#8018=CARTESIAN_POINT('',(-0.228,-0.414,0.1385));
#8019=CARTESIAN_POINT('',(-0.228,-0.414,0.1385));
#8020=CARTESIAN_POINT('',(-0.228,-0.414,0.1385));
#8021=CARTESIAN_POINT('',(-0.228,-0.414,0.1385));
#8022=CARTESIAN_POINT('',(-0.228,-0.414,0.1585));
#8023=CARTESIAN_POINT('',(-0.228,-0.414,0.1585));
#8024=CARTESIAN_POINT('',(-0.228,-0.409,0.1585));
#8025=CARTESIAN_POINT('',(-0.228,-0.409,0.1585));
#8026=CARTESIAN_POINT('',(-0.228,-0.409,-0.1585));
#8027=CARTESIAN_POINT('',(-0.228,-0.350333333333333,0.1635));
#8028=CARTESIAN_POINT('',(0.184,-0.404,0.2955));
#8029=CARTESIAN_POINT('',(0.224,-0.404,0.2955));
#8030=CARTESIAN_POINT('',(0.224,-0.404,0.2955));
#8031=CARTESIAN_POINT('',(0.184,-0.404,0.2955));
#8032=CARTESIAN_POINT('',(0.184,-0.404,0.2955));
#8033=CARTESIAN_POINT('',(0.184,-0.404,0.2955));
#8034=CARTESIAN_POINT('',(0.,-0.404,0.));
#8035=CARTESIAN_POINT('',(0.184,-0.404,0.2835));
#8036=CARTESIAN_POINT('',(0.224,-0.404,0.2955));
#8037=CARTESIAN_POINT('',(0.224,-0.404,0.2955));
#8038=CARTESIAN_POINT('',(0.184,-0.404,0.2835));
#8039=CARTESIAN_POINT('',(0.184,-0.492,0.2435));
#8040=CARTESIAN_POINT('',(-0.224,-0.404,0.2715));
#8041=CARTESIAN_POINT('',(-0.224,-0.404,0.2715));
#8042=CARTESIAN_POINT('',(-0.224,-0.404,0.2955));
#8043=CARTESIAN_POINT('',(-0.224,-0.404,0.2955));
#8044=CARTESIAN_POINT('',(0.,-0.404,0.));
#8045=CARTESIAN_POINT('',(-0.224,-0.404,0.2955));
#8046=CARTESIAN_POINT('',(-0.184,-0.404,0.2955));
#8047=CARTESIAN_POINT('',(-0.184,-0.404,0.2955));
#8048=CARTESIAN_POINT('',(-0.224,-0.404,0.2955));
#8049=CARTESIAN_POINT('',(-0.184,-0.404,0.2955));
#8050=CARTESIAN_POINT('',(-0.184,-0.404,0.2955));
#8051=CARTESIAN_POINT('',(-0.184,-0.492,0.2435));
#8052=CARTESIAN_POINT('',(0.1,0.,0.));
#8053=CARTESIAN_POINT('',(0.1,-0.379,-0.2675));
#8054=CARTESIAN_POINT('',(0.1,-0.379,-0.2675));
#8055=CARTESIAN_POINT('',(0.1,-0.315,-0.2675));
#8056=CARTESIAN_POINT('',(-0.1,0.,0.));
#8057=CARTESIAN_POINT('',(-0.1,-0.315,-0.2675));
#8058=CARTESIAN_POINT('',(-0.1,-0.379,-0.2675));
#8059=CARTESIAN_POINT('',(-0.1,-0.379,-0.2675));
#8060=CARTESIAN_POINT('',(0.1,-0.379,-0.2675));
#8061=CARTESIAN_POINT('',(0.1,-0.379,-0.2675));
#8062=CARTESIAN_POINT('',(0.1,-0.315,-0.2675));
#8063=CARTESIAN_POINT('',(0.1,0.,0.));
#8064=CARTESIAN_POINT('',(0.1,-0.379,0.2675));
#8065=CARTESIAN_POINT('',(0.1,-0.379,0.2675));
#8066=CARTESIAN_POINT('',(0.1,-0.379,0.2835));
#8067=CARTESIAN_POINT('',(-0.1,0.,0.));
#8068=CARTESIAN_POINT('',(-0.1,-0.379,0.2835));
#8069=CARTESIAN_POINT('',(-0.1,-0.379,0.2675));
#8070=CARTESIAN_POINT('',(-0.1,-0.379,0.2675));
#8071=CARTESIAN_POINT('',(0.1,-0.379,0.2835));
#8072=CARTESIAN_POINT('',(0.1,-0.379,0.2675));
#8073=CARTESIAN_POINT('',(0.1,-0.379,0.2675));
#8074=CARTESIAN_POINT('',(-0.244,-0.492,0.2435));
#8075=CARTESIAN_POINT('',(0.184,-0.492,0.2435));
#8076=CARTESIAN_POINT('',(0.244,-0.492,-0.2435));
#8077=CARTESIAN_POINT('',(0.184,-0.492,-0.2435));
#8078=CARTESIAN_POINT('',(0.184,-0.492,-0.2435));
#8079=CARTESIAN_POINT('',(-0.184,-0.492,-0.2835));
#8080=CARTESIAN_POINT('',(-0.184,-0.492,-0.2435));
#8081=CARTESIAN_POINT('',(-0.184,-0.492,-0.2435));
#8082=CARTESIAN_POINT('',(-0.184,-0.491,-0.2235));
#8083=CARTESIAN_POINT('',(-0.184,-0.491,-0.2335));
#8084=CARTESIAN_POINT('',(-0.184,-0.491,-0.2335));
#8085=CARTESIAN_POINT('',(-0.184,-0.491,-0.2235));
#8086=CARTESIAN_POINT('',(-0.194,-0.491,-0.2235));
#8087=CARTESIAN_POINT('',(-0.194,-0.491,-0.2235));
#8088=CARTESIAN_POINT('',(-0.194,-0.491,-0.2235));
#8089=CARTESIAN_POINT('',(-0.194,-0.491,-0.2235));
#8090=CARTESIAN_POINT('',(-0.194,-0.491,0.2235));
#8091=CARTESIAN_POINT('',(-0.194,-0.491,0.2235));
#8092=CARTESIAN_POINT('',(-0.184,-0.491,0.2235));
#8093=CARTESIAN_POINT('',(-0.184,-0.491,0.2235));
#8094=CARTESIAN_POINT('',(-0.184,-0.491,0.2335));
#8095=CARTESIAN_POINT('',(-0.184,-0.491,0.2335));
#8096=CARTESIAN_POINT('',(-0.184,-0.491,0.2335));
#8097=CARTESIAN_POINT('',(-0.184,-0.491,0.2335));
#8098=CARTESIAN_POINT('',(0.184,-0.491,0.2335));
#8099=CARTESIAN_POINT('',(0.184,-0.491,0.2335));
#8100=CARTESIAN_POINT('',(0.184,-0.491,0.2235));
#8101=CARTESIAN_POINT('',(0.184,-0.491,0.2235));
#8102=CARTESIAN_POINT('',(0.194,-0.491,0.2235));
#8103=CARTESIAN_POINT('',(0.194,-0.491,0.2235));
#8104=CARTESIAN_POINT('',(0.194,-0.491,0.2235));
#8105=CARTESIAN_POINT('',(0.194,-0.491,0.2235));
#8106=CARTESIAN_POINT('',(0.194,-0.491,-0.2235));
#8107=CARTESIAN_POINT('',(0.194,-0.491,-0.2235));
#8108=CARTESIAN_POINT('',(0.184,-0.491,-0.2235));
#8109=CARTESIAN_POINT('',(0.184,-0.491,-0.2235));
#8110=CARTESIAN_POINT('',(0.184,-0.491,-0.2335));
#8111=CARTESIAN_POINT('',(0.184,-0.491,-0.2335));
#8112=CARTESIAN_POINT('',(0.184,-0.491,-0.2335));
#8113=CARTESIAN_POINT('',(0.184,-0.491,-0.2335));
#8114=CARTESIAN_POINT('',(-0.184,-0.491,-0.2235));
#8115=CARTESIAN_POINT('',(-0.1,-0.491,-0.2));
#8116=CARTESIAN_POINT('',(-0.1,-0.491,-0.1845));
#8117=CARTESIAN_POINT('',(0.1,-0.491,0.));
#8118=CARTESIAN_POINT('',(0.1,-0.491,0.0155));
#8119=CARTESIAN_POINT('',(-0.1,-0.491,0.));
#8120=CARTESIAN_POINT('',(-0.1,-0.491,0.0155));
#8121=CARTESIAN_POINT('',(0.1,-0.491,0.2));
#8122=CARTESIAN_POINT('',(0.1,-0.491,0.2155));
#8123=CARTESIAN_POINT('',(-0.1,-0.491,0.2));
#8124=CARTESIAN_POINT('',(-0.1,-0.491,0.2155));
#8125=CARTESIAN_POINT('',(0.1,-0.491,-0.2));
#8126=CARTESIAN_POINT('',(0.1,-0.491,-0.1845));
#8127=CARTESIAN_POINT('',(0.1,-0.482,-0.2));
#8128=CARTESIAN_POINT('',(0.1,-0.482,-0.2));
#8129=CARTESIAN_POINT('',(0.1155,-0.482,-0.2));
#8130=CARTESIAN_POINT('',(0.1,-0.482,-0.2));
#8131=CARTESIAN_POINT('',(-0.1,-0.482,0.2));
#8132=CARTESIAN_POINT('',(-0.1,-0.482,0.2));
#8133=CARTESIAN_POINT('',(-0.0845,-0.482,0.2));
#8134=CARTESIAN_POINT('',(-0.1,-0.482,0.2));
#8135=CARTESIAN_POINT('',(0.1,-0.482,0.2));
#8136=CARTESIAN_POINT('',(0.1,-0.482,0.2));
#8137=CARTESIAN_POINT('',(0.1155,-0.482,0.2));
#8138=CARTESIAN_POINT('',(0.1,-0.482,0.2));
#8139=CARTESIAN_POINT('',(-0.1,-0.482,0.));
#8140=CARTESIAN_POINT('',(-0.1,-0.482,0.));
#8141=CARTESIAN_POINT('',(-0.0845,-0.482,0.));
#8142=CARTESIAN_POINT('',(-0.1,-0.482,0.));
#8143=CARTESIAN_POINT('',(0.1,-0.482,0.));
#8144=CARTESIAN_POINT('',(0.1,-0.482,0.));
#8145=CARTESIAN_POINT('',(0.1155,-0.482,0.));
#8146=CARTESIAN_POINT('',(0.1,-0.482,0.));
#8147=CARTESIAN_POINT('',(-0.1,-0.482,-0.2));
#8148=CARTESIAN_POINT('',(-0.1,-0.482,-0.2));
#8149=CARTESIAN_POINT('',(-0.0845,-0.482,-0.2));
#8150=CARTESIAN_POINT('',(-0.1,-0.482,-0.2));
#8151=CARTESIAN_POINT('',(-0.244,-0.366333333333333,0.1635));
#8152=CARTESIAN_POINT('',(0.228,-0.350333333333333,0.1635));
#8153=CARTESIAN_POINT('',(0.,0.,0.));
#8154=CARTESIAN_POINT('',(-0.184,0.031,-0.2235));
#8155=CARTESIAN_POINT('',(-0.184,0.03,-0.2235));
#8156=CARTESIAN_POINT('',(-0.184,0.03,-0.2335));
#8157=CARTESIAN_POINT('',(-0.194,0.03,-0.2235));
#8158=CARTESIAN_POINT('',(-0.194,0.031,-0.2235));
#8159=CARTESIAN_POINT('',(-0.194,0.031,-0.2235));
#8160=CARTESIAN_POINT('',(-0.184,0.031,-0.2235));
#8161=CARTESIAN_POINT('',(-0.184,0.031,-0.2335));
#8162=CARTESIAN_POINT('',(-0.184,0.031,-0.2335));
#8163=CARTESIAN_POINT('',(-0.194,0.031,-0.2235));
#8164=CARTESIAN_POINT('',(-0.194,0.03,-0.2235));
#8165=CARTESIAN_POINT('',(-0.194,0.03,0.2235));
#8166=CARTESIAN_POINT('',(-0.194,0.031,0.2235));
#8167=CARTESIAN_POINT('',(-0.194,0.031,0.2235));
#8168=CARTESIAN_POINT('',(-0.194,0.031,-0.2235));
#8169=CARTESIAN_POINT('',(-0.184,0.031,0.2235));
#8170=CARTESIAN_POINT('',(-0.184,0.03,0.2235));
#8171=CARTESIAN_POINT('',(-0.184,0.03,0.2335));
#8172=CARTESIAN_POINT('',(-0.184,0.031,0.2335));
#8173=CARTESIAN_POINT('',(-0.184,0.031,0.2335));
#8174=CARTESIAN_POINT('',(-0.184,0.031,0.2235));
#8175=CARTESIAN_POINT('',(-0.184,0.031,0.2335));
#8176=CARTESIAN_POINT('',(-0.184,0.03,0.2335));
#8177=CARTESIAN_POINT('',(0.184,0.03,0.2335));
#8178=CARTESIAN_POINT('',(0.184,0.031,0.2335));
#8179=CARTESIAN_POINT('',(0.184,0.031,0.2335));
#8180=CARTESIAN_POINT('',(-0.184,0.031,0.2335));
#8181=CARTESIAN_POINT('',(0.184,0.031,0.2235));
#8182=CARTESIAN_POINT('',(0.184,0.03,0.2235));
#8183=CARTESIAN_POINT('',(0.194,0.03,0.2235));
#8184=CARTESIAN_POINT('',(0.194,0.031,0.2235));
#8185=CARTESIAN_POINT('',(0.194,0.031,0.2235));
#8186=CARTESIAN_POINT('',(0.184,0.031,0.2235));
#8187=CARTESIAN_POINT('',(0.194,0.031,0.2235));
#8188=CARTESIAN_POINT('',(0.194,0.03,0.2235));
#8189=CARTESIAN_POINT('',(0.194,0.03,-0.2235));
#8190=CARTESIAN_POINT('',(0.194,0.031,-0.2235));
#8191=CARTESIAN_POINT('',(0.194,0.031,-0.2235));
#8192=CARTESIAN_POINT('',(0.194,0.031,0.2235));
#8193=CARTESIAN_POINT('',(0.184,0.031,-0.2235));
#8194=CARTESIAN_POINT('',(0.184,0.03,-0.2235));
#8195=CARTESIAN_POINT('',(0.184,0.03,-0.2335));
#8196=CARTESIAN_POINT('',(0.184,0.031,-0.2335));
#8197=CARTESIAN_POINT('',(0.184,0.031,-0.2335));
#8198=CARTESIAN_POINT('',(0.184,0.031,-0.2235));
#8199=CARTESIAN_POINT('',(0.184,0.031,-0.2335));
#8200=CARTESIAN_POINT('',(0.184,0.03,-0.2335));
#8201=CARTESIAN_POINT('',(0.184,0.031,-0.2335));
#8202=CARTESIAN_POINT('',(-0.184,0.031,-0.2235));
#8203=CARTESIAN_POINT('',(-0.184,0.03,-0.2235));
#8204=CARTESIAN_POINT('',(0.1,0.03,-0.2));
#8205=CARTESIAN_POINT('',(0.1155,0.03,-0.2));
#8206=CARTESIAN_POINT('',(-0.1,0.03,0.));
#8207=CARTESIAN_POINT('',(-0.0845,0.03,0.));
#8208=CARTESIAN_POINT('',(0.1,0.03,0.));
#8209=CARTESIAN_POINT('',(0.1155,0.03,0.));
#8210=CARTESIAN_POINT('',(-0.1,0.03,0.2));
#8211=CARTESIAN_POINT('',(-0.0845,0.03,0.2));
#8212=CARTESIAN_POINT('',(0.1,0.03,0.2));
#8213=CARTESIAN_POINT('',(0.1155,0.03,0.2));
#8214=CARTESIAN_POINT('',(-0.1,0.03,-0.2));
#8215=CARTESIAN_POINT('',(-0.0845,0.03,-0.2));
#8216=CARTESIAN_POINT('',(-0.1,-0.142,-0.2));
#8217=CARTESIAN_POINT('',(-0.1,-0.142,-0.2));
#8218=CARTESIAN_POINT('',(-0.0845,-0.142,-0.2));
#8219=CARTESIAN_POINT('',(-0.1,-0.142,-0.2));
#8220=CARTESIAN_POINT('',(0.1,-0.142,0.2));
#8221=CARTESIAN_POINT('',(0.1,-0.142,0.2));
#8222=CARTESIAN_POINT('',(0.1155,-0.142,0.2));
#8223=CARTESIAN_POINT('',(0.1,-0.142,0.2));
#8224=CARTESIAN_POINT('',(-0.1,-0.142,0.2));
#8225=CARTESIAN_POINT('',(-0.1,-0.142,0.2));
#8226=CARTESIAN_POINT('',(-0.0845,-0.142,0.2));
#8227=CARTESIAN_POINT('',(-0.1,-0.142,0.2));
#8228=CARTESIAN_POINT('',(0.1,-0.142,0.));
#8229=CARTESIAN_POINT('',(0.1,-0.142,0.));
#8230=CARTESIAN_POINT('',(0.1155,-0.142,0.));
#8231=CARTESIAN_POINT('',(0.1,-0.142,0.));
#8232=CARTESIAN_POINT('',(-0.1,-0.142,0.));
#8233=CARTESIAN_POINT('',(-0.1,-0.142,0.));
#8234=CARTESIAN_POINT('',(-0.0845,-0.142,0.));
#8235=CARTESIAN_POINT('',(-0.1,-0.142,0.));
#8236=CARTESIAN_POINT('',(0.1,-0.142,-0.2));
#8237=CARTESIAN_POINT('',(0.1,-0.142,-0.2));
#8238=CARTESIAN_POINT('',(0.1155,-0.142,-0.2));
#8239=CARTESIAN_POINT('',(0.1,-0.142,-0.2));
#8240=CARTESIAN_POINT('',(0.,-0.512,4.18012774108963E-17));
#8241=CARTESIAN_POINT('',(-0.234,0.,-0.2735));
#8242=CARTESIAN_POINT('',(-0.228,0.,0.2235));
#8243=CARTESIAN_POINT('',(-0.228,0.,0.2235));
#8244=CARTESIAN_POINT('',(-0.244,0.,0.2235));
#8245=CARTESIAN_POINT('',(-0.228,0.,-0.2235));
#8246=CARTESIAN_POINT('',(-0.228,0.,-0.2235));
#8247=CARTESIAN_POINT('',(-0.228,0.,-0.2235));
#8248=CARTESIAN_POINT('',(-0.244,0.,-0.2235));
#8249=CARTESIAN_POINT('',(-0.244,0.,-0.2735));
#8250=CARTESIAN_POINT('',(-0.244,0.,-0.2735));
#8251=CARTESIAN_POINT('',(-0.234,0.,-0.2735));
#8252=CARTESIAN_POINT('',(-0.234,0.,-0.2835));
#8253=CARTESIAN_POINT('',(0.234,0.,-0.2835));
#8254=CARTESIAN_POINT('',(0.234,0.,-0.2835));
#8255=CARTESIAN_POINT('',(0.234,0.,-0.2735));
#8256=CARTESIAN_POINT('',(0.244,0.,-0.2735));
#8257=CARTESIAN_POINT('',(0.244,0.,0.2735));
#8258=CARTESIAN_POINT('',(0.244,0.,-0.2235));
#8259=CARTESIAN_POINT('',(0.228,0.,-0.2235));
#8260=CARTESIAN_POINT('',(0.228,0.,-0.2235));
#8261=CARTESIAN_POINT('',(0.228,0.,-0.2235));
#8262=CARTESIAN_POINT('',(0.228,0.,0.2235));
#8263=CARTESIAN_POINT('',(0.228,0.,0.2235));
#8264=CARTESIAN_POINT('',(0.244,0.,0.2235));
#8265=CARTESIAN_POINT('',(0.244,0.,0.2735));
#8266=CARTESIAN_POINT('',(0.244,0.,0.2735));
#8267=CARTESIAN_POINT('',(0.234,0.,0.2735));
#8268=CARTESIAN_POINT('',(0.234,0.,0.2835));
#8269=CARTESIAN_POINT('',(-0.234,0.,0.2835));
#8270=CARTESIAN_POINT('',(-0.234,0.,0.2835));
#8271=CARTESIAN_POINT('',(-0.234,0.,0.2735));
#8272=CARTESIAN_POINT('',(-0.244,0.,0.2735));
#8273=CARTESIAN_POINT('',(-0.244,0.,-0.2735));
#8274=CARTESIAN_POINT('',(-0.234,0.016,-0.2735));
#8275=CARTESIAN_POINT('',(-0.244,0.016,-0.2735));
#8276=CARTESIAN_POINT('',(-0.244,0.016,-0.2735));
#8277=CARTESIAN_POINT('',(-0.234,0.016,-0.2735));
#8278=CARTESIAN_POINT('',(-0.234,0.016,-0.2835));
#8279=CARTESIAN_POINT('',(-0.234,0.016,-0.2835));
#8280=CARTESIAN_POINT('',(-0.244,0.016,-0.2735));
#8281=CARTESIAN_POINT('',(-0.244,-0.112,-0.2235));
#8282=CARTESIAN_POINT('',(-0.244,-0.112,-0.2235));
#8283=CARTESIAN_POINT('',(-0.244,-0.112,-0.2035));
#8284=CARTESIAN_POINT('',(-0.244,-0.112,-0.2035));
#8285=CARTESIAN_POINT('',(-0.244,-0.413237051430104,-0.2035));
#8286=CARTESIAN_POINT('',(-0.244,-0.413237051430104,-0.2035));
#8287=CARTESIAN_POINT('',(-0.244,-0.413237051430104,-0.1785));
#8288=CARTESIAN_POINT('',(-0.244,-0.437628761788146,-0.173018716773474));
#8289=CARTESIAN_POINT('',(-0.244,-0.398748151277253,0.));
#8290=CARTESIAN_POINT('',(-0.244,-0.398748151277253,0.));
#8291=CARTESIAN_POINT('',(-0.244,-0.437628761788146,0.173018716773474));
#8292=CARTESIAN_POINT('',(-0.244,-0.437628761788146,0.173018716773474));
#8293=CARTESIAN_POINT('',(-0.244,-0.413237051430104,0.1785));
#8294=CARTESIAN_POINT('',(-0.244,-0.413237051430104,0.2035));
#8295=CARTESIAN_POINT('',(-0.244,-0.112,0.2035));
#8296=CARTESIAN_POINT('',(-0.244,-0.112,0.2035));
#8297=CARTESIAN_POINT('',(-0.244,-0.112,0.2235));
#8298=CARTESIAN_POINT('',(-0.244,-0.112,0.2235));
#8299=CARTESIAN_POINT('',(-0.244,0.,0.2235));
#8300=CARTESIAN_POINT('',(-0.244,0.016,0.2735));
#8301=CARTESIAN_POINT('',(-0.244,0.016,0.2735));
#8302=CARTESIAN_POINT('',(-0.244,0.016,-0.2735));
#8303=CARTESIAN_POINT('',(-0.244,-0.325333333333333,0.1635));
#8304=CARTESIAN_POINT('',(-0.244,-0.325333333333333,0.1635));
#8305=CARTESIAN_POINT('',(-0.244,-0.395369141955968,0.1635));
#8306=CARTESIAN_POINT('',(-0.244,-0.395369141955968,0.156));
#8307=CARTESIAN_POINT('',(-0.244,-0.40268665506338,0.154355615032042));
#8308=CARTESIAN_POINT('',(-0.244,-0.40268665506338,0.154355615032042));
#8309=CARTESIAN_POINT('',(-0.244,-0.368,0.));
#8310=CARTESIAN_POINT('',(-0.244,-0.368,0.));
#8311=CARTESIAN_POINT('',(-0.244,-0.40268665506338,-0.154355615032042));
#8312=CARTESIAN_POINT('',(-0.244,-0.395369141955968,-0.156));
#8313=CARTESIAN_POINT('',(-0.244,-0.395369141955968,-0.1635));
#8314=CARTESIAN_POINT('',(-0.244,-0.395369141955968,-0.1635));
#8315=CARTESIAN_POINT('',(-0.244,-0.325333333333333,-0.1635));
#8316=CARTESIAN_POINT('',(-0.244,-0.325333333333333,-0.1635));
#8317=CARTESIAN_POINT('',(-0.234,0.016,0.2735));
#8318=CARTESIAN_POINT('',(-0.234,0.016,0.2835));
#8319=CARTESIAN_POINT('',(-0.234,0.016,0.2835));
#8320=CARTESIAN_POINT('',(-0.234,0.016,0.2735));
#8321=CARTESIAN_POINT('',(-0.234,0.016,0.2835));
#8322=CARTESIAN_POINT('',(0.234,0.016,0.2835));
#8323=CARTESIAN_POINT('',(0.234,0.016,0.2835));
#8324=CARTESIAN_POINT('',(-0.234,0.016,0.2835));
#8325=CARTESIAN_POINT('',(0.234,0.016,0.2735));
#8326=CARTESIAN_POINT('',(0.244,0.016,0.2735));
#8327=CARTESIAN_POINT('',(0.244,0.016,0.2735));
#8328=CARTESIAN_POINT('',(0.234,0.016,0.2735));
#8329=CARTESIAN_POINT('',(0.244,0.016,0.2735));
#8330=CARTESIAN_POINT('',(0.244,0.,0.2235));
#8331=CARTESIAN_POINT('',(0.244,-0.112,0.2235));
#8332=CARTESIAN_POINT('',(0.244,-0.112,0.2235));
#8333=CARTESIAN_POINT('',(0.244,-0.112,0.2035));
#8334=CARTESIAN_POINT('',(0.244,-0.112,0.2035));
#8335=CARTESIAN_POINT('',(0.244,-0.413191171568097,0.198242688544473));
#8336=CARTESIAN_POINT('',(0.244,-0.412754861407165,0.173246496165563));
#8337=CARTESIAN_POINT('',(0.244,-0.437047195206908,0.167340353722152));
#8338=CARTESIAN_POINT('',(0.244,-0.437047195206908,0.167340353722152));
#8339=CARTESIAN_POINT('',(0.244,-0.396362097852276,0.));
#8340=CARTESIAN_POINT('',(0.244,-0.396362097852276,0.));
#8341=CARTESIAN_POINT('',(0.244,-0.437047195206908,-0.167340353722152));
#8342=CARTESIAN_POINT('',(0.244,-0.412754861407165,-0.173246496165563));
#8343=CARTESIAN_POINT('',(0.244,-0.413191171568097,-0.198242688544473));
#8344=CARTESIAN_POINT('',(0.244,-0.413191171568097,-0.198242688544473));
#8345=CARTESIAN_POINT('',(0.244,-0.112,-0.2035));
#8346=CARTESIAN_POINT('',(0.244,-0.112,-0.2035));
#8347=CARTESIAN_POINT('',(0.244,-0.112,-0.2235));
#8348=CARTESIAN_POINT('',(0.244,-0.112,-0.2235));
#8349=CARTESIAN_POINT('',(0.244,0.016,-0.2735));
#8350=CARTESIAN_POINT('',(0.244,0.016,-0.2735));
#8351=CARTESIAN_POINT('',(0.244,0.016,0.2735));
#8352=CARTESIAN_POINT('',(0.244,-0.325333333333333,0.1635));
#8353=CARTESIAN_POINT('',(0.244,-0.325333333333333,0.1635));
#8354=CARTESIAN_POINT('',(0.244,-0.395369141955968,0.1635));
#8355=CARTESIAN_POINT('',(0.244,-0.325333333333333,-0.1635));
#8356=CARTESIAN_POINT('',(0.244,-0.325333333333333,-0.1635));
#8357=CARTESIAN_POINT('',(0.244,-0.395369141955968,-0.1635));
#8358=CARTESIAN_POINT('',(0.244,-0.395369141955968,-0.1635));
#8359=CARTESIAN_POINT('',(0.244,-0.395369141955968,-0.156));
#8360=CARTESIAN_POINT('',(0.244,-0.40268665506338,-0.154355615032042));
#8361=CARTESIAN_POINT('',(0.244,-0.368,0.));
#8362=CARTESIAN_POINT('',(0.244,-0.368,0.));
#8363=CARTESIAN_POINT('',(0.244,-0.40268665506338,0.154355615032042));
#8364=CARTESIAN_POINT('',(0.244,-0.40268665506338,0.154355615032042));
#8365=CARTESIAN_POINT('',(0.244,-0.395369141955968,0.156));
#8366=CARTESIAN_POINT('',(0.234,0.016,-0.2735));
#8367=CARTESIAN_POINT('',(0.234,0.016,-0.2835));
#8368=CARTESIAN_POINT('',(0.234,0.016,-0.2835));
#8369=CARTESIAN_POINT('',(0.234,0.016,-0.2735));
#8370=CARTESIAN_POINT('',(0.234,0.016,-0.2835));
#8371=CARTESIAN_POINT('',(0.234,0.016,-0.2835));
#8372=CARTESIAN_POINT('',(-0.234,0.016,-0.2735));
#8373=CARTESIAN_POINT('',(0.228,0.,0.2235));
#8374=CARTESIAN_POINT('',(0.228,0.,0.2235));
#8375=CARTESIAN_POINT('',(0.228,-0.112,0.2235));
#8376=CARTESIAN_POINT('',(0.228,-0.112,0.2235));
#8377=CARTESIAN_POINT('',(0.228,-0.112,0.2235));
#8378=CARTESIAN_POINT('',(0.228,-0.112,0.2235));
#8379=CARTESIAN_POINT('',(0.228,-0.112,0.2035));
#8380=CARTESIAN_POINT('',(0.228,-0.112,0.2035));
#8381=CARTESIAN_POINT('',(0.228,-0.112,0.2035));
#8382=CARTESIAN_POINT('',(0.228,-0.112,0.2035));
#8383=CARTESIAN_POINT('',(0.228,-0.413191171568097,0.198242688544473));
#8384=CARTESIAN_POINT('',(0.228,-0.413191171568097,0.198242688544473));
#8385=CARTESIAN_POINT('',(0.228,-0.412754861407165,0.173246496165563));
#8386=CARTESIAN_POINT('',(0.228,-0.412754861407165,0.173246496165563));
#8387=CARTESIAN_POINT('',(0.228,-0.437047195206908,0.167340353722152));
#8388=CARTESIAN_POINT('',(0.228,-0.437047195206908,0.167340353722152));
#8389=CARTESIAN_POINT('',(0.228,-0.437047195206908,0.167340353722152));
#8390=CARTESIAN_POINT('',(0.228,-0.437047195206908,0.167340353722152));
#8391=CARTESIAN_POINT('',(0.228,-0.396362097852276,0.));
#8392=CARTESIAN_POINT('',(0.228,-0.396362097852276,0.));
#8393=CARTESIAN_POINT('',(0.228,-0.396362097852276,0.));
#8394=CARTESIAN_POINT('',(0.228,-0.396362097852276,0.));
#8395=CARTESIAN_POINT('',(0.228,-0.437047195206908,-0.167340353722152));
#8396=CARTESIAN_POINT('',(0.228,-0.437047195206908,-0.167340353722152));
#8397=CARTESIAN_POINT('',(0.228,-0.412754861407165,-0.173246496165563));
#8398=CARTESIAN_POINT('',(0.228,-0.412754861407165,-0.173246496165563));
#8399=CARTESIAN_POINT('',(0.228,-0.413191171568097,-0.198242688544473));
#8400=CARTESIAN_POINT('',(0.228,-0.413191171568097,-0.198242688544473));
#8401=CARTESIAN_POINT('',(0.228,-0.413191171568097,-0.198242688544473));
#8402=CARTESIAN_POINT('',(0.228,-0.413191171568097,-0.198242688544473));
#8403=CARTESIAN_POINT('',(0.228,-0.112,-0.2035));
#8404=CARTESIAN_POINT('',(0.228,-0.112,-0.2035));
#8405=CARTESIAN_POINT('',(0.228,-0.112,-0.2035));
#8406=CARTESIAN_POINT('',(0.228,-0.112,-0.2035));
#8407=CARTESIAN_POINT('',(0.228,-0.112,-0.2235));
#8408=CARTESIAN_POINT('',(0.228,-0.112,-0.2235));
#8409=CARTESIAN_POINT('',(0.228,-0.112,-0.2235));
#8410=CARTESIAN_POINT('',(0.228,-0.112,-0.2235));
#8411=CARTESIAN_POINT('',(0.228,-0.325333333333333,0.1635));
#8412=CARTESIAN_POINT('',(0.228,-0.395369141955968,0.1635));
#8413=CARTESIAN_POINT('',(0.228,-0.395369141955968,0.1635));
#8414=CARTESIAN_POINT('',(0.228,-0.325333333333333,0.1635));
#8415=CARTESIAN_POINT('',(0.228,-0.325333333333333,0.1635));
#8416=CARTESIAN_POINT('',(0.228,-0.325333333333333,0.1635));
#8417=CARTESIAN_POINT('',(0.228,-0.325333333333333,-0.1635));
#8418=CARTESIAN_POINT('',(0.228,-0.325333333333333,-0.1635));
#8419=CARTESIAN_POINT('',(0.228,-0.325333333333333,-0.1635));
#8420=CARTESIAN_POINT('',(0.228,-0.325333333333333,-0.1635));
#8421=CARTESIAN_POINT('',(0.228,-0.395369141955968,-0.1635));
#8422=CARTESIAN_POINT('',(0.228,-0.395369141955968,-0.1635));
#8423=CARTESIAN_POINT('',(0.228,-0.395369141955968,-0.1635));
#8424=CARTESIAN_POINT('',(0.228,-0.395369141955968,-0.1635));
#8425=CARTESIAN_POINT('',(0.228,-0.395369141955968,-0.156));
#8426=CARTESIAN_POINT('',(0.228,-0.395369141955968,-0.156));
#8427=CARTESIAN_POINT('',(0.228,-0.40268665506338,-0.154355615032042));
#8428=CARTESIAN_POINT('',(0.228,-0.40268665506338,-0.154355615032042));
#8429=CARTESIAN_POINT('',(0.228,-0.368,0.));
#8430=CARTESIAN_POINT('',(0.228,-0.368,0.));
#8431=CARTESIAN_POINT('',(0.228,-0.368,0.));
#8432=CARTESIAN_POINT('',(0.228,-0.368,0.));
#8433=CARTESIAN_POINT('',(0.228,-0.40268665506338,0.154355615032042));
#8434=CARTESIAN_POINT('',(0.228,-0.40268665506338,0.154355615032042));
#8435=CARTESIAN_POINT('',(0.228,-0.40268665506338,0.154355615032042));
#8436=CARTESIAN_POINT('',(0.228,-0.40268665506338,0.154355615032042));
#8437=CARTESIAN_POINT('',(0.228,-0.395369141955968,0.156));
#8438=CARTESIAN_POINT('',(0.228,-0.395369141955968,0.156));
#8439=CARTESIAN_POINT('',(0.228,-0.412754861407165,0.173246496165563));
#8440=CARTESIAN_POINT('',(-0.228,0.,0.2235));
#8441=CARTESIAN_POINT('',(-0.228,-0.112,0.2235));
#8442=CARTESIAN_POINT('',(-0.228,-0.112,0.2235));
#8443=CARTESIAN_POINT('',(-0.228,0.,0.2235));
#8444=CARTESIAN_POINT('',(-0.228,-0.112,0.2235));
#8445=CARTESIAN_POINT('',(-0.228,-0.112,0.2035));
#8446=CARTESIAN_POINT('',(-0.228,-0.112,0.2035));
#8447=CARTESIAN_POINT('',(-0.228,-0.112,0.2235));
#8448=CARTESIAN_POINT('',(-0.228,-0.112,0.2035));
#8449=CARTESIAN_POINT('',(-0.228,-0.413237051430104,0.2035));
#8450=CARTESIAN_POINT('',(-0.228,-0.413237051430104,0.2035));
#8451=CARTESIAN_POINT('',(-0.228,-0.112,0.2035));
#8452=CARTESIAN_POINT('',(-0.228,-0.413237051430104,0.1785));
#8453=CARTESIAN_POINT('',(-0.228,-0.437628761788146,0.173018716773474));
#8454=CARTESIAN_POINT('',(-0.228,-0.437628761788146,0.173018716773474));
#8455=CARTESIAN_POINT('',(-0.228,-0.413237051430104,0.1785));
#8456=CARTESIAN_POINT('',(-0.228,-0.437628761788146,0.173018716773474));
#8457=CARTESIAN_POINT('',(-0.228,-0.398748151277253,0.));
#8458=CARTESIAN_POINT('',(-0.228,-0.398748151277253,0.));
#8459=CARTESIAN_POINT('',(-0.228,-0.437628761788146,0.173018716773474));
#8460=CARTESIAN_POINT('',(-0.228,-0.398748151277253,0.));
#8461=CARTESIAN_POINT('',(-0.228,-0.437628761788146,-0.173018716773474));
#8462=CARTESIAN_POINT('',(-0.228,-0.437628761788146,-0.173018716773474));
#8463=CARTESIAN_POINT('',(-0.228,-0.398748151277253,0.));
#8464=CARTESIAN_POINT('',(-0.228,-0.413237051430104,-0.1785));
#8465=CARTESIAN_POINT('',(-0.228,-0.413237051430104,-0.2035));
#8466=CARTESIAN_POINT('',(-0.228,-0.413237051430104,-0.2035));
#8467=CARTESIAN_POINT('',(-0.228,-0.413237051430104,-0.1785));
#8468=CARTESIAN_POINT('',(-0.228,-0.413237051430104,-0.2035));
#8469=CARTESIAN_POINT('',(-0.228,-0.112,-0.2035));
#8470=CARTESIAN_POINT('',(-0.228,-0.112,-0.2035));
#8471=CARTESIAN_POINT('',(-0.228,-0.413237051430104,-0.2035));
#8472=CARTESIAN_POINT('',(-0.228,-0.112,-0.2035));
#8473=CARTESIAN_POINT('',(-0.228,-0.112,-0.2235));
#8474=CARTESIAN_POINT('',(-0.228,-0.112,-0.2235));
#8475=CARTESIAN_POINT('',(-0.228,-0.112,-0.2035));
#8476=CARTESIAN_POINT('',(-0.228,-0.112,-0.2235));
#8477=CARTESIAN_POINT('',(-0.228,-0.112,-0.2235));
#8478=CARTESIAN_POINT('',(-0.228,-0.325333333333333,0.1635));
#8479=CARTESIAN_POINT('',(-0.228,-0.325333333333333,0.1635));
#8480=CARTESIAN_POINT('',(-0.228,-0.325333333333333,0.1635));
#8481=CARTESIAN_POINT('',(-0.228,-0.325333333333333,0.1635));
#8482=CARTESIAN_POINT('',(-0.228,-0.395369141955968,0.1635));
#8483=CARTESIAN_POINT('',(-0.228,-0.395369141955968,0.1635));
#8484=CARTESIAN_POINT('',(-0.228,-0.325333333333333,-0.1635));
#8485=CARTESIAN_POINT('',(-0.228,-0.325333333333333,-0.1635));
#8486=CARTESIAN_POINT('',(-0.228,-0.325333333333333,-0.1635));
#8487=CARTESIAN_POINT('',(-0.228,-0.325333333333333,-0.1635));
#8488=CARTESIAN_POINT('',(-0.228,-0.395369141955968,-0.1635));
#8489=CARTESIAN_POINT('',(-0.228,-0.395369141955968,-0.1635));
#8490=CARTESIAN_POINT('',(-0.228,-0.395369141955968,-0.1635));
#8491=CARTESIAN_POINT('',(-0.228,-0.395369141955968,-0.1635));
#8492=CARTESIAN_POINT('',(-0.228,-0.395369141955968,-0.156));
#8493=CARTESIAN_POINT('',(-0.228,-0.40268665506338,-0.154355615032042));
#8494=CARTESIAN_POINT('',(-0.228,-0.40268665506338,-0.154355615032042));
#8495=CARTESIAN_POINT('',(-0.228,-0.395369141955968,-0.156));
#8496=CARTESIAN_POINT('',(-0.228,-0.368,0.));
#8497=CARTESIAN_POINT('',(-0.228,-0.368,0.));
#8498=CARTESIAN_POINT('',(-0.228,-0.368,0.));
#8499=CARTESIAN_POINT('',(-0.228,-0.368,0.));
#8500=CARTESIAN_POINT('',(-0.228,-0.40268665506338,0.154355615032042));
#8501=CARTESIAN_POINT('',(-0.228,-0.40268665506338,0.154355615032042));
#8502=CARTESIAN_POINT('',(-0.228,-0.40268665506338,0.154355615032042));
#8503=CARTESIAN_POINT('',(-0.228,-0.40268665506338,0.154355615032042));
#8504=CARTESIAN_POINT('',(-0.228,-0.395369141955968,0.156));
#8505=CARTESIAN_POINT('',(-0.228,-0.395369141955968,0.156));
#8506=CARTESIAN_POINT('',(-0.228,-0.413237051430104,0.1785));
#8507=CARTESIAN_POINT('',(0.,-0.016,0.));
#8508=CARTESIAN_POINT('',(0.107236220472441,0.259,0.));
#8509=CARTESIAN_POINT('',(0.,0.259,0.));
#8510=CARTESIAN_POINT('',(0.,0.259,-0.0875));
#8511=CARTESIAN_POINT('',(0.,0.259,0.));
#8512=CARTESIAN_POINT('',(0.106110117242485,0.259,0.0155));
#8513=CARTESIAN_POINT('',(0.106110117242485,0.259,-0.0155));
#8514=CARTESIAN_POINT('',(0.098,0.259,0.0155));
#8515=CARTESIAN_POINT('',(0.098,0.259,0.0155));
#8516=CARTESIAN_POINT('',(0.098,0.259,-0.0155));
#8517=CARTESIAN_POINT('',(0.098,0.259,-0.0155));
#8518=CARTESIAN_POINT('',(0.198,0.259,-0.0155));
#8519=CARTESIAN_POINT('',(0.0875,0.,0.));
#8520=CARTESIAN_POINT('',(0.098,0.,-0.0155));
#8521=CARTESIAN_POINT('',(0.098,0.,-0.0155));
#8522=CARTESIAN_POINT('',(0.098,0.,0.0155));
#8523=CARTESIAN_POINT('',(0.098,0.,0.0155));
#8524=CARTESIAN_POINT('',(0.134107233212829,0.,0.0155));
#8525=CARTESIAN_POINT('',(0.,0.,0.));
#8526=CARTESIAN_POINT('',(0.134107233212829,0.,-0.0155));
#8527=CARTESIAN_POINT('',(0.198,0.,-0.0155));
#8528=CARTESIAN_POINT('',(0.,0.,0.));
#8529=CARTESIAN_POINT('',(0.,0.,-0.0875));
#8530=CARTESIAN_POINT('',(0.,0.,0.));
#8531=CARTESIAN_POINT('',(0.134107233212829,0.,0.0155));
#8532=CARTESIAN_POINT('',(0.134107233212829,0.035,0.0155));
#8533=CARTESIAN_POINT('',(0.,0.035,0.));
#8534=CARTESIAN_POINT('',(0.134107233212829,0.035,-0.0155));
#8535=CARTESIAN_POINT('',(0.134107233212829,0.,-0.0155));
#8536=CARTESIAN_POINT('',(0.135,0.035,0.));
#8537=CARTESIAN_POINT('',(0.135,0.035,0.0155));
#8538=CARTESIAN_POINT('',(0.121011363102809,0.035,0.0155));
#8539=CARTESIAN_POINT('',(0.,0.035,0.));
#8540=CARTESIAN_POINT('',(0.121011363102809,0.035,-0.0155));
#8541=CARTESIAN_POINT('',(0.135,0.035,-0.0155));
#8542=CARTESIAN_POINT('',(0.,0.,0.));
#8543=CARTESIAN_POINT('',(0.121011363102809,0.,0.0155));
#8544=CARTESIAN_POINT('',(0.121011363102809,0.244236220472441,0.0155));
#8545=CARTESIAN_POINT('',(0.,0.244236220472441,0.));
#8546=CARTESIAN_POINT('',(0.121011363102809,0.244236220472441,-0.0155));
#8547=CARTESIAN_POINT('',(0.121011363102809,0.,-0.0155));
#8548=CARTESIAN_POINT('',(0.,0.244236220472441,0.));
#8549=CARTESIAN_POINT('',(0.121011363102809,0.244236220472441,0.0155));
#8550=CARTESIAN_POINT('',(0.116047063577021,0.249160291394296,0.0155));
#8551=CARTESIAN_POINT('',(0.111080368490292,0.254081942087238,0.0155));
#8552=CARTESIAN_POINT('',(0.106110117242486,0.259000000000001,0.0155));
#8553=CARTESIAN_POINT('',(0.106110117242485,0.259,-0.0155));
#8554=CARTESIAN_POINT('',(0.111080368490291,0.254081942087237,-0.0155));
#8555=CARTESIAN_POINT('',(0.116047063577021,0.249160291394296,-0.0155));
#8556=CARTESIAN_POINT('',(0.121011363102809,0.244236220472441,-0.0155));
#8557=CARTESIAN_POINT('',(0.,0.,0.));
#8558=CARTESIAN_POINT('',(0.098,0.259,-0.0155));
#8559=CARTESIAN_POINT('',(0.098,0.259,-0.0155));
#8560=CARTESIAN_POINT('',(0.098,0.259,0.0155));
#8561=CARTESIAN_POINT('',(0.098,0.259,0.0155));
#8562=CARTESIAN_POINT('',(0.198,0.259,-0.0155));
#8563=CARTESIAN_POINT('',(0.,0.016,0.));
#8564=CARTESIAN_POINT('',(0.,0.,0.));
#8565=CARTESIAN_POINT('',(0.,0.,0.));
#8566=CARTESIAN_POINT('',(0.,0.,-0.0875));
#8567=CARTESIAN_POINT('',(0.,0.409,0.));
#8568=CARTESIAN_POINT('',(-0.082196411113868,0.409,0.03));
#8569=CARTESIAN_POINT('',(-0.0288163490354233,0.409,0.0826188115883342));
#8570=CARTESIAN_POINT('',(-0.082196411113868,0.,0.03));
#8571=CARTESIAN_POINT('',(-0.082196411113868,0.259,0.03));
#8572=CARTESIAN_POINT('',(0.,0.259,0.));
#8573=CARTESIAN_POINT('',(-0.082196411113868,0.259,-0.03));
#8574=CARTESIAN_POINT('',(-0.082196411113868,0.,-0.03));
#8575=CARTESIAN_POINT('',(-0.082196411113868,0.409,-0.03));
#8576=CARTESIAN_POINT('',(0.,0.409,0.));
#8577=CARTESIAN_POINT('',(-0.0288163490354233,0.409,-0.0826188115883341));
#8578=CARTESIAN_POINT('',(0.,0.572425636392354,0.));
#8579=CARTESIAN_POINT('',(-0.0208816349035423,0.454,-0.0849718031099444));
#8580=CARTESIAN_POINT('',(0.,0.454,0.));
#8581=CARTESIAN_POINT('',(0.0208816349035423,0.454,-0.0849718031099444));
#8582=CARTESIAN_POINT('',(0.,0.572425636392354,0.));
#8583=CARTESIAN_POINT('',(0.0288163490354233,0.409,-0.0826188115883342));
#8584=CARTESIAN_POINT('',(0.,0.409,0.));
#8585=CARTESIAN_POINT('',(0.082196411113868,0.409,-0.03));
#8586=CARTESIAN_POINT('',(0.082196411113868,0.,-0.03));
#8587=CARTESIAN_POINT('',(0.082196411113868,0.259,-0.03));
#8588=CARTESIAN_POINT('',(0.,0.259,0.));
#8589=CARTESIAN_POINT('',(0.082196411113868,0.259,0.03));
#8590=CARTESIAN_POINT('',(0.082196411113868,0.,0.03));
#8591=CARTESIAN_POINT('',(0.082196411113868,0.409,0.03));
#8592=CARTESIAN_POINT('',(0.,0.409,0.));
#8593=CARTESIAN_POINT('',(0.0288163490354233,0.409,0.0826188115883342));
#8594=CARTESIAN_POINT('',(0.,0.572425636392354,0.));
#8595=CARTESIAN_POINT('',(0.0208816349035423,0.454,0.0849718031099444));
#8596=CARTESIAN_POINT('',(0.,0.454,0.));
#8597=CARTESIAN_POINT('',(-0.0208816349035423,0.454,0.0849718031099444));
#8598=CARTESIAN_POINT('',(0.,0.572425636392354,0.));
#8599=CARTESIAN_POINT('',(-0.0875,0.409,0.0875));
#8600=CARTESIAN_POINT('',(-0.0875,0.409,-0.03));
#8601=CARTESIAN_POINT('',(-0.0288163490354233,0.409,-0.03));
#8602=CARTESIAN_POINT('',(-0.0288163490354233,0.409,0.0875));
#8603=CARTESIAN_POINT('',(-0.0288163490354233,0.409,0.0875));
#8604=CARTESIAN_POINT('',(-0.0288163490354233,0.409,-0.03));
#8605=CARTESIAN_POINT('',(-0.0208816349035423,0.454,-0.03));
#8606=CARTESIAN_POINT('',(-0.0208816349035423,0.454,0.0875));
#8607=CARTESIAN_POINT('',(-0.0208816349035423,0.454,0.0875));
#8608=CARTESIAN_POINT('',(-0.0208816349035423,0.454,-0.03));
#8609=CARTESIAN_POINT('',(0.0208816349035423,0.454,-0.03));
#8610=CARTESIAN_POINT('',(0.0208816349035423,0.454,0.0875));
#8611=CARTESIAN_POINT('',(0.0208816349035423,0.454,0.0875));
#8612=CARTESIAN_POINT('',(0.0208816349035423,0.454,-0.03));
#8613=CARTESIAN_POINT('',(0.0288163490354233,0.409,-0.03));
#8614=CARTESIAN_POINT('',(0.0288163490354233,0.409,0.0875));
#8615=CARTESIAN_POINT('',(0.0288163490354233,0.409,0.0875));
#8616=CARTESIAN_POINT('',(0.0288163490354233,0.409,-0.03));
#8617=CARTESIAN_POINT('',(0.0875,0.,0.));
#8618=CARTESIAN_POINT('',(-0.0875,0.409,0.0875));
#8619=CARTESIAN_POINT('',(-0.0875,0.409,0.03));
#8620=CARTESIAN_POINT('',(-0.0288163490354233,0.409,0.03));
#8621=CARTESIAN_POINT('',(-0.0288163490354233,0.409,0.0875));
#8622=CARTESIAN_POINT('',(-0.0288163490354233,0.409,0.0875));
#8623=CARTESIAN_POINT('',(-0.0288163490354233,0.409,0.03));
#8624=CARTESIAN_POINT('',(-0.0208816349035423,0.454,0.03));
#8625=CARTESIAN_POINT('',(-0.0208816349035423,0.454,0.0875));
#8626=CARTESIAN_POINT('',(-0.0208816349035423,0.454,0.0875));
#8627=CARTESIAN_POINT('',(-0.0208816349035423,0.454,0.03));
#8628=CARTESIAN_POINT('',(0.0208816349035423,0.454,0.03));
#8629=CARTESIAN_POINT('',(0.0208816349035423,0.454,0.0875));
#8630=CARTESIAN_POINT('',(0.0208816349035423,0.454,0.0875));
#8631=CARTESIAN_POINT('',(0.0208816349035423,0.454,0.03));
#8632=CARTESIAN_POINT('',(0.0288163490354233,0.409,0.03));
#8633=CARTESIAN_POINT('',(0.0288163490354233,0.409,0.0875));
#8634=CARTESIAN_POINT('',(0.0288163490354233,0.409,0.0875));
#8635=CARTESIAN_POINT('',(0.0288163490354233,0.409,0.03));
#8636=CARTESIAN_POINT('',(-0.125,0.259,0.03));
#8637=CARTESIAN_POINT('',(-0.125,0.259,0.03));
#8638=CARTESIAN_POINT('',(-0.125,0.259,-0.03));
#8639=CARTESIAN_POINT('',(0.,0.,0.03));
#8640=CARTESIAN_POINT('',(0.,0.,-0.03));
#8641=CARTESIAN_POINT('',(0.,0.016,0.));
#8642=CARTESIAN_POINT('',(-0.0274890168280983,0.0486251480723359,0.0905));
#8643=CARTESIAN_POINT('',(-0.0266030698857698,0.0232549470365936,0.0905));
#8644=CARTESIAN_POINT('',(-0.0266030698857698,0.0232549470365936,0.0899458170233614));
#8645=CARTESIAN_POINT('',(-0.0266030698857698,0.0232549470365936,0.0282842712474619));
#8646=CARTESIAN_POINT('',(-0.0245932879709005,-0.0342976769210271,0.));
#8647=CARTESIAN_POINT('',(-0.0274890168280983,0.0486251480723359,0.0263135802783879));
#8648=CARTESIAN_POINT('',(-0.0274890168280983,0.0486251480723359,0.0905));
#8649=CARTESIAN_POINT('',(-0.0274890168280983,0.0486251480723359,0.0893457022305336));
#8650=CARTESIAN_POINT('',(-0.0245932879709005,-0.0342976769210271,0.));
#8651=CARTESIAN_POINT('',(-0.0266030698857698,0.0232549470365936,0.0905));
#8652=CARTESIAN_POINT('',(-0.0266030698857698,0.0232549470365936,0.0905));
#8653=CARTESIAN_POINT('',(-0.0266030698857698,0.0232549470365936,-0.0282842712474619));
#8654=CARTESIAN_POINT('',(-0.0266030698857698,0.0232549470365936,-0.0899458170233614));
#8655=CARTESIAN_POINT('',(-0.0363845458931079,0.021175830128416,0.));
#8656=CARTESIAN_POINT('',(-0.0461660219004459,0.0190967132202384,-0.0282842712474619));
#8657=CARTESIAN_POINT('',(-0.0461660219004459,0.0190967132202384,0.0905));
#8658=CARTESIAN_POINT('',(-0.0461660219004459,0.0190967132202384,-0.0899458170233614));
#8659=CARTESIAN_POINT('',(-0.0363845458931079,0.021175830128416,0.));
#8660=CARTESIAN_POINT('',(-0.0461660219004459,0.0190967132202384,0.0905));
#8661=CARTESIAN_POINT('',(-0.0245932879709005,-0.0342976769210272,0.));
#8662=CARTESIAN_POINT('',(-0.0556756594990055,0.0426338922211864,-0.0263135802783879));
#8663=CARTESIAN_POINT('',(-0.0556756594990055,0.0426338922211864,0.0905));
#8664=CARTESIAN_POINT('',(-0.0556756594990055,0.0426338922211864,-0.0893457022305336));
#8665=CARTESIAN_POINT('',(-0.0245932879709005,-0.0342976769210273,0.));
#8666=CARTESIAN_POINT('',(-0.0311867536226639,-0.00327785988992915,0.));
#8667=CARTESIAN_POINT('',(-0.0415823381635519,0.0456295201467612,0.));
#8668=CARTESIAN_POINT('',(-0.0274890168280983,0.0486251480723359,-0.0893457022305336));
#8669=CARTESIAN_POINT('',(-0.0245932879709005,-0.0342976769210271,0.));
#8670=CARTESIAN_POINT('',(-0.0415823381635519,0.0456295201467612,0.));
#8671=CARTESIAN_POINT('',(-0.0556756594990055,0.0426338922211864,0.0893457022305336));
#8672=CARTESIAN_POINT('',(-0.0245932879709005,-0.0342976769210273,0.));
#8673=CARTESIAN_POINT('',(-0.0461660219004459,0.0190967132202384,0.0899458170233614));
#8674=CARTESIAN_POINT('',(-0.0363845458931079,0.021175830128416,0.));
#8675=CARTESIAN_POINT('',(-0.0810855594189261,0.231477564286184,0.));
#8676=CARTESIAN_POINT('',(0.00743679844748332,0.250293572305191,0.));
#8677=CARTESIAN_POINT('',(-0.0810855594189261,0.231477564286184,0.));
#8678=CARTESIAN_POINT('',(-0.0556756594990055,0.0426338922211864,0.0905));
#8679=CARTESIAN_POINT('',(-0.0415823381635519,0.0456295201467612,0.));
#8680=CARTESIAN_POINT('',(-0.0556756594990055,0.0426338922211864,0.0263135802783879));
#8681=CARTESIAN_POINT('',(-0.0556756594990055,0.0426338922211864,0.0905));
#8682=CARTESIAN_POINT('',(0.0567214957101956,0.066524645073946,0.0905));
#8683=CARTESIAN_POINT('',(-0.0415823381635519,0.0456295201467611,0.));
#8684=CARTESIAN_POINT('',(-0.0274890168280983,0.0486251480723359,-0.0263135802783879));
#8685=CARTESIAN_POINT('',(-0.0274890168280983,0.0486251480723359,0.0905));
#8686=CARTESIAN_POINT('',(-0.0274890168280983,0.0486251480723359,0.0905));
#8687=CARTESIAN_POINT('',(-0.0245932879709005,-0.0342976769210271,0.));
#8688=CARTESIAN_POINT('',(-0.0266030698857698,0.0232549470365936,0.0905));
#8689=CARTESIAN_POINT('',(-0.0461660219004459,0.0190967132202384,0.0905));
#8690=CARTESIAN_POINT('',(-0.0461660219004459,0.0190967132202384,0.0282842712474619));
#8691=CARTESIAN_POINT('',(-0.0363845458931079,0.021175830128416,0.));
#8692=CARTESIAN_POINT('',(-0.0461660219004459,0.0190967132202384,0.0905));
#8693=CARTESIAN_POINT('',(-0.0245932879709005,-0.0342976769210272,0.));
#8694=CARTESIAN_POINT('',(-6.93889390390723E-18,-0.15,0.));
#8695=CARTESIAN_POINT('',(-1.35949462721085E-17,-0.15,0.));
#8696=CARTESIAN_POINT('',(0.0293444280220142,-0.143762649275467,0.));
#8697=CARTESIAN_POINT('',(0.0293444280220142,-0.143762649275467,0.));
#8698=CARTESIAN_POINT('',(0.,0.425,0.));
#8699=CARTESIAN_POINT('',(-0.14657774202652,0.539594058517333,0.));
#8700=CARTESIAN_POINT('',(-0.14657774202652,0.539594058517333,0.));
#8701=CARTESIAN_POINT('',(-0.125662514119189,0.54403972744786,0.));
#8702=CARTESIAN_POINT('',(-0.136182157485632,0.490686678480642,0.));
#8703=CARTESIAN_POINT('',(-0.141379949756076,0.515140368498988,0.));
#8704=CARTESIAN_POINT('',(-0.0781096883044312,0.528588877729113,0.));
#8705=CARTESIAN_POINT('',(-0.141379949756076,0.515140368498988,0.));
#8706=CARTESIAN_POINT('',(-0.128482033024329,0.454460441093262,0.));
#8707=CARTESIAN_POINT('',(-0.0301781991505813,0.475355566020447,0.));
#8708=CARTESIAN_POINT('',(-0.0810855594189261,0.231477564286184,0.));
#8709=CARTESIAN_POINT('',(-0.0810855594189261,0.231477564286184,0.));
#8710=CARTESIAN_POINT('',(0.0172182744548214,0.252372689213369,0.));
#8711=CARTESIAN_POINT('',(0.0172182744548214,0.252372689213369,0.));
#8712=CARTESIAN_POINT('',(1.83697019872103E-17,0.425,0.));
#8713=CARTESIAN_POINT('',(-0.1,-0.64,-0.292));
#8714=CARTESIAN_POINT('',(-0.0652284447154768,-0.272,-0.292));
#8715=CARTESIAN_POINT('',(-0.0652284447154768,-0.01,-0.292));
#8716=CARTESIAN_POINT('',(-0.0652284447154768,-0.256,-0.292));
#8717=CARTESIAN_POINT('',(-0.0381411850890872,-3.15738544212856E-18,-0.292));
#8718=CARTESIAN_POINT('',(-0.0432840092237577,-3.15738544212856E-18,-0.292));
#8719=CARTESIAN_POINT('',(-0.0511028397320009,-0.000480117509493761,-0.292));
#8720=CARTESIAN_POINT('',(-0.060847936560113,-0.00341117349630567,-0.292));
#8721=CARTESIAN_POINT('',(-0.0652284447155548,-0.00739634732075409,-0.292));
#8722=CARTESIAN_POINT('',(-0.0652284447155552,-0.00999999999999927,-0.292));
#8723=CARTESIAN_POINT('',(-0.0381411850890872,0.,-0.292));
#8724=CARTESIAN_POINT('',(0.138,0.,-0.292));
#8725=CARTESIAN_POINT('',(-0.138,0.,-0.292));
#8726=CARTESIAN_POINT('',(-0.138,0.,-0.292));
#8727=CARTESIAN_POINT('',(-0.138,-0.512,-0.292));
#8728=CARTESIAN_POINT('',(-0.138,-0.512,-0.292));
#8729=CARTESIAN_POINT('',(-0.114,-0.512,-0.292));
#8730=CARTESIAN_POINT('',(-0.114,-0.512,-0.292));
#8731=CARTESIAN_POINT('',(-0.114,-0.64,-0.292));
#8732=CARTESIAN_POINT('',(-0.1,-0.64,-0.292));
#8733=CARTESIAN_POINT('',(-0.086,-0.64,-0.292));
#8734=CARTESIAN_POINT('',(-0.086,-0.64,-0.292));
#8735=CARTESIAN_POINT('',(-0.086,-0.512,-0.292));
#8736=CARTESIAN_POINT('',(-0.086,-0.512,-0.292));
#8737=CARTESIAN_POINT('',(-0.069,-0.512,-0.292));
#8738=CARTESIAN_POINT('',(-0.069,-0.512,-0.292));
#8739=CARTESIAN_POINT('',(-0.069,-0.256,-0.292));
#8740=CARTESIAN_POINT('',(-0.069,-0.256,-0.292));
#8741=CARTESIAN_POINT('',(-0.1,-0.64,0.292));
#8742=CARTESIAN_POINT('',(-0.0381411850890872,-2.26965822110699E-20,0.292));
#8743=CARTESIAN_POINT('',(-0.0432840092237577,2.172524323112E-18,0.292));
#8744=CARTESIAN_POINT('',(-0.051102839732001,-0.000480117509493762,0.292));
#8745=CARTESIAN_POINT('',(-0.060847936560113,-0.00341117349630566,0.292));
#8746=CARTESIAN_POINT('',(-0.0652284447155548,-0.0073963473207541,0.292));
#8747=CARTESIAN_POINT('',(-0.0652284447155553,-0.00999999999999927,0.292));
#8748=CARTESIAN_POINT('',(-0.0381411850890872,0.,0.292));
#8749=CARTESIAN_POINT('',(-0.0652284447154769,-0.01,0.292));
#8750=CARTESIAN_POINT('',(-0.0652284447154768,0.,0.292));
#8751=CARTESIAN_POINT('',(-0.0652284447154768,-0.256,0.292));
#8752=CARTESIAN_POINT('',(-0.069,-0.256,0.292));
#8753=CARTESIAN_POINT('',(-0.069,-0.256,0.292));
#8754=CARTESIAN_POINT('',(-0.069,-0.512,0.292));
#8755=CARTESIAN_POINT('',(-0.069,-0.512,0.292));
#8756=CARTESIAN_POINT('',(-0.086,-0.512,0.292));
#8757=CARTESIAN_POINT('',(-0.086,-0.512,0.292));
#8758=CARTESIAN_POINT('',(-0.086,-0.64,0.292));
#8759=CARTESIAN_POINT('',(-0.086,-0.64,0.292));
#8760=CARTESIAN_POINT('',(-0.1,-0.64,0.292));
#8761=CARTESIAN_POINT('',(-0.114,-0.64,0.292));
#8762=CARTESIAN_POINT('',(-0.114,-0.512,0.292));
#8763=CARTESIAN_POINT('',(-0.114,-0.512,0.292));
#8764=CARTESIAN_POINT('',(-0.138,-0.512,0.292));
#8765=CARTESIAN_POINT('',(-0.138,-0.512,0.292));
#8766=CARTESIAN_POINT('',(-0.138,0.,0.292));
#8767=CARTESIAN_POINT('',(-0.138,0.,0.292));
#8768=CARTESIAN_POINT('',(0.138,0.,0.292));
#8769=CARTESIAN_POINT('',(0.138,0.016,-0.308));
#8770=CARTESIAN_POINT('',(-0.0381411850890869,0.0160000000000001,-0.308));
#8771=CARTESIAN_POINT('',(-0.0432840092237574,0.0160000000000001,-0.308));
#8772=CARTESIAN_POINT('',(-0.0511028397320007,0.0155198824905064,-0.308));
#8773=CARTESIAN_POINT('',(-0.060847936560113,0.0125888265036944,-0.308));
#8774=CARTESIAN_POINT('',(-0.0652284447155547,0.00860365267924592,-0.308));
#8775=CARTESIAN_POINT('',(-0.0652284447155551,0.00600000000000075,-0.308));
#8776=CARTESIAN_POINT('',(-0.0381411850890869,0.016,-0.308));
#8777=CARTESIAN_POINT('',(-0.0652284447154767,0.00600000000000002,-0.308));
#8778=CARTESIAN_POINT('',(-0.0652284447154767,-0.256,-0.308));
#8779=CARTESIAN_POINT('',(-0.0652284447154767,-0.256,-0.308));
#8780=CARTESIAN_POINT('',(-0.069,-0.256,-0.308));
#8781=CARTESIAN_POINT('',(-0.069,-0.256,-0.308));
#8782=CARTESIAN_POINT('',(-0.069,-0.512,-0.308));
#8783=CARTESIAN_POINT('',(-0.069,-0.512,-0.308));
#8784=CARTESIAN_POINT('',(-0.086,-0.512,-0.308));
#8785=CARTESIAN_POINT('',(-0.086,-0.512,-0.308));
#8786=CARTESIAN_POINT('',(-0.086,-0.64,-0.308));
#8787=CARTESIAN_POINT('',(-0.086,-0.64,-0.308));
#8788=CARTESIAN_POINT('',(-0.1,-0.64,-0.308));
#8789=CARTESIAN_POINT('',(-0.114,-0.64,-0.308));
#8790=CARTESIAN_POINT('',(-0.114,-0.512,-0.308));
#8791=CARTESIAN_POINT('',(-0.114,-0.512,-0.308));
#8792=CARTESIAN_POINT('',(-0.138,-0.512,-0.308));
#8793=CARTESIAN_POINT('',(-0.138,-0.512,-0.308));
#8794=CARTESIAN_POINT('',(-0.138,0.016,-0.308));
#8795=CARTESIAN_POINT('',(-0.138,0.016,-0.308));
#8796=CARTESIAN_POINT('',(0.138,0.016,-0.308));
#8797=CARTESIAN_POINT('',(-0.138,0.016,0.308));
#8798=CARTESIAN_POINT('',(0.0381411850890869,0.016,0.308));
#8799=CARTESIAN_POINT('',(0.0432840092237574,0.016,0.308));
#8800=CARTESIAN_POINT('',(0.0511028397320006,0.0155198824905063,0.308));
#8801=CARTESIAN_POINT('',(0.0608479365601129,0.0125888265036943,0.308));
#8802=CARTESIAN_POINT('',(0.0652284447155546,0.0086036526792459,0.308));
#8803=CARTESIAN_POINT('',(0.065228444715555,0.00600000000000073,0.308));
#8804=CARTESIAN_POINT('',(0.0381411850890869,0.016,0.308));
#8805=CARTESIAN_POINT('',(0.0652284447154765,0.006,0.308));
#8806=CARTESIAN_POINT('',(0.0652284447154767,0.016,0.308));
#8807=CARTESIAN_POINT('',(0.0652284447154767,-0.256,0.308));
#8808=CARTESIAN_POINT('',(-0.069,-0.256,0.308));
#8809=CARTESIAN_POINT('',(0.069,-0.256,0.308));
#8810=CARTESIAN_POINT('',(0.069,-0.256,0.308));
#8811=CARTESIAN_POINT('',(0.069,-0.512,0.308));
#8812=CARTESIAN_POINT('',(0.069,-0.512,0.308));
#8813=CARTESIAN_POINT('',(0.086,-0.512,0.308));
#8814=CARTESIAN_POINT('',(0.086,-0.512,0.308));
#8815=CARTESIAN_POINT('',(0.086,-0.64,0.308));
#8816=CARTESIAN_POINT('',(0.1,-0.64,0.308));
#8817=CARTESIAN_POINT('',(0.114,-0.64,0.308));
#8818=CARTESIAN_POINT('',(0.114,-0.64,0.308));
#8819=CARTESIAN_POINT('',(0.114,-0.512,0.308));
#8820=CARTESIAN_POINT('',(0.114,-0.512,0.308));
#8821=CARTESIAN_POINT('',(0.138,-0.512,0.308));
#8822=CARTESIAN_POINT('',(0.138,0.016,0.308));
#8823=CARTESIAN_POINT('',(0.138,0.016,0.308));
#8824=CARTESIAN_POINT('',(-0.138,0.016,0.308));
#8825=CARTESIAN_POINT('',(0.138,0.016,-0.308));
#8826=CARTESIAN_POINT('',(-0.069,-0.256,-0.308));
#8827=CARTESIAN_POINT('',(0.0652284447154767,-0.256,-0.308));
#8828=CARTESIAN_POINT('',(0.069,-0.256,-0.308));
#8829=CARTESIAN_POINT('',(0.0652284447154767,-0.256,-0.308));
#8830=CARTESIAN_POINT('',(0.0652284447154767,0.00600000000000002,-0.308));
#8831=CARTESIAN_POINT('',(0.0652284447154901,0.00599999999999967,-0.308));
#8832=CARTESIAN_POINT('',(0.0652284447154903,0.00860818472067348,-0.308));
#8833=CARTESIAN_POINT('',(0.0608489341444229,0.0125927833087738,-0.308));
#8834=CARTESIAN_POINT('',(0.0510135112799323,0.0155392498274095,-0.308));
#8835=CARTESIAN_POINT('',(0.0432470245845969,0.0160000000000001,-0.308));
#8836=CARTESIAN_POINT('',(0.0381411850890869,0.0160000000000001,-0.308));
#8837=CARTESIAN_POINT('',(0.0381411850890869,0.0160000000000001,-0.308));
#8838=CARTESIAN_POINT('',(0.138,0.016,-0.308));
#8839=CARTESIAN_POINT('',(0.138,0.016,-0.308));
#8840=CARTESIAN_POINT('',(0.138,0.016,-0.308));
#8841=CARTESIAN_POINT('',(0.138,-0.512,-0.308));
#8842=CARTESIAN_POINT('',(0.114,-0.512,-0.308));
#8843=CARTESIAN_POINT('',(0.114,-0.512,-0.308));
#8844=CARTESIAN_POINT('',(0.114,-0.64,-0.308));
#8845=CARTESIAN_POINT('',(0.114,-0.64,-0.308));
#8846=CARTESIAN_POINT('',(0.1,-0.64,-0.308));
#8847=CARTESIAN_POINT('',(0.086,-0.64,-0.308));
#8848=CARTESIAN_POINT('',(0.086,-0.512,-0.308));
#8849=CARTESIAN_POINT('',(0.086,-0.512,-0.308));
#8850=CARTESIAN_POINT('',(0.069,-0.512,-0.308));
#8851=CARTESIAN_POINT('',(0.069,-0.512,-0.308));
#8852=CARTESIAN_POINT('',(0.069,-0.256,-0.308));
#8853=CARTESIAN_POINT('',(-0.138,0.016,-0.308));
#8854=CARTESIAN_POINT('',(-0.138,-0.512,-0.292));
#8855=CARTESIAN_POINT('',(-0.138,0.,-0.308));
#8856=CARTESIAN_POINT('',(-0.138,-0.512,0.292));
#8857=CARTESIAN_POINT('',(-0.138,-0.512,0.308));
#8858=CARTESIAN_POINT('',(-0.138,0.016,0.308));
#8859=CARTESIAN_POINT('',(-0.138,0.016,0.308));
#8860=CARTESIAN_POINT('',(-0.138,0.016,-0.308));
#8861=CARTESIAN_POINT('',(-0.138,0.016,0.308));
#8862=CARTESIAN_POINT('',(-0.069,-0.256,0.308));
#8863=CARTESIAN_POINT('',(-0.069,-0.256,0.308));
#8864=CARTESIAN_POINT('',(-0.0652284447154767,-0.256,0.308));
#8865=CARTESIAN_POINT('',(-0.0652284447154767,0.016,0.308));
#8866=CARTESIAN_POINT('',(-0.0652284447154765,0.006,0.308));
#8867=CARTESIAN_POINT('',(-0.06522844471549,0.00599999999999966,0.308));
#8868=CARTESIAN_POINT('',(-0.0652284447154902,0.0086081847206794,0.308));
#8869=CARTESIAN_POINT('',(-0.060848934144417,0.0125927833087773,0.308));
#8870=CARTESIAN_POINT('',(-0.0510135112798986,0.0155392498274151,0.308));
#8871=CARTESIAN_POINT('',(-0.0432470245846062,0.016,0.308));
#8872=CARTESIAN_POINT('',(-0.0381411850890869,0.016,0.308));
#8873=CARTESIAN_POINT('',(-0.0381411850890869,0.016,0.308));
#8874=CARTESIAN_POINT('',(-0.138,0.016,0.308));
#8875=CARTESIAN_POINT('',(-0.138,-0.512,0.308));
#8876=CARTESIAN_POINT('',(-0.114,-0.512,0.308));
#8877=CARTESIAN_POINT('',(-0.114,-0.512,0.308));
#8878=CARTESIAN_POINT('',(-0.114,-0.64,0.308));
#8879=CARTESIAN_POINT('',(-0.1,-0.64,0.308));
#8880=CARTESIAN_POINT('',(-0.086,-0.64,0.308));
#8881=CARTESIAN_POINT('',(-0.086,-0.64,0.308));
#8882=CARTESIAN_POINT('',(-0.086,-0.512,0.308));
#8883=CARTESIAN_POINT('',(-0.086,-0.512,0.308));
#8884=CARTESIAN_POINT('',(-0.069,-0.512,0.308));
#8885=CARTESIAN_POINT('',(-0.069,-0.512,0.308));
#8886=CARTESIAN_POINT('',(0.,0.016,0.));
#8887=CARTESIAN_POINT('',(0.,0.016,0.));
#8888=CARTESIAN_POINT('',(0.0875,0.016,0.));
#8889=CARTESIAN_POINT('',(0.,0.,0.));
#8890=CARTESIAN_POINT('',(0.0875,0.,0.));
#8891=CARTESIAN_POINT('',(0.138,0.016,0.308));
#8892=CARTESIAN_POINT('',(0.138,-0.512,0.292));
#8893=CARTESIAN_POINT('',(0.138,-0.512,0.292));
#8894=CARTESIAN_POINT('',(0.138,-0.512,0.292));
#8895=CARTESIAN_POINT('',(0.138,0.,0.292));
#8896=CARTESIAN_POINT('',(0.138,0.,0.308));
#8897=CARTESIAN_POINT('',(0.138,0.,-0.292));
#8898=CARTESIAN_POINT('',(0.138,-0.512,-0.292));
#8899=CARTESIAN_POINT('',(0.138,-0.512,-0.292));
#8900=CARTESIAN_POINT('',(0.138,-0.512,-0.292));
#8901=CARTESIAN_POINT('',(0.138,0.016,0.308));
#8902=CARTESIAN_POINT('',(0.,0.016,0.));
#8903=CARTESIAN_POINT('',(0.,0.0160000000000001,-0.1785));
#8904=CARTESIAN_POINT('',(0.,0.016,0.1785));
#8905=CARTESIAN_POINT('',(0.,0.,0.));
#8906=CARTESIAN_POINT('',(0.,0.,0.1625));
#8907=CARTESIAN_POINT('',(0.0381411850890349,0.,0.292));
#8908=CARTESIAN_POINT('',(0.,0.,-0.1625));
#8909=CARTESIAN_POINT('',(0.0381411850890872,0.,-0.292));
#8910=CARTESIAN_POINT('',(0.138,0.,-0.292));
#8911=CARTESIAN_POINT('',(0.138,0.,0.292));
#8912=CARTESIAN_POINT('',(-0.138,-0.512,0.292));
#8913=CARTESIAN_POINT('',(-0.114,-0.512,0.292));
#8914=CARTESIAN_POINT('',(-0.114,-0.512,0.292));
#8915=CARTESIAN_POINT('',(-0.114,-0.64,0.292));
#8916=CARTESIAN_POINT('',(-0.1,-0.64,0.292));
#8917=CARTESIAN_POINT('',(-0.086,-0.64,0.292));
#8918=CARTESIAN_POINT('',(-0.086,-0.64,0.292));
#8919=CARTESIAN_POINT('',(-0.086,-0.512,0.292));
#8920=CARTESIAN_POINT('',(-0.086,-0.512,0.292));
#8921=CARTESIAN_POINT('',(-0.069,-0.512,0.292));
#8922=CARTESIAN_POINT('',(-0.069,-0.512,0.292));
#8923=CARTESIAN_POINT('',(-0.069,-0.256,0.292));
#8924=CARTESIAN_POINT('',(-0.069,-0.256,0.292));
#8925=CARTESIAN_POINT('',(0.,-0.256,0.1625));
#8926=CARTESIAN_POINT('',(0.0652284447154768,-0.256,0.292));
#8927=CARTESIAN_POINT('',(-0.069,-0.256,0.292));
#8928=CARTESIAN_POINT('',(0.069,-0.256,0.292));
#8929=CARTESIAN_POINT('',(0.069,-0.256,0.292));
#8930=CARTESIAN_POINT('',(0.,-0.256,0.1785));
#8931=CARTESIAN_POINT('',(0.069,-0.256,0.292));
#8932=CARTESIAN_POINT('',(0.069,-0.256,0.292));
#8933=CARTESIAN_POINT('',(0.069,-0.512,0.292));
#8934=CARTESIAN_POINT('',(0.069,-0.512,0.292));
#8935=CARTESIAN_POINT('',(0.069,-0.512,0.292));
#8936=CARTESIAN_POINT('',(0.069,-0.512,0.292));
#8937=CARTESIAN_POINT('',(0.086,-0.512,0.292));
#8938=CARTESIAN_POINT('',(0.086,-0.512,0.292));
#8939=CARTESIAN_POINT('',(0.086,-0.512,0.292));
#8940=CARTESIAN_POINT('',(0.086,-0.512,0.292));
#8941=CARTESIAN_POINT('',(0.086,-0.64,0.292));
#8942=CARTESIAN_POINT('',(0.086,-0.64,0.292));
#8943=CARTESIAN_POINT('',(0.1,-0.64,0.292));
#8944=CARTESIAN_POINT('',(0.1,-0.64,0.292));
#8945=CARTESIAN_POINT('',(0.114,-0.64,0.292));
#8946=CARTESIAN_POINT('',(0.114,-0.64,0.292));
#8947=CARTESIAN_POINT('',(0.114,-0.64,0.292));
#8948=CARTESIAN_POINT('',(0.114,-0.64,0.292));
#8949=CARTESIAN_POINT('',(0.114,-0.512,0.292));
#8950=CARTESIAN_POINT('',(0.114,-0.512,0.292));
#8951=CARTESIAN_POINT('',(0.114,-0.512,0.292));
#8952=CARTESIAN_POINT('',(0.114,-0.512,0.292));
#8953=CARTESIAN_POINT('',(-0.1,-0.64,0.292));
#8954=CARTESIAN_POINT('',(0.0652284447154768,0.,0.292));
#8955=CARTESIAN_POINT('',(0.0652284447154769,-0.01,0.292));
#8956=CARTESIAN_POINT('',(0.0652284447154902,-0.0100000000000003,0.292));
#8957=CARTESIAN_POINT('',(0.0652284447154903,-0.0073918152793137,0.292));
#8958=CARTESIAN_POINT('',(0.0608489341444019,-0.00340721669121329,0.292));
#8959=CARTESIAN_POINT('',(0.0510135112798549,-0.000460750172577213,0.292));
#8960=CARTESIAN_POINT('',(0.0432470245845669,2.12970051424468E-15,0.292));
#8961=CARTESIAN_POINT('',(0.0381411850890349,3.93529548093429E-19,0.292));
#8962=CARTESIAN_POINT('',(-0.138,-0.512,-0.292));
#8963=CARTESIAN_POINT('',(-0.114,-0.512,-0.292));
#8964=CARTESIAN_POINT('',(-0.114,-0.512,-0.292));
#8965=CARTESIAN_POINT('',(-0.114,-0.64,-0.292));
#8966=CARTESIAN_POINT('',(-0.1,-0.64,-0.292));
#8967=CARTESIAN_POINT('',(-0.086,-0.64,-0.292));
#8968=CARTESIAN_POINT('',(-0.086,-0.64,-0.292));
#8969=CARTESIAN_POINT('',(-0.086,-0.512,-0.292));
#8970=CARTESIAN_POINT('',(-0.086,-0.512,-0.292));
#8971=CARTESIAN_POINT('',(-0.069,-0.512,-0.292));
#8972=CARTESIAN_POINT('',(-0.069,-0.512,-0.292));
#8973=CARTESIAN_POINT('',(-0.069,-0.256,-0.292));
#8974=CARTESIAN_POINT('',(-0.069,-0.256,-0.292));
#8975=CARTESIAN_POINT('',(0.,-0.256,-0.1625));
#8976=CARTESIAN_POINT('',(0.0652284447154768,-0.256,-0.292));
#8977=CARTESIAN_POINT('',(0.,-0.256,-0.1785));
#8978=CARTESIAN_POINT('',(0.069,-0.256,-0.292));
#8979=CARTESIAN_POINT('',(0.069,-0.256,-0.292));
#8980=CARTESIAN_POINT('',(-0.069,-0.256,-0.292));
#8981=CARTESIAN_POINT('',(0.069,-0.256,-0.292));
#8982=CARTESIAN_POINT('',(0.069,-0.512,-0.292));
#8983=CARTESIAN_POINT('',(0.069,-0.512,-0.292));
#8984=CARTESIAN_POINT('',(0.069,-0.256,-0.292));
#8985=CARTESIAN_POINT('',(0.069,-0.512,-0.292));
#8986=CARTESIAN_POINT('',(0.086,-0.512,-0.292));
#8987=CARTESIAN_POINT('',(0.086,-0.512,-0.292));
#8988=CARTESIAN_POINT('',(0.069,-0.512,-0.292));
#8989=CARTESIAN_POINT('',(0.086,-0.512,-0.292));
#8990=CARTESIAN_POINT('',(0.086,-0.64,-0.292));
#8991=CARTESIAN_POINT('',(0.086,-0.64,-0.292));
#8992=CARTESIAN_POINT('',(0.086,-0.512,-0.292));
#8993=CARTESIAN_POINT('',(0.1,-0.64,-0.292));
#8994=CARTESIAN_POINT('',(0.114,-0.64,-0.292));
#8995=CARTESIAN_POINT('',(0.114,-0.64,-0.292));
#8996=CARTESIAN_POINT('',(0.1,-0.64,-0.292));
#8997=CARTESIAN_POINT('',(0.114,-0.64,-0.292));
#8998=CARTESIAN_POINT('',(0.114,-0.512,-0.292));
#8999=CARTESIAN_POINT('',(0.114,-0.512,-0.292));
#9000=CARTESIAN_POINT('',(0.114,-0.64,-0.292));
#9001=CARTESIAN_POINT('',(0.114,-0.512,-0.292));
#9002=CARTESIAN_POINT('',(0.114,-0.512,-0.292));
#9003=CARTESIAN_POINT('',(-0.1,-0.64,-0.292));
#9004=CARTESIAN_POINT('',(0.0652284447154768,-0.272,-0.292));
#9005=CARTESIAN_POINT('',(0.0652284447154768,-0.01,-0.292));
#9006=CARTESIAN_POINT('',(0.0652284447154901,-0.0100000000000003,-0.292));
#9007=CARTESIAN_POINT('',(0.0652284447154903,-0.00739181527931381,-0.292));
#9008=CARTESIAN_POINT('',(0.0608489341444102,-0.00340721669121838,-0.292));
#9009=CARTESIAN_POINT('',(0.0510135112798605,-0.000460750172578392,-0.292));
#9010=CARTESIAN_POINT('',(0.0432470245846172,-6.31129882411172E-18,-0.292));
#9011=CARTESIAN_POINT('',(0.0381411850890872,-4.13186485819992E-18,-0.292));
#9012=CARTESIAN_POINT('',(0.,0.00599999999999996,0.1785));
#9013=CARTESIAN_POINT('',(0.,0.006,0.1785));
#9014=CARTESIAN_POINT('',(0.,0.016,0.1785));
#9015=CARTESIAN_POINT('',(0.,0.00600000000000003,-0.1785));
#9016=CARTESIAN_POINT('',(0.,0.00600000000000002,-0.1785));
#9017=CARTESIAN_POINT('',(0.,-0.256,-0.1785));
#9018=CARTESIAN_POINT('',(0.,0.,0.1625));
#9019=CARTESIAN_POINT('',(0.,-0.01,0.1625));
#9020=CARTESIAN_POINT('',(0.,-0.0100000000000001,0.1625));
#9021=CARTESIAN_POINT('',(0.,-0.272,-0.1625));
#9022=CARTESIAN_POINT('',(0.,-0.01,-0.1625));
#9023=CARTESIAN_POINT('',(0.,-0.01,-0.1625));
#9024=CARTESIAN_POINT('',(0.,0.,0.));
#9025=MECHANICAL_DESIGN_GEOMETRIC_PRESENTATION_REPRESENTATION('',(#5377,
#5378,#5379,#5380,#5381,#5382,#5383,#5384,#5385),#9026);
#9026=(
GEOMETRIC_REPRESENTATION_CONTEXT(3)
GLOBAL_UNCERTAINTY_ASSIGNED_CONTEXT((#9036))
GLOBAL_UNIT_ASSIGNED_CONTEXT((#9048,#9047,#9046))
REPRESENTATION_CONTEXT('D22022LB','TOP_LEVEL_ASSEMBLY_PART')
);
#9027=(
GEOMETRIC_REPRESENTATION_CONTEXT(3)
GLOBAL_UNCERTAINTY_ASSIGNED_CONTEXT((#9037))
GLOBAL_UNIT_ASSIGNED_CONTEXT((#9048,#9047,#9046))
REPRESENTATION_CONTEXT('D2202-top_body','COMPONENT_PART')
);
#9028=(
GEOMETRIC_REPRESENTATION_CONTEXT(3)
GLOBAL_UNCERTAINTY_ASSIGNED_CONTEXT((#9038))
GLOBAL_UNIT_ASSIGNED_CONTEXT((#9048,#9047,#9046))
REPRESENTATION_CONTEXT('D2202-B-bottom_body','COMPONENT_PART')
);
#9029=(
GEOMETRIC_REPRESENTATION_CONTEXT(3)
GLOBAL_UNCERTAINTY_ASSIGNED_CONTEXT((#9039))
GLOBAL_UNIT_ASSIGNED_CONTEXT((#9048,#9047,#9046))
REPRESENTATION_CONTEXT('D2202-B-terminal','COMPONENT_PART')
);
#9030=(
GEOMETRIC_REPRESENTATION_CONTEXT(3)
GLOBAL_UNCERTAINTY_ASSIGNED_CONTEXT((#9040))
GLOBAL_UNIT_ASSIGNED_CONTEXT((#9048,#9047,#9046))
REPRESENTATION_CONTEXT('D2202-frame','COMPONENT_PART')
);
#9031=(
GEOMETRIC_REPRESENTATION_CONTEXT(3)
GLOBAL_UNCERTAINTY_ASSIGNED_CONTEXT((#9041))
GLOBAL_UNIT_ASSIGNED_CONTEXT((#9048,#9047,#9046))
REPRESENTATION_CONTEXT('D220LB-bushing','COMPONENT_PART')
);
#9032=(
GEOMETRIC_REPRESENTATION_CONTEXT(3)
GLOBAL_UNCERTAINTY_ASSIGNED_CONTEXT((#9042))
GLOBAL_UNIT_ASSIGNED_CONTEXT((#9048,#9047,#9046))
REPRESENTATION_CONTEXT('D22LB-contact','COMPONENT_PART')
);
#9033=(
GEOMETRIC_REPRESENTATION_CONTEXT(3)
GLOBAL_UNCERTAINTY_ASSIGNED_CONTEXT((#9043))
GLOBAL_UNIT_ASSIGNED_CONTEXT((#9048,#9047,#9046))
REPRESENTATION_CONTEXT('D220L-toggles','COMPONENT_PART')
);
#9034=(
GEOMETRIC_REPRESENTATION_CONTEXT(3)
GLOBAL_UNCERTAINTY_ASSIGNED_CONTEXT((#9044))
GLOBAL_UNIT_ASSIGNED_CONTEXT((#9048,#9047,#9046))
REPRESENTATION_CONTEXT('AT427-cap','COMPONENT_PART')
);
#9035=(
GEOMETRIC_REPRESENTATION_CONTEXT(3)
GLOBAL_UNCERTAINTY_ASSIGNED_CONTEXT((#9045))
GLOBAL_UNIT_ASSIGNED_CONTEXT((#9048,#9047,#9046))
REPRESENTATION_CONTEXT('D2202-B-bracket','COMPONENT_PART')
);
#9036=UNCERTAINTY_MEASURE_WITH_UNIT(LENGTH_MEASURE(3.93700787401575E-7),
#9048,'DISTANCE_ACCURACY_VALUE','Maximum Tolerance applied to model');
#9037=UNCERTAINTY_MEASURE_WITH_UNIT(LENGTH_MEASURE(3.93700787401575E-7),
#9048,'DISTANCE_ACCURACY_VALUE','Maximum Tolerance applied to model');
#9038=UNCERTAINTY_MEASURE_WITH_UNIT(LENGTH_MEASURE(3.93700787401575E-7),
#9048,'DISTANCE_ACCURACY_VALUE','Maximum Tolerance applied to model');
#9039=UNCERTAINTY_MEASURE_WITH_UNIT(LENGTH_MEASURE(3.93700787401575E-7),
#9048,'DISTANCE_ACCURACY_VALUE','Maximum Tolerance applied to model');
#9040=UNCERTAINTY_MEASURE_WITH_UNIT(LENGTH_MEASURE(3.93700787401575E-7),
#9048,'DISTANCE_ACCURACY_VALUE','Maximum Tolerance applied to model');
#9041=UNCERTAINTY_MEASURE_WITH_UNIT(LENGTH_MEASURE(0.00078740157480315),
#9048,'DISTANCE_ACCURACY_VALUE','Maximum Tolerance applied to model');
#9042=UNCERTAINTY_MEASURE_WITH_UNIT(LENGTH_MEASURE(3.93700787401575E-7),
#9048,'DISTANCE_ACCURACY_VALUE','Maximum Tolerance applied to model');
#9043=UNCERTAINTY_MEASURE_WITH_UNIT(LENGTH_MEASURE(3.93700787401575E-7),
#9048,'DISTANCE_ACCURACY_VALUE','Maximum Tolerance applied to model');
#9044=UNCERTAINTY_MEASURE_WITH_UNIT(LENGTH_MEASURE(3.93700787401575E-7),
#9048,'DISTANCE_ACCURACY_VALUE','Maximum Tolerance applied to model');
#9045=UNCERTAINTY_MEASURE_WITH_UNIT(LENGTH_MEASURE(0.00078740157480315),
#9048,'DISTANCE_ACCURACY_VALUE','Maximum Tolerance applied to model');
#9046=(
NAMED_UNIT(*)
SI_UNIT($,.STERADIAN.)
SOLID_ANGLE_UNIT()
);
#9047=(
NAMED_UNIT(*)
PLANE_ANGLE_UNIT()
SI_UNIT($,.RADIAN.)
);
#9048=(
CONVERSION_BASED_UNIT('INCH',#9050)
LENGTH_UNIT()
NAMED_UNIT(#9049)
);
#9049=DIMENSIONAL_EXPONENTS(1.,0.,0.,0.,0.,0.,0.);
#9050=LENGTH_MEASURE_WITH_UNIT(LENGTH_MEASURE(25.4),#9051);
#9051=(
LENGTH_UNIT()
NAMED_UNIT(*)
SI_UNIT(.MILLI.,.METRE.)
);
#9052=PRODUCT_DEFINITION_SHAPE('','',#9071);
#9053=PRODUCT_DEFINITION_SHAPE('','',#9072);
#9054=PRODUCT_DEFINITION_SHAPE(' ','NAUO PRDDFN',#49);
#9055=PRODUCT_DEFINITION_SHAPE('','',#9073);
#9056=PRODUCT_DEFINITION_SHAPE(' ','NAUO PRDDFN',#50);
#9057=PRODUCT_DEFINITION_SHAPE('','',#9074);
#9058=PRODUCT_DEFINITION_SHAPE(' ','NAUO PRDDFN',#51);
#9059=PRODUCT_DEFINITION_SHAPE('','',#9075);
#9060=PRODUCT_DEFINITION_SHAPE(' ','NAUO PRDDFN',#52);
#9061=PRODUCT_DEFINITION_SHAPE('','',#9076);
#9062=PRODUCT_DEFINITION_SHAPE(' ','NAUO PRDDFN',#53);
#9063=PRODUCT_DEFINITION_SHAPE('','',#9077);
#9064=PRODUCT_DEFINITION_SHAPE(' ','NAUO PRDDFN',#54);
#9065=PRODUCT_DEFINITION_SHAPE('','',#9078);
#9066=PRODUCT_DEFINITION_SHAPE(' ','NAUO PRDDFN',#55);
#9067=PRODUCT_DEFINITION_SHAPE('','',#9079);
#9068=PRODUCT_DEFINITION_SHAPE(' ','NAUO PRDDFN',#56);
#9069=PRODUCT_DEFINITION_SHAPE('','',#9080);
#9070=PRODUCT_DEFINITION_SHAPE(' ','NAUO PRDDFN',#57);
#9071=PRODUCT_DEFINITION('','',#9091,#9081);
#9072=PRODUCT_DEFINITION('','',#9092,#9082);
#9073=PRODUCT_DEFINITION('','',#9093,#9083);
#9074=PRODUCT_DEFINITION('','',#9094,#9084);
#9075=PRODUCT_DEFINITION('','',#9095,#9085);
#9076=PRODUCT_DEFINITION('','',#9096,#9086);
#9077=PRODUCT_DEFINITION('','',#9097,#9087);
#9078=PRODUCT_DEFINITION('','',#9098,#9088);
#9079=PRODUCT_DEFINITION('','',#9099,#9089);
#9080=PRODUCT_DEFINITION('','',#9100,#9090);
#9081=PRODUCT_DEFINITION_CONTEXT('',#9142,'design');
#9082=PRODUCT_DEFINITION_CONTEXT('',#9142,'design');
#9083=PRODUCT_DEFINITION_CONTEXT('',#9142,'design');
#9084=PRODUCT_DEFINITION_CONTEXT('',#9142,'design');
#9085=PRODUCT_DEFINITION_CONTEXT('',#9142,'design');
#9086=PRODUCT_DEFINITION_CONTEXT('',#9142,'design');
#9087=PRODUCT_DEFINITION_CONTEXT('',#9142,'design');
#9088=PRODUCT_DEFINITION_CONTEXT('',#9142,'design');
#9089=PRODUCT_DEFINITION_CONTEXT('',#9142,'design');
#9090=PRODUCT_DEFINITION_CONTEXT('',#9142,'design');
#9091=PRODUCT_DEFINITION_FORMATION_WITH_SPECIFIED_SOURCE('','',#9111,
 .NOT_KNOWN.);
#9092=PRODUCT_DEFINITION_FORMATION_WITH_SPECIFIED_SOURCE('','',#9112,
 .NOT_KNOWN.);
#9093=PRODUCT_DEFINITION_FORMATION_WITH_SPECIFIED_SOURCE('','',#9113,
 .NOT_KNOWN.);
#9094=PRODUCT_DEFINITION_FORMATION_WITH_SPECIFIED_SOURCE('','',#9114,
 .NOT_KNOWN.);
#9095=PRODUCT_DEFINITION_FORMATION_WITH_SPECIFIED_SOURCE('','',#9115,
 .NOT_KNOWN.);
#9096=PRODUCT_DEFINITION_FORMATION_WITH_SPECIFIED_SOURCE('','',#9116,
 .NOT_KNOWN.);
#9097=PRODUCT_DEFINITION_FORMATION_WITH_SPECIFIED_SOURCE('','',#9117,
 .NOT_KNOWN.);
#9098=PRODUCT_DEFINITION_FORMATION_WITH_SPECIFIED_SOURCE('','',#9118,
 .NOT_KNOWN.);
#9099=PRODUCT_DEFINITION_FORMATION_WITH_SPECIFIED_SOURCE('','',#9119,
 .NOT_KNOWN.);
#9100=PRODUCT_DEFINITION_FORMATION_WITH_SPECIFIED_SOURCE('','',#9120,
 .NOT_KNOWN.);
#9101=PRODUCT_RELATED_PRODUCT_CATEGORY('','',(#9111));
#9102=PRODUCT_RELATED_PRODUCT_CATEGORY('','',(#9112));
#9103=PRODUCT_RELATED_PRODUCT_CATEGORY('','',(#9113));
#9104=PRODUCT_RELATED_PRODUCT_CATEGORY('','',(#9114));
#9105=PRODUCT_RELATED_PRODUCT_CATEGORY('','',(#9115));
#9106=PRODUCT_RELATED_PRODUCT_CATEGORY('','',(#9116));
#9107=PRODUCT_RELATED_PRODUCT_CATEGORY('','',(#9117));
#9108=PRODUCT_RELATED_PRODUCT_CATEGORY('','',(#9118));
#9109=PRODUCT_RELATED_PRODUCT_CATEGORY('','',(#9119));
#9110=PRODUCT_RELATED_PRODUCT_CATEGORY('','',(#9120));
#9111=PRODUCT('D22022LB','D22022LB','D22022LB',(#9131));
#9112=PRODUCT('D2202-top_body','D2202-top_body','D2202-top_body',(#9132));
#9113=PRODUCT('D2202-B-bottom_body','D2202-B-bottom_body',
'D2202-B-bottom_body',(#9133));
#9114=PRODUCT('D2202-B-terminal','D2202-B-terminal','D2202-B-terminal',
(#9134));
#9115=PRODUCT('D2202-frame','D2202-frame','D2202-frame',(#9135));
#9116=PRODUCT('D220LB-bushing','D220LB-bushing','D220LB-bushing',(#9136));
#9117=PRODUCT('D22LB-contact','D22LB-contact','D22LB-contact',(#9137));
#9118=PRODUCT('D220L-toggles','D220L-toggles','D220L-toggles',(#9138));
#9119=PRODUCT('AT427-cap','AT427-cap','AT427-cap',(#9139));
#9120=PRODUCT('D2202-B-bracket','D2202-B-bracket','D2202-B-bracket',(#9140));
#9121=PRODUCT_CATEGORY('','');
#9122=PRODUCT_CATEGORY('','');
#9123=PRODUCT_CATEGORY('','');
#9124=PRODUCT_CATEGORY('','');
#9125=PRODUCT_CATEGORY('','');
#9126=PRODUCT_CATEGORY('','');
#9127=PRODUCT_CATEGORY('','');
#9128=PRODUCT_CATEGORY('','');
#9129=PRODUCT_CATEGORY('','');
#9130=PRODUCT_CATEGORY('','');
#9131=PRODUCT_CONTEXT('',#9142,'mechanical');
#9132=PRODUCT_CONTEXT('',#9142,'mechanical');
#9133=PRODUCT_CONTEXT('',#9142,'mechanical');
#9134=PRODUCT_CONTEXT('',#9142,'mechanical');
#9135=PRODUCT_CONTEXT('',#9142,'mechanical');
#9136=PRODUCT_CONTEXT('',#9142,'mechanical');
#9137=PRODUCT_CONTEXT('',#9142,'mechanical');
#9138=PRODUCT_CONTEXT('',#9142,'mechanical');
#9139=PRODUCT_CONTEXT('',#9142,'mechanical');
#9140=PRODUCT_CONTEXT('',#9142,'mechanical');
#9141=APPLICATION_PROTOCOL_DEFINITION('international standard',
'ap242_managed_model_based_3d_engineering',2011,#9142);
#9142=APPLICATION_CONTEXT('managed model based 3d engineering');
ENDSEC;
END-ISO-10303-21;
