ISO-10303-21;
HEADER;
/* Generated by software containing ST-Developer
 * from STEP Tools, Inc. (www.steptools.com) 
 */
/* OPTION: using custom renumber hook */

FILE_DESCRIPTION(
/* description */ ('STEP AP242',
'CAx-IF Rec.Pracs.---Representation and Presentation of Product Manufa
cturing Information (PMI)---4.0---2014-10-13',
'CAx-IF Rec.Pracs.---3D Tessellated Geometry---0.4---2014-09-14','2;1'),

/* implementation_level */ '2;1');

FILE_NAME(
/* name */ 'M2025LL2W13',
/* time_stamp */ '2025-12-23T22:35:59+01:00',
/* author */ ('License CC BY-ND 4.0'),
/* organization */ ('CADENAS'),
/* preprocessor_version */ 'ST-DEVELOPER v20',
/* originating_system */ 'PARTsolutions',
/* authorisation */ '  ');

FILE_SCHEMA (('AP242_MANAGED_MODEL_BASED_3D_ENGINEERING_MIM_LF { 1 0 10303 442 1 1 4 }'));
ENDSEC;

DATA;
#10=DEGENERATE_TOROIDAL_SURFACE('',#4942,0.0228637821566197,0.0500000000000002,
 .T.);
#11=SPHERICAL_SURFACE('',#4907,0.01);
#12=ELLIPSE('',#4899,0.329960262260346,0.0854);
#13=ELLIPSE('',#4901,0.329960262260346,0.0854);
#14=ELLIPSE('',#4902,0.0867174326550426,0.0854);
#15=ELLIPSE('',#4910,0.172763114494309,0.03);
#16=ELLIPSE('',#4911,0.521168728724499,0.0905);
#17=ELLIPSE('',#4916,0.172763114494309,0.03);
#18=ELLIPSE('',#4917,0.521168728724499,0.0905);
#19=ELLIPSE('',#4920,0.521168728724499,0.0905);
#20=ELLIPSE('',#4922,0.521168728724499,0.0905);
#21=ELLIPSE('',#4931,0.172763114494309,0.03);
#22=ELLIPSE('',#4935,0.172763114494309,0.03);
#23=B_SPLINE_CURVE_WITH_KNOTS('',3,(#6893,#6894,#6895,#6896),
 .UNSPECIFIED.,.F.,.F.,(4,4),(0.00121826791237127,0.00204074386773532),
 .UNSPECIFIED.);
#24=B_SPLINE_CURVE_WITH_KNOTS('',3,(#6898,#6899,#6900,#6901),
 .UNSPECIFIED.,.F.,.F.,(4,4),(0.00105566661672779,0.00183649536438547),
 .UNSPECIFIED.);
#25=B_SPLINE_CURVE_WITH_KNOTS('',3,(#6903,#6904,#6905,#6906),
 .UNSPECIFIED.,.F.,.F.,(4,4),(0.00123359897847221,0.00205607772202228),
 .UNSPECIFIED.);
#26=B_SPLINE_CURVE_WITH_KNOTS('',3,(#7184,#7185,#7186,#7187,#7188,#7189,
#7190),.UNSPECIFIED.,.T.,.F.,(1,1,1,1,1,1,1,1,1,1,1),(-0.00119128260146497,
-0.00079418840097665,-0.000397094200488325,0.,0.000397094200488325,0.00079418840097665,
0.00119128260146497,0.0015883768019533,0.00198547100244162,0.00238256520292995,
0.00277965940341827),.UNSPECIFIED.);
#27=CONICAL_SURFACE('',#4813,0.0976,0.785398163397449);
#28=CONICAL_SURFACE('',#4944,0.0661650523458418,0.523598775598299);
#29=CONTEXT_DEPENDENT_SHAPE_REPRESENTATION(#43,#7649);
#30=CONTEXT_DEPENDENT_SHAPE_REPRESENTATION(#44,#7651);
#31=CONTEXT_DEPENDENT_SHAPE_REPRESENTATION(#45,#7653);
#32=CONTEXT_DEPENDENT_SHAPE_REPRESENTATION(#46,#7655);
#33=CONTEXT_DEPENDENT_SHAPE_REPRESENTATION(#47,#7657);
#34=CONTEXT_DEPENDENT_SHAPE_REPRESENTATION(#48,#7659);
#35=CONTEXT_DEPENDENT_SHAPE_REPRESENTATION(#49,#7661);
#36=NEXT_ASSEMBLY_USAGE_OCCURRENCE('NAUO1','M20253LL2W13BR-switch',
'M20253LL2W13BR-switch',#7662,#7663,'');
#37=NEXT_ASSEMBLY_USAGE_OCCURRENCE('NAUO2','BBRACKET13','BBRACKET13',#7662,
#7664,'');
#38=NEXT_ASSEMBLY_USAGE_OCCURRENCE('NAUO3','M202L2M202BR-bushing',
'M202L2M202BR-bushing',#7662,#7665,'');
#39=NEXT_ASSEMBLY_USAGE_OCCURRENCE('NAUO4','M20L2M20L25-contact',
'M20L2M20L25-contact',#7662,#7666,'');
#40=NEXT_ASSEMBLY_USAGE_OCCURRENCE('NAUO5','M20L-toggles',
'M20L-toggles',#7662,#7667,'');
#41=NEXT_ASSEMBLY_USAGE_OCCURRENCE('NAUO6','M20L-caps','M20L-caps',#7662,
#7668,'');
#42=NEXT_ASSEMBLY_USAGE_OCCURRENCE('NAUO7','M202503BR-terminals',
'M202503BR-terminals',#7662,#7669,'');
#43=(
REPRESENTATION_RELATIONSHIP(' ',' ',#4661,#4660)
REPRESENTATION_RELATIONSHIP_WITH_TRANSFORMATION(#50)
SHAPE_REPRESENTATION_RELATIONSHIP()
);
#44=(
REPRESENTATION_RELATIONSHIP(' ',' ',#4662,#4660)
REPRESENTATION_RELATIONSHIP_WITH_TRANSFORMATION(#51)
SHAPE_REPRESENTATION_RELATIONSHIP()
);
#45=(
REPRESENTATION_RELATIONSHIP(' ',' ',#4663,#4660)
REPRESENTATION_RELATIONSHIP_WITH_TRANSFORMATION(#52)
SHAPE_REPRESENTATION_RELATIONSHIP()
);
#46=(
REPRESENTATION_RELATIONSHIP(' ',' ',#4664,#4660)
REPRESENTATION_RELATIONSHIP_WITH_TRANSFORMATION(#53)
SHAPE_REPRESENTATION_RELATIONSHIP()
);
#47=(
REPRESENTATION_RELATIONSHIP(' ',' ',#4665,#4660)
REPRESENTATION_RELATIONSHIP_WITH_TRANSFORMATION(#54)
SHAPE_REPRESENTATION_RELATIONSHIP()
);
#48=(
REPRESENTATION_RELATIONSHIP(' ',' ',#4666,#4660)
REPRESENTATION_RELATIONSHIP_WITH_TRANSFORMATION(#55)
SHAPE_REPRESENTATION_RELATIONSHIP()
);
#49=(
REPRESENTATION_RELATIONSHIP(' ',' ',#4667,#4660)
REPRESENTATION_RELATIONSHIP_WITH_TRANSFORMATION(#56)
SHAPE_REPRESENTATION_RELATIONSHIP()
);
#50=ITEM_DEFINED_TRANSFORMATION(' ',' ',#4668,#4758);
#51=ITEM_DEFINED_TRANSFORMATION(' ',' ',#4668,#4809);
#52=ITEM_DEFINED_TRANSFORMATION(' ',' ',#4668,#4896);
#53=ITEM_DEFINED_TRANSFORMATION(' ',' ',#4668,#4908);
#54=ITEM_DEFINED_TRANSFORMATION(' ',' ',#4668,#4939);
#55=ITEM_DEFINED_TRANSFORMATION(' ',' ',#4668,#4949);
#56=ITEM_DEFINED_TRANSFORMATION(' ',' ',#4668,#5034);
#57=SHAPE_REPRESENTATION_RELATIONSHIP('','',#4661,#64);
#58=SHAPE_REPRESENTATION_RELATIONSHIP('','',#4662,#65);
#59=SHAPE_REPRESENTATION_RELATIONSHIP('','',#4663,#66);
#60=SHAPE_REPRESENTATION_RELATIONSHIP('','',#4664,#67);
#61=SHAPE_REPRESENTATION_RELATIONSHIP('','',#4665,#68);
#62=SHAPE_REPRESENTATION_RELATIONSHIP('','',#4666,#69);
#63=SHAPE_REPRESENTATION_RELATIONSHIP('','',#4667,#70);
#64=ADVANCED_BREP_SHAPE_REPRESENTATION('',(#4645),#7626);
#65=ADVANCED_BREP_SHAPE_REPRESENTATION('',(#4646),#7627);
#66=ADVANCED_BREP_SHAPE_REPRESENTATION('',(#4647),#7628);
#67=ADVANCED_BREP_SHAPE_REPRESENTATION('',(#4648),#7629);
#68=ADVANCED_BREP_SHAPE_REPRESENTATION('',(#4649),#7630);
#69=ADVANCED_BREP_SHAPE_REPRESENTATION('',(#4650),#7631);
#70=ADVANCED_BREP_SHAPE_REPRESENTATION('',(#4651),#7632);
#71=CYLINDRICAL_SURFACE('',#4676,0.00512000000000009);
#72=CYLINDRICAL_SURFACE('',#4680,0.00512000000000009);
#73=CYLINDRICAL_SURFACE('',#4696,0.00512000000000003);
#74=CYLINDRICAL_SURFACE('',#4700,0.00512000000000003);
#75=CYLINDRICAL_SURFACE('',#4721,0.00511999999999999);
#76=CYLINDRICAL_SURFACE('',#4723,0.00512000000000003);
#77=CYLINDRICAL_SURFACE('',#4725,0.00511999999999999);
#78=CYLINDRICAL_SURFACE('',#4727,0.00511999999999999);
#79=CYLINDRICAL_SURFACE('',#4781,0.023);
#80=CYLINDRICAL_SURFACE('',#4785,0.023);
#81=CYLINDRICAL_SURFACE('',#4789,0.023);
#82=CYLINDRICAL_SURFACE('',#4793,0.023);
#83=CYLINDRICAL_SURFACE('',#4797,0.05);
#84=CYLINDRICAL_SURFACE('',#4802,0.05);
#85=CYLINDRICAL_SURFACE('',#4803,0.0500000000000001);
#86=CYLINDRICAL_SURFACE('',#4808,0.05);
#87=CYLINDRICAL_SURFACE('',#4810,0.1281);
#88=CYLINDRICAL_SURFACE('',#4816,0.122);
#89=CYLINDRICAL_SURFACE('',#4820,0.1575);
#90=CYLINDRICAL_SURFACE('',#4835,0.01);
#91=CYLINDRICAL_SURFACE('',#4838,0.01);
#92=CYLINDRICAL_SURFACE('',#4861,0.01);
#93=CYLINDRICAL_SURFACE('',#4863,0.00999999999999999);
#94=CYLINDRICAL_SURFACE('',#4864,0.005);
#95=CYLINDRICAL_SURFACE('',#4868,0.005);
#96=CYLINDRICAL_SURFACE('',#4875,0.00499999999999995);
#97=CYLINDRICAL_SURFACE('',#4879,0.00499999999999995);
#98=CYLINDRICAL_SURFACE('',#4880,0.00500000000000001);
#99=CYLINDRICAL_SURFACE('',#4884,0.00499999999999995);
#100=CYLINDRICAL_SURFACE('',#4885,0.00499999999999995);
#101=CYLINDRICAL_SURFACE('',#4889,0.00500000000000001);
#102=CYLINDRICAL_SURFACE('',#4895,0.0854);
#103=CYLINDRICAL_SURFACE('',#4897,0.0854);
#104=CYLINDRICAL_SURFACE('',#4918,0.0905);
#105=CYLINDRICAL_SURFACE('',#4936,0.03);
#106=CYLINDRICAL_SURFACE('',#4946,0.1005);
#107=CYLINDRICAL_SURFACE('',#4951,0.00511999999999999);
#108=CYLINDRICAL_SURFACE('',#4955,0.00512000000000003);
#109=CYLINDRICAL_SURFACE('',#4959,0.00511999999999999);
#110=CYLINDRICAL_SURFACE('',#4963,0.00511999999999999);
#111=CYLINDRICAL_SURFACE('',#4971,0.023);
#112=CYLINDRICAL_SURFACE('',#4982,0.023);
#113=CYLINDRICAL_SURFACE('',#4993,0.023);
#114=CYLINDRICAL_SURFACE('',#5004,0.023);
#115=CYLINDRICAL_SURFACE('',#5015,0.023);
#116=CYLINDRICAL_SURFACE('',#5026,0.023);
#117=CIRCLE('',#4670,0.00511999999999999);
#118=CIRCLE('',#4671,0.00511999999999999);
#119=CIRCLE('',#4672,0.00512000000000003);
#120=CIRCLE('',#4673,0.00511999999999999);
#121=CIRCLE('',#4677,0.00512000000000009);
#122=CIRCLE('',#4678,0.00512000000000009);
#123=CIRCLE('',#4681,0.00512000000000009);
#124=CIRCLE('',#4682,0.00512000000000009);
#125=CIRCLE('',#4697,0.00512000000000003);
#126=CIRCLE('',#4698,0.00512000000000003);
#127=CIRCLE('',#4701,0.00512000000000003);
#128=CIRCLE('',#4702,0.00512000000000003);
#129=CIRCLE('',#4715,0.00511999999999999);
#130=CIRCLE('',#4716,0.00512000000000003);
#131=CIRCLE('',#4717,0.00511999999999999);
#132=CIRCLE('',#4718,0.00511999999999999);
#133=CIRCLE('',#4760,0.023);
#134=CIRCLE('',#4761,0.023);
#135=CIRCLE('',#4763,0.023);
#136=CIRCLE('',#4764,0.023);
#137=CIRCLE('',#4766,0.0500000000000001);
#138=CIRCLE('',#4767,0.05);
#139=CIRCLE('',#4769,0.023);
#140=CIRCLE('',#4770,0.023);
#141=CIRCLE('',#4772,0.023);
#142=CIRCLE('',#4773,0.023);
#143=CIRCLE('',#4777,0.05);
#144=CIRCLE('',#4778,0.05);
#145=CIRCLE('',#4798,0.05);
#146=CIRCLE('',#4801,0.05);
#147=CIRCLE('',#4804,0.0500000000000001);
#148=CIRCLE('',#4807,0.05);
#149=CIRCLE('',#4811,0.1281);
#150=CIRCLE('',#4812,0.1281);
#151=CIRCLE('',#4814,0.122);
#152=CIRCLE('',#4815,0.0976);
#153=CIRCLE('',#4817,0.122);
#154=CIRCLE('',#4819,0.1575);
#155=CIRCLE('',#4821,0.1575);
#156=CIRCLE('',#4824,0.005);
#157=CIRCLE('',#4825,0.00499999999999995);
#158=CIRCLE('',#4826,0.00500000000000001);
#159=CIRCLE('',#4827,0.00499999999999995);
#160=CIRCLE('',#4831,0.00499999999999995);
#161=CIRCLE('',#4832,0.00500000000000001);
#162=CIRCLE('',#4833,0.00499999999999995);
#163=CIRCLE('',#4834,0.005);
#164=CIRCLE('',#4836,0.01);
#165=CIRCLE('',#4837,0.01);
#166=CIRCLE('',#4839,0.01);
#167=CIRCLE('',#4840,0.01);
#168=CIRCLE('',#4842,0.005);
#169=CIRCLE('',#4843,0.00499999999999995);
#170=CIRCLE('',#4844,0.00500000000000001);
#171=CIRCLE('',#4845,0.00499999999999995);
#172=CIRCLE('',#4849,0.00499999999999995);
#173=CIRCLE('',#4850,0.00500000000000001);
#174=CIRCLE('',#4851,0.00499999999999995);
#175=CIRCLE('',#4852,0.005);
#176=CIRCLE('',#4854,0.00999999999999999);
#177=CIRCLE('',#4855,0.01);
#178=CIRCLE('',#4857,0.00999999999999999);
#179=CIRCLE('',#4858,0.01);
#180=CIRCLE('',#4860,0.0854);
#181=CIRCLE('',#4891,0.0854);
#182=CIRCLE('',#4898,0.0854);
#183=CIRCLE('',#4900,0.0854);
#184=CIRCLE('',#4913,0.03);
#185=CIRCLE('',#4914,0.0905);
#186=CIRCLE('',#4919,0.0905);
#187=CIRCLE('',#4921,0.0905);
#188=CIRCLE('',#4923,0.0905);
#189=CIRCLE('',#4924,0.0905);
#190=CIRCLE('',#4927,0.03);
#191=CIRCLE('',#4929,0.03);
#192=CIRCLE('',#4933,0.03);
#193=CIRCLE('',#4937,0.03);
#194=CIRCLE('',#4941,0.02286378215662);
#195=CIRCLE('',#4943,0.0661650523458418);
#196=CIRCLE('',#4945,0.1005);
#197=CIRCLE('',#4947,0.1005);
#198=CIRCLE('',#4952,0.00511999999999999);
#199=CIRCLE('',#4953,0.00511999999999999);
#200=CIRCLE('',#4956,0.00512000000000003);
#201=CIRCLE('',#4957,0.00512000000000003);
#202=CIRCLE('',#4960,0.00511999999999999);
#203=CIRCLE('',#4961,0.00511999999999999);
#204=CIRCLE('',#4964,0.00511999999999999);
#205=CIRCLE('',#4965,0.00511999999999999);
#206=CIRCLE('',#4972,0.023);
#207=CIRCLE('',#4973,0.023);
#208=CIRCLE('',#4983,0.023);
#209=CIRCLE('',#4984,0.023);
#210=CIRCLE('',#4994,0.023);
#211=CIRCLE('',#4995,0.023);
#212=CIRCLE('',#5005,0.023);
#213=CIRCLE('',#5006,0.023);
#214=CIRCLE('',#5016,0.023);
#215=CIRCLE('',#5017,0.023);
#216=CIRCLE('',#5027,0.023);
#217=CIRCLE('',#5028,0.023);
#218=ORIENTED_EDGE('',*,*,#1492,.F.);
#219=ORIENTED_EDGE('',*,*,#1493,.F.);
#220=ORIENTED_EDGE('',*,*,#1494,.F.);
#221=ORIENTED_EDGE('',*,*,#1495,.F.);
#222=ORIENTED_EDGE('',*,*,#1496,.F.);
#223=ORIENTED_EDGE('',*,*,#1497,.F.);
#224=ORIENTED_EDGE('',*,*,#1498,.F.);
#225=ORIENTED_EDGE('',*,*,#1499,.F.);
#226=ORIENTED_EDGE('',*,*,#1500,.F.);
#227=ORIENTED_EDGE('',*,*,#1501,.F.);
#228=ORIENTED_EDGE('',*,*,#1502,.F.);
#229=ORIENTED_EDGE('',*,*,#1503,.F.);
#230=ORIENTED_EDGE('',*,*,#1504,.F.);
#231=ORIENTED_EDGE('',*,*,#1505,.F.);
#232=ORIENTED_EDGE('',*,*,#1506,.F.);
#233=ORIENTED_EDGE('',*,*,#1507,.F.);
#234=ORIENTED_EDGE('',*,*,#1508,.F.);
#235=ORIENTED_EDGE('',*,*,#1509,.F.);
#236=ORIENTED_EDGE('',*,*,#1510,.F.);
#237=ORIENTED_EDGE('',*,*,#1511,.F.);
#238=ORIENTED_EDGE('',*,*,#1512,.F.);
#239=ORIENTED_EDGE('',*,*,#1513,.F.);
#240=ORIENTED_EDGE('',*,*,#1514,.F.);
#241=ORIENTED_EDGE('',*,*,#1515,.F.);
#242=ORIENTED_EDGE('',*,*,#1516,.F.);
#243=ORIENTED_EDGE('',*,*,#1517,.F.);
#244=ORIENTED_EDGE('',*,*,#1518,.F.);
#245=ORIENTED_EDGE('',*,*,#1519,.F.);
#246=ORIENTED_EDGE('',*,*,#1520,.F.);
#247=ORIENTED_EDGE('',*,*,#1521,.F.);
#248=ORIENTED_EDGE('',*,*,#1522,.F.);
#249=ORIENTED_EDGE('',*,*,#1523,.F.);
#250=ORIENTED_EDGE('',*,*,#1524,.F.);
#251=ORIENTED_EDGE('',*,*,#1525,.F.);
#252=ORIENTED_EDGE('',*,*,#1526,.T.);
#253=ORIENTED_EDGE('',*,*,#1527,.T.);
#254=ORIENTED_EDGE('',*,*,#1528,.F.);
#255=ORIENTED_EDGE('',*,*,#1527,.F.);
#256=ORIENTED_EDGE('',*,*,#1529,.T.);
#257=ORIENTED_EDGE('',*,*,#1530,.T.);
#258=ORIENTED_EDGE('',*,*,#1531,.F.);
#259=ORIENTED_EDGE('',*,*,#1530,.F.);
#260=ORIENTED_EDGE('',*,*,#1532,.T.);
#261=ORIENTED_EDGE('',*,*,#1533,.T.);
#262=ORIENTED_EDGE('',*,*,#1534,.F.);
#263=ORIENTED_EDGE('',*,*,#1533,.F.);
#264=ORIENTED_EDGE('',*,*,#1535,.T.);
#265=ORIENTED_EDGE('',*,*,#1536,.T.);
#266=ORIENTED_EDGE('',*,*,#1537,.F.);
#267=ORIENTED_EDGE('',*,*,#1536,.F.);
#268=ORIENTED_EDGE('',*,*,#1538,.T.);
#269=ORIENTED_EDGE('',*,*,#1539,.T.);
#270=ORIENTED_EDGE('',*,*,#1540,.F.);
#271=ORIENTED_EDGE('',*,*,#1539,.F.);
#272=ORIENTED_EDGE('',*,*,#1541,.T.);
#273=ORIENTED_EDGE('',*,*,#1542,.T.);
#274=ORIENTED_EDGE('',*,*,#1543,.F.);
#275=ORIENTED_EDGE('',*,*,#1542,.F.);
#276=ORIENTED_EDGE('',*,*,#1544,.T.);
#277=ORIENTED_EDGE('',*,*,#1545,.T.);
#278=ORIENTED_EDGE('',*,*,#1546,.F.);
#279=ORIENTED_EDGE('',*,*,#1545,.F.);
#280=ORIENTED_EDGE('',*,*,#1547,.T.);
#281=ORIENTED_EDGE('',*,*,#1548,.T.);
#282=ORIENTED_EDGE('',*,*,#1549,.F.);
#283=ORIENTED_EDGE('',*,*,#1548,.F.);
#284=ORIENTED_EDGE('',*,*,#1550,.T.);
#285=ORIENTED_EDGE('',*,*,#1551,.T.);
#286=ORIENTED_EDGE('',*,*,#1552,.F.);
#287=ORIENTED_EDGE('',*,*,#1551,.F.);
#288=ORIENTED_EDGE('',*,*,#1553,.T.);
#289=ORIENTED_EDGE('',*,*,#1554,.T.);
#290=ORIENTED_EDGE('',*,*,#1555,.F.);
#291=ORIENTED_EDGE('',*,*,#1554,.F.);
#292=ORIENTED_EDGE('',*,*,#1556,.T.);
#293=ORIENTED_EDGE('',*,*,#1557,.T.);
#294=ORIENTED_EDGE('',*,*,#1558,.F.);
#295=ORIENTED_EDGE('',*,*,#1557,.F.);
#296=ORIENTED_EDGE('',*,*,#1559,.T.);
#297=ORIENTED_EDGE('',*,*,#1560,.T.);
#298=ORIENTED_EDGE('',*,*,#1561,.F.);
#299=ORIENTED_EDGE('',*,*,#1560,.F.);
#300=ORIENTED_EDGE('',*,*,#1562,.T.);
#301=ORIENTED_EDGE('',*,*,#1563,.T.);
#302=ORIENTED_EDGE('',*,*,#1564,.F.);
#303=ORIENTED_EDGE('',*,*,#1563,.F.);
#304=ORIENTED_EDGE('',*,*,#1565,.T.);
#305=ORIENTED_EDGE('',*,*,#1566,.T.);
#306=ORIENTED_EDGE('',*,*,#1567,.F.);
#307=ORIENTED_EDGE('',*,*,#1566,.F.);
#308=ORIENTED_EDGE('',*,*,#1568,.T.);
#309=ORIENTED_EDGE('',*,*,#1569,.T.);
#310=ORIENTED_EDGE('',*,*,#1570,.F.);
#311=ORIENTED_EDGE('',*,*,#1569,.F.);
#312=ORIENTED_EDGE('',*,*,#1571,.T.);
#313=ORIENTED_EDGE('',*,*,#1572,.T.);
#314=ORIENTED_EDGE('',*,*,#1573,.F.);
#315=ORIENTED_EDGE('',*,*,#1572,.F.);
#316=ORIENTED_EDGE('',*,*,#1574,.T.);
#317=ORIENTED_EDGE('',*,*,#1575,.T.);
#318=ORIENTED_EDGE('',*,*,#1576,.F.);
#319=ORIENTED_EDGE('',*,*,#1575,.F.);
#320=ORIENTED_EDGE('',*,*,#1577,.T.);
#321=ORIENTED_EDGE('',*,*,#1578,.T.);
#322=ORIENTED_EDGE('',*,*,#1579,.F.);
#323=ORIENTED_EDGE('',*,*,#1578,.F.);
#324=ORIENTED_EDGE('',*,*,#1580,.T.);
#325=ORIENTED_EDGE('',*,*,#1581,.T.);
#326=ORIENTED_EDGE('',*,*,#1582,.F.);
#327=ORIENTED_EDGE('',*,*,#1581,.F.);
#328=ORIENTED_EDGE('',*,*,#1583,.T.);
#329=ORIENTED_EDGE('',*,*,#1584,.T.);
#330=ORIENTED_EDGE('',*,*,#1585,.F.);
#331=ORIENTED_EDGE('',*,*,#1584,.F.);
#332=ORIENTED_EDGE('',*,*,#1586,.T.);
#333=ORIENTED_EDGE('',*,*,#1587,.T.);
#334=ORIENTED_EDGE('',*,*,#1588,.F.);
#335=ORIENTED_EDGE('',*,*,#1587,.F.);
#336=ORIENTED_EDGE('',*,*,#1589,.T.);
#337=ORIENTED_EDGE('',*,*,#1590,.T.);
#338=ORIENTED_EDGE('',*,*,#1591,.F.);
#339=ORIENTED_EDGE('',*,*,#1590,.F.);
#340=ORIENTED_EDGE('',*,*,#1592,.T.);
#341=ORIENTED_EDGE('',*,*,#1593,.T.);
#342=ORIENTED_EDGE('',*,*,#1594,.F.);
#343=ORIENTED_EDGE('',*,*,#1593,.F.);
#344=ORIENTED_EDGE('',*,*,#1595,.T.);
#345=ORIENTED_EDGE('',*,*,#1596,.T.);
#346=ORIENTED_EDGE('',*,*,#1597,.F.);
#347=ORIENTED_EDGE('',*,*,#1596,.F.);
#348=ORIENTED_EDGE('',*,*,#1598,.T.);
#349=ORIENTED_EDGE('',*,*,#1599,.T.);
#350=ORIENTED_EDGE('',*,*,#1600,.F.);
#351=ORIENTED_EDGE('',*,*,#1599,.F.);
#352=ORIENTED_EDGE('',*,*,#1601,.T.);
#353=ORIENTED_EDGE('',*,*,#1602,.T.);
#354=ORIENTED_EDGE('',*,*,#1603,.F.);
#355=ORIENTED_EDGE('',*,*,#1602,.F.);
#356=ORIENTED_EDGE('',*,*,#1604,.T.);
#357=ORIENTED_EDGE('',*,*,#1605,.T.);
#358=ORIENTED_EDGE('',*,*,#1606,.F.);
#359=ORIENTED_EDGE('',*,*,#1605,.F.);
#360=ORIENTED_EDGE('',*,*,#1607,.T.);
#361=ORIENTED_EDGE('',*,*,#1608,.T.);
#362=ORIENTED_EDGE('',*,*,#1609,.F.);
#363=ORIENTED_EDGE('',*,*,#1608,.F.);
#364=ORIENTED_EDGE('',*,*,#1610,.T.);
#365=ORIENTED_EDGE('',*,*,#1611,.T.);
#366=ORIENTED_EDGE('',*,*,#1612,.F.);
#367=ORIENTED_EDGE('',*,*,#1611,.F.);
#368=ORIENTED_EDGE('',*,*,#1613,.T.);
#369=ORIENTED_EDGE('',*,*,#1614,.T.);
#370=ORIENTED_EDGE('',*,*,#1615,.F.);
#371=ORIENTED_EDGE('',*,*,#1614,.F.);
#372=ORIENTED_EDGE('',*,*,#1616,.T.);
#373=ORIENTED_EDGE('',*,*,#1617,.T.);
#374=ORIENTED_EDGE('',*,*,#1618,.F.);
#375=ORIENTED_EDGE('',*,*,#1617,.F.);
#376=ORIENTED_EDGE('',*,*,#1619,.T.);
#377=ORIENTED_EDGE('',*,*,#1525,.T.);
#378=ORIENTED_EDGE('',*,*,#1620,.T.);
#379=ORIENTED_EDGE('',*,*,#1621,.T.);
#380=ORIENTED_EDGE('',*,*,#1622,.T.);
#381=ORIENTED_EDGE('',*,*,#1623,.T.);
#382=ORIENTED_EDGE('',*,*,#1624,.T.);
#383=ORIENTED_EDGE('',*,*,#1625,.T.);
#384=ORIENTED_EDGE('',*,*,#1626,.T.);
#385=ORIENTED_EDGE('',*,*,#1627,.T.);
#386=ORIENTED_EDGE('',*,*,#1526,.F.);
#387=ORIENTED_EDGE('',*,*,#1619,.F.);
#388=ORIENTED_EDGE('',*,*,#1616,.F.);
#389=ORIENTED_EDGE('',*,*,#1613,.F.);
#390=ORIENTED_EDGE('',*,*,#1610,.F.);
#391=ORIENTED_EDGE('',*,*,#1607,.F.);
#392=ORIENTED_EDGE('',*,*,#1604,.F.);
#393=ORIENTED_EDGE('',*,*,#1601,.F.);
#394=ORIENTED_EDGE('',*,*,#1598,.F.);
#395=ORIENTED_EDGE('',*,*,#1595,.F.);
#396=ORIENTED_EDGE('',*,*,#1592,.F.);
#397=ORIENTED_EDGE('',*,*,#1589,.F.);
#398=ORIENTED_EDGE('',*,*,#1586,.F.);
#399=ORIENTED_EDGE('',*,*,#1583,.F.);
#400=ORIENTED_EDGE('',*,*,#1580,.F.);
#401=ORIENTED_EDGE('',*,*,#1577,.F.);
#402=ORIENTED_EDGE('',*,*,#1574,.F.);
#403=ORIENTED_EDGE('',*,*,#1571,.F.);
#404=ORIENTED_EDGE('',*,*,#1568,.F.);
#405=ORIENTED_EDGE('',*,*,#1565,.F.);
#406=ORIENTED_EDGE('',*,*,#1562,.F.);
#407=ORIENTED_EDGE('',*,*,#1559,.F.);
#408=ORIENTED_EDGE('',*,*,#1556,.F.);
#409=ORIENTED_EDGE('',*,*,#1553,.F.);
#410=ORIENTED_EDGE('',*,*,#1550,.F.);
#411=ORIENTED_EDGE('',*,*,#1547,.F.);
#412=ORIENTED_EDGE('',*,*,#1544,.F.);
#413=ORIENTED_EDGE('',*,*,#1541,.F.);
#414=ORIENTED_EDGE('',*,*,#1538,.F.);
#415=ORIENTED_EDGE('',*,*,#1535,.F.);
#416=ORIENTED_EDGE('',*,*,#1532,.F.);
#417=ORIENTED_EDGE('',*,*,#1529,.F.);
#418=ORIENTED_EDGE('',*,*,#1524,.T.);
#419=ORIENTED_EDGE('',*,*,#1528,.T.);
#420=ORIENTED_EDGE('',*,*,#1531,.T.);
#421=ORIENTED_EDGE('',*,*,#1534,.T.);
#422=ORIENTED_EDGE('',*,*,#1537,.T.);
#423=ORIENTED_EDGE('',*,*,#1540,.T.);
#424=ORIENTED_EDGE('',*,*,#1543,.T.);
#425=ORIENTED_EDGE('',*,*,#1546,.T.);
#426=ORIENTED_EDGE('',*,*,#1549,.T.);
#427=ORIENTED_EDGE('',*,*,#1552,.T.);
#428=ORIENTED_EDGE('',*,*,#1555,.T.);
#429=ORIENTED_EDGE('',*,*,#1558,.T.);
#430=ORIENTED_EDGE('',*,*,#1561,.T.);
#431=ORIENTED_EDGE('',*,*,#1564,.T.);
#432=ORIENTED_EDGE('',*,*,#1567,.T.);
#433=ORIENTED_EDGE('',*,*,#1570,.T.);
#434=ORIENTED_EDGE('',*,*,#1573,.T.);
#435=ORIENTED_EDGE('',*,*,#1576,.T.);
#436=ORIENTED_EDGE('',*,*,#1579,.T.);
#437=ORIENTED_EDGE('',*,*,#1582,.T.);
#438=ORIENTED_EDGE('',*,*,#1585,.T.);
#439=ORIENTED_EDGE('',*,*,#1588,.T.);
#440=ORIENTED_EDGE('',*,*,#1591,.T.);
#441=ORIENTED_EDGE('',*,*,#1594,.T.);
#442=ORIENTED_EDGE('',*,*,#1597,.T.);
#443=ORIENTED_EDGE('',*,*,#1600,.T.);
#444=ORIENTED_EDGE('',*,*,#1603,.T.);
#445=ORIENTED_EDGE('',*,*,#1606,.T.);
#446=ORIENTED_EDGE('',*,*,#1609,.T.);
#447=ORIENTED_EDGE('',*,*,#1612,.T.);
#448=ORIENTED_EDGE('',*,*,#1615,.T.);
#449=ORIENTED_EDGE('',*,*,#1618,.T.);
#450=ORIENTED_EDGE('',*,*,#1620,.F.);
#451=ORIENTED_EDGE('',*,*,#1628,.F.);
#452=ORIENTED_EDGE('',*,*,#1504,.T.);
#453=ORIENTED_EDGE('',*,*,#1629,.T.);
#454=ORIENTED_EDGE('',*,*,#1621,.F.);
#455=ORIENTED_EDGE('',*,*,#1629,.F.);
#456=ORIENTED_EDGE('',*,*,#1511,.T.);
#457=ORIENTED_EDGE('',*,*,#1630,.T.);
#458=ORIENTED_EDGE('',*,*,#1622,.F.);
#459=ORIENTED_EDGE('',*,*,#1630,.F.);
#460=ORIENTED_EDGE('',*,*,#1510,.T.);
#461=ORIENTED_EDGE('',*,*,#1631,.T.);
#462=ORIENTED_EDGE('',*,*,#1623,.F.);
#463=ORIENTED_EDGE('',*,*,#1631,.F.);
#464=ORIENTED_EDGE('',*,*,#1509,.T.);
#465=ORIENTED_EDGE('',*,*,#1632,.T.);
#466=ORIENTED_EDGE('',*,*,#1624,.F.);
#467=ORIENTED_EDGE('',*,*,#1632,.F.);
#468=ORIENTED_EDGE('',*,*,#1508,.T.);
#469=ORIENTED_EDGE('',*,*,#1633,.T.);
#470=ORIENTED_EDGE('',*,*,#1625,.F.);
#471=ORIENTED_EDGE('',*,*,#1633,.F.);
#472=ORIENTED_EDGE('',*,*,#1507,.T.);
#473=ORIENTED_EDGE('',*,*,#1634,.T.);
#474=ORIENTED_EDGE('',*,*,#1626,.F.);
#475=ORIENTED_EDGE('',*,*,#1634,.F.);
#476=ORIENTED_EDGE('',*,*,#1506,.T.);
#477=ORIENTED_EDGE('',*,*,#1635,.T.);
#478=ORIENTED_EDGE('',*,*,#1627,.F.);
#479=ORIENTED_EDGE('',*,*,#1635,.F.);
#480=ORIENTED_EDGE('',*,*,#1505,.T.);
#481=ORIENTED_EDGE('',*,*,#1628,.T.);
#482=ORIENTED_EDGE('',*,*,#1500,.T.);
#483=ORIENTED_EDGE('',*,*,#1636,.F.);
#484=ORIENTED_EDGE('',*,*,#1637,.T.);
#485=ORIENTED_EDGE('',*,*,#1638,.T.);
#486=ORIENTED_EDGE('',*,*,#1501,.T.);
#487=ORIENTED_EDGE('',*,*,#1638,.F.);
#488=ORIENTED_EDGE('',*,*,#1639,.T.);
#489=ORIENTED_EDGE('',*,*,#1640,.T.);
#490=ORIENTED_EDGE('',*,*,#1502,.T.);
#491=ORIENTED_EDGE('',*,*,#1640,.F.);
#492=ORIENTED_EDGE('',*,*,#1641,.T.);
#493=ORIENTED_EDGE('',*,*,#1642,.T.);
#494=ORIENTED_EDGE('',*,*,#1503,.T.);
#495=ORIENTED_EDGE('',*,*,#1642,.F.);
#496=ORIENTED_EDGE('',*,*,#1643,.T.);
#497=ORIENTED_EDGE('',*,*,#1636,.T.);
#498=ORIENTED_EDGE('',*,*,#1637,.F.);
#499=ORIENTED_EDGE('',*,*,#1643,.F.);
#500=ORIENTED_EDGE('',*,*,#1641,.F.);
#501=ORIENTED_EDGE('',*,*,#1639,.F.);
#502=ORIENTED_EDGE('',*,*,#1512,.T.);
#503=ORIENTED_EDGE('',*,*,#1644,.F.);
#504=ORIENTED_EDGE('',*,*,#1645,.T.);
#505=ORIENTED_EDGE('',*,*,#1646,.T.);
#506=ORIENTED_EDGE('',*,*,#1513,.T.);
#507=ORIENTED_EDGE('',*,*,#1646,.F.);
#508=ORIENTED_EDGE('',*,*,#1647,.T.);
#509=ORIENTED_EDGE('',*,*,#1648,.T.);
#510=ORIENTED_EDGE('',*,*,#1514,.T.);
#511=ORIENTED_EDGE('',*,*,#1648,.F.);
#512=ORIENTED_EDGE('',*,*,#1649,.T.);
#513=ORIENTED_EDGE('',*,*,#1650,.T.);
#514=ORIENTED_EDGE('',*,*,#1515,.T.);
#515=ORIENTED_EDGE('',*,*,#1650,.F.);
#516=ORIENTED_EDGE('',*,*,#1651,.T.);
#517=ORIENTED_EDGE('',*,*,#1644,.T.);
#518=ORIENTED_EDGE('',*,*,#1645,.F.);
#519=ORIENTED_EDGE('',*,*,#1651,.F.);
#520=ORIENTED_EDGE('',*,*,#1649,.F.);
#521=ORIENTED_EDGE('',*,*,#1647,.F.);
#522=ORIENTED_EDGE('',*,*,#1496,.T.);
#523=ORIENTED_EDGE('',*,*,#1652,.F.);
#524=ORIENTED_EDGE('',*,*,#1653,.T.);
#525=ORIENTED_EDGE('',*,*,#1654,.T.);
#526=ORIENTED_EDGE('',*,*,#1497,.T.);
#527=ORIENTED_EDGE('',*,*,#1654,.F.);
#528=ORIENTED_EDGE('',*,*,#1655,.T.);
#529=ORIENTED_EDGE('',*,*,#1656,.T.);
#530=ORIENTED_EDGE('',*,*,#1498,.T.);
#531=ORIENTED_EDGE('',*,*,#1656,.F.);
#532=ORIENTED_EDGE('',*,*,#1657,.T.);
#533=ORIENTED_EDGE('',*,*,#1658,.T.);
#534=ORIENTED_EDGE('',*,*,#1499,.T.);
#535=ORIENTED_EDGE('',*,*,#1658,.F.);
#536=ORIENTED_EDGE('',*,*,#1659,.T.);
#537=ORIENTED_EDGE('',*,*,#1652,.T.);
#538=ORIENTED_EDGE('',*,*,#1653,.F.);
#539=ORIENTED_EDGE('',*,*,#1659,.F.);
#540=ORIENTED_EDGE('',*,*,#1657,.F.);
#541=ORIENTED_EDGE('',*,*,#1655,.F.);
#542=ORIENTED_EDGE('',*,*,#1516,.T.);
#543=ORIENTED_EDGE('',*,*,#1660,.F.);
#544=ORIENTED_EDGE('',*,*,#1661,.T.);
#545=ORIENTED_EDGE('',*,*,#1662,.T.);
#546=ORIENTED_EDGE('',*,*,#1517,.T.);
#547=ORIENTED_EDGE('',*,*,#1662,.F.);
#548=ORIENTED_EDGE('',*,*,#1663,.T.);
#549=ORIENTED_EDGE('',*,*,#1664,.T.);
#550=ORIENTED_EDGE('',*,*,#1518,.T.);
#551=ORIENTED_EDGE('',*,*,#1664,.F.);
#552=ORIENTED_EDGE('',*,*,#1665,.T.);
#553=ORIENTED_EDGE('',*,*,#1666,.T.);
#554=ORIENTED_EDGE('',*,*,#1519,.T.);
#555=ORIENTED_EDGE('',*,*,#1666,.F.);
#556=ORIENTED_EDGE('',*,*,#1667,.T.);
#557=ORIENTED_EDGE('',*,*,#1660,.T.);
#558=ORIENTED_EDGE('',*,*,#1661,.F.);
#559=ORIENTED_EDGE('',*,*,#1667,.F.);
#560=ORIENTED_EDGE('',*,*,#1665,.F.);
#561=ORIENTED_EDGE('',*,*,#1663,.F.);
#562=ORIENTED_EDGE('',*,*,#1492,.T.);
#563=ORIENTED_EDGE('',*,*,#1668,.F.);
#564=ORIENTED_EDGE('',*,*,#1669,.T.);
#565=ORIENTED_EDGE('',*,*,#1670,.T.);
#566=ORIENTED_EDGE('',*,*,#1493,.T.);
#567=ORIENTED_EDGE('',*,*,#1670,.F.);
#568=ORIENTED_EDGE('',*,*,#1671,.T.);
#569=ORIENTED_EDGE('',*,*,#1672,.T.);
#570=ORIENTED_EDGE('',*,*,#1494,.T.);
#571=ORIENTED_EDGE('',*,*,#1672,.F.);
#572=ORIENTED_EDGE('',*,*,#1673,.T.);
#573=ORIENTED_EDGE('',*,*,#1674,.T.);
#574=ORIENTED_EDGE('',*,*,#1495,.T.);
#575=ORIENTED_EDGE('',*,*,#1674,.F.);
#576=ORIENTED_EDGE('',*,*,#1675,.T.);
#577=ORIENTED_EDGE('',*,*,#1668,.T.);
#578=ORIENTED_EDGE('',*,*,#1669,.F.);
#579=ORIENTED_EDGE('',*,*,#1675,.F.);
#580=ORIENTED_EDGE('',*,*,#1673,.F.);
#581=ORIENTED_EDGE('',*,*,#1671,.F.);
#582=ORIENTED_EDGE('',*,*,#1520,.T.);
#583=ORIENTED_EDGE('',*,*,#1676,.F.);
#584=ORIENTED_EDGE('',*,*,#1677,.T.);
#585=ORIENTED_EDGE('',*,*,#1678,.T.);
#586=ORIENTED_EDGE('',*,*,#1521,.T.);
#587=ORIENTED_EDGE('',*,*,#1678,.F.);
#588=ORIENTED_EDGE('',*,*,#1679,.T.);
#589=ORIENTED_EDGE('',*,*,#1680,.T.);
#590=ORIENTED_EDGE('',*,*,#1522,.T.);
#591=ORIENTED_EDGE('',*,*,#1680,.F.);
#592=ORIENTED_EDGE('',*,*,#1681,.T.);
#593=ORIENTED_EDGE('',*,*,#1682,.T.);
#594=ORIENTED_EDGE('',*,*,#1523,.T.);
#595=ORIENTED_EDGE('',*,*,#1682,.F.);
#596=ORIENTED_EDGE('',*,*,#1683,.T.);
#597=ORIENTED_EDGE('',*,*,#1676,.T.);
#598=ORIENTED_EDGE('',*,*,#1677,.F.);
#599=ORIENTED_EDGE('',*,*,#1683,.F.);
#600=ORIENTED_EDGE('',*,*,#1681,.F.);
#601=ORIENTED_EDGE('',*,*,#1679,.F.);
#602=ORIENTED_EDGE('',*,*,#1684,.F.);
#603=ORIENTED_EDGE('',*,*,#1685,.F.);
#604=ORIENTED_EDGE('',*,*,#1686,.F.);
#605=ORIENTED_EDGE('',*,*,#1687,.T.);
#606=ORIENTED_EDGE('',*,*,#1688,.T.);
#607=ORIENTED_EDGE('',*,*,#1689,.F.);
#608=ORIENTED_EDGE('',*,*,#1690,.F.);
#609=ORIENTED_EDGE('',*,*,#1691,.T.);
#610=ORIENTED_EDGE('',*,*,#1692,.F.);
#611=ORIENTED_EDGE('',*,*,#1693,.F.);
#612=ORIENTED_EDGE('',*,*,#1694,.F.);
#613=ORIENTED_EDGE('',*,*,#1695,.T.);
#614=ORIENTED_EDGE('',*,*,#1696,.F.);
#615=ORIENTED_EDGE('',*,*,#1697,.F.);
#616=ORIENTED_EDGE('',*,*,#1698,.F.);
#617=ORIENTED_EDGE('',*,*,#1699,.T.);
#618=ORIENTED_EDGE('',*,*,#1700,.T.);
#619=ORIENTED_EDGE('',*,*,#1701,.T.);
#620=ORIENTED_EDGE('',*,*,#1702,.F.);
#621=ORIENTED_EDGE('',*,*,#1703,.F.);
#622=ORIENTED_EDGE('',*,*,#1704,.F.);
#623=ORIENTED_EDGE('',*,*,#1705,.F.);
#624=ORIENTED_EDGE('',*,*,#1706,.F.);
#625=ORIENTED_EDGE('',*,*,#1707,.T.);
#626=ORIENTED_EDGE('',*,*,#1708,.F.);
#627=ORIENTED_EDGE('',*,*,#1709,.F.);
#628=ORIENTED_EDGE('',*,*,#1710,.F.);
#629=ORIENTED_EDGE('',*,*,#1711,.T.);
#630=ORIENTED_EDGE('',*,*,#1712,.F.);
#631=ORIENTED_EDGE('',*,*,#1713,.F.);
#632=ORIENTED_EDGE('',*,*,#1714,.T.);
#633=ORIENTED_EDGE('',*,*,#1715,.F.);
#634=ORIENTED_EDGE('',*,*,#1716,.F.);
#635=ORIENTED_EDGE('',*,*,#1715,.T.);
#636=ORIENTED_EDGE('',*,*,#1717,.T.);
#637=ORIENTED_EDGE('',*,*,#1718,.F.);
#638=ORIENTED_EDGE('',*,*,#1719,.F.);
#639=ORIENTED_EDGE('',*,*,#1720,.F.);
#640=ORIENTED_EDGE('',*,*,#1721,.F.);
#641=ORIENTED_EDGE('',*,*,#1703,.T.);
#642=ORIENTED_EDGE('',*,*,#1722,.F.);
#643=ORIENTED_EDGE('',*,*,#1723,.F.);
#644=ORIENTED_EDGE('',*,*,#1724,.F.);
#645=ORIENTED_EDGE('',*,*,#1725,.F.);
#646=ORIENTED_EDGE('',*,*,#1726,.F.);
#647=ORIENTED_EDGE('',*,*,#1727,.T.);
#648=ORIENTED_EDGE('',*,*,#1728,.T.);
#649=ORIENTED_EDGE('',*,*,#1729,.F.);
#650=ORIENTED_EDGE('',*,*,#1730,.T.);
#651=ORIENTED_EDGE('',*,*,#1731,.T.);
#652=ORIENTED_EDGE('',*,*,#1732,.T.);
#653=ORIENTED_EDGE('',*,*,#1733,.F.);
#654=ORIENTED_EDGE('',*,*,#1734,.T.);
#655=ORIENTED_EDGE('',*,*,#1735,.T.);
#656=ORIENTED_EDGE('',*,*,#1736,.T.);
#657=ORIENTED_EDGE('',*,*,#1737,.F.);
#658=ORIENTED_EDGE('',*,*,#1738,.T.);
#659=ORIENTED_EDGE('',*,*,#1739,.T.);
#660=ORIENTED_EDGE('',*,*,#1740,.F.);
#661=ORIENTED_EDGE('',*,*,#1718,.T.);
#662=ORIENTED_EDGE('',*,*,#1741,.T.);
#663=ORIENTED_EDGE('',*,*,#1742,.F.);
#664=ORIENTED_EDGE('',*,*,#1743,.F.);
#665=ORIENTED_EDGE('',*,*,#1744,.T.);
#666=ORIENTED_EDGE('',*,*,#1745,.F.);
#667=ORIENTED_EDGE('',*,*,#1746,.F.);
#668=ORIENTED_EDGE('',*,*,#1747,.F.);
#669=ORIENTED_EDGE('',*,*,#1748,.T.);
#670=ORIENTED_EDGE('',*,*,#1749,.F.);
#671=ORIENTED_EDGE('',*,*,#1750,.F.);
#672=ORIENTED_EDGE('',*,*,#1751,.F.);
#673=ORIENTED_EDGE('',*,*,#1720,.T.);
#674=ORIENTED_EDGE('',*,*,#1698,.T.);
#675=ORIENTED_EDGE('',*,*,#1752,.T.);
#676=ORIENTED_EDGE('',*,*,#1704,.T.);
#677=ORIENTED_EDGE('',*,*,#1721,.T.);
#678=ORIENTED_EDGE('',*,*,#1751,.T.);
#679=ORIENTED_EDGE('',*,*,#1753,.T.);
#680=ORIENTED_EDGE('',*,*,#1726,.T.);
#681=ORIENTED_EDGE('',*,*,#1754,.T.);
#682=ORIENTED_EDGE('',*,*,#1755,.F.);
#683=ORIENTED_EDGE('',*,*,#1688,.F.);
#684=ORIENTED_EDGE('',*,*,#1756,.F.);
#685=ORIENTED_EDGE('',*,*,#1736,.F.);
#686=ORIENTED_EDGE('',*,*,#1757,.F.);
#687=ORIENTED_EDGE('',*,*,#1741,.F.);
#688=ORIENTED_EDGE('',*,*,#1717,.F.);
#689=ORIENTED_EDGE('',*,*,#1714,.F.);
#690=ORIENTED_EDGE('',*,*,#1758,.F.);
#691=ORIENTED_EDGE('',*,*,#1699,.F.);
#692=ORIENTED_EDGE('',*,*,#1754,.F.);
#693=ORIENTED_EDGE('',*,*,#1725,.T.);
#694=ORIENTED_EDGE('',*,*,#1759,.F.);
#695=ORIENTED_EDGE('',*,*,#1737,.T.);
#696=ORIENTED_EDGE('',*,*,#1756,.T.);
#697=ORIENTED_EDGE('',*,*,#1687,.F.);
#698=ORIENTED_EDGE('',*,*,#1742,.T.);
#699=ORIENTED_EDGE('',*,*,#1757,.T.);
#700=ORIENTED_EDGE('',*,*,#1735,.F.);
#701=ORIENTED_EDGE('',*,*,#1760,.F.);
#702=ORIENTED_EDGE('',*,*,#1743,.T.);
#703=ORIENTED_EDGE('',*,*,#1760,.T.);
#704=ORIENTED_EDGE('',*,*,#1734,.F.);
#705=ORIENTED_EDGE('',*,*,#1761,.F.);
#706=ORIENTED_EDGE('',*,*,#1761,.T.);
#707=ORIENTED_EDGE('',*,*,#1733,.T.);
#708=ORIENTED_EDGE('',*,*,#1762,.F.);
#709=ORIENTED_EDGE('',*,*,#1744,.F.);
#710=ORIENTED_EDGE('',*,*,#1745,.T.);
#711=ORIENTED_EDGE('',*,*,#1762,.T.);
#712=ORIENTED_EDGE('',*,*,#1732,.F.);
#713=ORIENTED_EDGE('',*,*,#1763,.F.);
#714=ORIENTED_EDGE('',*,*,#1746,.T.);
#715=ORIENTED_EDGE('',*,*,#1763,.T.);
#716=ORIENTED_EDGE('',*,*,#1731,.F.);
#717=ORIENTED_EDGE('',*,*,#1764,.F.);
#718=ORIENTED_EDGE('',*,*,#1747,.T.);
#719=ORIENTED_EDGE('',*,*,#1764,.T.);
#720=ORIENTED_EDGE('',*,*,#1730,.F.);
#721=ORIENTED_EDGE('',*,*,#1765,.F.);
#722=ORIENTED_EDGE('',*,*,#1765,.T.);
#723=ORIENTED_EDGE('',*,*,#1729,.T.);
#724=ORIENTED_EDGE('',*,*,#1766,.F.);
#725=ORIENTED_EDGE('',*,*,#1748,.F.);
#726=ORIENTED_EDGE('',*,*,#1750,.T.);
#727=ORIENTED_EDGE('',*,*,#1767,.T.);
#728=ORIENTED_EDGE('',*,*,#1727,.F.);
#729=ORIENTED_EDGE('',*,*,#1753,.F.);
#730=ORIENTED_EDGE('',*,*,#1749,.T.);
#731=ORIENTED_EDGE('',*,*,#1766,.T.);
#732=ORIENTED_EDGE('',*,*,#1728,.F.);
#733=ORIENTED_EDGE('',*,*,#1767,.F.);
#734=ORIENTED_EDGE('',*,*,#1706,.T.);
#735=ORIENTED_EDGE('',*,*,#1768,.F.);
#736=ORIENTED_EDGE('',*,*,#1696,.T.);
#737=ORIENTED_EDGE('',*,*,#1769,.T.);
#738=ORIENTED_EDGE('',*,*,#1707,.F.);
#739=ORIENTED_EDGE('',*,*,#1769,.F.);
#740=ORIENTED_EDGE('',*,*,#1695,.F.);
#741=ORIENTED_EDGE('',*,*,#1770,.T.);
#742=ORIENTED_EDGE('',*,*,#1708,.T.);
#743=ORIENTED_EDGE('',*,*,#1770,.F.);
#744=ORIENTED_EDGE('',*,*,#1694,.T.);
#745=ORIENTED_EDGE('',*,*,#1771,.T.);
#746=ORIENTED_EDGE('',*,*,#1709,.T.);
#747=ORIENTED_EDGE('',*,*,#1771,.F.);
#748=ORIENTED_EDGE('',*,*,#1693,.T.);
#749=ORIENTED_EDGE('',*,*,#1772,.T.);
#750=ORIENTED_EDGE('',*,*,#1710,.T.);
#751=ORIENTED_EDGE('',*,*,#1772,.F.);
#752=ORIENTED_EDGE('',*,*,#1692,.T.);
#753=ORIENTED_EDGE('',*,*,#1773,.T.);
#754=ORIENTED_EDGE('',*,*,#1711,.F.);
#755=ORIENTED_EDGE('',*,*,#1773,.F.);
#756=ORIENTED_EDGE('',*,*,#1691,.F.);
#757=ORIENTED_EDGE('',*,*,#1774,.T.);
#758=ORIENTED_EDGE('',*,*,#1712,.T.);
#759=ORIENTED_EDGE('',*,*,#1774,.F.);
#760=ORIENTED_EDGE('',*,*,#1690,.T.);
#761=ORIENTED_EDGE('',*,*,#1775,.T.);
#762=ORIENTED_EDGE('',*,*,#1705,.T.);
#763=ORIENTED_EDGE('',*,*,#1752,.F.);
#764=ORIENTED_EDGE('',*,*,#1697,.T.);
#765=ORIENTED_EDGE('',*,*,#1768,.T.);
#766=ORIENTED_EDGE('',*,*,#1713,.T.);
#767=ORIENTED_EDGE('',*,*,#1775,.F.);
#768=ORIENTED_EDGE('',*,*,#1689,.T.);
#769=ORIENTED_EDGE('',*,*,#1755,.T.);
#770=ORIENTED_EDGE('',*,*,#1738,.F.);
#771=ORIENTED_EDGE('',*,*,#1719,.T.);
#772=ORIENTED_EDGE('',*,*,#1740,.T.);
#773=ORIENTED_EDGE('',*,*,#1776,.T.);
#774=ORIENTED_EDGE('',*,*,#1739,.F.);
#775=ORIENTED_EDGE('',*,*,#1776,.F.);
#776=ORIENTED_EDGE('',*,*,#1723,.T.);
#777=ORIENTED_EDGE('',*,*,#1777,.T.);
#778=ORIENTED_EDGE('',*,*,#1722,.T.);
#779=ORIENTED_EDGE('',*,*,#1759,.T.);
#780=ORIENTED_EDGE('',*,*,#1724,.T.);
#781=ORIENTED_EDGE('',*,*,#1777,.F.);
#782=ORIENTED_EDGE('',*,*,#1700,.F.);
#783=ORIENTED_EDGE('',*,*,#1716,.T.);
#784=ORIENTED_EDGE('',*,*,#1702,.T.);
#785=ORIENTED_EDGE('',*,*,#1778,.T.);
#786=ORIENTED_EDGE('',*,*,#1778,.F.);
#787=ORIENTED_EDGE('',*,*,#1701,.F.);
#788=ORIENTED_EDGE('',*,*,#1685,.T.);
#789=ORIENTED_EDGE('',*,*,#1779,.T.);
#790=ORIENTED_EDGE('',*,*,#1684,.T.);
#791=ORIENTED_EDGE('',*,*,#1758,.T.);
#792=ORIENTED_EDGE('',*,*,#1686,.T.);
#793=ORIENTED_EDGE('',*,*,#1779,.F.);
#794=ORIENTED_EDGE('',*,*,#1780,.F.);
#795=ORIENTED_EDGE('',*,*,#1781,.T.);
#796=ORIENTED_EDGE('',*,*,#1782,.F.);
#797=ORIENTED_EDGE('',*,*,#1783,.T.);
#798=ORIENTED_EDGE('',*,*,#1784,.F.);
#799=ORIENTED_EDGE('',*,*,#1785,.F.);
#800=ORIENTED_EDGE('',*,*,#1786,.F.);
#801=ORIENTED_EDGE('',*,*,#1787,.F.);
#802=ORIENTED_EDGE('',*,*,#1788,.T.);
#803=ORIENTED_EDGE('',*,*,#1789,.F.);
#804=ORIENTED_EDGE('',*,*,#1784,.T.);
#805=ORIENTED_EDGE('',*,*,#1790,.F.);
#806=ORIENTED_EDGE('',*,*,#1791,.F.);
#807=ORIENTED_EDGE('',*,*,#1792,.F.);
#808=ORIENTED_EDGE('',*,*,#1791,.T.);
#809=ORIENTED_EDGE('',*,*,#1793,.F.);
#810=ORIENTED_EDGE('',*,*,#1794,.F.);
#811=ORIENTED_EDGE('',*,*,#1795,.F.);
#812=ORIENTED_EDGE('',*,*,#1794,.T.);
#813=ORIENTED_EDGE('',*,*,#1796,.F.);
#814=ORIENTED_EDGE('',*,*,#1797,.F.);
#815=ORIENTED_EDGE('',*,*,#1798,.F.);
#816=ORIENTED_EDGE('',*,*,#1797,.T.);
#817=ORIENTED_EDGE('',*,*,#1799,.F.);
#818=ORIENTED_EDGE('',*,*,#1781,.F.);
#819=ORIENTED_EDGE('',*,*,#1800,.T.);
#820=ORIENTED_EDGE('',*,*,#1801,.T.);
#821=ORIENTED_EDGE('',*,*,#1802,.T.);
#822=ORIENTED_EDGE('',*,*,#1803,.F.);
#823=ORIENTED_EDGE('',*,*,#1804,.F.);
#824=ORIENTED_EDGE('',*,*,#1805,.F.);
#825=ORIENTED_EDGE('',*,*,#1806,.T.);
#826=ORIENTED_EDGE('',*,*,#1807,.T.);
#827=ORIENTED_EDGE('',*,*,#1808,.T.);
#828=ORIENTED_EDGE('',*,*,#1809,.F.);
#829=ORIENTED_EDGE('',*,*,#1810,.F.);
#830=ORIENTED_EDGE('',*,*,#1811,.F.);
#831=ORIENTED_EDGE('',*,*,#1812,.T.);
#832=ORIENTED_EDGE('',*,*,#1813,.T.);
#833=ORIENTED_EDGE('',*,*,#1814,.T.);
#834=ORIENTED_EDGE('',*,*,#1815,.T.);
#835=ORIENTED_EDGE('',*,*,#1804,.T.);
#836=ORIENTED_EDGE('',*,*,#1816,.F.);
#837=ORIENTED_EDGE('',*,*,#1817,.F.);
#838=ORIENTED_EDGE('',*,*,#1818,.T.);
#839=ORIENTED_EDGE('',*,*,#1810,.T.);
#840=ORIENTED_EDGE('',*,*,#1819,.F.);
#841=ORIENTED_EDGE('',*,*,#1820,.F.);
#842=ORIENTED_EDGE('',*,*,#1821,.T.);
#843=ORIENTED_EDGE('',*,*,#1822,.F.);
#844=ORIENTED_EDGE('',*,*,#1823,.F.);
#845=ORIENTED_EDGE('',*,*,#1824,.F.);
#846=ORIENTED_EDGE('',*,*,#1825,.F.);
#847=ORIENTED_EDGE('',*,*,#1826,.F.);
#848=ORIENTED_EDGE('',*,*,#1827,.T.);
#849=ORIENTED_EDGE('',*,*,#1820,.T.);
#850=ORIENTED_EDGE('',*,*,#1828,.T.);
#851=ORIENTED_EDGE('',*,*,#1829,.F.);
#852=ORIENTED_EDGE('',*,*,#1830,.F.);
#853=ORIENTED_EDGE('',*,*,#1831,.F.);
#854=ORIENTED_EDGE('',*,*,#1832,.T.);
#855=ORIENTED_EDGE('',*,*,#1817,.T.);
#856=ORIENTED_EDGE('',*,*,#1833,.T.);
#857=ORIENTED_EDGE('',*,*,#1834,.F.);
#858=ORIENTED_EDGE('',*,*,#1835,.F.);
#859=ORIENTED_EDGE('',*,*,#1823,.T.);
#860=ORIENTED_EDGE('',*,*,#1836,.T.);
#861=ORIENTED_EDGE('',*,*,#1837,.F.);
#862=ORIENTED_EDGE('',*,*,#1838,.T.);
#863=ORIENTED_EDGE('',*,*,#1839,.T.);
#864=ORIENTED_EDGE('',*,*,#1840,.T.);
#865=ORIENTED_EDGE('',*,*,#1841,.F.);
#866=ORIENTED_EDGE('',*,*,#1842,.T.);
#867=ORIENTED_EDGE('',*,*,#1843,.F.);
#868=ORIENTED_EDGE('',*,*,#1844,.F.);
#869=ORIENTED_EDGE('',*,*,#1845,.F.);
#870=ORIENTED_EDGE('',*,*,#1846,.T.);
#871=ORIENTED_EDGE('',*,*,#1847,.F.);
#872=ORIENTED_EDGE('',*,*,#1848,.T.);
#873=ORIENTED_EDGE('',*,*,#1849,.F.);
#874=ORIENTED_EDGE('',*,*,#1850,.F.);
#875=ORIENTED_EDGE('',*,*,#1851,.F.);
#876=ORIENTED_EDGE('',*,*,#1852,.T.);
#877=ORIENTED_EDGE('',*,*,#1853,.F.);
#878=ORIENTED_EDGE('',*,*,#1854,.T.);
#879=ORIENTED_EDGE('',*,*,#1855,.F.);
#880=ORIENTED_EDGE('',*,*,#1856,.F.);
#881=ORIENTED_EDGE('',*,*,#1857,.F.);
#882=ORIENTED_EDGE('',*,*,#1841,.T.);
#883=ORIENTED_EDGE('',*,*,#1847,.T.);
#884=ORIENTED_EDGE('',*,*,#1858,.F.);
#885=ORIENTED_EDGE('',*,*,#1859,.F.);
#886=ORIENTED_EDGE('',*,*,#1860,.T.);
#887=ORIENTED_EDGE('',*,*,#1853,.T.);
#888=ORIENTED_EDGE('',*,*,#1861,.F.);
#889=ORIENTED_EDGE('',*,*,#1862,.F.);
#890=ORIENTED_EDGE('',*,*,#1863,.T.);
#891=ORIENTED_EDGE('',*,*,#1864,.F.);
#892=ORIENTED_EDGE('',*,*,#1865,.F.);
#893=ORIENTED_EDGE('',*,*,#1866,.F.);
#894=ORIENTED_EDGE('',*,*,#1867,.F.);
#895=ORIENTED_EDGE('',*,*,#1868,.F.);
#896=ORIENTED_EDGE('',*,*,#1869,.T.);
#897=ORIENTED_EDGE('',*,*,#1862,.T.);
#898=ORIENTED_EDGE('',*,*,#1870,.T.);
#899=ORIENTED_EDGE('',*,*,#1871,.F.);
#900=ORIENTED_EDGE('',*,*,#1872,.F.);
#901=ORIENTED_EDGE('',*,*,#1873,.F.);
#902=ORIENTED_EDGE('',*,*,#1874,.T.);
#903=ORIENTED_EDGE('',*,*,#1859,.T.);
#904=ORIENTED_EDGE('',*,*,#1875,.T.);
#905=ORIENTED_EDGE('',*,*,#1876,.F.);
#906=ORIENTED_EDGE('',*,*,#1877,.F.);
#907=ORIENTED_EDGE('',*,*,#1878,.T.);
#908=ORIENTED_EDGE('',*,*,#1879,.T.);
#909=ORIENTED_EDGE('',*,*,#1880,.T.);
#910=ORIENTED_EDGE('',*,*,#1881,.T.);
#911=ORIENTED_EDGE('',*,*,#1882,.F.);
#912=ORIENTED_EDGE('',*,*,#1883,.F.);
#913=ORIENTED_EDGE('',*,*,#1884,.F.);
#914=ORIENTED_EDGE('',*,*,#1885,.F.);
#915=ORIENTED_EDGE('',*,*,#1886,.F.);
#916=ORIENTED_EDGE('',*,*,#1879,.F.);
#917=ORIENTED_EDGE('',*,*,#1887,.T.);
#918=ORIENTED_EDGE('',*,*,#1888,.F.);
#919=ORIENTED_EDGE('',*,*,#1837,.T.);
#920=ORIENTED_EDGE('',*,*,#1889,.T.);
#921=ORIENTED_EDGE('',*,*,#1890,.F.);
#922=ORIENTED_EDGE('',*,*,#1882,.T.);
#923=ORIENTED_EDGE('',*,*,#1891,.T.);
#924=ORIENTED_EDGE('',*,*,#1892,.T.);
#925=ORIENTED_EDGE('',*,*,#1839,.F.);
#926=ORIENTED_EDGE('',*,*,#1893,.F.);
#927=ORIENTED_EDGE('',*,*,#1894,.F.);
#928=ORIENTED_EDGE('',*,*,#1885,.T.);
#929=ORIENTED_EDGE('',*,*,#1895,.F.);
#930=ORIENTED_EDGE('',*,*,#1880,.F.);
#931=ORIENTED_EDGE('',*,*,#1894,.T.);
#932=ORIENTED_EDGE('',*,*,#1865,.T.);
#933=ORIENTED_EDGE('',*,*,#1891,.F.);
#934=ORIENTED_EDGE('',*,*,#1783,.F.);
#935=ORIENTED_EDGE('',*,*,#1896,.T.);
#936=ORIENTED_EDGE('',*,*,#1897,.T.);
#937=ORIENTED_EDGE('',*,*,#1898,.T.);
#938=ORIENTED_EDGE('',*,*,#1884,.T.);
#939=ORIENTED_EDGE('',*,*,#1899,.F.);
#940=ORIENTED_EDGE('',*,*,#1881,.F.);
#941=ORIENTED_EDGE('',*,*,#1895,.T.);
#942=ORIENTED_EDGE('',*,*,#1883,.T.);
#943=ORIENTED_EDGE('',*,*,#1890,.T.);
#944=ORIENTED_EDGE('',*,*,#1815,.F.);
#945=ORIENTED_EDGE('',*,*,#1887,.F.);
#946=ORIENTED_EDGE('',*,*,#1878,.F.);
#947=ORIENTED_EDGE('',*,*,#1899,.T.);
#948=ORIENTED_EDGE('',*,*,#1900,.F.);
#949=ORIENTED_EDGE('',*,*,#1875,.F.);
#950=ORIENTED_EDGE('',*,*,#1858,.T.);
#951=ORIENTED_EDGE('',*,*,#1846,.F.);
#952=ORIENTED_EDGE('',*,*,#1845,.T.);
#953=ORIENTED_EDGE('',*,*,#1901,.F.);
#954=ORIENTED_EDGE('',*,*,#1876,.T.);
#955=ORIENTED_EDGE('',*,*,#1900,.T.);
#956=ORIENTED_EDGE('',*,*,#1844,.T.);
#957=ORIENTED_EDGE('',*,*,#1902,.F.);
#958=ORIENTED_EDGE('',*,*,#1877,.T.);
#959=ORIENTED_EDGE('',*,*,#1901,.T.);
#960=ORIENTED_EDGE('',*,*,#1892,.F.);
#961=ORIENTED_EDGE('',*,*,#1864,.T.);
#962=ORIENTED_EDGE('',*,*,#1902,.T.);
#963=ORIENTED_EDGE('',*,*,#1843,.T.);
#964=ORIENTED_EDGE('',*,*,#1840,.F.);
#965=ORIENTED_EDGE('',*,*,#1816,.T.);
#966=ORIENTED_EDGE('',*,*,#1803,.T.);
#967=ORIENTED_EDGE('',*,*,#1903,.F.);
#968=ORIENTED_EDGE('',*,*,#1833,.F.);
#969=ORIENTED_EDGE('',*,*,#1834,.T.);
#970=ORIENTED_EDGE('',*,*,#1903,.T.);
#971=ORIENTED_EDGE('',*,*,#1802,.F.);
#972=ORIENTED_EDGE('',*,*,#1904,.F.);
#973=ORIENTED_EDGE('',*,*,#1822,.T.);
#974=ORIENTED_EDGE('',*,*,#1905,.T.);
#975=ORIENTED_EDGE('',*,*,#1800,.F.);
#976=ORIENTED_EDGE('',*,*,#1889,.F.);
#977=ORIENTED_EDGE('',*,*,#1836,.F.);
#978=ORIENTED_EDGE('',*,*,#1835,.T.);
#979=ORIENTED_EDGE('',*,*,#1904,.T.);
#980=ORIENTED_EDGE('',*,*,#1801,.F.);
#981=ORIENTED_EDGE('',*,*,#1905,.F.);
#982=ORIENTED_EDGE('',*,*,#1857,.T.);
#983=ORIENTED_EDGE('',*,*,#1906,.F.);
#984=ORIENTED_EDGE('',*,*,#1866,.T.);
#985=ORIENTED_EDGE('',*,*,#1893,.T.);
#986=ORIENTED_EDGE('',*,*,#1842,.F.);
#987=ORIENTED_EDGE('',*,*,#1856,.T.);
#988=ORIENTED_EDGE('',*,*,#1907,.F.);
#989=ORIENTED_EDGE('',*,*,#1867,.T.);
#990=ORIENTED_EDGE('',*,*,#1906,.T.);
#991=ORIENTED_EDGE('',*,*,#1855,.T.);
#992=ORIENTED_EDGE('',*,*,#1908,.F.);
#993=ORIENTED_EDGE('',*,*,#1868,.T.);
#994=ORIENTED_EDGE('',*,*,#1907,.T.);
#995=ORIENTED_EDGE('',*,*,#1863,.F.);
#996=ORIENTED_EDGE('',*,*,#1869,.F.);
#997=ORIENTED_EDGE('',*,*,#1908,.T.);
#998=ORIENTED_EDGE('',*,*,#1854,.F.);
#999=ORIENTED_EDGE('',*,*,#1824,.T.);
#1000=ORIENTED_EDGE('',*,*,#1838,.F.);
#1001=ORIENTED_EDGE('',*,*,#1888,.T.);
#1002=ORIENTED_EDGE('',*,*,#1814,.F.);
#1003=ORIENTED_EDGE('',*,*,#1909,.F.);
#1004=ORIENTED_EDGE('',*,*,#1825,.T.);
#1005=ORIENTED_EDGE('',*,*,#1909,.T.);
#1006=ORIENTED_EDGE('',*,*,#1813,.F.);
#1007=ORIENTED_EDGE('',*,*,#1910,.F.);
#1008=ORIENTED_EDGE('',*,*,#1826,.T.);
#1009=ORIENTED_EDGE('',*,*,#1910,.T.);
#1010=ORIENTED_EDGE('',*,*,#1812,.F.);
#1011=ORIENTED_EDGE('',*,*,#1911,.F.);
#1012=ORIENTED_EDGE('',*,*,#1911,.T.);
#1013=ORIENTED_EDGE('',*,*,#1811,.T.);
#1014=ORIENTED_EDGE('',*,*,#1821,.F.);
#1015=ORIENTED_EDGE('',*,*,#1827,.F.);
#1016=ORIENTED_EDGE('',*,*,#1912,.F.);
#1017=ORIENTED_EDGE('',*,*,#1870,.F.);
#1018=ORIENTED_EDGE('',*,*,#1861,.T.);
#1019=ORIENTED_EDGE('',*,*,#1852,.F.);
#1020=ORIENTED_EDGE('',*,*,#1851,.T.);
#1021=ORIENTED_EDGE('',*,*,#1913,.F.);
#1022=ORIENTED_EDGE('',*,*,#1871,.T.);
#1023=ORIENTED_EDGE('',*,*,#1912,.T.);
#1024=ORIENTED_EDGE('',*,*,#1850,.T.);
#1025=ORIENTED_EDGE('',*,*,#1914,.F.);
#1026=ORIENTED_EDGE('',*,*,#1872,.T.);
#1027=ORIENTED_EDGE('',*,*,#1913,.T.);
#1028=ORIENTED_EDGE('',*,*,#1849,.T.);
#1029=ORIENTED_EDGE('',*,*,#1915,.F.);
#1030=ORIENTED_EDGE('',*,*,#1873,.T.);
#1031=ORIENTED_EDGE('',*,*,#1914,.T.);
#1032=ORIENTED_EDGE('',*,*,#1860,.F.);
#1033=ORIENTED_EDGE('',*,*,#1874,.F.);
#1034=ORIENTED_EDGE('',*,*,#1915,.T.);
#1035=ORIENTED_EDGE('',*,*,#1848,.F.);
#1036=ORIENTED_EDGE('',*,*,#1916,.T.);
#1037=ORIENTED_EDGE('',*,*,#1805,.T.);
#1038=ORIENTED_EDGE('',*,*,#1818,.F.);
#1039=ORIENTED_EDGE('',*,*,#1832,.F.);
#1040=ORIENTED_EDGE('',*,*,#1831,.T.);
#1041=ORIENTED_EDGE('',*,*,#1917,.T.);
#1042=ORIENTED_EDGE('',*,*,#1806,.F.);
#1043=ORIENTED_EDGE('',*,*,#1916,.F.);
#1044=ORIENTED_EDGE('',*,*,#1830,.T.);
#1045=ORIENTED_EDGE('',*,*,#1918,.T.);
#1046=ORIENTED_EDGE('',*,*,#1807,.F.);
#1047=ORIENTED_EDGE('',*,*,#1917,.F.);
#1048=ORIENTED_EDGE('',*,*,#1829,.T.);
#1049=ORIENTED_EDGE('',*,*,#1919,.T.);
#1050=ORIENTED_EDGE('',*,*,#1808,.F.);
#1051=ORIENTED_EDGE('',*,*,#1918,.F.);
#1052=ORIENTED_EDGE('',*,*,#1819,.T.);
#1053=ORIENTED_EDGE('',*,*,#1809,.T.);
#1054=ORIENTED_EDGE('',*,*,#1919,.F.);
#1055=ORIENTED_EDGE('',*,*,#1828,.F.);
#1056=ORIENTED_EDGE('',*,*,#1788,.F.);
#1057=ORIENTED_EDGE('',*,*,#1920,.F.);
#1058=ORIENTED_EDGE('',*,*,#1786,.T.);
#1059=ORIENTED_EDGE('',*,*,#1921,.T.);
#1060=ORIENTED_EDGE('',*,*,#1897,.F.);
#1061=ORIENTED_EDGE('',*,*,#1922,.F.);
#1062=ORIENTED_EDGE('',*,*,#1782,.T.);
#1063=ORIENTED_EDGE('',*,*,#1799,.T.);
#1064=ORIENTED_EDGE('',*,*,#1796,.T.);
#1065=ORIENTED_EDGE('',*,*,#1793,.T.);
#1066=ORIENTED_EDGE('',*,*,#1790,.T.);
#1067=ORIENTED_EDGE('',*,*,#1787,.T.);
#1068=ORIENTED_EDGE('',*,*,#1922,.T.);
#1069=ORIENTED_EDGE('',*,*,#1896,.F.);
#1070=ORIENTED_EDGE('',*,*,#1780,.T.);
#1071=ORIENTED_EDGE('',*,*,#1898,.F.);
#1072=ORIENTED_EDGE('',*,*,#1921,.F.);
#1073=ORIENTED_EDGE('',*,*,#1785,.T.);
#1074=ORIENTED_EDGE('',*,*,#1789,.T.);
#1075=ORIENTED_EDGE('',*,*,#1792,.T.);
#1076=ORIENTED_EDGE('',*,*,#1795,.T.);
#1077=ORIENTED_EDGE('',*,*,#1798,.T.);
#1078=ORIENTED_EDGE('',*,*,#1886,.T.);
#1079=ORIENTED_EDGE('',*,*,#1920,.T.);
#1080=ORIENTED_EDGE('',*,*,#1923,.F.);
#1081=ORIENTED_EDGE('',*,*,#1924,.T.);
#1082=ORIENTED_EDGE('',*,*,#1925,.F.);
#1083=ORIENTED_EDGE('',*,*,#1926,.F.);
#1084=ORIENTED_EDGE('',*,*,#1927,.F.);
#1085=ORIENTED_EDGE('',*,*,#1928,.F.);
#1086=ORIENTED_EDGE('',*,*,#1923,.T.);
#1087=ORIENTED_EDGE('',*,*,#1926,.T.);
#1088=ORIENTED_EDGE('',*,*,#1929,.T.);
#1089=ORIENTED_EDGE('',*,*,#1925,.T.);
#1090=ORIENTED_EDGE('',*,*,#1930,.T.);
#1091=ORIENTED_EDGE('',*,*,#1927,.T.);
#1092=ORIENTED_EDGE('',*,*,#1929,.F.);
#1093=ORIENTED_EDGE('',*,*,#1930,.F.);
#1094=ORIENTED_EDGE('',*,*,#1928,.T.);
#1095=ORIENTED_EDGE('',*,*,#1924,.F.);
#1096=ORIENTED_EDGE('',*,*,#1931,.T.);
#1097=ORIENTED_EDGE('',*,*,#1932,.T.);
#1098=ORIENTED_EDGE('',*,*,#1933,.F.);
#1099=ORIENTED_EDGE('',*,*,#1934,.T.);
#1100=ORIENTED_EDGE('',*,*,#1935,.F.);
#1101=ORIENTED_EDGE('',*,*,#1936,.T.);
#1102=ORIENTED_EDGE('',*,*,#1937,.T.);
#1103=ORIENTED_EDGE('',*,*,#1938,.T.);
#1104=ORIENTED_EDGE('',*,*,#1937,.F.);
#1105=ORIENTED_EDGE('',*,*,#1939,.T.);
#1106=ORIENTED_EDGE('',*,*,#1940,.T.);
#1107=ORIENTED_EDGE('',*,*,#1941,.T.);
#1108=ORIENTED_EDGE('',*,*,#1934,.F.);
#1109=ORIENTED_EDGE('',*,*,#1942,.F.);
#1110=ORIENTED_EDGE('',*,*,#1943,.F.);
#1111=ORIENTED_EDGE('',*,*,#1938,.F.);
#1112=ORIENTED_EDGE('',*,*,#1941,.F.);
#1113=ORIENTED_EDGE('',*,*,#1944,.F.);
#1114=ORIENTED_EDGE('',*,*,#1945,.F.);
#1115=ORIENTED_EDGE('',*,*,#1946,.F.);
#1116=ORIENTED_EDGE('',*,*,#1947,.T.);
#1117=ORIENTED_EDGE('',*,*,#1947,.F.);
#1118=ORIENTED_EDGE('',*,*,#1940,.F.);
#1119=ORIENTED_EDGE('',*,*,#1948,.T.);
#1120=ORIENTED_EDGE('',*,*,#1949,.F.);
#1121=ORIENTED_EDGE('',*,*,#1944,.T.);
#1122=ORIENTED_EDGE('',*,*,#1933,.T.);
#1123=ORIENTED_EDGE('',*,*,#1950,.T.);
#1124=ORIENTED_EDGE('',*,*,#1951,.T.);
#1125=ORIENTED_EDGE('',*,*,#1942,.T.);
#1126=ORIENTED_EDGE('',*,*,#1951,.F.);
#1127=ORIENTED_EDGE('',*,*,#1952,.T.);
#1128=ORIENTED_EDGE('',*,*,#1935,.T.);
#1129=ORIENTED_EDGE('',*,*,#1943,.T.);
#1130=ORIENTED_EDGE('',*,*,#1953,.T.);
#1131=ORIENTED_EDGE('',*,*,#1954,.T.);
#1132=ORIENTED_EDGE('',*,*,#1931,.F.);
#1133=ORIENTED_EDGE('',*,*,#1946,.T.);
#1134=ORIENTED_EDGE('',*,*,#1949,.T.);
#1135=ORIENTED_EDGE('',*,*,#1955,.T.);
#1136=ORIENTED_EDGE('',*,*,#1953,.F.);
#1137=ORIENTED_EDGE('',*,*,#1945,.T.);
#1138=ORIENTED_EDGE('',*,*,#1956,.F.);
#1139=ORIENTED_EDGE('',*,*,#1952,.F.);
#1140=ORIENTED_EDGE('',*,*,#1950,.F.);
#1141=ORIENTED_EDGE('',*,*,#1932,.F.);
#1142=ORIENTED_EDGE('',*,*,#1954,.F.);
#1143=ORIENTED_EDGE('',*,*,#1955,.F.);
#1144=ORIENTED_EDGE('',*,*,#1948,.F.);
#1145=ORIENTED_EDGE('',*,*,#1939,.F.);
#1146=ORIENTED_EDGE('',*,*,#1936,.F.);
#1147=ORIENTED_EDGE('',*,*,#1956,.T.);
#1148=ORIENTED_EDGE('',*,*,#1957,.F.);
#1149=ORIENTED_EDGE('',*,*,#1957,.T.);
#1150=ORIENTED_EDGE('',*,*,#1958,.F.);
#1151=ORIENTED_EDGE('',*,*,#1959,.F.);
#1152=ORIENTED_EDGE('',*,*,#1958,.T.);
#1153=ORIENTED_EDGE('',*,*,#1960,.F.);
#1154=ORIENTED_EDGE('',*,*,#1959,.T.);
#1155=ORIENTED_EDGE('',*,*,#1960,.T.);
#1156=ORIENTED_EDGE('',*,*,#1961,.T.);
#1157=ORIENTED_EDGE('',*,*,#1962,.F.);
#1158=ORIENTED_EDGE('',*,*,#1963,.F.);
#1159=ORIENTED_EDGE('',*,*,#1964,.T.);
#1160=ORIENTED_EDGE('',*,*,#1965,.T.);
#1161=ORIENTED_EDGE('',*,*,#1966,.F.);
#1162=ORIENTED_EDGE('',*,*,#1967,.F.);
#1163=ORIENTED_EDGE('',*,*,#1962,.T.);
#1164=ORIENTED_EDGE('',*,*,#1968,.T.);
#1165=ORIENTED_EDGE('',*,*,#1969,.F.);
#1166=ORIENTED_EDGE('',*,*,#1970,.F.);
#1167=ORIENTED_EDGE('',*,*,#1966,.T.);
#1168=ORIENTED_EDGE('',*,*,#1971,.T.);
#1169=ORIENTED_EDGE('',*,*,#1972,.F.);
#1170=ORIENTED_EDGE('',*,*,#1973,.F.);
#1171=ORIENTED_EDGE('',*,*,#1969,.T.);
#1172=ORIENTED_EDGE('',*,*,#1974,.T.);
#1173=ORIENTED_EDGE('',*,*,#1975,.F.);
#1174=ORIENTED_EDGE('',*,*,#1976,.F.);
#1175=ORIENTED_EDGE('',*,*,#1972,.T.);
#1176=ORIENTED_EDGE('',*,*,#1977,.T.);
#1177=ORIENTED_EDGE('',*,*,#1978,.F.);
#1178=ORIENTED_EDGE('',*,*,#1979,.F.);
#1179=ORIENTED_EDGE('',*,*,#1975,.T.);
#1180=ORIENTED_EDGE('',*,*,#1980,.T.);
#1181=ORIENTED_EDGE('',*,*,#1981,.F.);
#1182=ORIENTED_EDGE('',*,*,#1982,.F.);
#1183=ORIENTED_EDGE('',*,*,#1978,.T.);
#1184=ORIENTED_EDGE('',*,*,#1983,.T.);
#1185=ORIENTED_EDGE('',*,*,#1964,.F.);
#1186=ORIENTED_EDGE('',*,*,#1984,.F.);
#1187=ORIENTED_EDGE('',*,*,#1981,.T.);
#1188=ORIENTED_EDGE('',*,*,#1963,.T.);
#1189=ORIENTED_EDGE('',*,*,#1967,.T.);
#1190=ORIENTED_EDGE('',*,*,#1970,.T.);
#1191=ORIENTED_EDGE('',*,*,#1973,.T.);
#1192=ORIENTED_EDGE('',*,*,#1976,.T.);
#1193=ORIENTED_EDGE('',*,*,#1979,.T.);
#1194=ORIENTED_EDGE('',*,*,#1982,.T.);
#1195=ORIENTED_EDGE('',*,*,#1984,.T.);
#1196=ORIENTED_EDGE('',*,*,#1985,.F.);
#1197=ORIENTED_EDGE('',*,*,#1986,.F.);
#1198=ORIENTED_EDGE('',*,*,#1987,.T.);
#1199=ORIENTED_EDGE('',*,*,#1988,.T.);
#1200=ORIENTED_EDGE('',*,*,#1989,.F.);
#1201=ORIENTED_EDGE('',*,*,#1990,.F.);
#1202=ORIENTED_EDGE('',*,*,#1991,.T.);
#1203=ORIENTED_EDGE('',*,*,#1992,.T.);
#1204=ORIENTED_EDGE('',*,*,#1993,.F.);
#1205=ORIENTED_EDGE('',*,*,#1994,.F.);
#1206=ORIENTED_EDGE('',*,*,#1995,.T.);
#1207=ORIENTED_EDGE('',*,*,#1996,.T.);
#1208=ORIENTED_EDGE('',*,*,#1997,.F.);
#1209=ORIENTED_EDGE('',*,*,#1998,.F.);
#1210=ORIENTED_EDGE('',*,*,#1999,.T.);
#1211=ORIENTED_EDGE('',*,*,#2000,.T.);
#1212=ORIENTED_EDGE('',*,*,#2001,.F.);
#1213=ORIENTED_EDGE('',*,*,#2002,.F.);
#1214=ORIENTED_EDGE('',*,*,#2003,.T.);
#1215=ORIENTED_EDGE('',*,*,#2004,.T.);
#1216=ORIENTED_EDGE('',*,*,#2005,.F.);
#1217=ORIENTED_EDGE('',*,*,#2006,.F.);
#1218=ORIENTED_EDGE('',*,*,#2007,.T.);
#1219=ORIENTED_EDGE('',*,*,#2008,.T.);
#1220=ORIENTED_EDGE('',*,*,#1961,.F.);
#1221=ORIENTED_EDGE('',*,*,#1983,.F.);
#1222=ORIENTED_EDGE('',*,*,#1980,.F.);
#1223=ORIENTED_EDGE('',*,*,#1977,.F.);
#1224=ORIENTED_EDGE('',*,*,#1974,.F.);
#1225=ORIENTED_EDGE('',*,*,#1971,.F.);
#1226=ORIENTED_EDGE('',*,*,#1968,.F.);
#1227=ORIENTED_EDGE('',*,*,#1965,.F.);
#1228=ORIENTED_EDGE('',*,*,#2009,.T.);
#1229=ORIENTED_EDGE('',*,*,#2010,.F.);
#1230=ORIENTED_EDGE('',*,*,#2011,.F.);
#1231=ORIENTED_EDGE('',*,*,#2005,.T.);
#1232=ORIENTED_EDGE('',*,*,#2012,.T.);
#1233=ORIENTED_EDGE('',*,*,#2013,.F.);
#1234=ORIENTED_EDGE('',*,*,#2014,.F.);
#1235=ORIENTED_EDGE('',*,*,#2010,.T.);
#1236=ORIENTED_EDGE('',*,*,#2015,.T.);
#1237=ORIENTED_EDGE('',*,*,#2016,.F.);
#1238=ORIENTED_EDGE('',*,*,#2017,.F.);
#1239=ORIENTED_EDGE('',*,*,#2013,.T.);
#1240=ORIENTED_EDGE('',*,*,#2018,.T.);
#1241=ORIENTED_EDGE('',*,*,#2019,.F.);
#1242=ORIENTED_EDGE('',*,*,#2020,.F.);
#1243=ORIENTED_EDGE('',*,*,#2016,.T.);
#1244=ORIENTED_EDGE('',*,*,#2021,.T.);
#1245=ORIENTED_EDGE('',*,*,#2022,.F.);
#1246=ORIENTED_EDGE('',*,*,#2023,.F.);
#1247=ORIENTED_EDGE('',*,*,#2019,.T.);
#1248=ORIENTED_EDGE('',*,*,#2024,.T.);
#1249=ORIENTED_EDGE('',*,*,#2025,.F.);
#1250=ORIENTED_EDGE('',*,*,#2026,.F.);
#1251=ORIENTED_EDGE('',*,*,#2022,.T.);
#1252=ORIENTED_EDGE('',*,*,#2027,.T.);
#1253=ORIENTED_EDGE('',*,*,#2007,.F.);
#1254=ORIENTED_EDGE('',*,*,#2028,.F.);
#1255=ORIENTED_EDGE('',*,*,#2025,.T.);
#1256=ORIENTED_EDGE('',*,*,#2011,.T.);
#1257=ORIENTED_EDGE('',*,*,#2014,.T.);
#1258=ORIENTED_EDGE('',*,*,#2017,.T.);
#1259=ORIENTED_EDGE('',*,*,#2020,.T.);
#1260=ORIENTED_EDGE('',*,*,#2023,.T.);
#1261=ORIENTED_EDGE('',*,*,#2026,.T.);
#1262=ORIENTED_EDGE('',*,*,#2028,.T.);
#1263=ORIENTED_EDGE('',*,*,#2006,.T.);
#1264=ORIENTED_EDGE('',*,*,#2009,.F.);
#1265=ORIENTED_EDGE('',*,*,#2008,.F.);
#1266=ORIENTED_EDGE('',*,*,#2027,.F.);
#1267=ORIENTED_EDGE('',*,*,#2024,.F.);
#1268=ORIENTED_EDGE('',*,*,#2021,.F.);
#1269=ORIENTED_EDGE('',*,*,#2018,.F.);
#1270=ORIENTED_EDGE('',*,*,#2015,.F.);
#1271=ORIENTED_EDGE('',*,*,#2012,.F.);
#1272=ORIENTED_EDGE('',*,*,#2029,.T.);
#1273=ORIENTED_EDGE('',*,*,#2030,.F.);
#1274=ORIENTED_EDGE('',*,*,#2031,.F.);
#1275=ORIENTED_EDGE('',*,*,#2001,.T.);
#1276=ORIENTED_EDGE('',*,*,#2032,.T.);
#1277=ORIENTED_EDGE('',*,*,#2033,.F.);
#1278=ORIENTED_EDGE('',*,*,#2034,.F.);
#1279=ORIENTED_EDGE('',*,*,#2030,.T.);
#1280=ORIENTED_EDGE('',*,*,#2035,.T.);
#1281=ORIENTED_EDGE('',*,*,#2036,.F.);
#1282=ORIENTED_EDGE('',*,*,#2037,.F.);
#1283=ORIENTED_EDGE('',*,*,#2033,.T.);
#1284=ORIENTED_EDGE('',*,*,#2038,.T.);
#1285=ORIENTED_EDGE('',*,*,#2039,.F.);
#1286=ORIENTED_EDGE('',*,*,#2040,.F.);
#1287=ORIENTED_EDGE('',*,*,#2036,.T.);
#1288=ORIENTED_EDGE('',*,*,#2041,.T.);
#1289=ORIENTED_EDGE('',*,*,#2042,.F.);
#1290=ORIENTED_EDGE('',*,*,#2043,.F.);
#1291=ORIENTED_EDGE('',*,*,#2039,.T.);
#1292=ORIENTED_EDGE('',*,*,#2044,.T.);
#1293=ORIENTED_EDGE('',*,*,#2045,.F.);
#1294=ORIENTED_EDGE('',*,*,#2046,.F.);
#1295=ORIENTED_EDGE('',*,*,#2042,.T.);
#1296=ORIENTED_EDGE('',*,*,#2047,.T.);
#1297=ORIENTED_EDGE('',*,*,#2003,.F.);
#1298=ORIENTED_EDGE('',*,*,#2048,.F.);
#1299=ORIENTED_EDGE('',*,*,#2045,.T.);
#1300=ORIENTED_EDGE('',*,*,#2031,.T.);
#1301=ORIENTED_EDGE('',*,*,#2034,.T.);
#1302=ORIENTED_EDGE('',*,*,#2037,.T.);
#1303=ORIENTED_EDGE('',*,*,#2040,.T.);
#1304=ORIENTED_EDGE('',*,*,#2043,.T.);
#1305=ORIENTED_EDGE('',*,*,#2046,.T.);
#1306=ORIENTED_EDGE('',*,*,#2048,.T.);
#1307=ORIENTED_EDGE('',*,*,#2002,.T.);
#1308=ORIENTED_EDGE('',*,*,#2029,.F.);
#1309=ORIENTED_EDGE('',*,*,#2004,.F.);
#1310=ORIENTED_EDGE('',*,*,#2047,.F.);
#1311=ORIENTED_EDGE('',*,*,#2044,.F.);
#1312=ORIENTED_EDGE('',*,*,#2041,.F.);
#1313=ORIENTED_EDGE('',*,*,#2038,.F.);
#1314=ORIENTED_EDGE('',*,*,#2035,.F.);
#1315=ORIENTED_EDGE('',*,*,#2032,.F.);
#1316=ORIENTED_EDGE('',*,*,#2049,.T.);
#1317=ORIENTED_EDGE('',*,*,#2050,.F.);
#1318=ORIENTED_EDGE('',*,*,#2051,.F.);
#1319=ORIENTED_EDGE('',*,*,#1997,.T.);
#1320=ORIENTED_EDGE('',*,*,#2052,.T.);
#1321=ORIENTED_EDGE('',*,*,#2053,.F.);
#1322=ORIENTED_EDGE('',*,*,#2054,.F.);
#1323=ORIENTED_EDGE('',*,*,#2050,.T.);
#1324=ORIENTED_EDGE('',*,*,#2055,.T.);
#1325=ORIENTED_EDGE('',*,*,#2056,.F.);
#1326=ORIENTED_EDGE('',*,*,#2057,.F.);
#1327=ORIENTED_EDGE('',*,*,#2053,.T.);
#1328=ORIENTED_EDGE('',*,*,#2058,.T.);
#1329=ORIENTED_EDGE('',*,*,#2059,.F.);
#1330=ORIENTED_EDGE('',*,*,#2060,.F.);
#1331=ORIENTED_EDGE('',*,*,#2056,.T.);
#1332=ORIENTED_EDGE('',*,*,#2061,.T.);
#1333=ORIENTED_EDGE('',*,*,#2062,.F.);
#1334=ORIENTED_EDGE('',*,*,#2063,.F.);
#1335=ORIENTED_EDGE('',*,*,#2059,.T.);
#1336=ORIENTED_EDGE('',*,*,#2064,.T.);
#1337=ORIENTED_EDGE('',*,*,#2065,.F.);
#1338=ORIENTED_EDGE('',*,*,#2066,.F.);
#1339=ORIENTED_EDGE('',*,*,#2062,.T.);
#1340=ORIENTED_EDGE('',*,*,#2067,.T.);
#1341=ORIENTED_EDGE('',*,*,#1999,.F.);
#1342=ORIENTED_EDGE('',*,*,#2068,.F.);
#1343=ORIENTED_EDGE('',*,*,#2065,.T.);
#1344=ORIENTED_EDGE('',*,*,#2051,.T.);
#1345=ORIENTED_EDGE('',*,*,#2054,.T.);
#1346=ORIENTED_EDGE('',*,*,#2057,.T.);
#1347=ORIENTED_EDGE('',*,*,#2060,.T.);
#1348=ORIENTED_EDGE('',*,*,#2063,.T.);
#1349=ORIENTED_EDGE('',*,*,#2066,.T.);
#1350=ORIENTED_EDGE('',*,*,#2068,.T.);
#1351=ORIENTED_EDGE('',*,*,#1998,.T.);
#1352=ORIENTED_EDGE('',*,*,#2049,.F.);
#1353=ORIENTED_EDGE('',*,*,#2000,.F.);
#1354=ORIENTED_EDGE('',*,*,#2067,.F.);
#1355=ORIENTED_EDGE('',*,*,#2064,.F.);
#1356=ORIENTED_EDGE('',*,*,#2061,.F.);
#1357=ORIENTED_EDGE('',*,*,#2058,.F.);
#1358=ORIENTED_EDGE('',*,*,#2055,.F.);
#1359=ORIENTED_EDGE('',*,*,#2052,.F.);
#1360=ORIENTED_EDGE('',*,*,#2069,.T.);
#1361=ORIENTED_EDGE('',*,*,#2070,.F.);
#1362=ORIENTED_EDGE('',*,*,#2071,.F.);
#1363=ORIENTED_EDGE('',*,*,#1993,.T.);
#1364=ORIENTED_EDGE('',*,*,#2072,.T.);
#1365=ORIENTED_EDGE('',*,*,#2073,.F.);
#1366=ORIENTED_EDGE('',*,*,#2074,.F.);
#1367=ORIENTED_EDGE('',*,*,#2070,.T.);
#1368=ORIENTED_EDGE('',*,*,#2075,.T.);
#1369=ORIENTED_EDGE('',*,*,#2076,.F.);
#1370=ORIENTED_EDGE('',*,*,#2077,.F.);
#1371=ORIENTED_EDGE('',*,*,#2073,.T.);
#1372=ORIENTED_EDGE('',*,*,#2078,.T.);
#1373=ORIENTED_EDGE('',*,*,#2079,.F.);
#1374=ORIENTED_EDGE('',*,*,#2080,.F.);
#1375=ORIENTED_EDGE('',*,*,#2076,.T.);
#1376=ORIENTED_EDGE('',*,*,#2081,.T.);
#1377=ORIENTED_EDGE('',*,*,#2082,.F.);
#1378=ORIENTED_EDGE('',*,*,#2083,.F.);
#1379=ORIENTED_EDGE('',*,*,#2079,.T.);
#1380=ORIENTED_EDGE('',*,*,#2084,.T.);
#1381=ORIENTED_EDGE('',*,*,#2085,.F.);
#1382=ORIENTED_EDGE('',*,*,#2086,.F.);
#1383=ORIENTED_EDGE('',*,*,#2082,.T.);
#1384=ORIENTED_EDGE('',*,*,#2087,.T.);
#1385=ORIENTED_EDGE('',*,*,#1995,.F.);
#1386=ORIENTED_EDGE('',*,*,#2088,.F.);
#1387=ORIENTED_EDGE('',*,*,#2085,.T.);
#1388=ORIENTED_EDGE('',*,*,#2071,.T.);
#1389=ORIENTED_EDGE('',*,*,#2074,.T.);
#1390=ORIENTED_EDGE('',*,*,#2077,.T.);
#1391=ORIENTED_EDGE('',*,*,#2080,.T.);
#1392=ORIENTED_EDGE('',*,*,#2083,.T.);
#1393=ORIENTED_EDGE('',*,*,#2086,.T.);
#1394=ORIENTED_EDGE('',*,*,#2088,.T.);
#1395=ORIENTED_EDGE('',*,*,#1994,.T.);
#1396=ORIENTED_EDGE('',*,*,#2069,.F.);
#1397=ORIENTED_EDGE('',*,*,#1996,.F.);
#1398=ORIENTED_EDGE('',*,*,#2087,.F.);
#1399=ORIENTED_EDGE('',*,*,#2084,.F.);
#1400=ORIENTED_EDGE('',*,*,#2081,.F.);
#1401=ORIENTED_EDGE('',*,*,#2078,.F.);
#1402=ORIENTED_EDGE('',*,*,#2075,.F.);
#1403=ORIENTED_EDGE('',*,*,#2072,.F.);
#1404=ORIENTED_EDGE('',*,*,#2089,.T.);
#1405=ORIENTED_EDGE('',*,*,#2090,.F.);
#1406=ORIENTED_EDGE('',*,*,#2091,.F.);
#1407=ORIENTED_EDGE('',*,*,#1989,.T.);
#1408=ORIENTED_EDGE('',*,*,#2092,.T.);
#1409=ORIENTED_EDGE('',*,*,#2093,.F.);
#1410=ORIENTED_EDGE('',*,*,#2094,.F.);
#1411=ORIENTED_EDGE('',*,*,#2090,.T.);
#1412=ORIENTED_EDGE('',*,*,#2095,.T.);
#1413=ORIENTED_EDGE('',*,*,#2096,.F.);
#1414=ORIENTED_EDGE('',*,*,#2097,.F.);
#1415=ORIENTED_EDGE('',*,*,#2093,.T.);
#1416=ORIENTED_EDGE('',*,*,#2098,.T.);
#1417=ORIENTED_EDGE('',*,*,#2099,.F.);
#1418=ORIENTED_EDGE('',*,*,#2100,.F.);
#1419=ORIENTED_EDGE('',*,*,#2096,.T.);
#1420=ORIENTED_EDGE('',*,*,#2101,.T.);
#1421=ORIENTED_EDGE('',*,*,#2102,.F.);
#1422=ORIENTED_EDGE('',*,*,#2103,.F.);
#1423=ORIENTED_EDGE('',*,*,#2099,.T.);
#1424=ORIENTED_EDGE('',*,*,#2104,.T.);
#1425=ORIENTED_EDGE('',*,*,#2105,.F.);
#1426=ORIENTED_EDGE('',*,*,#2106,.F.);
#1427=ORIENTED_EDGE('',*,*,#2102,.T.);
#1428=ORIENTED_EDGE('',*,*,#2107,.T.);
#1429=ORIENTED_EDGE('',*,*,#1991,.F.);
#1430=ORIENTED_EDGE('',*,*,#2108,.F.);
#1431=ORIENTED_EDGE('',*,*,#2105,.T.);
#1432=ORIENTED_EDGE('',*,*,#2091,.T.);
#1433=ORIENTED_EDGE('',*,*,#2094,.T.);
#1434=ORIENTED_EDGE('',*,*,#2097,.T.);
#1435=ORIENTED_EDGE('',*,*,#2100,.T.);
#1436=ORIENTED_EDGE('',*,*,#2103,.T.);
#1437=ORIENTED_EDGE('',*,*,#2106,.T.);
#1438=ORIENTED_EDGE('',*,*,#2108,.T.);
#1439=ORIENTED_EDGE('',*,*,#1990,.T.);
#1440=ORIENTED_EDGE('',*,*,#2089,.F.);
#1441=ORIENTED_EDGE('',*,*,#1992,.F.);
#1442=ORIENTED_EDGE('',*,*,#2107,.F.);
#1443=ORIENTED_EDGE('',*,*,#2104,.F.);
#1444=ORIENTED_EDGE('',*,*,#2101,.F.);
#1445=ORIENTED_EDGE('',*,*,#2098,.F.);
#1446=ORIENTED_EDGE('',*,*,#2095,.F.);
#1447=ORIENTED_EDGE('',*,*,#2092,.F.);
#1448=ORIENTED_EDGE('',*,*,#2109,.T.);
#1449=ORIENTED_EDGE('',*,*,#2110,.F.);
#1450=ORIENTED_EDGE('',*,*,#2111,.F.);
#1451=ORIENTED_EDGE('',*,*,#1985,.T.);
#1452=ORIENTED_EDGE('',*,*,#2112,.T.);
#1453=ORIENTED_EDGE('',*,*,#2113,.F.);
#1454=ORIENTED_EDGE('',*,*,#2114,.F.);
#1455=ORIENTED_EDGE('',*,*,#2110,.T.);
#1456=ORIENTED_EDGE('',*,*,#2115,.T.);
#1457=ORIENTED_EDGE('',*,*,#2116,.F.);
#1458=ORIENTED_EDGE('',*,*,#2117,.F.);
#1459=ORIENTED_EDGE('',*,*,#2113,.T.);
#1460=ORIENTED_EDGE('',*,*,#2118,.T.);
#1461=ORIENTED_EDGE('',*,*,#2119,.F.);
#1462=ORIENTED_EDGE('',*,*,#2120,.F.);
#1463=ORIENTED_EDGE('',*,*,#2116,.T.);
#1464=ORIENTED_EDGE('',*,*,#2121,.T.);
#1465=ORIENTED_EDGE('',*,*,#2122,.F.);
#1466=ORIENTED_EDGE('',*,*,#2123,.F.);
#1467=ORIENTED_EDGE('',*,*,#2119,.T.);
#1468=ORIENTED_EDGE('',*,*,#2124,.T.);
#1469=ORIENTED_EDGE('',*,*,#2125,.F.);
#1470=ORIENTED_EDGE('',*,*,#2126,.F.);
#1471=ORIENTED_EDGE('',*,*,#2122,.T.);
#1472=ORIENTED_EDGE('',*,*,#2127,.T.);
#1473=ORIENTED_EDGE('',*,*,#1987,.F.);
#1474=ORIENTED_EDGE('',*,*,#2128,.F.);
#1475=ORIENTED_EDGE('',*,*,#2125,.T.);
#1476=ORIENTED_EDGE('',*,*,#2111,.T.);
#1477=ORIENTED_EDGE('',*,*,#2114,.T.);
#1478=ORIENTED_EDGE('',*,*,#2117,.T.);
#1479=ORIENTED_EDGE('',*,*,#2120,.T.);
#1480=ORIENTED_EDGE('',*,*,#2123,.T.);
#1481=ORIENTED_EDGE('',*,*,#2126,.T.);
#1482=ORIENTED_EDGE('',*,*,#2128,.T.);
#1483=ORIENTED_EDGE('',*,*,#1986,.T.);
#1484=ORIENTED_EDGE('',*,*,#2109,.F.);
#1485=ORIENTED_EDGE('',*,*,#1988,.F.);
#1486=ORIENTED_EDGE('',*,*,#2127,.F.);
#1487=ORIENTED_EDGE('',*,*,#2124,.F.);
#1488=ORIENTED_EDGE('',*,*,#2121,.F.);
#1489=ORIENTED_EDGE('',*,*,#2118,.F.);
#1490=ORIENTED_EDGE('',*,*,#2115,.F.);
#1491=ORIENTED_EDGE('',*,*,#2112,.F.);
#1492=EDGE_CURVE('',#2129,#2130,#2556,.T.);
#1493=EDGE_CURVE('',#2131,#2129,#2557,.T.);
#1494=EDGE_CURVE('',#2132,#2131,#2558,.T.);
#1495=EDGE_CURVE('',#2130,#2132,#2559,.T.);
#1496=EDGE_CURVE('',#2133,#2134,#2560,.T.);
#1497=EDGE_CURVE('',#2135,#2133,#2561,.T.);
#1498=EDGE_CURVE('',#2136,#2135,#2562,.T.);
#1499=EDGE_CURVE('',#2134,#2136,#2563,.T.);
#1500=EDGE_CURVE('',#2137,#2138,#2564,.T.);
#1501=EDGE_CURVE('',#2139,#2137,#2565,.T.);
#1502=EDGE_CURVE('',#2140,#2139,#2566,.T.);
#1503=EDGE_CURVE('',#2138,#2140,#2567,.T.);
#1504=EDGE_CURVE('',#2141,#2142,#2568,.T.);
#1505=EDGE_CURVE('',#2143,#2141,#117,.T.);
#1506=EDGE_CURVE('',#2144,#2143,#2569,.T.);
#1507=EDGE_CURVE('',#2145,#2144,#118,.T.);
#1508=EDGE_CURVE('',#2146,#2145,#2570,.T.);
#1509=EDGE_CURVE('',#2147,#2146,#119,.T.);
#1510=EDGE_CURVE('',#2148,#2147,#2571,.T.);
#1511=EDGE_CURVE('',#2142,#2148,#120,.T.);
#1512=EDGE_CURVE('',#2149,#2150,#2572,.T.);
#1513=EDGE_CURVE('',#2151,#2149,#2573,.T.);
#1514=EDGE_CURVE('',#2152,#2151,#2574,.T.);
#1515=EDGE_CURVE('',#2150,#2152,#2575,.T.);
#1516=EDGE_CURVE('',#2153,#2154,#2576,.T.);
#1517=EDGE_CURVE('',#2155,#2153,#2577,.T.);
#1518=EDGE_CURVE('',#2156,#2155,#2578,.T.);
#1519=EDGE_CURVE('',#2154,#2156,#2579,.T.);
#1520=EDGE_CURVE('',#2157,#2158,#2580,.T.);
#1521=EDGE_CURVE('',#2159,#2157,#2581,.T.);
#1522=EDGE_CURVE('',#2160,#2159,#2582,.T.);
#1523=EDGE_CURVE('',#2158,#2160,#2583,.T.);
#1524=EDGE_CURVE('',#2161,#2162,#2584,.T.);
#1525=EDGE_CURVE('',#2163,#2161,#2585,.T.);
#1526=EDGE_CURVE('',#2163,#2164,#2586,.T.);
#1527=EDGE_CURVE('',#2164,#2162,#2587,.T.);
#1528=EDGE_CURVE('',#2162,#2165,#2588,.T.);
#1529=EDGE_CURVE('',#2164,#2166,#2589,.T.);
#1530=EDGE_CURVE('',#2166,#2165,#2590,.T.);
#1531=EDGE_CURVE('',#2165,#2167,#121,.T.);
#1532=EDGE_CURVE('',#2166,#2168,#122,.T.);
#1533=EDGE_CURVE('',#2168,#2167,#2591,.T.);
#1534=EDGE_CURVE('',#2167,#2169,#2592,.T.);
#1535=EDGE_CURVE('',#2168,#2170,#2593,.T.);
#1536=EDGE_CURVE('',#2170,#2169,#2594,.T.);
#1537=EDGE_CURVE('',#2169,#2171,#123,.T.);
#1538=EDGE_CURVE('',#2170,#2172,#124,.T.);
#1539=EDGE_CURVE('',#2172,#2171,#2595,.T.);
#1540=EDGE_CURVE('',#2171,#2173,#2596,.T.);
#1541=EDGE_CURVE('',#2172,#2174,#2597,.T.);
#1542=EDGE_CURVE('',#2174,#2173,#2598,.T.);
#1543=EDGE_CURVE('',#2173,#2175,#2599,.T.);
#1544=EDGE_CURVE('',#2174,#2176,#2600,.T.);
#1545=EDGE_CURVE('',#2176,#2175,#2601,.T.);
#1546=EDGE_CURVE('',#2175,#2177,#2602,.T.);
#1547=EDGE_CURVE('',#2176,#2178,#2603,.T.);
#1548=EDGE_CURVE('',#2178,#2177,#2604,.T.);
#1549=EDGE_CURVE('',#2177,#2179,#2605,.T.);
#1550=EDGE_CURVE('',#2178,#2180,#2606,.T.);
#1551=EDGE_CURVE('',#2180,#2179,#2607,.T.);
#1552=EDGE_CURVE('',#2179,#2181,#2608,.T.);
#1553=EDGE_CURVE('',#2180,#2182,#2609,.T.);
#1554=EDGE_CURVE('',#2182,#2181,#2610,.T.);
#1555=EDGE_CURVE('',#2181,#2183,#2611,.T.);
#1556=EDGE_CURVE('',#2182,#2184,#2612,.T.);
#1557=EDGE_CURVE('',#2184,#2183,#2613,.T.);
#1558=EDGE_CURVE('',#2183,#2185,#2614,.T.);
#1559=EDGE_CURVE('',#2184,#2186,#2615,.T.);
#1560=EDGE_CURVE('',#2186,#2185,#2616,.T.);
#1561=EDGE_CURVE('',#2185,#2187,#2617,.T.);
#1562=EDGE_CURVE('',#2186,#2188,#2618,.T.);
#1563=EDGE_CURVE('',#2188,#2187,#2619,.T.);
#1564=EDGE_CURVE('',#2187,#2189,#2620,.T.);
#1565=EDGE_CURVE('',#2188,#2190,#2621,.T.);
#1566=EDGE_CURVE('',#2190,#2189,#2622,.T.);
#1567=EDGE_CURVE('',#2189,#2191,#2623,.T.);
#1568=EDGE_CURVE('',#2190,#2192,#2624,.T.);
#1569=EDGE_CURVE('',#2192,#2191,#2625,.T.);
#1570=EDGE_CURVE('',#2191,#2193,#2626,.T.);
#1571=EDGE_CURVE('',#2192,#2194,#2627,.T.);
#1572=EDGE_CURVE('',#2194,#2193,#2628,.T.);
#1573=EDGE_CURVE('',#2193,#2195,#2629,.T.);
#1574=EDGE_CURVE('',#2194,#2196,#2630,.T.);
#1575=EDGE_CURVE('',#2196,#2195,#2631,.T.);
#1576=EDGE_CURVE('',#2195,#2197,#2632,.T.);
#1577=EDGE_CURVE('',#2196,#2198,#2633,.T.);
#1578=EDGE_CURVE('',#2198,#2197,#2634,.T.);
#1579=EDGE_CURVE('',#2197,#2199,#125,.T.);
#1580=EDGE_CURVE('',#2198,#2200,#126,.T.);
#1581=EDGE_CURVE('',#2200,#2199,#2635,.T.);
#1582=EDGE_CURVE('',#2199,#2201,#2636,.T.);
#1583=EDGE_CURVE('',#2200,#2202,#2637,.T.);
#1584=EDGE_CURVE('',#2202,#2201,#2638,.T.);
#1585=EDGE_CURVE('',#2201,#2203,#127,.T.);
#1586=EDGE_CURVE('',#2202,#2204,#128,.T.);
#1587=EDGE_CURVE('',#2204,#2203,#2639,.T.);
#1588=EDGE_CURVE('',#2203,#2205,#2640,.T.);
#1589=EDGE_CURVE('',#2204,#2206,#2641,.T.);
#1590=EDGE_CURVE('',#2206,#2205,#2642,.T.);
#1591=EDGE_CURVE('',#2205,#2207,#2643,.T.);
#1592=EDGE_CURVE('',#2206,#2208,#2644,.T.);
#1593=EDGE_CURVE('',#2208,#2207,#2645,.T.);
#1594=EDGE_CURVE('',#2207,#2209,#2646,.T.);
#1595=EDGE_CURVE('',#2208,#2210,#2647,.T.);
#1596=EDGE_CURVE('',#2210,#2209,#2648,.T.);
#1597=EDGE_CURVE('',#2209,#2211,#2649,.T.);
#1598=EDGE_CURVE('',#2210,#2212,#2650,.T.);
#1599=EDGE_CURVE('',#2212,#2211,#2651,.T.);
#1600=EDGE_CURVE('',#2211,#2213,#2652,.T.);
#1601=EDGE_CURVE('',#2212,#2214,#2653,.T.);
#1602=EDGE_CURVE('',#2214,#2213,#2654,.T.);
#1603=EDGE_CURVE('',#2213,#2215,#2655,.T.);
#1604=EDGE_CURVE('',#2214,#2216,#2656,.T.);
#1605=EDGE_CURVE('',#2216,#2215,#2657,.T.);
#1606=EDGE_CURVE('',#2215,#2217,#2658,.T.);
#1607=EDGE_CURVE('',#2216,#2218,#2659,.T.);
#1608=EDGE_CURVE('',#2218,#2217,#2660,.T.);
#1609=EDGE_CURVE('',#2217,#2219,#2661,.T.);
#1610=EDGE_CURVE('',#2218,#2220,#2662,.T.);
#1611=EDGE_CURVE('',#2220,#2219,#2663,.T.);
#1612=EDGE_CURVE('',#2219,#2221,#2664,.T.);
#1613=EDGE_CURVE('',#2220,#2222,#2665,.T.);
#1614=EDGE_CURVE('',#2222,#2221,#2666,.T.);
#1615=EDGE_CURVE('',#2221,#2223,#2667,.T.);
#1616=EDGE_CURVE('',#2222,#2224,#2668,.T.);
#1617=EDGE_CURVE('',#2224,#2223,#2669,.T.);
#1618=EDGE_CURVE('',#2223,#2161,#2670,.T.);
#1619=EDGE_CURVE('',#2224,#2163,#2671,.T.);
#1620=EDGE_CURVE('',#2225,#2226,#2672,.T.);
#1621=EDGE_CURVE('',#2226,#2227,#129,.T.);
#1622=EDGE_CURVE('',#2227,#2228,#2673,.T.);
#1623=EDGE_CURVE('',#2228,#2229,#130,.T.);
#1624=EDGE_CURVE('',#2229,#2230,#2674,.T.);
#1625=EDGE_CURVE('',#2230,#2231,#131,.T.);
#1626=EDGE_CURVE('',#2231,#2232,#2675,.T.);
#1627=EDGE_CURVE('',#2232,#2225,#132,.T.);
#1628=EDGE_CURVE('',#2141,#2225,#2676,.T.);
#1629=EDGE_CURVE('',#2142,#2226,#2677,.T.);
#1630=EDGE_CURVE('',#2148,#2227,#2678,.T.);
#1631=EDGE_CURVE('',#2147,#2228,#2679,.T.);
#1632=EDGE_CURVE('',#2146,#2229,#2680,.T.);
#1633=EDGE_CURVE('',#2145,#2230,#2681,.T.);
#1634=EDGE_CURVE('',#2144,#2231,#2682,.T.);
#1635=EDGE_CURVE('',#2143,#2232,#2683,.T.);
#1636=EDGE_CURVE('',#2233,#2138,#2684,.T.);
#1637=EDGE_CURVE('',#2233,#2234,#2685,.T.);
#1638=EDGE_CURVE('',#2234,#2137,#2686,.T.);
#1639=EDGE_CURVE('',#2234,#2235,#2687,.T.);
#1640=EDGE_CURVE('',#2235,#2139,#2688,.T.);
#1641=EDGE_CURVE('',#2235,#2236,#2689,.T.);
#1642=EDGE_CURVE('',#2236,#2140,#2690,.T.);
#1643=EDGE_CURVE('',#2236,#2233,#2691,.T.);
#1644=EDGE_CURVE('',#2237,#2150,#2692,.T.);
#1645=EDGE_CURVE('',#2237,#2238,#2693,.T.);
#1646=EDGE_CURVE('',#2238,#2149,#2694,.T.);
#1647=EDGE_CURVE('',#2238,#2239,#2695,.T.);
#1648=EDGE_CURVE('',#2239,#2151,#2696,.T.);
#1649=EDGE_CURVE('',#2239,#2240,#2697,.T.);
#1650=EDGE_CURVE('',#2240,#2152,#2698,.T.);
#1651=EDGE_CURVE('',#2240,#2237,#2699,.T.);
#1652=EDGE_CURVE('',#2241,#2134,#2700,.T.);
#1653=EDGE_CURVE('',#2241,#2242,#2701,.T.);
#1654=EDGE_CURVE('',#2242,#2133,#2702,.T.);
#1655=EDGE_CURVE('',#2242,#2243,#2703,.T.);
#1656=EDGE_CURVE('',#2243,#2135,#2704,.T.);
#1657=EDGE_CURVE('',#2243,#2244,#2705,.T.);
#1658=EDGE_CURVE('',#2244,#2136,#2706,.T.);
#1659=EDGE_CURVE('',#2244,#2241,#2707,.T.);
#1660=EDGE_CURVE('',#2245,#2154,#2708,.T.);
#1661=EDGE_CURVE('',#2245,#2246,#2709,.T.);
#1662=EDGE_CURVE('',#2246,#2153,#2710,.T.);
#1663=EDGE_CURVE('',#2246,#2247,#2711,.T.);
#1664=EDGE_CURVE('',#2247,#2155,#2712,.T.);
#1665=EDGE_CURVE('',#2247,#2248,#2713,.T.);
#1666=EDGE_CURVE('',#2248,#2156,#2714,.T.);
#1667=EDGE_CURVE('',#2248,#2245,#2715,.T.);
#1668=EDGE_CURVE('',#2249,#2130,#2716,.T.);
#1669=EDGE_CURVE('',#2249,#2250,#2717,.T.);
#1670=EDGE_CURVE('',#2250,#2129,#2718,.T.);
#1671=EDGE_CURVE('',#2250,#2251,#2719,.T.);
#1672=EDGE_CURVE('',#2251,#2131,#2720,.T.);
#1673=EDGE_CURVE('',#2251,#2252,#2721,.T.);
#1674=EDGE_CURVE('',#2252,#2132,#2722,.T.);
#1675=EDGE_CURVE('',#2252,#2249,#2723,.T.);
#1676=EDGE_CURVE('',#2253,#2158,#2724,.T.);
#1677=EDGE_CURVE('',#2253,#2254,#2725,.T.);
#1678=EDGE_CURVE('',#2254,#2157,#2726,.T.);
#1679=EDGE_CURVE('',#2254,#2255,#2727,.T.);
#1680=EDGE_CURVE('',#2255,#2159,#2728,.T.);
#1681=EDGE_CURVE('',#2255,#2256,#2729,.T.);
#1682=EDGE_CURVE('',#2256,#2160,#2730,.T.);
#1683=EDGE_CURVE('',#2256,#2253,#2731,.T.);
#1684=EDGE_CURVE('',#2257,#2258,#2732,.F.);
#1685=EDGE_CURVE('',#2259,#2257,#2733,.T.);
#1686=EDGE_CURVE('',#2260,#2259,#2734,.T.);
#1687=EDGE_CURVE('',#2260,#2261,#2735,.T.);
#1688=EDGE_CURVE('',#2261,#2262,#2736,.T.);
#1689=EDGE_CURVE('',#2263,#2262,#2737,.T.);
#1690=EDGE_CURVE('',#2264,#2263,#2738,.T.);
#1691=EDGE_CURVE('',#2264,#2265,#133,.T.);
#1692=EDGE_CURVE('',#2266,#2265,#2739,.T.);
#1693=EDGE_CURVE('',#2267,#2266,#2740,.T.);
#1694=EDGE_CURVE('',#2268,#2267,#2741,.T.);
#1695=EDGE_CURVE('',#2268,#2269,#134,.T.);
#1696=EDGE_CURVE('',#2270,#2269,#2742,.T.);
#1697=EDGE_CURVE('',#2271,#2270,#2743,.T.);
#1698=EDGE_CURVE('',#2272,#2271,#2744,.T.);
#1699=EDGE_CURVE('',#2272,#2258,#2745,.T.);
#1700=EDGE_CURVE('',#2273,#2274,#2746,.T.);
#1701=EDGE_CURVE('',#2274,#2275,#2747,.T.);
#1702=EDGE_CURVE('',#2276,#2275,#2748,.T.);
#1703=EDGE_CURVE('',#2277,#2276,#2749,.T.);
#1704=EDGE_CURVE('',#2278,#2277,#2750,.T.);
#1705=EDGE_CURVE('',#2279,#2278,#2751,.T.);
#1706=EDGE_CURVE('',#2280,#2279,#2752,.T.);
#1707=EDGE_CURVE('',#2280,#2281,#135,.F.);
#1708=EDGE_CURVE('',#2282,#2281,#2753,.T.);
#1709=EDGE_CURVE('',#2283,#2282,#2754,.T.);
#1710=EDGE_CURVE('',#2284,#2283,#2755,.T.);
#1711=EDGE_CURVE('',#2284,#2285,#136,.F.);
#1712=EDGE_CURVE('',#2286,#2285,#2756,.T.);
#1713=EDGE_CURVE('',#2287,#2286,#2757,.T.);
#1714=EDGE_CURVE('',#2287,#2288,#2758,.T.);
#1715=EDGE_CURVE('',#2273,#2288,#2759,.T.);
#1716=EDGE_CURVE('',#2273,#2276,#137,.F.);
#1717=EDGE_CURVE('',#2288,#2289,#2760,.T.);
#1718=EDGE_CURVE('',#2290,#2289,#2761,.T.);
#1719=EDGE_CURVE('',#2291,#2290,#138,.F.);
#1720=EDGE_CURVE('',#2292,#2291,#2762,.T.);
#1721=EDGE_CURVE('',#2277,#2292,#2763,.T.);
#1722=EDGE_CURVE('',#2293,#2294,#2764,.F.);
#1723=EDGE_CURVE('',#2295,#2293,#2765,.T.);
#1724=EDGE_CURVE('',#2296,#2295,#2766,.T.);
#1725=EDGE_CURVE('',#2297,#2296,#2767,.T.);
#1726=EDGE_CURVE('',#2298,#2297,#2768,.T.);
#1727=EDGE_CURVE('',#2298,#2299,#2769,.T.);
#1728=EDGE_CURVE('',#2299,#2300,#2770,.T.);
#1729=EDGE_CURVE('',#2301,#2300,#139,.T.);
#1730=EDGE_CURVE('',#2301,#2302,#2771,.T.);
#1731=EDGE_CURVE('',#2302,#2303,#2772,.T.);
#1732=EDGE_CURVE('',#2303,#2304,#2773,.T.);
#1733=EDGE_CURVE('',#2305,#2304,#140,.T.);
#1734=EDGE_CURVE('',#2305,#2306,#2774,.T.);
#1735=EDGE_CURVE('',#2306,#2307,#2775,.T.);
#1736=EDGE_CURVE('',#2307,#2308,#2776,.T.);
#1737=EDGE_CURVE('',#2294,#2308,#2777,.T.);
#1738=EDGE_CURVE('',#2291,#2309,#2778,.T.);
#1739=EDGE_CURVE('',#2309,#2310,#2779,.T.);
#1740=EDGE_CURVE('',#2290,#2310,#2780,.T.);
#1741=EDGE_CURVE('',#2289,#2311,#2781,.T.);
#1742=EDGE_CURVE('',#2312,#2311,#2782,.T.);
#1743=EDGE_CURVE('',#2313,#2312,#2783,.T.);
#1744=EDGE_CURVE('',#2313,#2314,#141,.F.);
#1745=EDGE_CURVE('',#2315,#2314,#2784,.T.);
#1746=EDGE_CURVE('',#2316,#2315,#2785,.T.);
#1747=EDGE_CURVE('',#2317,#2316,#2786,.T.);
#1748=EDGE_CURVE('',#2317,#2318,#142,.F.);
#1749=EDGE_CURVE('',#2319,#2318,#2787,.T.);
#1750=EDGE_CURVE('',#2320,#2319,#2788,.T.);
#1751=EDGE_CURVE('',#2292,#2320,#2789,.T.);
#1752=EDGE_CURVE('',#2271,#2278,#2790,.T.);
#1753=EDGE_CURVE('',#2320,#2298,#2791,.T.);
#1754=EDGE_CURVE('',#2297,#2272,#2792,.T.);
#1755=EDGE_CURVE('',#2262,#2287,#2793,.T.);
#1756=EDGE_CURVE('',#2308,#2261,#2794,.T.);
#1757=EDGE_CURVE('',#2311,#2307,#2795,.T.);
#1758=EDGE_CURVE('',#2258,#2260,#143,.F.);
#1759=EDGE_CURVE('',#2294,#2296,#144,.F.);
#1760=EDGE_CURVE('',#2312,#2306,#2796,.T.);
#1761=EDGE_CURVE('',#2313,#2305,#2797,.T.);
#1762=EDGE_CURVE('',#2314,#2304,#2798,.T.);
#1763=EDGE_CURVE('',#2315,#2303,#2799,.T.);
#1764=EDGE_CURVE('',#2316,#2302,#2800,.T.);
#1765=EDGE_CURVE('',#2317,#2301,#2801,.T.);
#1766=EDGE_CURVE('',#2318,#2300,#2802,.T.);
#1767=EDGE_CURVE('',#2319,#2299,#2803,.T.);
#1768=EDGE_CURVE('',#2270,#2279,#2804,.T.);
#1769=EDGE_CURVE('',#2269,#2280,#2805,.T.);
#1770=EDGE_CURVE('',#2268,#2281,#2806,.T.);
#1771=EDGE_CURVE('',#2267,#2282,#2807,.T.);
#1772=EDGE_CURVE('',#2266,#2283,#2808,.T.);
#1773=EDGE_CURVE('',#2265,#2284,#2809,.T.);
#1774=EDGE_CURVE('',#2264,#2285,#2810,.T.);
#1775=EDGE_CURVE('',#2263,#2286,#2811,.T.);
#1776=EDGE_CURVE('',#2310,#2309,#145,.T.);
#1777=EDGE_CURVE('',#2293,#2295,#146,.T.);
#1778=EDGE_CURVE('',#2275,#2274,#147,.T.);
#1779=EDGE_CURVE('',#2257,#2259,#148,.T.);
#1780=EDGE_CURVE('',#2321,#2322,#2812,.T.);
#1781=EDGE_CURVE('',#2321,#2323,#149,.T.);
#1782=EDGE_CURVE('',#2324,#2323,#2813,.F.);
#1783=EDGE_CURVE('',#2324,#2322,#150,.F.);
#1784=EDGE_CURVE('',#2325,#2326,#151,.T.);
#1785=EDGE_CURVE('',#2327,#2325,#23,.T.);
#1786=EDGE_CURVE('',#2328,#2327,#24,.T.);
#1787=EDGE_CURVE('',#2326,#2328,#25,.T.);
#1788=EDGE_CURVE('',#2329,#2329,#152,.T.);
#1789=EDGE_CURVE('',#2325,#2330,#2814,.T.);
#1790=EDGE_CURVE('',#2331,#2326,#2815,.F.);
#1791=EDGE_CURVE('',#2330,#2331,#153,.T.);
#1792=EDGE_CURVE('',#2330,#2332,#2816,.T.);
#1793=EDGE_CURVE('',#2333,#2331,#2817,.T.);
#1794=EDGE_CURVE('',#2332,#2333,#154,.T.);
#1795=EDGE_CURVE('',#2332,#2334,#2818,.T.);
#1796=EDGE_CURVE('',#2335,#2333,#2819,.F.);
#1797=EDGE_CURVE('',#2334,#2335,#155,.T.);
#1798=EDGE_CURVE('',#2334,#2321,#2820,.T.);
#1799=EDGE_CURVE('',#2323,#2335,#2821,.T.);
#1800=EDGE_CURVE('',#2336,#2337,#2822,.T.);
#1801=EDGE_CURVE('',#2337,#2338,#2823,.T.);
#1802=EDGE_CURVE('',#2338,#2339,#2824,.T.);
#1803=EDGE_CURVE('',#2340,#2339,#156,.T.);
#1804=EDGE_CURVE('',#2341,#2340,#2825,.T.);
#1805=EDGE_CURVE('',#2342,#2341,#157,.T.);
#1806=EDGE_CURVE('',#2342,#2343,#2826,.T.);
#1807=EDGE_CURVE('',#2343,#2344,#2827,.T.);
#1808=EDGE_CURVE('',#2344,#2345,#2828,.T.);
#1809=EDGE_CURVE('',#2346,#2345,#158,.T.);
#1810=EDGE_CURVE('',#2347,#2346,#2829,.T.);
#1811=EDGE_CURVE('',#2348,#2347,#159,.T.);
#1812=EDGE_CURVE('',#2348,#2349,#2830,.T.);
#1813=EDGE_CURVE('',#2349,#2350,#2831,.T.);
#1814=EDGE_CURVE('',#2350,#2351,#2832,.T.);
#1815=EDGE_CURVE('',#2351,#2336,#2833,.T.);
#1816=EDGE_CURVE('',#2352,#2340,#2834,.T.);
#1817=EDGE_CURVE('',#2353,#2352,#2835,.T.);
#1818=EDGE_CURVE('',#2353,#2341,#2836,.T.);
#1819=EDGE_CURVE('',#2354,#2346,#2837,.T.);
#1820=EDGE_CURVE('',#2355,#2354,#2838,.T.);
#1821=EDGE_CURVE('',#2355,#2347,#2839,.T.);
#1822=EDGE_CURVE('',#2356,#2357,#2840,.T.);
#1823=EDGE_CURVE('',#2358,#2356,#2841,.T.);
#1824=EDGE_CURVE('',#2359,#2358,#2842,.T.);
#1825=EDGE_CURVE('',#2360,#2359,#2843,.T.);
#1826=EDGE_CURVE('',#2361,#2360,#2844,.T.);
#1827=EDGE_CURVE('',#2361,#2355,#160,.F.);
#1828=EDGE_CURVE('',#2354,#2362,#161,.F.);
#1829=EDGE_CURVE('',#2363,#2362,#2845,.T.);
#1830=EDGE_CURVE('',#2364,#2363,#2846,.T.);
#1831=EDGE_CURVE('',#2365,#2364,#2847,.T.);
#1832=EDGE_CURVE('',#2365,#2353,#162,.F.);
#1833=EDGE_CURVE('',#2352,#2366,#163,.F.);
#1834=EDGE_CURVE('',#2367,#2366,#2848,.T.);
#1835=EDGE_CURVE('',#2357,#2367,#2849,.T.);
#1836=EDGE_CURVE('',#2356,#2368,#164,.T.);
#1837=EDGE_CURVE('',#2369,#2368,#2850,.T.);
#1838=EDGE_CURVE('',#2369,#2358,#165,.T.);
#1839=EDGE_CURVE('',#2370,#2371,#2851,.T.);
#1840=EDGE_CURVE('',#2371,#2372,#166,.T.);
#1841=EDGE_CURVE('',#2373,#2372,#2852,.T.);
#1842=EDGE_CURVE('',#2373,#2370,#167,.T.);
#1843=EDGE_CURVE('',#2374,#2372,#2853,.T.);
#1844=EDGE_CURVE('',#2375,#2374,#2854,.T.);
#1845=EDGE_CURVE('',#2376,#2375,#2855,.T.);
#1846=EDGE_CURVE('',#2376,#2377,#168,.F.);
#1847=EDGE_CURVE('',#2378,#2377,#2856,.T.);
#1848=EDGE_CURVE('',#2378,#2379,#169,.F.);
#1849=EDGE_CURVE('',#2380,#2379,#2857,.T.);
#1850=EDGE_CURVE('',#2381,#2380,#2858,.T.);
#1851=EDGE_CURVE('',#2382,#2381,#2859,.T.);
#1852=EDGE_CURVE('',#2382,#2383,#170,.F.);
#1853=EDGE_CURVE('',#2384,#2383,#2860,.T.);
#1854=EDGE_CURVE('',#2384,#2385,#171,.F.);
#1855=EDGE_CURVE('',#2386,#2385,#2861,.T.);
#1856=EDGE_CURVE('',#2387,#2386,#2862,.T.);
#1857=EDGE_CURVE('',#2373,#2387,#2863,.T.);
#1858=EDGE_CURVE('',#2388,#2377,#2864,.T.);
#1859=EDGE_CURVE('',#2389,#2388,#2865,.T.);
#1860=EDGE_CURVE('',#2389,#2378,#2866,.T.);
#1861=EDGE_CURVE('',#2390,#2383,#2867,.T.);
#1862=EDGE_CURVE('',#2391,#2390,#2868,.T.);
#1863=EDGE_CURVE('',#2391,#2384,#2869,.T.);
#1864=EDGE_CURVE('',#2392,#2393,#2870,.T.);
#1865=EDGE_CURVE('',#2394,#2392,#2871,.T.);
#1866=EDGE_CURVE('',#2395,#2394,#2872,.T.);
#1867=EDGE_CURVE('',#2396,#2395,#2873,.T.);
#1868=EDGE_CURVE('',#2397,#2396,#2874,.T.);
#1869=EDGE_CURVE('',#2397,#2391,#172,.T.);
#1870=EDGE_CURVE('',#2390,#2398,#173,.T.);
#1871=EDGE_CURVE('',#2399,#2398,#2875,.T.);
#1872=EDGE_CURVE('',#2400,#2399,#2876,.T.);
#1873=EDGE_CURVE('',#2401,#2400,#2877,.T.);
#1874=EDGE_CURVE('',#2401,#2389,#174,.T.);
#1875=EDGE_CURVE('',#2388,#2402,#175,.T.);
#1876=EDGE_CURVE('',#2403,#2402,#2878,.T.);
#1877=EDGE_CURVE('',#2393,#2403,#2879,.T.);
#1878=EDGE_CURVE('',#2404,#2405,#176,.T.);
#1879=EDGE_CURVE('',#2405,#2406,#2880,.T.);
#1880=EDGE_CURVE('',#2406,#2407,#177,.T.);
#1881=EDGE_CURVE('',#2407,#2404,#2881,.T.);
#1882=EDGE_CURVE('',#2408,#2409,#2882,.T.);
#1883=EDGE_CURVE('',#2410,#2408,#178,.T.);
#1884=EDGE_CURVE('',#2411,#2410,#2883,.T.);
#1885=EDGE_CURVE('',#2409,#2411,#179,.T.);
#1886=EDGE_CURVE('',#2412,#2412,#180,.T.);
#1887=EDGE_CURVE('',#2405,#2351,#2884,.T.);
#1888=EDGE_CURVE('',#2369,#2351,#2885,.T.);
#1889=EDGE_CURVE('',#2368,#2336,#2886,.T.);
#1890=EDGE_CURVE('',#2408,#2336,#2887,.T.);
#1891=EDGE_CURVE('',#2409,#2392,#2888,.T.);
#1892=EDGE_CURVE('',#2392,#2371,#2889,.T.);
#1893=EDGE_CURVE('',#2394,#2370,#2890,.T.);
#1894=EDGE_CURVE('',#2406,#2394,#2891,.T.);
#1895=EDGE_CURVE('',#2407,#2411,#2892,.T.);
#1896=EDGE_CURVE('',#2324,#2413,#2893,.T.);
#1897=EDGE_CURVE('',#2413,#2414,#2894,.T.);
#1898=EDGE_CURVE('',#2414,#2322,#2895,.T.);
#1899=EDGE_CURVE('',#2404,#2410,#2896,.T.);
#1900=EDGE_CURVE('',#2402,#2376,#2897,.T.);
#1901=EDGE_CURVE('',#2403,#2375,#2898,.T.);
#1902=EDGE_CURVE('',#2393,#2374,#2899,.T.);
#1903=EDGE_CURVE('',#2366,#2339,#2900,.T.);
#1904=EDGE_CURVE('',#2367,#2338,#2901,.T.);
#1905=EDGE_CURVE('',#2357,#2337,#2902,.T.);
#1906=EDGE_CURVE('',#2395,#2387,#2903,.T.);
#1907=EDGE_CURVE('',#2396,#2386,#2904,.T.);
#1908=EDGE_CURVE('',#2397,#2385,#2905,.T.);
#1909=EDGE_CURVE('',#2359,#2350,#2906,.T.);
#1910=EDGE_CURVE('',#2360,#2349,#2907,.T.);
#1911=EDGE_CURVE('',#2361,#2348,#2908,.T.);
#1912=EDGE_CURVE('',#2398,#2382,#2909,.T.);
#1913=EDGE_CURVE('',#2399,#2381,#2910,.T.);
#1914=EDGE_CURVE('',#2400,#2380,#2911,.T.);
#1915=EDGE_CURVE('',#2401,#2379,#2912,.T.);
#1916=EDGE_CURVE('',#2365,#2342,#2913,.T.);
#1917=EDGE_CURVE('',#2364,#2343,#2914,.T.);
#1918=EDGE_CURVE('',#2363,#2344,#2915,.T.);
#1919=EDGE_CURVE('',#2362,#2345,#2916,.T.);
#1920=EDGE_CURVE('',#2415,#2415,#181,.F.);
#1921=EDGE_CURVE('',#2327,#2414,#2917,.T.);
#1922=EDGE_CURVE('',#2328,#2413,#2918,.T.);
#1923=EDGE_CURVE('',#2416,#2416,#182,.T.);
#1924=EDGE_CURVE('',#2417,#2417,#26,.T.);
#1925=EDGE_CURVE('',#2418,#2419,#12,.T.);
#1926=EDGE_CURVE('',#2420,#2418,#183,.T.);
#1927=EDGE_CURVE('',#2421,#2420,#13,.T.);
#1928=EDGE_CURVE('',#2419,#2421,#14,.T.);
#1929=EDGE_CURVE('',#2418,#2420,#2919,.T.);
#1930=EDGE_CURVE('',#2419,#2421,#2920,.T.);
#1931=EDGE_CURVE('',#2422,#2423,#2921,.T.);
#1932=EDGE_CURVE('',#2423,#2424,#15,.F.);
#1933=EDGE_CURVE('',#2425,#2424,#2922,.T.);
#1934=EDGE_CURVE('',#2425,#2422,#16,.T.);
#1935=EDGE_CURVE('',#2426,#2427,#2923,.T.);
#1936=EDGE_CURVE('',#2426,#2428,#184,.F.);
#1937=EDGE_CURVE('',#2428,#2429,#2924,.T.);
#1938=EDGE_CURVE('',#2429,#2427,#185,.T.);
#1939=EDGE_CURVE('',#2428,#2430,#17,.F.);
#1940=EDGE_CURVE('',#2430,#2431,#2925,.T.);
#1941=EDGE_CURVE('',#2431,#2429,#18,.T.);
#1942=EDGE_CURVE('',#2432,#2425,#186,.T.);
#1943=EDGE_CURVE('',#2427,#2432,#19,.T.);
#1944=EDGE_CURVE('',#2433,#2431,#187,.T.);
#1945=EDGE_CURVE('',#2434,#2433,#20,.T.);
#1946=EDGE_CURVE('',#2422,#2434,#188,.T.);
#1947=EDGE_CURVE('',#2435,#2435,#189,.T.);
#1948=EDGE_CURVE('',#2430,#2436,#190,.F.);
#1949=EDGE_CURVE('',#2433,#2436,#2926,.T.);
#1950=EDGE_CURVE('',#2424,#2437,#191,.F.);
#1951=EDGE_CURVE('',#2437,#2432,#2927,.T.);
#1952=EDGE_CURVE('',#2437,#2426,#21,.F.);
#1953=EDGE_CURVE('',#2434,#2438,#2928,.T.);
#1954=EDGE_CURVE('',#2438,#2423,#192,.F.);
#1955=EDGE_CURVE('',#2436,#2438,#22,.F.);
#1956=EDGE_CURVE('',#2439,#2439,#193,.T.);
#1957=EDGE_CURVE('',#2440,#2440,#194,.T.);
#1958=EDGE_CURVE('',#2441,#2441,#195,.T.);
#1959=EDGE_CURVE('',#2442,#2442,#196,.T.);
#1960=EDGE_CURVE('',#2443,#2443,#197,.T.);
#1961=EDGE_CURVE('',#2444,#2445,#2929,.T.);
#1962=EDGE_CURVE('',#2446,#2445,#2930,.T.);
#1963=EDGE_CURVE('',#2447,#2446,#2931,.T.);
#1964=EDGE_CURVE('',#2447,#2444,#2932,.T.);
#1965=EDGE_CURVE('',#2445,#2448,#198,.T.);
#1966=EDGE_CURVE('',#2449,#2448,#2933,.T.);
#1967=EDGE_CURVE('',#2446,#2449,#199,.T.);
#1968=EDGE_CURVE('',#2448,#2450,#2934,.T.);
#1969=EDGE_CURVE('',#2451,#2450,#2935,.T.);
#1970=EDGE_CURVE('',#2449,#2451,#2936,.T.);
#1971=EDGE_CURVE('',#2450,#2452,#200,.T.);
#1972=EDGE_CURVE('',#2453,#2452,#2937,.T.);
#1973=EDGE_CURVE('',#2451,#2453,#201,.T.);
#1974=EDGE_CURVE('',#2452,#2454,#2938,.T.);
#1975=EDGE_CURVE('',#2455,#2454,#2939,.T.);
#1976=EDGE_CURVE('',#2453,#2455,#2940,.T.);
#1977=EDGE_CURVE('',#2454,#2456,#202,.T.);
#1978=EDGE_CURVE('',#2457,#2456,#2941,.T.);
#1979=EDGE_CURVE('',#2455,#2457,#203,.T.);
#1980=EDGE_CURVE('',#2456,#2458,#2942,.T.);
#1981=EDGE_CURVE('',#2459,#2458,#2943,.T.);
#1982=EDGE_CURVE('',#2457,#2459,#2944,.T.);
#1983=EDGE_CURVE('',#2458,#2444,#204,.T.);
#1984=EDGE_CURVE('',#2459,#2447,#205,.T.);
#1985=EDGE_CURVE('',#2460,#2461,#2945,.T.);
#1986=EDGE_CURVE('',#2462,#2460,#2946,.T.);
#1987=EDGE_CURVE('',#2462,#2463,#2947,.T.);
#1988=EDGE_CURVE('',#2463,#2461,#2948,.T.);
#1989=EDGE_CURVE('',#2464,#2465,#2949,.T.);
#1990=EDGE_CURVE('',#2466,#2464,#2950,.T.);
#1991=EDGE_CURVE('',#2466,#2467,#2951,.T.);
#1992=EDGE_CURVE('',#2467,#2465,#2952,.T.);
#1993=EDGE_CURVE('',#2468,#2469,#2953,.T.);
#1994=EDGE_CURVE('',#2470,#2468,#2954,.T.);
#1995=EDGE_CURVE('',#2470,#2471,#2955,.T.);
#1996=EDGE_CURVE('',#2471,#2469,#2956,.T.);
#1997=EDGE_CURVE('',#2472,#2473,#2957,.T.);
#1998=EDGE_CURVE('',#2474,#2472,#2958,.T.);
#1999=EDGE_CURVE('',#2474,#2475,#2959,.T.);
#2000=EDGE_CURVE('',#2475,#2473,#2960,.T.);
#2001=EDGE_CURVE('',#2476,#2477,#2961,.T.);
#2002=EDGE_CURVE('',#2478,#2476,#2962,.T.);
#2003=EDGE_CURVE('',#2478,#2479,#2963,.T.);
#2004=EDGE_CURVE('',#2479,#2477,#2964,.T.);
#2005=EDGE_CURVE('',#2480,#2481,#2965,.T.);
#2006=EDGE_CURVE('',#2482,#2480,#2966,.T.);
#2007=EDGE_CURVE('',#2482,#2483,#2967,.T.);
#2008=EDGE_CURVE('',#2483,#2481,#2968,.T.);
#2009=EDGE_CURVE('',#2481,#2484,#2969,.T.);
#2010=EDGE_CURVE('',#2485,#2484,#2970,.T.);
#2011=EDGE_CURVE('',#2480,#2485,#2971,.T.);
#2012=EDGE_CURVE('',#2484,#2486,#2972,.T.);
#2013=EDGE_CURVE('',#2487,#2486,#2973,.T.);
#2014=EDGE_CURVE('',#2485,#2487,#2974,.T.);
#2015=EDGE_CURVE('',#2486,#2488,#2975,.T.);
#2016=EDGE_CURVE('',#2489,#2488,#2976,.T.);
#2017=EDGE_CURVE('',#2487,#2489,#2977,.T.);
#2018=EDGE_CURVE('',#2488,#2490,#206,.T.);
#2019=EDGE_CURVE('',#2491,#2490,#2978,.T.);
#2020=EDGE_CURVE('',#2489,#2491,#207,.T.);
#2021=EDGE_CURVE('',#2490,#2492,#2979,.T.);
#2022=EDGE_CURVE('',#2493,#2492,#2980,.T.);
#2023=EDGE_CURVE('',#2491,#2493,#2981,.T.);
#2024=EDGE_CURVE('',#2492,#2494,#2982,.T.);
#2025=EDGE_CURVE('',#2495,#2494,#2983,.T.);
#2026=EDGE_CURVE('',#2493,#2495,#2984,.T.);
#2027=EDGE_CURVE('',#2494,#2483,#2985,.T.);
#2028=EDGE_CURVE('',#2495,#2482,#2986,.T.);
#2029=EDGE_CURVE('',#2477,#2496,#2987,.T.);
#2030=EDGE_CURVE('',#2497,#2496,#2988,.T.);
#2031=EDGE_CURVE('',#2476,#2497,#2989,.T.);
#2032=EDGE_CURVE('',#2496,#2498,#2990,.T.);
#2033=EDGE_CURVE('',#2499,#2498,#2991,.T.);
#2034=EDGE_CURVE('',#2497,#2499,#2992,.T.);
#2035=EDGE_CURVE('',#2498,#2500,#2993,.T.);
#2036=EDGE_CURVE('',#2501,#2500,#2994,.T.);
#2037=EDGE_CURVE('',#2499,#2501,#2995,.T.);
#2038=EDGE_CURVE('',#2500,#2502,#208,.T.);
#2039=EDGE_CURVE('',#2503,#2502,#2996,.T.);
#2040=EDGE_CURVE('',#2501,#2503,#209,.T.);
#2041=EDGE_CURVE('',#2502,#2504,#2997,.T.);
#2042=EDGE_CURVE('',#2505,#2504,#2998,.T.);
#2043=EDGE_CURVE('',#2503,#2505,#2999,.T.);
#2044=EDGE_CURVE('',#2504,#2506,#3000,.T.);
#2045=EDGE_CURVE('',#2507,#2506,#3001,.T.);
#2046=EDGE_CURVE('',#2505,#2507,#3002,.T.);
#2047=EDGE_CURVE('',#2506,#2479,#3003,.T.);
#2048=EDGE_CURVE('',#2507,#2478,#3004,.T.);
#2049=EDGE_CURVE('',#2473,#2508,#3005,.T.);
#2050=EDGE_CURVE('',#2509,#2508,#3006,.T.);
#2051=EDGE_CURVE('',#2472,#2509,#3007,.T.);
#2052=EDGE_CURVE('',#2508,#2510,#3008,.T.);
#2053=EDGE_CURVE('',#2511,#2510,#3009,.T.);
#2054=EDGE_CURVE('',#2509,#2511,#3010,.T.);
#2055=EDGE_CURVE('',#2510,#2512,#3011,.T.);
#2056=EDGE_CURVE('',#2513,#2512,#3012,.T.);
#2057=EDGE_CURVE('',#2511,#2513,#3013,.T.);
#2058=EDGE_CURVE('',#2512,#2514,#210,.T.);
#2059=EDGE_CURVE('',#2515,#2514,#3014,.T.);
#2060=EDGE_CURVE('',#2513,#2515,#211,.T.);
#2061=EDGE_CURVE('',#2514,#2516,#3015,.T.);
#2062=EDGE_CURVE('',#2517,#2516,#3016,.T.);
#2063=EDGE_CURVE('',#2515,#2517,#3017,.T.);
#2064=EDGE_CURVE('',#2516,#2518,#3018,.T.);
#2065=EDGE_CURVE('',#2519,#2518,#3019,.T.);
#2066=EDGE_CURVE('',#2517,#2519,#3020,.T.);
#2067=EDGE_CURVE('',#2518,#2475,#3021,.T.);
#2068=EDGE_CURVE('',#2519,#2474,#3022,.T.);
#2069=EDGE_CURVE('',#2469,#2520,#3023,.T.);
#2070=EDGE_CURVE('',#2521,#2520,#3024,.T.);
#2071=EDGE_CURVE('',#2468,#2521,#3025,.T.);
#2072=EDGE_CURVE('',#2520,#2522,#3026,.T.);
#2073=EDGE_CURVE('',#2523,#2522,#3027,.T.);
#2074=EDGE_CURVE('',#2521,#2523,#3028,.T.);
#2075=EDGE_CURVE('',#2522,#2524,#3029,.T.);
#2076=EDGE_CURVE('',#2525,#2524,#3030,.T.);
#2077=EDGE_CURVE('',#2523,#2525,#3031,.T.);
#2078=EDGE_CURVE('',#2524,#2526,#212,.T.);
#2079=EDGE_CURVE('',#2527,#2526,#3032,.T.);
#2080=EDGE_CURVE('',#2525,#2527,#213,.T.);
#2081=EDGE_CURVE('',#2526,#2528,#3033,.T.);
#2082=EDGE_CURVE('',#2529,#2528,#3034,.T.);
#2083=EDGE_CURVE('',#2527,#2529,#3035,.T.);
#2084=EDGE_CURVE('',#2528,#2530,#3036,.T.);
#2085=EDGE_CURVE('',#2531,#2530,#3037,.T.);
#2086=EDGE_CURVE('',#2529,#2531,#3038,.T.);
#2087=EDGE_CURVE('',#2530,#2471,#3039,.T.);
#2088=EDGE_CURVE('',#2531,#2470,#3040,.T.);
#2089=EDGE_CURVE('',#2465,#2532,#3041,.T.);
#2090=EDGE_CURVE('',#2533,#2532,#3042,.T.);
#2091=EDGE_CURVE('',#2464,#2533,#3043,.T.);
#2092=EDGE_CURVE('',#2532,#2534,#3044,.T.);
#2093=EDGE_CURVE('',#2535,#2534,#3045,.T.);
#2094=EDGE_CURVE('',#2533,#2535,#3046,.T.);
#2095=EDGE_CURVE('',#2534,#2536,#3047,.T.);
#2096=EDGE_CURVE('',#2537,#2536,#3048,.T.);
#2097=EDGE_CURVE('',#2535,#2537,#3049,.T.);
#2098=EDGE_CURVE('',#2536,#2538,#214,.T.);
#2099=EDGE_CURVE('',#2539,#2538,#3050,.T.);
#2100=EDGE_CURVE('',#2537,#2539,#215,.T.);
#2101=EDGE_CURVE('',#2538,#2540,#3051,.T.);
#2102=EDGE_CURVE('',#2541,#2540,#3052,.T.);
#2103=EDGE_CURVE('',#2539,#2541,#3053,.T.);
#2104=EDGE_CURVE('',#2540,#2542,#3054,.T.);
#2105=EDGE_CURVE('',#2543,#2542,#3055,.T.);
#2106=EDGE_CURVE('',#2541,#2543,#3056,.T.);
#2107=EDGE_CURVE('',#2542,#2467,#3057,.T.);
#2108=EDGE_CURVE('',#2543,#2466,#3058,.T.);
#2109=EDGE_CURVE('',#2461,#2544,#3059,.T.);
#2110=EDGE_CURVE('',#2545,#2544,#3060,.T.);
#2111=EDGE_CURVE('',#2460,#2545,#3061,.T.);
#2112=EDGE_CURVE('',#2544,#2546,#3062,.T.);
#2113=EDGE_CURVE('',#2547,#2546,#3063,.T.);
#2114=EDGE_CURVE('',#2545,#2547,#3064,.T.);
#2115=EDGE_CURVE('',#2546,#2548,#3065,.T.);
#2116=EDGE_CURVE('',#2549,#2548,#3066,.T.);
#2117=EDGE_CURVE('',#2547,#2549,#3067,.T.);
#2118=EDGE_CURVE('',#2548,#2550,#216,.T.);
#2119=EDGE_CURVE('',#2551,#2550,#3068,.T.);
#2120=EDGE_CURVE('',#2549,#2551,#217,.T.);
#2121=EDGE_CURVE('',#2550,#2552,#3069,.T.);
#2122=EDGE_CURVE('',#2553,#2552,#3070,.T.);
#2123=EDGE_CURVE('',#2551,#2553,#3071,.T.);
#2124=EDGE_CURVE('',#2552,#2554,#3072,.T.);
#2125=EDGE_CURVE('',#2555,#2554,#3073,.T.);
#2126=EDGE_CURVE('',#2553,#2555,#3074,.T.);
#2127=EDGE_CURVE('',#2554,#2463,#3075,.T.);
#2128=EDGE_CURVE('',#2555,#2462,#3076,.T.);
#2129=VERTEX_POINT('',#6293);
#2130=VERTEX_POINT('',#6294);
#2131=VERTEX_POINT('',#6296);
#2132=VERTEX_POINT('',#6298);
#2133=VERTEX_POINT('',#6301);
#2134=VERTEX_POINT('',#6302);
#2135=VERTEX_POINT('',#6304);
#2136=VERTEX_POINT('',#6306);
#2137=VERTEX_POINT('',#6309);
#2138=VERTEX_POINT('',#6310);
#2139=VERTEX_POINT('',#6312);
#2140=VERTEX_POINT('',#6314);
#2141=VERTEX_POINT('',#6317);
#2142=VERTEX_POINT('',#6318);
#2143=VERTEX_POINT('',#6320);
#2144=VERTEX_POINT('',#6322);
#2145=VERTEX_POINT('',#6324);
#2146=VERTEX_POINT('',#6326);
#2147=VERTEX_POINT('',#6328);
#2148=VERTEX_POINT('',#6330);
#2149=VERTEX_POINT('',#6333);
#2150=VERTEX_POINT('',#6334);
#2151=VERTEX_POINT('',#6336);
#2152=VERTEX_POINT('',#6338);
#2153=VERTEX_POINT('',#6341);
#2154=VERTEX_POINT('',#6342);
#2155=VERTEX_POINT('',#6344);
#2156=VERTEX_POINT('',#6346);
#2157=VERTEX_POINT('',#6349);
#2158=VERTEX_POINT('',#6350);
#2159=VERTEX_POINT('',#6352);
#2160=VERTEX_POINT('',#6354);
#2161=VERTEX_POINT('',#6358);
#2162=VERTEX_POINT('',#6359);
#2163=VERTEX_POINT('',#6361);
#2164=VERTEX_POINT('',#6363);
#2165=VERTEX_POINT('',#6367);
#2166=VERTEX_POINT('',#6369);
#2167=VERTEX_POINT('',#6373);
#2168=VERTEX_POINT('',#6375);
#2169=VERTEX_POINT('',#6379);
#2170=VERTEX_POINT('',#6381);
#2171=VERTEX_POINT('',#6385);
#2172=VERTEX_POINT('',#6387);
#2173=VERTEX_POINT('',#6391);
#2174=VERTEX_POINT('',#6393);
#2175=VERTEX_POINT('',#6397);
#2176=VERTEX_POINT('',#6399);
#2177=VERTEX_POINT('',#6403);
#2178=VERTEX_POINT('',#6405);
#2179=VERTEX_POINT('',#6409);
#2180=VERTEX_POINT('',#6411);
#2181=VERTEX_POINT('',#6415);
#2182=VERTEX_POINT('',#6417);
#2183=VERTEX_POINT('',#6421);
#2184=VERTEX_POINT('',#6423);
#2185=VERTEX_POINT('',#6427);
#2186=VERTEX_POINT('',#6429);
#2187=VERTEX_POINT('',#6433);
#2188=VERTEX_POINT('',#6435);
#2189=VERTEX_POINT('',#6439);
#2190=VERTEX_POINT('',#6441);
#2191=VERTEX_POINT('',#6445);
#2192=VERTEX_POINT('',#6447);
#2193=VERTEX_POINT('',#6451);
#2194=VERTEX_POINT('',#6453);
#2195=VERTEX_POINT('',#6457);
#2196=VERTEX_POINT('',#6459);
#2197=VERTEX_POINT('',#6463);
#2198=VERTEX_POINT('',#6465);
#2199=VERTEX_POINT('',#6469);
#2200=VERTEX_POINT('',#6471);
#2201=VERTEX_POINT('',#6475);
#2202=VERTEX_POINT('',#6477);
#2203=VERTEX_POINT('',#6481);
#2204=VERTEX_POINT('',#6483);
#2205=VERTEX_POINT('',#6487);
#2206=VERTEX_POINT('',#6489);
#2207=VERTEX_POINT('',#6493);
#2208=VERTEX_POINT('',#6495);
#2209=VERTEX_POINT('',#6499);
#2210=VERTEX_POINT('',#6501);
#2211=VERTEX_POINT('',#6505);
#2212=VERTEX_POINT('',#6507);
#2213=VERTEX_POINT('',#6511);
#2214=VERTEX_POINT('',#6513);
#2215=VERTEX_POINT('',#6517);
#2216=VERTEX_POINT('',#6519);
#2217=VERTEX_POINT('',#6523);
#2218=VERTEX_POINT('',#6525);
#2219=VERTEX_POINT('',#6529);
#2220=VERTEX_POINT('',#6531);
#2221=VERTEX_POINT('',#6535);
#2222=VERTEX_POINT('',#6537);
#2223=VERTEX_POINT('',#6541);
#2224=VERTEX_POINT('',#6543);
#2225=VERTEX_POINT('',#6550);
#2226=VERTEX_POINT('',#6551);
#2227=VERTEX_POINT('',#6553);
#2228=VERTEX_POINT('',#6555);
#2229=VERTEX_POINT('',#6557);
#2230=VERTEX_POINT('',#6559);
#2231=VERTEX_POINT('',#6561);
#2232=VERTEX_POINT('',#6563);
#2233=VERTEX_POINT('',#6584);
#2234=VERTEX_POINT('',#6586);
#2235=VERTEX_POINT('',#6590);
#2236=VERTEX_POINT('',#6594);
#2237=VERTEX_POINT('',#6601);
#2238=VERTEX_POINT('',#6603);
#2239=VERTEX_POINT('',#6607);
#2240=VERTEX_POINT('',#6611);
#2241=VERTEX_POINT('',#6618);
#2242=VERTEX_POINT('',#6620);
#2243=VERTEX_POINT('',#6624);
#2244=VERTEX_POINT('',#6628);
#2245=VERTEX_POINT('',#6635);
#2246=VERTEX_POINT('',#6637);
#2247=VERTEX_POINT('',#6641);
#2248=VERTEX_POINT('',#6645);
#2249=VERTEX_POINT('',#6652);
#2250=VERTEX_POINT('',#6654);
#2251=VERTEX_POINT('',#6658);
#2252=VERTEX_POINT('',#6662);
#2253=VERTEX_POINT('',#6669);
#2254=VERTEX_POINT('',#6671);
#2255=VERTEX_POINT('',#6675);
#2256=VERTEX_POINT('',#6679);
#2257=VERTEX_POINT('',#6687);
#2258=VERTEX_POINT('',#6688);
#2259=VERTEX_POINT('',#6690);
#2260=VERTEX_POINT('',#6692);
#2261=VERTEX_POINT('',#6694);
#2262=VERTEX_POINT('',#6696);
#2263=VERTEX_POINT('',#6698);
#2264=VERTEX_POINT('',#6700);
#2265=VERTEX_POINT('',#6702);
#2266=VERTEX_POINT('',#6704);
#2267=VERTEX_POINT('',#6706);
#2268=VERTEX_POINT('',#6708);
#2269=VERTEX_POINT('',#6710);
#2270=VERTEX_POINT('',#6712);
#2271=VERTEX_POINT('',#6714);
#2272=VERTEX_POINT('',#6716);
#2273=VERTEX_POINT('',#6720);
#2274=VERTEX_POINT('',#6721);
#2275=VERTEX_POINT('',#6723);
#2276=VERTEX_POINT('',#6725);
#2277=VERTEX_POINT('',#6727);
#2278=VERTEX_POINT('',#6729);
#2279=VERTEX_POINT('',#6731);
#2280=VERTEX_POINT('',#6733);
#2281=VERTEX_POINT('',#6735);
#2282=VERTEX_POINT('',#6737);
#2283=VERTEX_POINT('',#6739);
#2284=VERTEX_POINT('',#6741);
#2285=VERTEX_POINT('',#6743);
#2286=VERTEX_POINT('',#6745);
#2287=VERTEX_POINT('',#6747);
#2288=VERTEX_POINT('',#6749);
#2289=VERTEX_POINT('',#6754);
#2290=VERTEX_POINT('',#6756);
#2291=VERTEX_POINT('',#6758);
#2292=VERTEX_POINT('',#6760);
#2293=VERTEX_POINT('',#6764);
#2294=VERTEX_POINT('',#6765);
#2295=VERTEX_POINT('',#6767);
#2296=VERTEX_POINT('',#6769);
#2297=VERTEX_POINT('',#6771);
#2298=VERTEX_POINT('',#6773);
#2299=VERTEX_POINT('',#6775);
#2300=VERTEX_POINT('',#6777);
#2301=VERTEX_POINT('',#6779);
#2302=VERTEX_POINT('',#6781);
#2303=VERTEX_POINT('',#6783);
#2304=VERTEX_POINT('',#6785);
#2305=VERTEX_POINT('',#6787);
#2306=VERTEX_POINT('',#6789);
#2307=VERTEX_POINT('',#6791);
#2308=VERTEX_POINT('',#6793);
#2309=VERTEX_POINT('',#6797);
#2310=VERTEX_POINT('',#6799);
#2311=VERTEX_POINT('',#6802);
#2312=VERTEX_POINT('',#6804);
#2313=VERTEX_POINT('',#6806);
#2314=VERTEX_POINT('',#6808);
#2315=VERTEX_POINT('',#6810);
#2316=VERTEX_POINT('',#6812);
#2317=VERTEX_POINT('',#6814);
#2318=VERTEX_POINT('',#6816);
#2319=VERTEX_POINT('',#6818);
#2320=VERTEX_POINT('',#6820);
#2321=VERTEX_POINT('',#6882);
#2322=VERTEX_POINT('',#6883);
#2323=VERTEX_POINT('',#6885);
#2324=VERTEX_POINT('',#6887);
#2325=VERTEX_POINT('',#6891);
#2326=VERTEX_POINT('',#6892);
#2327=VERTEX_POINT('',#6897);
#2328=VERTEX_POINT('',#6902);
#2329=VERTEX_POINT('',#6908);
#2330=VERTEX_POINT('',#6911);
#2331=VERTEX_POINT('',#6913);
#2332=VERTEX_POINT('',#6917);
#2333=VERTEX_POINT('',#6919);
#2334=VERTEX_POINT('',#6923);
#2335=VERTEX_POINT('',#6925);
#2336=VERTEX_POINT('',#6932);
#2337=VERTEX_POINT('',#6933);
#2338=VERTEX_POINT('',#6935);
#2339=VERTEX_POINT('',#6937);
#2340=VERTEX_POINT('',#6939);
#2341=VERTEX_POINT('',#6941);
#2342=VERTEX_POINT('',#6943);
#2343=VERTEX_POINT('',#6945);
#2344=VERTEX_POINT('',#6947);
#2345=VERTEX_POINT('',#6949);
#2346=VERTEX_POINT('',#6951);
#2347=VERTEX_POINT('',#6953);
#2348=VERTEX_POINT('',#6955);
#2349=VERTEX_POINT('',#6957);
#2350=VERTEX_POINT('',#6959);
#2351=VERTEX_POINT('',#6961);
#2352=VERTEX_POINT('',#6965);
#2353=VERTEX_POINT('',#6967);
#2354=VERTEX_POINT('',#6971);
#2355=VERTEX_POINT('',#6973);
#2356=VERTEX_POINT('',#6977);
#2357=VERTEX_POINT('',#6978);
#2358=VERTEX_POINT('',#6980);
#2359=VERTEX_POINT('',#6982);
#2360=VERTEX_POINT('',#6984);
#2361=VERTEX_POINT('',#6986);
#2362=VERTEX_POINT('',#6989);
#2363=VERTEX_POINT('',#6991);
#2364=VERTEX_POINT('',#6993);
#2365=VERTEX_POINT('',#6995);
#2366=VERTEX_POINT('',#6998);
#2367=VERTEX_POINT('',#7000);
#2368=VERTEX_POINT('',#7004);
#2369=VERTEX_POINT('',#7006);
#2370=VERTEX_POINT('',#7010);
#2371=VERTEX_POINT('',#7011);
#2372=VERTEX_POINT('',#7013);
#2373=VERTEX_POINT('',#7015);
#2374=VERTEX_POINT('',#7019);
#2375=VERTEX_POINT('',#7021);
#2376=VERTEX_POINT('',#7023);
#2377=VERTEX_POINT('',#7025);
#2378=VERTEX_POINT('',#7027);
#2379=VERTEX_POINT('',#7029);
#2380=VERTEX_POINT('',#7031);
#2381=VERTEX_POINT('',#7033);
#2382=VERTEX_POINT('',#7035);
#2383=VERTEX_POINT('',#7037);
#2384=VERTEX_POINT('',#7039);
#2385=VERTEX_POINT('',#7041);
#2386=VERTEX_POINT('',#7043);
#2387=VERTEX_POINT('',#7045);
#2388=VERTEX_POINT('',#7049);
#2389=VERTEX_POINT('',#7051);
#2390=VERTEX_POINT('',#7055);
#2391=VERTEX_POINT('',#7057);
#2392=VERTEX_POINT('',#7061);
#2393=VERTEX_POINT('',#7062);
#2394=VERTEX_POINT('',#7064);
#2395=VERTEX_POINT('',#7066);
#2396=VERTEX_POINT('',#7068);
#2397=VERTEX_POINT('',#7070);
#2398=VERTEX_POINT('',#7073);
#2399=VERTEX_POINT('',#7075);
#2400=VERTEX_POINT('',#7077);
#2401=VERTEX_POINT('',#7079);
#2402=VERTEX_POINT('',#7082);
#2403=VERTEX_POINT('',#7084);
#2404=VERTEX_POINT('',#7088);
#2405=VERTEX_POINT('',#7089);
#2406=VERTEX_POINT('',#7091);
#2407=VERTEX_POINT('',#7093);
#2408=VERTEX_POINT('',#7097);
#2409=VERTEX_POINT('',#7098);
#2410=VERTEX_POINT('',#7100);
#2411=VERTEX_POINT('',#7102);
#2412=VERTEX_POINT('',#7106);
#2413=VERTEX_POINT('',#7119);
#2414=VERTEX_POINT('',#7121);
#2415=VERTEX_POINT('',#7173);
#2416=VERTEX_POINT('',#7183);
#2417=VERTEX_POINT('',#7191);
#2418=VERTEX_POINT('',#7193);
#2419=VERTEX_POINT('',#7194);
#2420=VERTEX_POINT('',#7196);
#2421=VERTEX_POINT('',#7198);
#2422=VERTEX_POINT('',#7210);
#2423=VERTEX_POINT('',#7211);
#2424=VERTEX_POINT('',#7213);
#2425=VERTEX_POINT('',#7215);
#2426=VERTEX_POINT('',#7219);
#2427=VERTEX_POINT('',#7220);
#2428=VERTEX_POINT('',#7222);
#2429=VERTEX_POINT('',#7224);
#2430=VERTEX_POINT('',#7228);
#2431=VERTEX_POINT('',#7230);
#2432=VERTEX_POINT('',#7234);
#2433=VERTEX_POINT('',#7237);
#2434=VERTEX_POINT('',#7239);
#2435=VERTEX_POINT('',#7242);
#2436=VERTEX_POINT('',#7246);
#2437=VERTEX_POINT('',#7250);
#2438=VERTEX_POINT('',#7256);
#2439=VERTEX_POINT('',#7262);
#2440=VERTEX_POINT('',#7267);
#2441=VERTEX_POINT('',#7270);
#2442=VERTEX_POINT('',#7273);
#2443=VERTEX_POINT('',#7276);
#2444=VERTEX_POINT('',#7281);
#2445=VERTEX_POINT('',#7282);
#2446=VERTEX_POINT('',#7284);
#2447=VERTEX_POINT('',#7286);
#2448=VERTEX_POINT('',#7290);
#2449=VERTEX_POINT('',#7292);
#2450=VERTEX_POINT('',#7296);
#2451=VERTEX_POINT('',#7298);
#2452=VERTEX_POINT('',#7302);
#2453=VERTEX_POINT('',#7304);
#2454=VERTEX_POINT('',#7308);
#2455=VERTEX_POINT('',#7310);
#2456=VERTEX_POINT('',#7314);
#2457=VERTEX_POINT('',#7316);
#2458=VERTEX_POINT('',#7320);
#2459=VERTEX_POINT('',#7322);
#2460=VERTEX_POINT('',#7330);
#2461=VERTEX_POINT('',#7331);
#2462=VERTEX_POINT('',#7333);
#2463=VERTEX_POINT('',#7335);
#2464=VERTEX_POINT('',#7338);
#2465=VERTEX_POINT('',#7339);
#2466=VERTEX_POINT('',#7341);
#2467=VERTEX_POINT('',#7343);
#2468=VERTEX_POINT('',#7346);
#2469=VERTEX_POINT('',#7347);
#2470=VERTEX_POINT('',#7349);
#2471=VERTEX_POINT('',#7351);
#2472=VERTEX_POINT('',#7354);
#2473=VERTEX_POINT('',#7355);
#2474=VERTEX_POINT('',#7357);
#2475=VERTEX_POINT('',#7359);
#2476=VERTEX_POINT('',#7362);
#2477=VERTEX_POINT('',#7363);
#2478=VERTEX_POINT('',#7365);
#2479=VERTEX_POINT('',#7367);
#2480=VERTEX_POINT('',#7370);
#2481=VERTEX_POINT('',#7371);
#2482=VERTEX_POINT('',#7373);
#2483=VERTEX_POINT('',#7375);
#2484=VERTEX_POINT('',#7379);
#2485=VERTEX_POINT('',#7381);
#2486=VERTEX_POINT('',#7385);
#2487=VERTEX_POINT('',#7387);
#2488=VERTEX_POINT('',#7391);
#2489=VERTEX_POINT('',#7393);
#2490=VERTEX_POINT('',#7397);
#2491=VERTEX_POINT('',#7399);
#2492=VERTEX_POINT('',#7403);
#2493=VERTEX_POINT('',#7405);
#2494=VERTEX_POINT('',#7409);
#2495=VERTEX_POINT('',#7411);
#2496=VERTEX_POINT('',#7420);
#2497=VERTEX_POINT('',#7422);
#2498=VERTEX_POINT('',#7426);
#2499=VERTEX_POINT('',#7428);
#2500=VERTEX_POINT('',#7432);
#2501=VERTEX_POINT('',#7434);
#2502=VERTEX_POINT('',#7438);
#2503=VERTEX_POINT('',#7440);
#2504=VERTEX_POINT('',#7444);
#2505=VERTEX_POINT('',#7446);
#2506=VERTEX_POINT('',#7450);
#2507=VERTEX_POINT('',#7452);
#2508=VERTEX_POINT('',#7461);
#2509=VERTEX_POINT('',#7463);
#2510=VERTEX_POINT('',#7467);
#2511=VERTEX_POINT('',#7469);
#2512=VERTEX_POINT('',#7473);
#2513=VERTEX_POINT('',#7475);
#2514=VERTEX_POINT('',#7479);
#2515=VERTEX_POINT('',#7481);
#2516=VERTEX_POINT('',#7485);
#2517=VERTEX_POINT('',#7487);
#2518=VERTEX_POINT('',#7491);
#2519=VERTEX_POINT('',#7493);
#2520=VERTEX_POINT('',#7502);
#2521=VERTEX_POINT('',#7504);
#2522=VERTEX_POINT('',#7508);
#2523=VERTEX_POINT('',#7510);
#2524=VERTEX_POINT('',#7514);
#2525=VERTEX_POINT('',#7516);
#2526=VERTEX_POINT('',#7520);
#2527=VERTEX_POINT('',#7522);
#2528=VERTEX_POINT('',#7526);
#2529=VERTEX_POINT('',#7528);
#2530=VERTEX_POINT('',#7532);
#2531=VERTEX_POINT('',#7534);
#2532=VERTEX_POINT('',#7543);
#2533=VERTEX_POINT('',#7545);
#2534=VERTEX_POINT('',#7549);
#2535=VERTEX_POINT('',#7551);
#2536=VERTEX_POINT('',#7555);
#2537=VERTEX_POINT('',#7557);
#2538=VERTEX_POINT('',#7561);
#2539=VERTEX_POINT('',#7563);
#2540=VERTEX_POINT('',#7567);
#2541=VERTEX_POINT('',#7569);
#2542=VERTEX_POINT('',#7573);
#2543=VERTEX_POINT('',#7575);
#2544=VERTEX_POINT('',#7584);
#2545=VERTEX_POINT('',#7586);
#2546=VERTEX_POINT('',#7590);
#2547=VERTEX_POINT('',#7592);
#2548=VERTEX_POINT('',#7596);
#2549=VERTEX_POINT('',#7598);
#2550=VERTEX_POINT('',#7602);
#2551=VERTEX_POINT('',#7604);
#2552=VERTEX_POINT('',#7608);
#2553=VERTEX_POINT('',#7610);
#2554=VERTEX_POINT('',#7614);
#2555=VERTEX_POINT('',#7616);
#2556=LINE('',#6292,#3077);
#2557=LINE('',#6295,#3078);
#2558=LINE('',#6297,#3079);
#2559=LINE('',#6299,#3080);
#2560=LINE('',#6300,#3081);
#2561=LINE('',#6303,#3082);
#2562=LINE('',#6305,#3083);
#2563=LINE('',#6307,#3084);
#2564=LINE('',#6308,#3085);
#2565=LINE('',#6311,#3086);
#2566=LINE('',#6313,#3087);
#2567=LINE('',#6315,#3088);
#2568=LINE('',#6316,#3089);
#2569=LINE('',#6321,#3090);
#2570=LINE('',#6325,#3091);
#2571=LINE('',#6329,#3092);
#2572=LINE('',#6332,#3093);
#2573=LINE('',#6335,#3094);
#2574=LINE('',#6337,#3095);
#2575=LINE('',#6339,#3096);
#2576=LINE('',#6340,#3097);
#2577=LINE('',#6343,#3098);
#2578=LINE('',#6345,#3099);
#2579=LINE('',#6347,#3100);
#2580=LINE('',#6348,#3101);
#2581=LINE('',#6351,#3102);
#2582=LINE('',#6353,#3103);
#2583=LINE('',#6355,#3104);
#2584=LINE('',#6357,#3105);
#2585=LINE('',#6360,#3106);
#2586=LINE('',#6362,#3107);
#2587=LINE('',#6364,#3108);
#2588=LINE('',#6366,#3109);
#2589=LINE('',#6368,#3110);
#2590=LINE('',#6370,#3111);
#2591=LINE('',#6376,#3112);
#2592=LINE('',#6378,#3113);
#2593=LINE('',#6380,#3114);
#2594=LINE('',#6382,#3115);
#2595=LINE('',#6388,#3116);
#2596=LINE('',#6390,#3117);
#2597=LINE('',#6392,#3118);
#2598=LINE('',#6394,#3119);
#2599=LINE('',#6396,#3120);
#2600=LINE('',#6398,#3121);
#2601=LINE('',#6400,#3122);
#2602=LINE('',#6402,#3123);
#2603=LINE('',#6404,#3124);
#2604=LINE('',#6406,#3125);
#2605=LINE('',#6408,#3126);
#2606=LINE('',#6410,#3127);
#2607=LINE('',#6412,#3128);
#2608=LINE('',#6414,#3129);
#2609=LINE('',#6416,#3130);
#2610=LINE('',#6418,#3131);
#2611=LINE('',#6420,#3132);
#2612=LINE('',#6422,#3133);
#2613=LINE('',#6424,#3134);
#2614=LINE('',#6426,#3135);
#2615=LINE('',#6428,#3136);
#2616=LINE('',#6430,#3137);
#2617=LINE('',#6432,#3138);
#2618=LINE('',#6434,#3139);
#2619=LINE('',#6436,#3140);
#2620=LINE('',#6438,#3141);
#2621=LINE('',#6440,#3142);
#2622=LINE('',#6442,#3143);
#2623=LINE('',#6444,#3144);
#2624=LINE('',#6446,#3145);
#2625=LINE('',#6448,#3146);
#2626=LINE('',#6450,#3147);
#2627=LINE('',#6452,#3148);
#2628=LINE('',#6454,#3149);
#2629=LINE('',#6456,#3150);
#2630=LINE('',#6458,#3151);
#2631=LINE('',#6460,#3152);
#2632=LINE('',#6462,#3153);
#2633=LINE('',#6464,#3154);
#2634=LINE('',#6466,#3155);
#2635=LINE('',#6472,#3156);
#2636=LINE('',#6474,#3157);
#2637=LINE('',#6476,#3158);
#2638=LINE('',#6478,#3159);
#2639=LINE('',#6484,#3160);
#2640=LINE('',#6486,#3161);
#2641=LINE('',#6488,#3162);
#2642=LINE('',#6490,#3163);
#2643=LINE('',#6492,#3164);
#2644=LINE('',#6494,#3165);
#2645=LINE('',#6496,#3166);
#2646=LINE('',#6498,#3167);
#2647=LINE('',#6500,#3168);
#2648=LINE('',#6502,#3169);
#2649=LINE('',#6504,#3170);
#2650=LINE('',#6506,#3171);
#2651=LINE('',#6508,#3172);
#2652=LINE('',#6510,#3173);
#2653=LINE('',#6512,#3174);
#2654=LINE('',#6514,#3175);
#2655=LINE('',#6516,#3176);
#2656=LINE('',#6518,#3177);
#2657=LINE('',#6520,#3178);
#2658=LINE('',#6522,#3179);
#2659=LINE('',#6524,#3180);
#2660=LINE('',#6526,#3181);
#2661=LINE('',#6528,#3182);
#2662=LINE('',#6530,#3183);
#2663=LINE('',#6532,#3184);
#2664=LINE('',#6534,#3185);
#2665=LINE('',#6536,#3186);
#2666=LINE('',#6538,#3187);
#2667=LINE('',#6540,#3188);
#2668=LINE('',#6542,#3189);
#2669=LINE('',#6544,#3190);
#2670=LINE('',#6546,#3191);
#2671=LINE('',#6547,#3192);
#2672=LINE('',#6549,#3193);
#2673=LINE('',#6554,#3194);
#2674=LINE('',#6558,#3195);
#2675=LINE('',#6562,#3196);
#2676=LINE('',#6567,#3197);
#2677=LINE('',#6568,#3198);
#2678=LINE('',#6570,#3199);
#2679=LINE('',#6572,#3200);
#2680=LINE('',#6574,#3201);
#2681=LINE('',#6576,#3202);
#2682=LINE('',#6578,#3203);
#2683=LINE('',#6580,#3204);
#2684=LINE('',#6583,#3205);
#2685=LINE('',#6585,#3206);
#2686=LINE('',#6587,#3207);
#2687=LINE('',#6589,#3208);
#2688=LINE('',#6591,#3209);
#2689=LINE('',#6593,#3210);
#2690=LINE('',#6595,#3211);
#2691=LINE('',#6597,#3212);
#2692=LINE('',#6600,#3213);
#2693=LINE('',#6602,#3214);
#2694=LINE('',#6604,#3215);
#2695=LINE('',#6606,#3216);
#2696=LINE('',#6608,#3217);
#2697=LINE('',#6610,#3218);
#2698=LINE('',#6612,#3219);
#2699=LINE('',#6614,#3220);
#2700=LINE('',#6617,#3221);
#2701=LINE('',#6619,#3222);
#2702=LINE('',#6621,#3223);
#2703=LINE('',#6623,#3224);
#2704=LINE('',#6625,#3225);
#2705=LINE('',#6627,#3226);
#2706=LINE('',#6629,#3227);
#2707=LINE('',#6631,#3228);
#2708=LINE('',#6634,#3229);
#2709=LINE('',#6636,#3230);
#2710=LINE('',#6638,#3231);
#2711=LINE('',#6640,#3232);
#2712=LINE('',#6642,#3233);
#2713=LINE('',#6644,#3234);
#2714=LINE('',#6646,#3235);
#2715=LINE('',#6648,#3236);
#2716=LINE('',#6651,#3237);
#2717=LINE('',#6653,#3238);
#2718=LINE('',#6655,#3239);
#2719=LINE('',#6657,#3240);
#2720=LINE('',#6659,#3241);
#2721=LINE('',#6661,#3242);
#2722=LINE('',#6663,#3243);
#2723=LINE('',#6665,#3244);
#2724=LINE('',#6668,#3245);
#2725=LINE('',#6670,#3246);
#2726=LINE('',#6672,#3247);
#2727=LINE('',#6674,#3248);
#2728=LINE('',#6676,#3249);
#2729=LINE('',#6678,#3250);
#2730=LINE('',#6680,#3251);
#2731=LINE('',#6682,#3252);
#2732=LINE('',#6686,#3253);
#2733=LINE('',#6689,#3254);
#2734=LINE('',#6691,#3255);
#2735=LINE('',#6693,#3256);
#2736=LINE('',#6695,#3257);
#2737=LINE('',#6697,#3258);
#2738=LINE('',#6699,#3259);
#2739=LINE('',#6703,#3260);
#2740=LINE('',#6705,#3261);
#2741=LINE('',#6707,#3262);
#2742=LINE('',#6711,#3263);
#2743=LINE('',#6713,#3264);
#2744=LINE('',#6715,#3265);
#2745=LINE('',#6717,#3266);
#2746=LINE('',#6719,#3267);
#2747=LINE('',#6722,#3268);
#2748=LINE('',#6724,#3269);
#2749=LINE('',#6726,#3270);
#2750=LINE('',#6728,#3271);
#2751=LINE('',#6730,#3272);
#2752=LINE('',#6732,#3273);
#2753=LINE('',#6736,#3274);
#2754=LINE('',#6738,#3275);
#2755=LINE('',#6740,#3276);
#2756=LINE('',#6744,#3277);
#2757=LINE('',#6746,#3278);
#2758=LINE('',#6748,#3279);
#2759=LINE('',#6750,#3280);
#2760=LINE('',#6753,#3281);
#2761=LINE('',#6755,#3282);
#2762=LINE('',#6759,#3283);
#2763=LINE('',#6761,#3284);
#2764=LINE('',#6763,#3285);
#2765=LINE('',#6766,#3286);
#2766=LINE('',#6768,#3287);
#2767=LINE('',#6770,#3288);
#2768=LINE('',#6772,#3289);
#2769=LINE('',#6774,#3290);
#2770=LINE('',#6776,#3291);
#2771=LINE('',#6780,#3292);
#2772=LINE('',#6782,#3293);
#2773=LINE('',#6784,#3294);
#2774=LINE('',#6788,#3295);
#2775=LINE('',#6790,#3296);
#2776=LINE('',#6792,#3297);
#2777=LINE('',#6794,#3298);
#2778=LINE('',#6796,#3299);
#2779=LINE('',#6798,#3300);
#2780=LINE('',#6800,#3301);
#2781=LINE('',#6801,#3302);
#2782=LINE('',#6803,#3303);
#2783=LINE('',#6805,#3304);
#2784=LINE('',#6809,#3305);
#2785=LINE('',#6811,#3306);
#2786=LINE('',#6813,#3307);
#2787=LINE('',#6817,#3308);
#2788=LINE('',#6819,#3309);
#2789=LINE('',#6821,#3310);
#2790=LINE('',#6823,#3311);
#2791=LINE('',#6824,#3312);
#2792=LINE('',#6825,#3313);
#2793=LINE('',#6827,#3314);
#2794=LINE('',#6828,#3315);
#2795=LINE('',#6829,#3316);
#2796=LINE('',#6834,#3317);
#2797=LINE('',#6836,#3318);
#2798=LINE('',#6838,#3319);
#2799=LINE('',#6840,#3320);
#2800=LINE('',#6842,#3321);
#2801=LINE('',#6844,#3322);
#2802=LINE('',#6846,#3323);
#2803=LINE('',#6848,#3324);
#2804=LINE('',#6851,#3325);
#2805=LINE('',#6852,#3326);
#2806=LINE('',#6854,#3327);
#2807=LINE('',#6856,#3328);
#2808=LINE('',#6858,#3329);
#2809=LINE('',#6860,#3330);
#2810=LINE('',#6862,#3331);
#2811=LINE('',#6864,#3332);
#2812=LINE('',#6881,#3333);
#2813=LINE('',#6886,#3334);
#2814=LINE('',#6910,#3335);
#2815=LINE('',#6912,#3336);
#2816=LINE('',#6916,#3337);
#2817=LINE('',#6918,#3338);
#2818=LINE('',#6922,#3339);
#2819=LINE('',#6924,#3340);
#2820=LINE('',#6928,#3341);
#2821=LINE('',#6929,#3342);
#2822=LINE('',#6931,#3343);
#2823=LINE('',#6934,#3344);
#2824=LINE('',#6936,#3345);
#2825=LINE('',#6940,#3346);
#2826=LINE('',#6944,#3347);
#2827=LINE('',#6946,#3348);
#2828=LINE('',#6948,#3349);
#2829=LINE('',#6952,#3350);
#2830=LINE('',#6956,#3351);
#2831=LINE('',#6958,#3352);
#2832=LINE('',#6960,#3353);
#2833=LINE('',#6962,#3354);
#2834=LINE('',#6964,#3355);
#2835=LINE('',#6966,#3356);
#2836=LINE('',#6968,#3357);
#2837=LINE('',#6970,#3358);
#2838=LINE('',#6972,#3359);
#2839=LINE('',#6974,#3360);
#2840=LINE('',#6976,#3361);
#2841=LINE('',#6979,#3362);
#2842=LINE('',#6981,#3363);
#2843=LINE('',#6983,#3364);
#2844=LINE('',#6985,#3365);
#2845=LINE('',#6990,#3366);
#2846=LINE('',#6992,#3367);
#2847=LINE('',#6994,#3368);
#2848=LINE('',#6999,#3369);
#2849=LINE('',#7001,#3370);
#2850=LINE('',#7005,#3371);
#2851=LINE('',#7009,#3372);
#2852=LINE('',#7014,#3373);
#2853=LINE('',#7018,#3374);
#2854=LINE('',#7020,#3375);
#2855=LINE('',#7022,#3376);
#2856=LINE('',#7026,#3377);
#2857=LINE('',#7030,#3378);
#2858=LINE('',#7032,#3379);
#2859=LINE('',#7034,#3380);
#2860=LINE('',#7038,#3381);
#2861=LINE('',#7042,#3382);
#2862=LINE('',#7044,#3383);
#2863=LINE('',#7046,#3384);
#2864=LINE('',#7048,#3385);
#2865=LINE('',#7050,#3386);
#2866=LINE('',#7052,#3387);
#2867=LINE('',#7054,#3388);
#2868=LINE('',#7056,#3389);
#2869=LINE('',#7058,#3390);
#2870=LINE('',#7060,#3391);
#2871=LINE('',#7063,#3392);
#2872=LINE('',#7065,#3393);
#2873=LINE('',#7067,#3394);
#2874=LINE('',#7069,#3395);
#2875=LINE('',#7074,#3396);
#2876=LINE('',#7076,#3397);
#2877=LINE('',#7078,#3398);
#2878=LINE('',#7083,#3399);
#2879=LINE('',#7085,#3400);
#2880=LINE('',#7090,#3401);
#2881=LINE('',#7094,#3402);
#2882=LINE('',#7096,#3403);
#2883=LINE('',#7101,#3404);
#2884=LINE('',#7107,#3405);
#2885=LINE('',#7108,#3406);
#2886=LINE('',#7109,#3407);
#2887=LINE('',#7110,#3408);
#2888=LINE('',#7111,#3409);
#2889=LINE('',#7112,#3410);
#2890=LINE('',#7113,#3411);
#2891=LINE('',#7114,#3412);
#2892=LINE('',#7116,#3413);
#2893=LINE('',#7118,#3414);
#2894=LINE('',#7120,#3415);
#2895=LINE('',#7122,#3416);
#2896=LINE('',#7123,#3417);
#2897=LINE('',#7126,#3418);
#2898=LINE('',#7128,#3419);
#2899=LINE('',#7130,#3420);
#2900=LINE('',#7133,#3421);
#2901=LINE('',#7135,#3422);
#2902=LINE('',#7137,#3423);
#2903=LINE('',#7140,#3424);
#2904=LINE('',#7142,#3425);
#2905=LINE('',#7144,#3426);
#2906=LINE('',#7147,#3427);
#2907=LINE('',#7149,#3428);
#2908=LINE('',#7151,#3429);
#2909=LINE('',#7154,#3430);
#2910=LINE('',#7156,#3431);
#2911=LINE('',#7158,#3432);
#2912=LINE('',#7160,#3433);
#2913=LINE('',#7163,#3434);
#2914=LINE('',#7165,#3435);
#2915=LINE('',#7167,#3436);
#2916=LINE('',#7169,#3437);
#2917=LINE('',#7175,#3438);
#2918=LINE('',#7176,#3439);
#2919=LINE('',#7202,#3440);
#2920=LINE('',#7204,#3441);
#2921=LINE('',#7209,#3442);
#2922=LINE('',#7214,#3443);
#2923=LINE('',#7218,#3444);
#2924=LINE('',#7223,#3445);
#2925=LINE('',#7229,#3446);
#2926=LINE('',#7247,#3447);
#2927=LINE('',#7251,#3448);
#2928=LINE('',#7255,#3449);
#2929=LINE('',#7280,#3450);
#2930=LINE('',#7283,#3451);
#2931=LINE('',#7285,#3452);
#2932=LINE('',#7287,#3453);
#2933=LINE('',#7291,#3454);
#2934=LINE('',#7295,#3455);
#2935=LINE('',#7297,#3456);
#2936=LINE('',#7299,#3457);
#2937=LINE('',#7303,#3458);
#2938=LINE('',#7307,#3459);
#2939=LINE('',#7309,#3460);
#2940=LINE('',#7311,#3461);
#2941=LINE('',#7315,#3462);
#2942=LINE('',#7319,#3463);
#2943=LINE('',#7321,#3464);
#2944=LINE('',#7323,#3465);
#2945=LINE('',#7329,#3466);
#2946=LINE('',#7332,#3467);
#2947=LINE('',#7334,#3468);
#2948=LINE('',#7336,#3469);
#2949=LINE('',#7337,#3470);
#2950=LINE('',#7340,#3471);
#2951=LINE('',#7342,#3472);
#2952=LINE('',#7344,#3473);
#2953=LINE('',#7345,#3474);
#2954=LINE('',#7348,#3475);
#2955=LINE('',#7350,#3476);
#2956=LINE('',#7352,#3477);
#2957=LINE('',#7353,#3478);
#2958=LINE('',#7356,#3479);
#2959=LINE('',#7358,#3480);
#2960=LINE('',#7360,#3481);
#2961=LINE('',#7361,#3482);
#2962=LINE('',#7364,#3483);
#2963=LINE('',#7366,#3484);
#2964=LINE('',#7368,#3485);
#2965=LINE('',#7369,#3486);
#2966=LINE('',#7372,#3487);
#2967=LINE('',#7374,#3488);
#2968=LINE('',#7376,#3489);
#2969=LINE('',#7378,#3490);
#2970=LINE('',#7380,#3491);
#2971=LINE('',#7382,#3492);
#2972=LINE('',#7384,#3493);
#2973=LINE('',#7386,#3494);
#2974=LINE('',#7388,#3495);
#2975=LINE('',#7390,#3496);
#2976=LINE('',#7392,#3497);
#2977=LINE('',#7394,#3498);
#2978=LINE('',#7398,#3499);
#2979=LINE('',#7402,#3500);
#2980=LINE('',#7404,#3501);
#2981=LINE('',#7406,#3502);
#2982=LINE('',#7408,#3503);
#2983=LINE('',#7410,#3504);
#2984=LINE('',#7412,#3505);
#2985=LINE('',#7414,#3506);
#2986=LINE('',#7415,#3507);
#2987=LINE('',#7419,#3508);
#2988=LINE('',#7421,#3509);
#2989=LINE('',#7423,#3510);
#2990=LINE('',#7425,#3511);
#2991=LINE('',#7427,#3512);
#2992=LINE('',#7429,#3513);
#2993=LINE('',#7431,#3514);
#2994=LINE('',#7433,#3515);
#2995=LINE('',#7435,#3516);
#2996=LINE('',#7439,#3517);
#2997=LINE('',#7443,#3518);
#2998=LINE('',#7445,#3519);
#2999=LINE('',#7447,#3520);
#3000=LINE('',#7449,#3521);
#3001=LINE('',#7451,#3522);
#3002=LINE('',#7453,#3523);
#3003=LINE('',#7455,#3524);
#3004=LINE('',#7456,#3525);
#3005=LINE('',#7460,#3526);
#3006=LINE('',#7462,#3527);
#3007=LINE('',#7464,#3528);
#3008=LINE('',#7466,#3529);
#3009=LINE('',#7468,#3530);
#3010=LINE('',#7470,#3531);
#3011=LINE('',#7472,#3532);
#3012=LINE('',#7474,#3533);
#3013=LINE('',#7476,#3534);
#3014=LINE('',#7480,#3535);
#3015=LINE('',#7484,#3536);
#3016=LINE('',#7486,#3537);
#3017=LINE('',#7488,#3538);
#3018=LINE('',#7490,#3539);
#3019=LINE('',#7492,#3540);
#3020=LINE('',#7494,#3541);
#3021=LINE('',#7496,#3542);
#3022=LINE('',#7497,#3543);
#3023=LINE('',#7501,#3544);
#3024=LINE('',#7503,#3545);
#3025=LINE('',#7505,#3546);
#3026=LINE('',#7507,#3547);
#3027=LINE('',#7509,#3548);
#3028=LINE('',#7511,#3549);
#3029=LINE('',#7513,#3550);
#3030=LINE('',#7515,#3551);
#3031=LINE('',#7517,#3552);
#3032=LINE('',#7521,#3553);
#3033=LINE('',#7525,#3554);
#3034=LINE('',#7527,#3555);
#3035=LINE('',#7529,#3556);
#3036=LINE('',#7531,#3557);
#3037=LINE('',#7533,#3558);
#3038=LINE('',#7535,#3559);
#3039=LINE('',#7537,#3560);
#3040=LINE('',#7538,#3561);
#3041=LINE('',#7542,#3562);
#3042=LINE('',#7544,#3563);
#3043=LINE('',#7546,#3564);
#3044=LINE('',#7548,#3565);
#3045=LINE('',#7550,#3566);
#3046=LINE('',#7552,#3567);
#3047=LINE('',#7554,#3568);
#3048=LINE('',#7556,#3569);
#3049=LINE('',#7558,#3570);
#3050=LINE('',#7562,#3571);
#3051=LINE('',#7566,#3572);
#3052=LINE('',#7568,#3573);
#3053=LINE('',#7570,#3574);
#3054=LINE('',#7572,#3575);
#3055=LINE('',#7574,#3576);
#3056=LINE('',#7576,#3577);
#3057=LINE('',#7578,#3578);
#3058=LINE('',#7579,#3579);
#3059=LINE('',#7583,#3580);
#3060=LINE('',#7585,#3581);
#3061=LINE('',#7587,#3582);
#3062=LINE('',#7589,#3583);
#3063=LINE('',#7591,#3584);
#3064=LINE('',#7593,#3585);
#3065=LINE('',#7595,#3586);
#3066=LINE('',#7597,#3587);
#3067=LINE('',#7599,#3588);
#3068=LINE('',#7603,#3589);
#3069=LINE('',#7607,#3590);
#3070=LINE('',#7609,#3591);
#3071=LINE('',#7611,#3592);
#3072=LINE('',#7613,#3593);
#3073=LINE('',#7615,#3594);
#3074=LINE('',#7617,#3595);
#3075=LINE('',#7619,#3596);
#3076=LINE('',#7620,#3597);
#3077=VECTOR('',#5039,39.3700787401575);
#3078=VECTOR('',#5040,39.3700787401575);
#3079=VECTOR('',#5041,39.3700787401575);
#3080=VECTOR('',#5042,39.3700787401575);
#3081=VECTOR('',#5043,39.3700787401575);
#3082=VECTOR('',#5044,39.3700787401575);
#3083=VECTOR('',#5045,39.3700787401575);
#3084=VECTOR('',#5046,39.3700787401575);
#3085=VECTOR('',#5047,39.3700787401575);
#3086=VECTOR('',#5048,39.3700787401575);
#3087=VECTOR('',#5049,39.3700787401575);
#3088=VECTOR('',#5050,39.3700787401575);
#3089=VECTOR('',#5051,39.3700787401575);
#3090=VECTOR('',#5054,39.3700787401575);
#3091=VECTOR('',#5057,39.3700787401575);
#3092=VECTOR('',#5060,39.3700787401575);
#3093=VECTOR('',#5063,39.3700787401575);
#3094=VECTOR('',#5064,39.3700787401575);
#3095=VECTOR('',#5065,39.3700787401575);
#3096=VECTOR('',#5066,39.3700787401575);
#3097=VECTOR('',#5067,39.3700787401575);
#3098=VECTOR('',#5068,39.3700787401575);
#3099=VECTOR('',#5069,39.3700787401575);
#3100=VECTOR('',#5070,39.3700787401575);
#3101=VECTOR('',#5071,39.3700787401575);
#3102=VECTOR('',#5072,39.3700787401575);
#3103=VECTOR('',#5073,39.3700787401575);
#3104=VECTOR('',#5074,39.3700787401575);
#3105=VECTOR('',#5077,39.3700787401575);
#3106=VECTOR('',#5078,39.3700787401575);
#3107=VECTOR('',#5079,39.3700787401575);
#3108=VECTOR('',#5080,39.3700787401575);
#3109=VECTOR('',#5083,39.3700787401575);
#3110=VECTOR('',#5084,39.3700787401575);
#3111=VECTOR('',#5085,39.3700787401575);
#3112=VECTOR('',#5092,39.3700787401575);
#3113=VECTOR('',#5095,39.3700787401575);
#3114=VECTOR('',#5096,39.3700787401575);
#3115=VECTOR('',#5097,39.3700787401575);
#3116=VECTOR('',#5104,39.3700787401575);
#3117=VECTOR('',#5107,39.3700787401575);
#3118=VECTOR('',#5108,39.3700787401575);
#3119=VECTOR('',#5109,39.3700787401575);
#3120=VECTOR('',#5112,39.3700787401575);
#3121=VECTOR('',#5113,39.3700787401575);
#3122=VECTOR('',#5114,39.3700787401575);
#3123=VECTOR('',#5117,39.3700787401575);
#3124=VECTOR('',#5118,39.3700787401575);
#3125=VECTOR('',#5119,39.3700787401575);
#3126=VECTOR('',#5122,39.3700787401575);
#3127=VECTOR('',#5123,39.3700787401575);
#3128=VECTOR('',#5124,39.3700787401575);
#3129=VECTOR('',#5127,39.3700787401575);
#3130=VECTOR('',#5128,39.3700787401575);
#3131=VECTOR('',#5129,39.3700787401575);
#3132=VECTOR('',#5132,39.3700787401575);
#3133=VECTOR('',#5133,39.3700787401575);
#3134=VECTOR('',#5134,39.3700787401575);
#3135=VECTOR('',#5137,39.3700787401575);
#3136=VECTOR('',#5138,39.3700787401575);
#3137=VECTOR('',#5139,39.3700787401575);
#3138=VECTOR('',#5142,39.3700787401575);
#3139=VECTOR('',#5143,39.3700787401575);
#3140=VECTOR('',#5144,39.3700787401575);
#3141=VECTOR('',#5147,39.3700787401575);
#3142=VECTOR('',#5148,39.3700787401575);
#3143=VECTOR('',#5149,39.3700787401575);
#3144=VECTOR('',#5152,39.3700787401575);
#3145=VECTOR('',#5153,39.3700787401575);
#3146=VECTOR('',#5154,39.3700787401575);
#3147=VECTOR('',#5157,39.3700787401575);
#3148=VECTOR('',#5158,39.3700787401575);
#3149=VECTOR('',#5159,39.3700787401575);
#3150=VECTOR('',#5162,39.3700787401575);
#3151=VECTOR('',#5163,39.3700787401575);
#3152=VECTOR('',#5164,39.3700787401575);
#3153=VECTOR('',#5167,39.3700787401575);
#3154=VECTOR('',#5168,39.3700787401575);
#3155=VECTOR('',#5169,39.3700787401575);
#3156=VECTOR('',#5176,39.3700787401575);
#3157=VECTOR('',#5179,39.3700787401575);
#3158=VECTOR('',#5180,39.3700787401575);
#3159=VECTOR('',#5181,39.3700787401575);
#3160=VECTOR('',#5188,39.3700787401575);
#3161=VECTOR('',#5191,39.3700787401575);
#3162=VECTOR('',#5192,39.3700787401575);
#3163=VECTOR('',#5193,39.3700787401575);
#3164=VECTOR('',#5196,39.3700787401575);
#3165=VECTOR('',#5197,39.3700787401575);
#3166=VECTOR('',#5198,39.3700787401575);
#3167=VECTOR('',#5201,39.3700787401575);
#3168=VECTOR('',#5202,39.3700787401575);
#3169=VECTOR('',#5203,39.3700787401575);
#3170=VECTOR('',#5206,39.3700787401575);
#3171=VECTOR('',#5207,39.3700787401575);
#3172=VECTOR('',#5208,39.3700787401575);
#3173=VECTOR('',#5211,39.3700787401575);
#3174=VECTOR('',#5212,39.3700787401575);
#3175=VECTOR('',#5213,39.3700787401575);
#3176=VECTOR('',#5216,39.3700787401575);
#3177=VECTOR('',#5217,39.3700787401575);
#3178=VECTOR('',#5218,39.3700787401575);
#3179=VECTOR('',#5221,39.3700787401575);
#3180=VECTOR('',#5222,39.3700787401575);
#3181=VECTOR('',#5223,39.3700787401575);
#3182=VECTOR('',#5226,39.3700787401575);
#3183=VECTOR('',#5227,39.3700787401575);
#3184=VECTOR('',#5228,39.3700787401575);
#3185=VECTOR('',#5231,39.3700787401575);
#3186=VECTOR('',#5232,39.3700787401575);
#3187=VECTOR('',#5233,39.3700787401575);
#3188=VECTOR('',#5236,39.3700787401575);
#3189=VECTOR('',#5237,39.3700787401575);
#3190=VECTOR('',#5238,39.3700787401575);
#3191=VECTOR('',#5241,39.3700787401575);
#3192=VECTOR('',#5242,39.3700787401575);
#3193=VECTOR('',#5245,39.3700787401575);
#3194=VECTOR('',#5248,39.3700787401575);
#3195=VECTOR('',#5251,39.3700787401575);
#3196=VECTOR('',#5254,39.3700787401575);
#3197=VECTOR('',#5261,39.3700787401575);
#3198=VECTOR('',#5262,39.3700787401575);
#3199=VECTOR('',#5265,39.3700787401575);
#3200=VECTOR('',#5268,39.3700787401575);
#3201=VECTOR('',#5271,39.3700787401575);
#3202=VECTOR('',#5274,39.3700787401575);
#3203=VECTOR('',#5277,39.3700787401575);
#3204=VECTOR('',#5280,39.3700787401575);
#3205=VECTOR('',#5285,39.3700787401575);
#3206=VECTOR('',#5286,39.3700787401575);
#3207=VECTOR('',#5287,39.3700787401575);
#3208=VECTOR('',#5290,39.3700787401575);
#3209=VECTOR('',#5291,39.3700787401575);
#3210=VECTOR('',#5294,39.3700787401575);
#3211=VECTOR('',#5295,39.3700787401575);
#3212=VECTOR('',#5298,39.3700787401575);
#3213=VECTOR('',#5303,39.3700787401575);
#3214=VECTOR('',#5304,39.3700787401575);
#3215=VECTOR('',#5305,39.3700787401575);
#3216=VECTOR('',#5308,39.3700787401575);
#3217=VECTOR('',#5309,39.3700787401575);
#3218=VECTOR('',#5312,39.3700787401575);
#3219=VECTOR('',#5313,39.3700787401575);
#3220=VECTOR('',#5316,39.3700787401575);
#3221=VECTOR('',#5321,39.3700787401575);
#3222=VECTOR('',#5322,39.3700787401575);
#3223=VECTOR('',#5323,39.3700787401575);
#3224=VECTOR('',#5326,39.3700787401575);
#3225=VECTOR('',#5327,39.3700787401575);
#3226=VECTOR('',#5330,39.3700787401575);
#3227=VECTOR('',#5331,39.3700787401575);
#3228=VECTOR('',#5334,39.3700787401575);
#3229=VECTOR('',#5339,39.3700787401575);
#3230=VECTOR('',#5340,39.3700787401575);
#3231=VECTOR('',#5341,39.3700787401575);
#3232=VECTOR('',#5344,39.3700787401575);
#3233=VECTOR('',#5345,39.3700787401575);
#3234=VECTOR('',#5348,39.3700787401575);
#3235=VECTOR('',#5349,39.3700787401575);
#3236=VECTOR('',#5352,39.3700787401575);
#3237=VECTOR('',#5357,39.3700787401575);
#3238=VECTOR('',#5358,39.3700787401575);
#3239=VECTOR('',#5359,39.3700787401575);
#3240=VECTOR('',#5362,39.3700787401575);
#3241=VECTOR('',#5363,39.3700787401575);
#3242=VECTOR('',#5366,39.3700787401575);
#3243=VECTOR('',#5367,39.3700787401575);
#3244=VECTOR('',#5370,39.3700787401575);
#3245=VECTOR('',#5375,39.3700787401575);
#3246=VECTOR('',#5376,39.3700787401575);
#3247=VECTOR('',#5377,39.3700787401575);
#3248=VECTOR('',#5380,39.3700787401575);
#3249=VECTOR('',#5381,39.3700787401575);
#3250=VECTOR('',#5384,39.3700787401575);
#3251=VECTOR('',#5385,39.3700787401575);
#3252=VECTOR('',#5388,39.3700787401575);
#3253=VECTOR('',#5395,39.3700787401575);
#3254=VECTOR('',#5396,39.3700787401575);
#3255=VECTOR('',#5397,39.3700787401575);
#3256=VECTOR('',#5398,39.3700787401575);
#3257=VECTOR('',#5399,39.3700787401575);
#3258=VECTOR('',#5400,39.3700787401575);
#3259=VECTOR('',#5401,39.3700787401575);
#3260=VECTOR('',#5404,39.3700787401575);
#3261=VECTOR('',#5405,39.3700787401575);
#3262=VECTOR('',#5406,39.3700787401575);
#3263=VECTOR('',#5409,39.3700787401575);
#3264=VECTOR('',#5410,39.3700787401575);
#3265=VECTOR('',#5411,39.3700787401575);
#3266=VECTOR('',#5412,39.3700787401575);
#3267=VECTOR('',#5415,39.3700787401575);
#3268=VECTOR('',#5416,39.3700787401575);
#3269=VECTOR('',#5417,39.3700787401575);
#3270=VECTOR('',#5418,39.3700787401575);
#3271=VECTOR('',#5419,39.3700787401575);
#3272=VECTOR('',#5420,39.3700787401575);
#3273=VECTOR('',#5421,39.3700787401575);
#3274=VECTOR('',#5424,39.3700787401575);
#3275=VECTOR('',#5425,39.3700787401575);
#3276=VECTOR('',#5426,39.3700787401575);
#3277=VECTOR('',#5429,39.3700787401575);
#3278=VECTOR('',#5430,39.3700787401575);
#3279=VECTOR('',#5431,39.3700787401575);
#3280=VECTOR('',#5432,39.3700787401575);
#3281=VECTOR('',#5437,39.3700787401575);
#3282=VECTOR('',#5438,39.3700787401575);
#3283=VECTOR('',#5441,39.3700787401575);
#3284=VECTOR('',#5442,39.3700787401575);
#3285=VECTOR('',#5445,39.3700787401575);
#3286=VECTOR('',#5446,39.3700787401575);
#3287=VECTOR('',#5447,39.3700787401575);
#3288=VECTOR('',#5448,39.3700787401575);
#3289=VECTOR('',#5449,39.3700787401575);
#3290=VECTOR('',#5450,39.3700787401575);
#3291=VECTOR('',#5451,39.3700787401575);
#3292=VECTOR('',#5454,39.3700787401575);
#3293=VECTOR('',#5455,39.3700787401575);
#3294=VECTOR('',#5456,39.3700787401575);
#3295=VECTOR('',#5459,39.3700787401575);
#3296=VECTOR('',#5460,39.3700787401575);
#3297=VECTOR('',#5461,39.3700787401575);
#3298=VECTOR('',#5462,39.3700787401575);
#3299=VECTOR('',#5465,39.3700787401575);
#3300=VECTOR('',#5466,39.3700787401575);
#3301=VECTOR('',#5467,39.3700787401575);
#3302=VECTOR('',#5468,39.3700787401575);
#3303=VECTOR('',#5469,39.3700787401575);
#3304=VECTOR('',#5470,39.3700787401575);
#3305=VECTOR('',#5473,39.3700787401575);
#3306=VECTOR('',#5474,39.3700787401575);
#3307=VECTOR('',#5475,39.3700787401575);
#3308=VECTOR('',#5478,39.3700787401575);
#3309=VECTOR('',#5479,39.3700787401575);
#3310=VECTOR('',#5480,39.3700787401575);
#3311=VECTOR('',#5483,39.3700787401575);
#3312=VECTOR('',#5484,39.3700787401575);
#3313=VECTOR('',#5485,39.3700787401575);
#3314=VECTOR('',#5488,39.3700787401575);
#3315=VECTOR('',#5489,39.3700787401575);
#3316=VECTOR('',#5490,39.3700787401575);
#3317=VECTOR('',#5499,39.3700787401575);
#3318=VECTOR('',#5502,39.3700787401575);
#3319=VECTOR('',#5505,39.3700787401575);
#3320=VECTOR('',#5508,39.3700787401575);
#3321=VECTOR('',#5511,39.3700787401575);
#3322=VECTOR('',#5514,39.3700787401575);
#3323=VECTOR('',#5517,39.3700787401575);
#3324=VECTOR('',#5520,39.3700787401575);
#3325=VECTOR('',#5525,39.3700787401575);
#3326=VECTOR('',#5526,39.3700787401575);
#3327=VECTOR('',#5529,39.3700787401575);
#3328=VECTOR('',#5532,39.3700787401575);
#3329=VECTOR('',#5535,39.3700787401575);
#3330=VECTOR('',#5538,39.3700787401575);
#3331=VECTOR('',#5541,39.3700787401575);
#3332=VECTOR('',#5544,39.3700787401575);
#3333=VECTOR('',#5577,39.3700787401575);
#3334=VECTOR('',#5580,39.3700787401575);
#3335=VECTOR('',#5591,39.3700787401575);
#3336=VECTOR('',#5592,39.3700787401575);
#3337=VECTOR('',#5597,39.3700787401575);
#3338=VECTOR('',#5598,39.3700787401575);
#3339=VECTOR('',#5603,39.3700787401575);
#3340=VECTOR('',#5604,39.3700787401575);
#3341=VECTOR('',#5609,39.3700787401575);
#3342=VECTOR('',#5610,39.3700787401575);
#3343=VECTOR('',#5613,39.3700787401575);
#3344=VECTOR('',#5614,39.3700787401575);
#3345=VECTOR('',#5615,39.3700787401575);
#3346=VECTOR('',#5618,39.3700787401575);
#3347=VECTOR('',#5621,39.3700787401575);
#3348=VECTOR('',#5622,39.3700787401575);
#3349=VECTOR('',#5623,39.3700787401575);
#3350=VECTOR('',#5626,39.3700787401575);
#3351=VECTOR('',#5629,39.3700787401575);
#3352=VECTOR('',#5630,39.3700787401575);
#3353=VECTOR('',#5631,39.3700787401575);
#3354=VECTOR('',#5632,39.3700787401575);
#3355=VECTOR('',#5635,39.3700787401575);
#3356=VECTOR('',#5636,39.3700787401575);
#3357=VECTOR('',#5637,39.3700787401575);
#3358=VECTOR('',#5640,39.3700787401575);
#3359=VECTOR('',#5641,39.3700787401575);
#3360=VECTOR('',#5642,39.3700787401575);
#3361=VECTOR('',#5645,39.3700787401575);
#3362=VECTOR('',#5646,39.3700787401575);
#3363=VECTOR('',#5647,39.3700787401575);
#3364=VECTOR('',#5648,39.3700787401575);
#3365=VECTOR('',#5649,39.3700787401575);
#3366=VECTOR('',#5654,39.3700787401575);
#3367=VECTOR('',#5655,39.3700787401575);
#3368=VECTOR('',#5656,39.3700787401575);
#3369=VECTOR('',#5661,39.3700787401575);
#3370=VECTOR('',#5662,39.3700787401575);
#3371=VECTOR('',#5667,39.3700787401575);
#3372=VECTOR('',#5672,39.3700787401575);
#3373=VECTOR('',#5675,39.3700787401575);
#3374=VECTOR('',#5680,39.3700787401575);
#3375=VECTOR('',#5681,39.3700787401575);
#3376=VECTOR('',#5682,39.3700787401575);
#3377=VECTOR('',#5685,39.3700787401575);
#3378=VECTOR('',#5688,39.3700787401575);
#3379=VECTOR('',#5689,39.3700787401575);
#3380=VECTOR('',#5690,39.3700787401575);
#3381=VECTOR('',#5693,39.3700787401575);
#3382=VECTOR('',#5696,39.3700787401575);
#3383=VECTOR('',#5697,39.3700787401575);
#3384=VECTOR('',#5698,39.3700787401575);
#3385=VECTOR('',#5701,39.3700787401575);
#3386=VECTOR('',#5702,39.3700787401575);
#3387=VECTOR('',#5703,39.3700787401575);
#3388=VECTOR('',#5706,39.3700787401575);
#3389=VECTOR('',#5707,39.3700787401575);
#3390=VECTOR('',#5708,39.3700787401575);
#3391=VECTOR('',#5711,39.3700787401575);
#3392=VECTOR('',#5712,39.3700787401575);
#3393=VECTOR('',#5713,39.3700787401575);
#3394=VECTOR('',#5714,39.3700787401575);
#3395=VECTOR('',#5715,39.3700787401575);
#3396=VECTOR('',#5720,39.3700787401575);
#3397=VECTOR('',#5721,39.3700787401575);
#3398=VECTOR('',#5722,39.3700787401575);
#3399=VECTOR('',#5727,39.3700787401575);
#3400=VECTOR('',#5728,39.3700787401575);
#3401=VECTOR('',#5733,39.3700787401575);
#3402=VECTOR('',#5736,39.3700787401575);
#3403=VECTOR('',#5739,39.3700787401575);
#3404=VECTOR('',#5742,39.3700787401575);
#3405=VECTOR('',#5749,39.3700787401575);
#3406=VECTOR('',#5750,39.3700787401575);
#3407=VECTOR('',#5751,39.3700787401575);
#3408=VECTOR('',#5752,39.3700787401575);
#3409=VECTOR('',#5753,39.3700787401575);
#3410=VECTOR('',#5754,39.3700787401575);
#3411=VECTOR('',#5755,39.3700787401575);
#3412=VECTOR('',#5756,39.3700787401575);
#3413=VECTOR('',#5759,39.3700787401575);
#3414=VECTOR('',#5762,39.3700787401575);
#3415=VECTOR('',#5763,39.3700787401575);
#3416=VECTOR('',#5764,39.3700787401575);
#3417=VECTOR('',#5765,39.3700787401575);
#3418=VECTOR('',#5770,39.3700787401575);
#3419=VECTOR('',#5773,39.3700787401575);
#3420=VECTOR('',#5776,39.3700787401575);
#3421=VECTOR('',#5781,39.3700787401575);
#3422=VECTOR('',#5784,39.3700787401575);
#3423=VECTOR('',#5787,39.3700787401575);
#3424=VECTOR('',#5792,39.3700787401575);
#3425=VECTOR('',#5795,39.3700787401575);
#3426=VECTOR('',#5798,39.3700787401575);
#3427=VECTOR('',#5803,39.3700787401575);
#3428=VECTOR('',#5806,39.3700787401575);
#3429=VECTOR('',#5809,39.3700787401575);
#3430=VECTOR('',#5814,39.3700787401575);
#3431=VECTOR('',#5817,39.3700787401575);
#3432=VECTOR('',#5820,39.3700787401575);
#3433=VECTOR('',#5823,39.3700787401575);
#3434=VECTOR('',#5828,39.3700787401575);
#3435=VECTOR('',#5831,39.3700787401575);
#3436=VECTOR('',#5834,39.3700787401575);
#3437=VECTOR('',#5837,39.3700787401575);
#3438=VECTOR('',#5846,39.3700787401575);
#3439=VECTOR('',#5847,39.3700787401575);
#3440=VECTOR('',#5872,39.3700787401575);
#3441=VECTOR('',#5875,39.3700787401575);
#3442=VECTOR('',#5884,39.3700787401575);
#3443=VECTOR('',#5887,39.3700787401575);
#3444=VECTOR('',#5892,39.3700787401575);
#3445=VECTOR('',#5895,39.3700787401575);
#3446=VECTOR('',#5902,39.3700787401575);
#3447=VECTOR('',#5925,39.3700787401575);
#3448=VECTOR('',#5930,39.3700787401575);
#3449=VECTOR('',#5937,39.3700787401575);
#3450=VECTOR('',#5974,39.3700787401575);
#3451=VECTOR('',#5975,39.3700787401575);
#3452=VECTOR('',#5976,39.3700787401575);
#3453=VECTOR('',#5977,39.3700787401575);
#3454=VECTOR('',#5982,39.3700787401575);
#3455=VECTOR('',#5987,39.3700787401575);
#3456=VECTOR('',#5988,39.3700787401575);
#3457=VECTOR('',#5989,39.3700787401575);
#3458=VECTOR('',#5994,39.3700787401575);
#3459=VECTOR('',#5999,39.3700787401575);
#3460=VECTOR('',#6000,39.3700787401575);
#3461=VECTOR('',#6001,39.3700787401575);
#3462=VECTOR('',#6006,39.3700787401575);
#3463=VECTOR('',#6011,39.3700787401575);
#3464=VECTOR('',#6012,39.3700787401575);
#3465=VECTOR('',#6013,39.3700787401575);
#3466=VECTOR('',#6024,39.3700787401575);
#3467=VECTOR('',#6025,39.3700787401575);
#3468=VECTOR('',#6026,39.3700787401575);
#3469=VECTOR('',#6027,39.3700787401575);
#3470=VECTOR('',#6028,39.3700787401575);
#3471=VECTOR('',#6029,39.3700787401575);
#3472=VECTOR('',#6030,39.3700787401575);
#3473=VECTOR('',#6031,39.3700787401575);
#3474=VECTOR('',#6032,39.3700787401575);
#3475=VECTOR('',#6033,39.3700787401575);
#3476=VECTOR('',#6034,39.3700787401575);
#3477=VECTOR('',#6035,39.3700787401575);
#3478=VECTOR('',#6036,39.3700787401575);
#3479=VECTOR('',#6037,39.3700787401575);
#3480=VECTOR('',#6038,39.3700787401575);
#3481=VECTOR('',#6039,39.3700787401575);
#3482=VECTOR('',#6040,39.3700787401575);
#3483=VECTOR('',#6041,39.3700787401575);
#3484=VECTOR('',#6042,39.3700787401575);
#3485=VECTOR('',#6043,39.3700787401575);
#3486=VECTOR('',#6044,39.3700787401575);
#3487=VECTOR('',#6045,39.3700787401575);
#3488=VECTOR('',#6046,39.3700787401575);
#3489=VECTOR('',#6047,39.3700787401575);
#3490=VECTOR('',#6050,39.3700787401575);
#3491=VECTOR('',#6051,39.3700787401575);
#3492=VECTOR('',#6052,39.3700787401575);
#3493=VECTOR('',#6055,39.3700787401575);
#3494=VECTOR('',#6056,39.3700787401575);
#3495=VECTOR('',#6057,39.3700787401575);
#3496=VECTOR('',#6060,39.3700787401575);
#3497=VECTOR('',#6061,39.3700787401575);
#3498=VECTOR('',#6062,39.3700787401575);
#3499=VECTOR('',#6067,39.3700787401575);
#3500=VECTOR('',#6072,39.3700787401575);
#3501=VECTOR('',#6073,39.3700787401575);
#3502=VECTOR('',#6074,39.3700787401575);
#3503=VECTOR('',#6077,39.3700787401575);
#3504=VECTOR('',#6078,39.3700787401575);
#3505=VECTOR('',#6079,39.3700787401575);
#3506=VECTOR('',#6082,39.3700787401575);
#3507=VECTOR('',#6083,39.3700787401575);
#3508=VECTOR('',#6090,39.3700787401575);
#3509=VECTOR('',#6091,39.3700787401575);
#3510=VECTOR('',#6092,39.3700787401575);
#3511=VECTOR('',#6095,39.3700787401575);
#3512=VECTOR('',#6096,39.3700787401575);
#3513=VECTOR('',#6097,39.3700787401575);
#3514=VECTOR('',#6100,39.3700787401575);
#3515=VECTOR('',#6101,39.3700787401575);
#3516=VECTOR('',#6102,39.3700787401575);
#3517=VECTOR('',#6107,39.3700787401575);
#3518=VECTOR('',#6112,39.3700787401575);
#3519=VECTOR('',#6113,39.3700787401575);
#3520=VECTOR('',#6114,39.3700787401575);
#3521=VECTOR('',#6117,39.3700787401575);
#3522=VECTOR('',#6118,39.3700787401575);
#3523=VECTOR('',#6119,39.3700787401575);
#3524=VECTOR('',#6122,39.3700787401575);
#3525=VECTOR('',#6123,39.3700787401575);
#3526=VECTOR('',#6130,39.3700787401575);
#3527=VECTOR('',#6131,39.3700787401575);
#3528=VECTOR('',#6132,39.3700787401575);
#3529=VECTOR('',#6135,39.3700787401575);
#3530=VECTOR('',#6136,39.3700787401575);
#3531=VECTOR('',#6137,39.3700787401575);
#3532=VECTOR('',#6140,39.3700787401575);
#3533=VECTOR('',#6141,39.3700787401575);
#3534=VECTOR('',#6142,39.3700787401575);
#3535=VECTOR('',#6147,39.3700787401575);
#3536=VECTOR('',#6152,39.3700787401575);
#3537=VECTOR('',#6153,39.3700787401575);
#3538=VECTOR('',#6154,39.3700787401575);
#3539=VECTOR('',#6157,39.3700787401575);
#3540=VECTOR('',#6158,39.3700787401575);
#3541=VECTOR('',#6159,39.3700787401575);
#3542=VECTOR('',#6162,39.3700787401575);
#3543=VECTOR('',#6163,39.3700787401575);
#3544=VECTOR('',#6170,39.3700787401575);
#3545=VECTOR('',#6171,39.3700787401575);
#3546=VECTOR('',#6172,39.3700787401575);
#3547=VECTOR('',#6175,39.3700787401575);
#3548=VECTOR('',#6176,39.3700787401575);
#3549=VECTOR('',#6177,39.3700787401575);
#3550=VECTOR('',#6180,39.3700787401575);
#3551=VECTOR('',#6181,39.3700787401575);
#3552=VECTOR('',#6182,39.3700787401575);
#3553=VECTOR('',#6187,39.3700787401575);
#3554=VECTOR('',#6192,39.3700787401575);
#3555=VECTOR('',#6193,39.3700787401575);
#3556=VECTOR('',#6194,39.3700787401575);
#3557=VECTOR('',#6197,39.3700787401575);
#3558=VECTOR('',#6198,39.3700787401575);
#3559=VECTOR('',#6199,39.3700787401575);
#3560=VECTOR('',#6202,39.3700787401575);
#3561=VECTOR('',#6203,39.3700787401575);
#3562=VECTOR('',#6210,39.3700787401575);
#3563=VECTOR('',#6211,39.3700787401575);
#3564=VECTOR('',#6212,39.3700787401575);
#3565=VECTOR('',#6215,39.3700787401575);
#3566=VECTOR('',#6216,39.3700787401575);
#3567=VECTOR('',#6217,39.3700787401575);
#3568=VECTOR('',#6220,39.3700787401575);
#3569=VECTOR('',#6221,39.3700787401575);
#3570=VECTOR('',#6222,39.3700787401575);
#3571=VECTOR('',#6227,39.3700787401575);
#3572=VECTOR('',#6232,39.3700787401575);
#3573=VECTOR('',#6233,39.3700787401575);
#3574=VECTOR('',#6234,39.3700787401575);
#3575=VECTOR('',#6237,39.3700787401575);
#3576=VECTOR('',#6238,39.3700787401575);
#3577=VECTOR('',#6239,39.3700787401575);
#3578=VECTOR('',#6242,39.3700787401575);
#3579=VECTOR('',#6243,39.3700787401575);
#3580=VECTOR('',#6250,39.3700787401575);
#3581=VECTOR('',#6251,39.3700787401575);
#3582=VECTOR('',#6252,39.3700787401575);
#3583=VECTOR('',#6255,39.3700787401575);
#3584=VECTOR('',#6256,39.3700787401575);
#3585=VECTOR('',#6257,39.3700787401575);
#3586=VECTOR('',#6260,39.3700787401575);
#3587=VECTOR('',#6261,39.3700787401575);
#3588=VECTOR('',#6262,39.3700787401575);
#3589=VECTOR('',#6267,39.3700787401575);
#3590=VECTOR('',#6272,39.3700787401575);
#3591=VECTOR('',#6273,39.3700787401575);
#3592=VECTOR('',#6274,39.3700787401575);
#3593=VECTOR('',#6277,39.3700787401575);
#3594=VECTOR('',#6278,39.3700787401575);
#3595=VECTOR('',#6279,39.3700787401575);
#3596=VECTOR('',#6282,39.3700787401575);
#3597=VECTOR('',#6283,39.3700787401575);
#3598=EDGE_LOOP('',(#218,#219,#220,#221));
#3599=EDGE_LOOP('',(#222,#223,#224,#225));
#3600=EDGE_LOOP('',(#226,#227,#228,#229));
#3601=EDGE_LOOP('',(#230,#231,#232,#233,#234,#235,#236,#237));
#3602=EDGE_LOOP('',(#238,#239,#240,#241));
#3603=EDGE_LOOP('',(#242,#243,#244,#245));
#3604=EDGE_LOOP('',(#246,#247,#248,#249));
#3605=EDGE_LOOP('',(#250,#251,#252,#253));
#3606=EDGE_LOOP('',(#254,#255,#256,#257));
#3607=EDGE_LOOP('',(#258,#259,#260,#261));
#3608=EDGE_LOOP('',(#262,#263,#264,#265));
#3609=EDGE_LOOP('',(#266,#267,#268,#269));
#3610=EDGE_LOOP('',(#270,#271,#272,#273));
#3611=EDGE_LOOP('',(#274,#275,#276,#277));
#3612=EDGE_LOOP('',(#278,#279,#280,#281));
#3613=EDGE_LOOP('',(#282,#283,#284,#285));
#3614=EDGE_LOOP('',(#286,#287,#288,#289));
#3615=EDGE_LOOP('',(#290,#291,#292,#293));
#3616=EDGE_LOOP('',(#294,#295,#296,#297));
#3617=EDGE_LOOP('',(#298,#299,#300,#301));
#3618=EDGE_LOOP('',(#302,#303,#304,#305));
#3619=EDGE_LOOP('',(#306,#307,#308,#309));
#3620=EDGE_LOOP('',(#310,#311,#312,#313));
#3621=EDGE_LOOP('',(#314,#315,#316,#317));
#3622=EDGE_LOOP('',(#318,#319,#320,#321));
#3623=EDGE_LOOP('',(#322,#323,#324,#325));
#3624=EDGE_LOOP('',(#326,#327,#328,#329));
#3625=EDGE_LOOP('',(#330,#331,#332,#333));
#3626=EDGE_LOOP('',(#334,#335,#336,#337));
#3627=EDGE_LOOP('',(#338,#339,#340,#341));
#3628=EDGE_LOOP('',(#342,#343,#344,#345));
#3629=EDGE_LOOP('',(#346,#347,#348,#349));
#3630=EDGE_LOOP('',(#350,#351,#352,#353));
#3631=EDGE_LOOP('',(#354,#355,#356,#357));
#3632=EDGE_LOOP('',(#358,#359,#360,#361));
#3633=EDGE_LOOP('',(#362,#363,#364,#365));
#3634=EDGE_LOOP('',(#366,#367,#368,#369));
#3635=EDGE_LOOP('',(#370,#371,#372,#373));
#3636=EDGE_LOOP('',(#374,#375,#376,#377));
#3637=EDGE_LOOP('',(#378,#379,#380,#381,#382,#383,#384,#385));
#3638=EDGE_LOOP('',(#386,#387,#388,#389,#390,#391,#392,#393,#394,#395,#396,
#397,#398,#399,#400,#401,#402,#403,#404,#405,#406,#407,#408,#409,#410,#411,
#412,#413,#414,#415,#416,#417));
#3639=EDGE_LOOP('',(#418,#419,#420,#421,#422,#423,#424,#425,#426,#427,#428,
#429,#430,#431,#432,#433,#434,#435,#436,#437,#438,#439,#440,#441,#442,#443,
#444,#445,#446,#447,#448,#449));
#3640=EDGE_LOOP('',(#450,#451,#452,#453));
#3641=EDGE_LOOP('',(#454,#455,#456,#457));
#3642=EDGE_LOOP('',(#458,#459,#460,#461));
#3643=EDGE_LOOP('',(#462,#463,#464,#465));
#3644=EDGE_LOOP('',(#466,#467,#468,#469));
#3645=EDGE_LOOP('',(#470,#471,#472,#473));
#3646=EDGE_LOOP('',(#474,#475,#476,#477));
#3647=EDGE_LOOP('',(#478,#479,#480,#481));
#3648=EDGE_LOOP('',(#482,#483,#484,#485));
#3649=EDGE_LOOP('',(#486,#487,#488,#489));
#3650=EDGE_LOOP('',(#490,#491,#492,#493));
#3651=EDGE_LOOP('',(#494,#495,#496,#497));
#3652=EDGE_LOOP('',(#498,#499,#500,#501));
#3653=EDGE_LOOP('',(#502,#503,#504,#505));
#3654=EDGE_LOOP('',(#506,#507,#508,#509));
#3655=EDGE_LOOP('',(#510,#511,#512,#513));
#3656=EDGE_LOOP('',(#514,#515,#516,#517));
#3657=EDGE_LOOP('',(#518,#519,#520,#521));
#3658=EDGE_LOOP('',(#522,#523,#524,#525));
#3659=EDGE_LOOP('',(#526,#527,#528,#529));
#3660=EDGE_LOOP('',(#530,#531,#532,#533));
#3661=EDGE_LOOP('',(#534,#535,#536,#537));
#3662=EDGE_LOOP('',(#538,#539,#540,#541));
#3663=EDGE_LOOP('',(#542,#543,#544,#545));
#3664=EDGE_LOOP('',(#546,#547,#548,#549));
#3665=EDGE_LOOP('',(#550,#551,#552,#553));
#3666=EDGE_LOOP('',(#554,#555,#556,#557));
#3667=EDGE_LOOP('',(#558,#559,#560,#561));
#3668=EDGE_LOOP('',(#562,#563,#564,#565));
#3669=EDGE_LOOP('',(#566,#567,#568,#569));
#3670=EDGE_LOOP('',(#570,#571,#572,#573));
#3671=EDGE_LOOP('',(#574,#575,#576,#577));
#3672=EDGE_LOOP('',(#578,#579,#580,#581));
#3673=EDGE_LOOP('',(#582,#583,#584,#585));
#3674=EDGE_LOOP('',(#586,#587,#588,#589));
#3675=EDGE_LOOP('',(#590,#591,#592,#593));
#3676=EDGE_LOOP('',(#594,#595,#596,#597));
#3677=EDGE_LOOP('',(#598,#599,#600,#601));
#3678=EDGE_LOOP('',(#602,#603,#604,#605,#606,#607,#608,#609,#610,#611,#612,
#613,#614,#615,#616,#617));
#3679=EDGE_LOOP('',(#618,#619,#620,#621,#622,#623,#624,#625,#626,#627,#628,
#629,#630,#631,#632,#633));
#3680=EDGE_LOOP('',(#634,#635,#636,#637,#638,#639,#640,#641));
#3681=EDGE_LOOP('',(#642,#643,#644,#645,#646,#647,#648,#649,#650,#651,#652,
#653,#654,#655,#656,#657));
#3682=EDGE_LOOP('',(#658,#659,#660,#661,#662,#663,#664,#665,#666,#667,#668,
#669,#670,#671,#672,#673));
#3683=EDGE_LOOP('',(#674,#675,#676,#677,#678,#679,#680,#681));
#3684=EDGE_LOOP('',(#682,#683,#684,#685,#686,#687,#688,#689));
#3685=EDGE_LOOP('',(#690,#691,#692,#693,#694,#695,#696,#697));
#3686=EDGE_LOOP('',(#698,#699,#700,#701));
#3687=EDGE_LOOP('',(#702,#703,#704,#705));
#3688=EDGE_LOOP('',(#706,#707,#708,#709));
#3689=EDGE_LOOP('',(#710,#711,#712,#713));
#3690=EDGE_LOOP('',(#714,#715,#716,#717));
#3691=EDGE_LOOP('',(#718,#719,#720,#721));
#3692=EDGE_LOOP('',(#722,#723,#724,#725));
#3693=EDGE_LOOP('',(#726,#727,#728,#729));
#3694=EDGE_LOOP('',(#730,#731,#732,#733));
#3695=EDGE_LOOP('',(#734,#735,#736,#737));
#3696=EDGE_LOOP('',(#738,#739,#740,#741));
#3697=EDGE_LOOP('',(#742,#743,#744,#745));
#3698=EDGE_LOOP('',(#746,#747,#748,#749));
#3699=EDGE_LOOP('',(#750,#751,#752,#753));
#3700=EDGE_LOOP('',(#754,#755,#756,#757));
#3701=EDGE_LOOP('',(#758,#759,#760,#761));
#3702=EDGE_LOOP('',(#762,#763,#764,#765));
#3703=EDGE_LOOP('',(#766,#767,#768,#769));
#3704=EDGE_LOOP('',(#770,#771,#772,#773));
#3705=EDGE_LOOP('',(#774,#775));
#3706=EDGE_LOOP('',(#776,#777));
#3707=EDGE_LOOP('',(#778,#779,#780,#781));
#3708=EDGE_LOOP('',(#782,#783,#784,#785));
#3709=EDGE_LOOP('',(#786,#787));
#3710=EDGE_LOOP('',(#788,#789));
#3711=EDGE_LOOP('',(#790,#791,#792,#793));
#3712=EDGE_LOOP('',(#794,#795,#796,#797));
#3713=EDGE_LOOP('',(#798,#799,#800,#801));
#3714=EDGE_LOOP('',(#802));
#3715=EDGE_LOOP('',(#803,#804,#805,#806));
#3716=EDGE_LOOP('',(#807,#808,#809,#810));
#3717=EDGE_LOOP('',(#811,#812,#813,#814));
#3718=EDGE_LOOP('',(#815,#816,#817,#818));
#3719=EDGE_LOOP('',(#819,#820,#821,#822,#823,#824,#825,#826,#827,#828,#829,
#830,#831,#832,#833,#834));
#3720=EDGE_LOOP('',(#835,#836,#837,#838));
#3721=EDGE_LOOP('',(#839,#840,#841,#842));
#3722=EDGE_LOOP('',(#843,#844,#845,#846,#847,#848,#849,#850,#851,#852,#853,
#854,#855,#856,#857,#858));
#3723=EDGE_LOOP('',(#859,#860,#861,#862));
#3724=EDGE_LOOP('',(#863,#864,#865,#866));
#3725=EDGE_LOOP('',(#867,#868,#869,#870,#871,#872,#873,#874,#875,#876,#877,
#878,#879,#880,#881,#882));
#3726=EDGE_LOOP('',(#883,#884,#885,#886));
#3727=EDGE_LOOP('',(#887,#888,#889,#890));
#3728=EDGE_LOOP('',(#891,#892,#893,#894,#895,#896,#897,#898,#899,#900,#901,
#902,#903,#904,#905,#906));
#3729=EDGE_LOOP('',(#907,#908,#909,#910));
#3730=EDGE_LOOP('',(#911,#912,#913,#914));
#3731=EDGE_LOOP('',(#915));
#3732=EDGE_LOOP('',(#916,#917,#918,#919,#920,#921,#922,#923,#924,#925,#926,
#927));
#3733=EDGE_LOOP('',(#928,#929,#930,#931,#932,#933));
#3734=EDGE_LOOP('',(#934,#935,#936,#937));
#3735=EDGE_LOOP('',(#938,#939,#940,#941));
#3736=EDGE_LOOP('',(#942,#943,#944,#945,#946,#947));
#3737=EDGE_LOOP('',(#948,#949,#950,#951));
#3738=EDGE_LOOP('',(#952,#953,#954,#955));
#3739=EDGE_LOOP('',(#956,#957,#958,#959));
#3740=EDGE_LOOP('',(#960,#961,#962,#963,#964));
#3741=EDGE_LOOP('',(#965,#966,#967,#968));
#3742=EDGE_LOOP('',(#969,#970,#971,#972));
#3743=EDGE_LOOP('',(#973,#974,#975,#976,#977));
#3744=EDGE_LOOP('',(#978,#979,#980,#981));
#3745=EDGE_LOOP('',(#982,#983,#984,#985,#986));
#3746=EDGE_LOOP('',(#987,#988,#989,#990));
#3747=EDGE_LOOP('',(#991,#992,#993,#994));
#3748=EDGE_LOOP('',(#995,#996,#997,#998));
#3749=EDGE_LOOP('',(#999,#1000,#1001,#1002,#1003));
#3750=EDGE_LOOP('',(#1004,#1005,#1006,#1007));
#3751=EDGE_LOOP('',(#1008,#1009,#1010,#1011));
#3752=EDGE_LOOP('',(#1012,#1013,#1014,#1015));
#3753=EDGE_LOOP('',(#1016,#1017,#1018,#1019));
#3754=EDGE_LOOP('',(#1020,#1021,#1022,#1023));
#3755=EDGE_LOOP('',(#1024,#1025,#1026,#1027));
#3756=EDGE_LOOP('',(#1028,#1029,#1030,#1031));
#3757=EDGE_LOOP('',(#1032,#1033,#1034,#1035));
#3758=EDGE_LOOP('',(#1036,#1037,#1038,#1039));
#3759=EDGE_LOOP('',(#1040,#1041,#1042,#1043));
#3760=EDGE_LOOP('',(#1044,#1045,#1046,#1047));
#3761=EDGE_LOOP('',(#1048,#1049,#1050,#1051));
#3762=EDGE_LOOP('',(#1052,#1053,#1054,#1055));
#3763=EDGE_LOOP('',(#1056));
#3764=EDGE_LOOP('',(#1057));
#3765=EDGE_LOOP('',(#1058,#1059,#1060,#1061));
#3766=EDGE_LOOP('',(#1062,#1063,#1064,#1065,#1066,#1067,#1068,#1069));
#3767=EDGE_LOOP('',(#1070,#1071,#1072,#1073,#1074,#1075,#1076,#1077));
#3768=EDGE_LOOP('',(#1078));
#3769=EDGE_LOOP('',(#1079));
#3770=EDGE_LOOP('',(#1080));
#3771=EDGE_LOOP('',(#1081));
#3772=EDGE_LOOP('',(#1082,#1083,#1084,#1085));
#3773=EDGE_LOOP('',(#1086));
#3774=EDGE_LOOP('',(#1087,#1088));
#3775=EDGE_LOOP('',(#1089,#1090,#1091,#1092));
#3776=EDGE_LOOP('',(#1093,#1094));
#3777=EDGE_LOOP('',(#1095));
#3778=EDGE_LOOP('',(#1096,#1097,#1098,#1099));
#3779=EDGE_LOOP('',(#1100,#1101,#1102,#1103));
#3780=EDGE_LOOP('',(#1104,#1105,#1106,#1107));
#3781=EDGE_LOOP('',(#1108,#1109,#1110,#1111,#1112,#1113,#1114,#1115));
#3782=EDGE_LOOP('',(#1116));
#3783=EDGE_LOOP('',(#1117));
#3784=EDGE_LOOP('',(#1118,#1119,#1120,#1121));
#3785=EDGE_LOOP('',(#1122,#1123,#1124,#1125));
#3786=EDGE_LOOP('',(#1126,#1127,#1128,#1129));
#3787=EDGE_LOOP('',(#1130,#1131,#1132,#1133));
#3788=EDGE_LOOP('',(#1134,#1135,#1136,#1137));
#3789=EDGE_LOOP('',(#1138));
#3790=EDGE_LOOP('',(#1139,#1140,#1141,#1142,#1143,#1144,#1145,#1146));
#3791=EDGE_LOOP('',(#1147));
#3792=EDGE_LOOP('',(#1148));
#3793=EDGE_LOOP('',(#1149));
#3794=EDGE_LOOP('',(#1150));
#3795=EDGE_LOOP('',(#1151));
#3796=EDGE_LOOP('',(#1152));
#3797=EDGE_LOOP('',(#1153));
#3798=EDGE_LOOP('',(#1154));
#3799=EDGE_LOOP('',(#1155));
#3800=EDGE_LOOP('',(#1156,#1157,#1158,#1159));
#3801=EDGE_LOOP('',(#1160,#1161,#1162,#1163));
#3802=EDGE_LOOP('',(#1164,#1165,#1166,#1167));
#3803=EDGE_LOOP('',(#1168,#1169,#1170,#1171));
#3804=EDGE_LOOP('',(#1172,#1173,#1174,#1175));
#3805=EDGE_LOOP('',(#1176,#1177,#1178,#1179));
#3806=EDGE_LOOP('',(#1180,#1181,#1182,#1183));
#3807=EDGE_LOOP('',(#1184,#1185,#1186,#1187));
#3808=EDGE_LOOP('',(#1188,#1189,#1190,#1191,#1192,#1193,#1194,#1195));
#3809=EDGE_LOOP('',(#1196,#1197,#1198,#1199));
#3810=EDGE_LOOP('',(#1200,#1201,#1202,#1203));
#3811=EDGE_LOOP('',(#1204,#1205,#1206,#1207));
#3812=EDGE_LOOP('',(#1208,#1209,#1210,#1211));
#3813=EDGE_LOOP('',(#1212,#1213,#1214,#1215));
#3814=EDGE_LOOP('',(#1216,#1217,#1218,#1219));
#3815=EDGE_LOOP('',(#1220,#1221,#1222,#1223,#1224,#1225,#1226,#1227));
#3816=EDGE_LOOP('',(#1228,#1229,#1230,#1231));
#3817=EDGE_LOOP('',(#1232,#1233,#1234,#1235));
#3818=EDGE_LOOP('',(#1236,#1237,#1238,#1239));
#3819=EDGE_LOOP('',(#1240,#1241,#1242,#1243));
#3820=EDGE_LOOP('',(#1244,#1245,#1246,#1247));
#3821=EDGE_LOOP('',(#1248,#1249,#1250,#1251));
#3822=EDGE_LOOP('',(#1252,#1253,#1254,#1255));
#3823=EDGE_LOOP('',(#1256,#1257,#1258,#1259,#1260,#1261,#1262,#1263));
#3824=EDGE_LOOP('',(#1264,#1265,#1266,#1267,#1268,#1269,#1270,#1271));
#3825=EDGE_LOOP('',(#1272,#1273,#1274,#1275));
#3826=EDGE_LOOP('',(#1276,#1277,#1278,#1279));
#3827=EDGE_LOOP('',(#1280,#1281,#1282,#1283));
#3828=EDGE_LOOP('',(#1284,#1285,#1286,#1287));
#3829=EDGE_LOOP('',(#1288,#1289,#1290,#1291));
#3830=EDGE_LOOP('',(#1292,#1293,#1294,#1295));
#3831=EDGE_LOOP('',(#1296,#1297,#1298,#1299));
#3832=EDGE_LOOP('',(#1300,#1301,#1302,#1303,#1304,#1305,#1306,#1307));
#3833=EDGE_LOOP('',(#1308,#1309,#1310,#1311,#1312,#1313,#1314,#1315));
#3834=EDGE_LOOP('',(#1316,#1317,#1318,#1319));
#3835=EDGE_LOOP('',(#1320,#1321,#1322,#1323));
#3836=EDGE_LOOP('',(#1324,#1325,#1326,#1327));
#3837=EDGE_LOOP('',(#1328,#1329,#1330,#1331));
#3838=EDGE_LOOP('',(#1332,#1333,#1334,#1335));
#3839=EDGE_LOOP('',(#1336,#1337,#1338,#1339));
#3840=EDGE_LOOP('',(#1340,#1341,#1342,#1343));
#3841=EDGE_LOOP('',(#1344,#1345,#1346,#1347,#1348,#1349,#1350,#1351));
#3842=EDGE_LOOP('',(#1352,#1353,#1354,#1355,#1356,#1357,#1358,#1359));
#3843=EDGE_LOOP('',(#1360,#1361,#1362,#1363));
#3844=EDGE_LOOP('',(#1364,#1365,#1366,#1367));
#3845=EDGE_LOOP('',(#1368,#1369,#1370,#1371));
#3846=EDGE_LOOP('',(#1372,#1373,#1374,#1375));
#3847=EDGE_LOOP('',(#1376,#1377,#1378,#1379));
#3848=EDGE_LOOP('',(#1380,#1381,#1382,#1383));
#3849=EDGE_LOOP('',(#1384,#1385,#1386,#1387));
#3850=EDGE_LOOP('',(#1388,#1389,#1390,#1391,#1392,#1393,#1394,#1395));
#3851=EDGE_LOOP('',(#1396,#1397,#1398,#1399,#1400,#1401,#1402,#1403));
#3852=EDGE_LOOP('',(#1404,#1405,#1406,#1407));
#3853=EDGE_LOOP('',(#1408,#1409,#1410,#1411));
#3854=EDGE_LOOP('',(#1412,#1413,#1414,#1415));
#3855=EDGE_LOOP('',(#1416,#1417,#1418,#1419));
#3856=EDGE_LOOP('',(#1420,#1421,#1422,#1423));
#3857=EDGE_LOOP('',(#1424,#1425,#1426,#1427));
#3858=EDGE_LOOP('',(#1428,#1429,#1430,#1431));
#3859=EDGE_LOOP('',(#1432,#1433,#1434,#1435,#1436,#1437,#1438,#1439));
#3860=EDGE_LOOP('',(#1440,#1441,#1442,#1443,#1444,#1445,#1446,#1447));
#3861=EDGE_LOOP('',(#1448,#1449,#1450,#1451));
#3862=EDGE_LOOP('',(#1452,#1453,#1454,#1455));
#3863=EDGE_LOOP('',(#1456,#1457,#1458,#1459));
#3864=EDGE_LOOP('',(#1460,#1461,#1462,#1463));
#3865=EDGE_LOOP('',(#1464,#1465,#1466,#1467));
#3866=EDGE_LOOP('',(#1468,#1469,#1470,#1471));
#3867=EDGE_LOOP('',(#1472,#1473,#1474,#1475));
#3868=EDGE_LOOP('',(#1476,#1477,#1478,#1479,#1480,#1481,#1482,#1483));
#3869=EDGE_LOOP('',(#1484,#1485,#1486,#1487,#1488,#1489,#1490,#1491));
#3870=FACE_BOUND('',#3598,.T.);
#3871=FACE_BOUND('',#3599,.T.);
#3872=FACE_BOUND('',#3600,.T.);
#3873=FACE_BOUND('',#3601,.T.);
#3874=FACE_BOUND('',#3602,.T.);
#3875=FACE_BOUND('',#3603,.T.);
#3876=FACE_BOUND('',#3604,.T.);
#3877=FACE_BOUND('',#3605,.T.);
#3878=FACE_BOUND('',#3606,.T.);
#3879=FACE_BOUND('',#3607,.T.);
#3880=FACE_BOUND('',#3608,.T.);
#3881=FACE_BOUND('',#3609,.T.);
#3882=FACE_BOUND('',#3610,.T.);
#3883=FACE_BOUND('',#3611,.T.);
#3884=FACE_BOUND('',#3612,.T.);
#3885=FACE_BOUND('',#3613,.T.);
#3886=FACE_BOUND('',#3614,.T.);
#3887=FACE_BOUND('',#3615,.T.);
#3888=FACE_BOUND('',#3616,.T.);
#3889=FACE_BOUND('',#3617,.T.);
#3890=FACE_BOUND('',#3618,.T.);
#3891=FACE_BOUND('',#3619,.T.);
#3892=FACE_BOUND('',#3620,.T.);
#3893=FACE_BOUND('',#3621,.T.);
#3894=FACE_BOUND('',#3622,.T.);
#3895=FACE_BOUND('',#3623,.T.);
#3896=FACE_BOUND('',#3624,.T.);
#3897=FACE_BOUND('',#3625,.T.);
#3898=FACE_BOUND('',#3626,.T.);
#3899=FACE_BOUND('',#3627,.T.);
#3900=FACE_BOUND('',#3628,.T.);
#3901=FACE_BOUND('',#3629,.T.);
#3902=FACE_BOUND('',#3630,.T.);
#3903=FACE_BOUND('',#3631,.T.);
#3904=FACE_BOUND('',#3632,.T.);
#3905=FACE_BOUND('',#3633,.T.);
#3906=FACE_BOUND('',#3634,.T.);
#3907=FACE_BOUND('',#3635,.T.);
#3908=FACE_BOUND('',#3636,.T.);
#3909=FACE_BOUND('',#3637,.T.);
#3910=FACE_BOUND('',#3638,.T.);
#3911=FACE_BOUND('',#3639,.T.);
#3912=FACE_BOUND('',#3640,.T.);
#3913=FACE_BOUND('',#3641,.T.);
#3914=FACE_BOUND('',#3642,.T.);
#3915=FACE_BOUND('',#3643,.T.);
#3916=FACE_BOUND('',#3644,.T.);
#3917=FACE_BOUND('',#3645,.T.);
#3918=FACE_BOUND('',#3646,.T.);
#3919=FACE_BOUND('',#3647,.T.);
#3920=FACE_BOUND('',#3648,.T.);
#3921=FACE_BOUND('',#3649,.T.);
#3922=FACE_BOUND('',#3650,.T.);
#3923=FACE_BOUND('',#3651,.T.);
#3924=FACE_BOUND('',#3652,.T.);
#3925=FACE_BOUND('',#3653,.T.);
#3926=FACE_BOUND('',#3654,.T.);
#3927=FACE_BOUND('',#3655,.T.);
#3928=FACE_BOUND('',#3656,.T.);
#3929=FACE_BOUND('',#3657,.T.);
#3930=FACE_BOUND('',#3658,.T.);
#3931=FACE_BOUND('',#3659,.T.);
#3932=FACE_BOUND('',#3660,.T.);
#3933=FACE_BOUND('',#3661,.T.);
#3934=FACE_BOUND('',#3662,.T.);
#3935=FACE_BOUND('',#3663,.T.);
#3936=FACE_BOUND('',#3664,.T.);
#3937=FACE_BOUND('',#3665,.T.);
#3938=FACE_BOUND('',#3666,.T.);
#3939=FACE_BOUND('',#3667,.T.);
#3940=FACE_BOUND('',#3668,.T.);
#3941=FACE_BOUND('',#3669,.T.);
#3942=FACE_BOUND('',#3670,.T.);
#3943=FACE_BOUND('',#3671,.T.);
#3944=FACE_BOUND('',#3672,.T.);
#3945=FACE_BOUND('',#3673,.T.);
#3946=FACE_BOUND('',#3674,.T.);
#3947=FACE_BOUND('',#3675,.T.);
#3948=FACE_BOUND('',#3676,.T.);
#3949=FACE_BOUND('',#3677,.T.);
#3950=FACE_BOUND('',#3678,.T.);
#3951=FACE_BOUND('',#3679,.T.);
#3952=FACE_BOUND('',#3680,.T.);
#3953=FACE_BOUND('',#3681,.T.);
#3954=FACE_BOUND('',#3682,.T.);
#3955=FACE_BOUND('',#3683,.T.);
#3956=FACE_BOUND('',#3684,.T.);
#3957=FACE_BOUND('',#3685,.T.);
#3958=FACE_BOUND('',#3686,.T.);
#3959=FACE_BOUND('',#3687,.T.);
#3960=FACE_BOUND('',#3688,.T.);
#3961=FACE_BOUND('',#3689,.T.);
#3962=FACE_BOUND('',#3690,.T.);
#3963=FACE_BOUND('',#3691,.T.);
#3964=FACE_BOUND('',#3692,.T.);
#3965=FACE_BOUND('',#3693,.T.);
#3966=FACE_BOUND('',#3694,.T.);
#3967=FACE_BOUND('',#3695,.T.);
#3968=FACE_BOUND('',#3696,.T.);
#3969=FACE_BOUND('',#3697,.T.);
#3970=FACE_BOUND('',#3698,.T.);
#3971=FACE_BOUND('',#3699,.T.);
#3972=FACE_BOUND('',#3700,.T.);
#3973=FACE_BOUND('',#3701,.T.);
#3974=FACE_BOUND('',#3702,.T.);
#3975=FACE_BOUND('',#3703,.T.);
#3976=FACE_BOUND('',#3704,.T.);
#3977=FACE_BOUND('',#3705,.T.);
#3978=FACE_BOUND('',#3706,.T.);
#3979=FACE_BOUND('',#3707,.T.);
#3980=FACE_BOUND('',#3708,.T.);
#3981=FACE_BOUND('',#3709,.T.);
#3982=FACE_BOUND('',#3710,.T.);
#3983=FACE_BOUND('',#3711,.T.);
#3984=FACE_BOUND('',#3712,.T.);
#3985=FACE_BOUND('',#3713,.T.);
#3986=FACE_BOUND('',#3714,.T.);
#3987=FACE_BOUND('',#3715,.T.);
#3988=FACE_BOUND('',#3716,.T.);
#3989=FACE_BOUND('',#3717,.T.);
#3990=FACE_BOUND('',#3718,.T.);
#3991=FACE_BOUND('',#3719,.T.);
#3992=FACE_BOUND('',#3720,.T.);
#3993=FACE_BOUND('',#3721,.T.);
#3994=FACE_BOUND('',#3722,.T.);
#3995=FACE_BOUND('',#3723,.T.);
#3996=FACE_BOUND('',#3724,.T.);
#3997=FACE_BOUND('',#3725,.T.);
#3998=FACE_BOUND('',#3726,.T.);
#3999=FACE_BOUND('',#3727,.T.);
#4000=FACE_BOUND('',#3728,.T.);
#4001=FACE_BOUND('',#3729,.T.);
#4002=FACE_BOUND('',#3730,.T.);
#4003=FACE_BOUND('',#3731,.T.);
#4004=FACE_BOUND('',#3732,.T.);
#4005=FACE_BOUND('',#3733,.T.);
#4006=FACE_BOUND('',#3734,.T.);
#4007=FACE_BOUND('',#3735,.T.);
#4008=FACE_BOUND('',#3736,.T.);
#4009=FACE_BOUND('',#3737,.T.);
#4010=FACE_BOUND('',#3738,.T.);
#4011=FACE_BOUND('',#3739,.T.);
#4012=FACE_BOUND('',#3740,.T.);
#4013=FACE_BOUND('',#3741,.T.);
#4014=FACE_BOUND('',#3742,.T.);
#4015=FACE_BOUND('',#3743,.T.);
#4016=FACE_BOUND('',#3744,.T.);
#4017=FACE_BOUND('',#3745,.T.);
#4018=FACE_BOUND('',#3746,.T.);
#4019=FACE_BOUND('',#3747,.T.);
#4020=FACE_BOUND('',#3748,.T.);
#4021=FACE_BOUND('',#3749,.T.);
#4022=FACE_BOUND('',#3750,.T.);
#4023=FACE_BOUND('',#3751,.T.);
#4024=FACE_BOUND('',#3752,.T.);
#4025=FACE_BOUND('',#3753,.T.);
#4026=FACE_BOUND('',#3754,.T.);
#4027=FACE_BOUND('',#3755,.T.);
#4028=FACE_BOUND('',#3756,.T.);
#4029=FACE_BOUND('',#3757,.T.);
#4030=FACE_BOUND('',#3758,.T.);
#4031=FACE_BOUND('',#3759,.T.);
#4032=FACE_BOUND('',#3760,.T.);
#4033=FACE_BOUND('',#3761,.T.);
#4034=FACE_BOUND('',#3762,.T.);
#4035=FACE_BOUND('',#3763,.T.);
#4036=FACE_BOUND('',#3764,.T.);
#4037=FACE_BOUND('',#3765,.T.);
#4038=FACE_BOUND('',#3766,.T.);
#4039=FACE_BOUND('',#3767,.T.);
#4040=FACE_BOUND('',#3768,.T.);
#4041=FACE_BOUND('',#3769,.T.);
#4042=FACE_BOUND('',#3770,.T.);
#4043=FACE_BOUND('',#3771,.T.);
#4044=FACE_BOUND('',#3772,.T.);
#4045=FACE_BOUND('',#3773,.T.);
#4046=FACE_BOUND('',#3774,.T.);
#4047=FACE_BOUND('',#3775,.T.);
#4048=FACE_BOUND('',#3776,.T.);
#4049=FACE_BOUND('',#3777,.T.);
#4050=FACE_BOUND('',#3778,.T.);
#4051=FACE_BOUND('',#3779,.T.);
#4052=FACE_BOUND('',#3780,.T.);
#4053=FACE_BOUND('',#3781,.T.);
#4054=FACE_BOUND('',#3782,.T.);
#4055=FACE_BOUND('',#3783,.T.);
#4056=FACE_BOUND('',#3784,.T.);
#4057=FACE_BOUND('',#3785,.T.);
#4058=FACE_BOUND('',#3786,.T.);
#4059=FACE_BOUND('',#3787,.T.);
#4060=FACE_BOUND('',#3788,.T.);
#4061=FACE_BOUND('',#3789,.T.);
#4062=FACE_BOUND('',#3790,.T.);
#4063=FACE_BOUND('',#3791,.T.);
#4064=FACE_BOUND('',#3792,.T.);
#4065=FACE_BOUND('',#3793,.T.);
#4066=FACE_BOUND('',#3794,.T.);
#4067=FACE_BOUND('',#3795,.T.);
#4068=FACE_BOUND('',#3796,.T.);
#4069=FACE_BOUND('',#3797,.T.);
#4070=FACE_BOUND('',#3798,.T.);
#4071=FACE_BOUND('',#3799,.T.);
#4072=FACE_BOUND('',#3800,.T.);
#4073=FACE_BOUND('',#3801,.T.);
#4074=FACE_BOUND('',#3802,.T.);
#4075=FACE_BOUND('',#3803,.T.);
#4076=FACE_BOUND('',#3804,.T.);
#4077=FACE_BOUND('',#3805,.T.);
#4078=FACE_BOUND('',#3806,.T.);
#4079=FACE_BOUND('',#3807,.T.);
#4080=FACE_BOUND('',#3808,.T.);
#4081=FACE_BOUND('',#3809,.T.);
#4082=FACE_BOUND('',#3810,.T.);
#4083=FACE_BOUND('',#3811,.T.);
#4084=FACE_BOUND('',#3812,.T.);
#4085=FACE_BOUND('',#3813,.T.);
#4086=FACE_BOUND('',#3814,.T.);
#4087=FACE_BOUND('',#3815,.T.);
#4088=FACE_BOUND('',#3816,.T.);
#4089=FACE_BOUND('',#3817,.T.);
#4090=FACE_BOUND('',#3818,.T.);
#4091=FACE_BOUND('',#3819,.T.);
#4092=FACE_BOUND('',#3820,.T.);
#4093=FACE_BOUND('',#3821,.T.);
#4094=FACE_BOUND('',#3822,.T.);
#4095=FACE_BOUND('',#3823,.T.);
#4096=FACE_BOUND('',#3824,.T.);
#4097=FACE_BOUND('',#3825,.T.);
#4098=FACE_BOUND('',#3826,.T.);
#4099=FACE_BOUND('',#3827,.T.);
#4100=FACE_BOUND('',#3828,.T.);
#4101=FACE_BOUND('',#3829,.T.);
#4102=FACE_BOUND('',#3830,.T.);
#4103=FACE_BOUND('',#3831,.T.);
#4104=FACE_BOUND('',#3832,.T.);
#4105=FACE_BOUND('',#3833,.T.);
#4106=FACE_BOUND('',#3834,.T.);
#4107=FACE_BOUND('',#3835,.T.);
#4108=FACE_BOUND('',#3836,.T.);
#4109=FACE_BOUND('',#3837,.T.);
#4110=FACE_BOUND('',#3838,.T.);
#4111=FACE_BOUND('',#3839,.T.);
#4112=FACE_BOUND('',#3840,.T.);
#4113=FACE_BOUND('',#3841,.T.);
#4114=FACE_BOUND('',#3842,.T.);
#4115=FACE_BOUND('',#3843,.T.);
#4116=FACE_BOUND('',#3844,.T.);
#4117=FACE_BOUND('',#3845,.T.);
#4118=FACE_BOUND('',#3846,.T.);
#4119=FACE_BOUND('',#3847,.T.);
#4120=FACE_BOUND('',#3848,.T.);
#4121=FACE_BOUND('',#3849,.T.);
#4122=FACE_BOUND('',#3850,.T.);
#4123=FACE_BOUND('',#3851,.T.);
#4124=FACE_BOUND('',#3852,.T.);
#4125=FACE_BOUND('',#3853,.T.);
#4126=FACE_BOUND('',#3854,.T.);
#4127=FACE_BOUND('',#3855,.T.);
#4128=FACE_BOUND('',#3856,.T.);
#4129=FACE_BOUND('',#3857,.T.);
#4130=FACE_BOUND('',#3858,.T.);
#4131=FACE_BOUND('',#3859,.T.);
#4132=FACE_BOUND('',#3860,.T.);
#4133=FACE_BOUND('',#3861,.T.);
#4134=FACE_BOUND('',#3862,.T.);
#4135=FACE_BOUND('',#3863,.T.);
#4136=FACE_BOUND('',#3864,.T.);
#4137=FACE_BOUND('',#3865,.T.);
#4138=FACE_BOUND('',#3866,.T.);
#4139=FACE_BOUND('',#3867,.T.);
#4140=FACE_BOUND('',#3868,.T.);
#4141=FACE_BOUND('',#3869,.T.);
#4142=PLANE('',#4669);
#4143=PLANE('',#4674);
#4144=PLANE('',#4675);
#4145=PLANE('',#4679);
#4146=PLANE('',#4683);
#4147=PLANE('',#4684);
#4148=PLANE('',#4685);
#4149=PLANE('',#4686);
#4150=PLANE('',#4687);
#4151=PLANE('',#4688);
#4152=PLANE('',#4689);
#4153=PLANE('',#4690);
#4154=PLANE('',#4691);
#4155=PLANE('',#4692);
#4156=PLANE('',#4693);
#4157=PLANE('',#4694);
#4158=PLANE('',#4695);
#4159=PLANE('',#4699);
#4160=PLANE('',#4703);
#4161=PLANE('',#4704);
#4162=PLANE('',#4705);
#4163=PLANE('',#4706);
#4164=PLANE('',#4707);
#4165=PLANE('',#4708);
#4166=PLANE('',#4709);
#4167=PLANE('',#4710);
#4168=PLANE('',#4711);
#4169=PLANE('',#4712);
#4170=PLANE('',#4713);
#4171=PLANE('',#4714);
#4172=PLANE('',#4719);
#4173=PLANE('',#4720);
#4174=PLANE('',#4722);
#4175=PLANE('',#4724);
#4176=PLANE('',#4726);
#4177=PLANE('',#4728);
#4178=PLANE('',#4729);
#4179=PLANE('',#4730);
#4180=PLANE('',#4731);
#4181=PLANE('',#4732);
#4182=PLANE('',#4733);
#4183=PLANE('',#4734);
#4184=PLANE('',#4735);
#4185=PLANE('',#4736);
#4186=PLANE('',#4737);
#4187=PLANE('',#4738);
#4188=PLANE('',#4739);
#4189=PLANE('',#4740);
#4190=PLANE('',#4741);
#4191=PLANE('',#4742);
#4192=PLANE('',#4743);
#4193=PLANE('',#4744);
#4194=PLANE('',#4745);
#4195=PLANE('',#4746);
#4196=PLANE('',#4747);
#4197=PLANE('',#4748);
#4198=PLANE('',#4749);
#4199=PLANE('',#4750);
#4200=PLANE('',#4751);
#4201=PLANE('',#4752);
#4202=PLANE('',#4753);
#4203=PLANE('',#4754);
#4204=PLANE('',#4755);
#4205=PLANE('',#4756);
#4206=PLANE('',#4757);
#4207=PLANE('',#4759);
#4208=PLANE('',#4762);
#4209=PLANE('',#4765);
#4210=PLANE('',#4768);
#4211=PLANE('',#4771);
#4212=PLANE('',#4774);
#4213=PLANE('',#4775);
#4214=PLANE('',#4776);
#4215=PLANE('',#4779);
#4216=PLANE('',#4780);
#4217=PLANE('',#4782);
#4218=PLANE('',#4783);
#4219=PLANE('',#4784);
#4220=PLANE('',#4786);
#4221=PLANE('',#4787);
#4222=PLANE('',#4788);
#4223=PLANE('',#4790);
#4224=PLANE('',#4791);
#4225=PLANE('',#4792);
#4226=PLANE('',#4794);
#4227=PLANE('',#4795);
#4228=PLANE('',#4796);
#4229=PLANE('',#4799);
#4230=PLANE('',#4800);
#4231=PLANE('',#4805);
#4232=PLANE('',#4806);
#4233=PLANE('',#4818);
#4234=PLANE('',#4822);
#4235=PLANE('',#4823);
#4236=PLANE('',#4828);
#4237=PLANE('',#4829);
#4238=PLANE('',#4830);
#4239=PLANE('',#4841);
#4240=PLANE('',#4846);
#4241=PLANE('',#4847);
#4242=PLANE('',#4848);
#4243=PLANE('',#4853);
#4244=PLANE('',#4856);
#4245=PLANE('',#4859);
#4246=PLANE('',#4862);
#4247=PLANE('',#4865);
#4248=PLANE('',#4866);
#4249=PLANE('',#4867);
#4250=PLANE('',#4869);
#4251=PLANE('',#4870);
#4252=PLANE('',#4871);
#4253=PLANE('',#4872);
#4254=PLANE('',#4873);
#4255=PLANE('',#4874);
#4256=PLANE('',#4876);
#4257=PLANE('',#4877);
#4258=PLANE('',#4878);
#4259=PLANE('',#4881);
#4260=PLANE('',#4882);
#4261=PLANE('',#4883);
#4262=PLANE('',#4886);
#4263=PLANE('',#4887);
#4264=PLANE('',#4888);
#4265=PLANE('',#4890);
#4266=PLANE('',#4892);
#4267=PLANE('',#4893);
#4268=PLANE('',#4894);
#4269=PLANE('',#4903);
#4270=PLANE('',#4904);
#4271=PLANE('',#4905);
#4272=PLANE('',#4906);
#4273=PLANE('',#4909);
#4274=PLANE('',#4912);
#4275=PLANE('',#4915);
#4276=PLANE('',#4925);
#4277=PLANE('',#4926);
#4278=PLANE('',#4928);
#4279=PLANE('',#4930);
#4280=PLANE('',#4932);
#4281=PLANE('',#4934);
#4282=PLANE('',#4938);
#4283=PLANE('',#4940);
#4284=PLANE('',#4948);
#4285=PLANE('',#4950);
#4286=PLANE('',#4954);
#4287=PLANE('',#4958);
#4288=PLANE('',#4962);
#4289=PLANE('',#4966);
#4290=PLANE('',#4967);
#4291=PLANE('',#4968);
#4292=PLANE('',#4969);
#4293=PLANE('',#4970);
#4294=PLANE('',#4974);
#4295=PLANE('',#4975);
#4296=PLANE('',#4976);
#4297=PLANE('',#4977);
#4298=PLANE('',#4978);
#4299=PLANE('',#4979);
#4300=PLANE('',#4980);
#4301=PLANE('',#4981);
#4302=PLANE('',#4985);
#4303=PLANE('',#4986);
#4304=PLANE('',#4987);
#4305=PLANE('',#4988);
#4306=PLANE('',#4989);
#4307=PLANE('',#4990);
#4308=PLANE('',#4991);
#4309=PLANE('',#4992);
#4310=PLANE('',#4996);
#4311=PLANE('',#4997);
#4312=PLANE('',#4998);
#4313=PLANE('',#4999);
#4314=PLANE('',#5000);
#4315=PLANE('',#5001);
#4316=PLANE('',#5002);
#4317=PLANE('',#5003);
#4318=PLANE('',#5007);
#4319=PLANE('',#5008);
#4320=PLANE('',#5009);
#4321=PLANE('',#5010);
#4322=PLANE('',#5011);
#4323=PLANE('',#5012);
#4324=PLANE('',#5013);
#4325=PLANE('',#5014);
#4326=PLANE('',#5018);
#4327=PLANE('',#5019);
#4328=PLANE('',#5020);
#4329=PLANE('',#5021);
#4330=PLANE('',#5022);
#4331=PLANE('',#5023);
#4332=PLANE('',#5024);
#4333=PLANE('',#5025);
#4334=PLANE('',#5029);
#4335=PLANE('',#5030);
#4336=PLANE('',#5031);
#4337=PLANE('',#5032);
#4338=PLANE('',#5033);
#4339=ADVANCED_FACE('',(#3870,#3871,#3872,#3873,#3874,#3875,#3876),#4142,
 .F.);
#4340=ADVANCED_FACE('',(#3877),#4143,.T.);
#4341=ADVANCED_FACE('',(#3878),#4144,.T.);
#4342=ADVANCED_FACE('',(#3879),#71,.T.);
#4343=ADVANCED_FACE('',(#3880),#4145,.T.);
#4344=ADVANCED_FACE('',(#3881),#72,.T.);
#4345=ADVANCED_FACE('',(#3882),#4146,.T.);
#4346=ADVANCED_FACE('',(#3883),#4147,.T.);
#4347=ADVANCED_FACE('',(#3884),#4148,.T.);
#4348=ADVANCED_FACE('',(#3885),#4149,.T.);
#4349=ADVANCED_FACE('',(#3886),#4150,.T.);
#4350=ADVANCED_FACE('',(#3887),#4151,.T.);
#4351=ADVANCED_FACE('',(#3888),#4152,.T.);
#4352=ADVANCED_FACE('',(#3889),#4153,.T.);
#4353=ADVANCED_FACE('',(#3890),#4154,.T.);
#4354=ADVANCED_FACE('',(#3891),#4155,.T.);
#4355=ADVANCED_FACE('',(#3892),#4156,.T.);
#4356=ADVANCED_FACE('',(#3893),#4157,.T.);
#4357=ADVANCED_FACE('',(#3894),#4158,.T.);
#4358=ADVANCED_FACE('',(#3895),#73,.T.);
#4359=ADVANCED_FACE('',(#3896),#4159,.T.);
#4360=ADVANCED_FACE('',(#3897),#74,.T.);
#4361=ADVANCED_FACE('',(#3898),#4160,.T.);
#4362=ADVANCED_FACE('',(#3899),#4161,.T.);
#4363=ADVANCED_FACE('',(#3900),#4162,.T.);
#4364=ADVANCED_FACE('',(#3901),#4163,.T.);
#4365=ADVANCED_FACE('',(#3902),#4164,.T.);
#4366=ADVANCED_FACE('',(#3903),#4165,.T.);
#4367=ADVANCED_FACE('',(#3904),#4166,.T.);
#4368=ADVANCED_FACE('',(#3905),#4167,.T.);
#4369=ADVANCED_FACE('',(#3906),#4168,.T.);
#4370=ADVANCED_FACE('',(#3907),#4169,.T.);
#4371=ADVANCED_FACE('',(#3908),#4170,.T.);
#4372=ADVANCED_FACE('',(#3909,#3910),#4171,.F.);
#4373=ADVANCED_FACE('',(#3911),#4172,.T.);
#4374=ADVANCED_FACE('',(#3912),#4173,.T.);
#4375=ADVANCED_FACE('',(#3913),#75,.F.);
#4376=ADVANCED_FACE('',(#3914),#4174,.T.);
#4377=ADVANCED_FACE('',(#3915),#76,.F.);
#4378=ADVANCED_FACE('',(#3916),#4175,.T.);
#4379=ADVANCED_FACE('',(#3917),#77,.F.);
#4380=ADVANCED_FACE('',(#3918),#4176,.T.);
#4381=ADVANCED_FACE('',(#3919),#78,.F.);
#4382=ADVANCED_FACE('',(#3920),#4177,.T.);
#4383=ADVANCED_FACE('',(#3921),#4178,.T.);
#4384=ADVANCED_FACE('',(#3922),#4179,.T.);
#4385=ADVANCED_FACE('',(#3923),#4180,.T.);
#4386=ADVANCED_FACE('',(#3924),#4181,.F.);
#4387=ADVANCED_FACE('',(#3925),#4182,.T.);
#4388=ADVANCED_FACE('',(#3926),#4183,.T.);
#4389=ADVANCED_FACE('',(#3927),#4184,.T.);
#4390=ADVANCED_FACE('',(#3928),#4185,.T.);
#4391=ADVANCED_FACE('',(#3929),#4186,.F.);
#4392=ADVANCED_FACE('',(#3930),#4187,.T.);
#4393=ADVANCED_FACE('',(#3931),#4188,.T.);
#4394=ADVANCED_FACE('',(#3932),#4189,.T.);
#4395=ADVANCED_FACE('',(#3933),#4190,.T.);
#4396=ADVANCED_FACE('',(#3934),#4191,.F.);
#4397=ADVANCED_FACE('',(#3935),#4192,.T.);
#4398=ADVANCED_FACE('',(#3936),#4193,.T.);
#4399=ADVANCED_FACE('',(#3937),#4194,.T.);
#4400=ADVANCED_FACE('',(#3938),#4195,.T.);
#4401=ADVANCED_FACE('',(#3939),#4196,.F.);
#4402=ADVANCED_FACE('',(#3940),#4197,.T.);
#4403=ADVANCED_FACE('',(#3941),#4198,.T.);
#4404=ADVANCED_FACE('',(#3942),#4199,.T.);
#4405=ADVANCED_FACE('',(#3943),#4200,.T.);
#4406=ADVANCED_FACE('',(#3944),#4201,.F.);
#4407=ADVANCED_FACE('',(#3945),#4202,.T.);
#4408=ADVANCED_FACE('',(#3946),#4203,.T.);
#4409=ADVANCED_FACE('',(#3947),#4204,.T.);
#4410=ADVANCED_FACE('',(#3948),#4205,.T.);
#4411=ADVANCED_FACE('',(#3949),#4206,.F.);
#4412=ADVANCED_FACE('',(#3950),#4207,.F.);
#4413=ADVANCED_FACE('',(#3951),#4208,.F.);
#4414=ADVANCED_FACE('',(#3952),#4209,.F.);
#4415=ADVANCED_FACE('',(#3953),#4210,.F.);
#4416=ADVANCED_FACE('',(#3954),#4211,.F.);
#4417=ADVANCED_FACE('',(#3955),#4212,.T.);
#4418=ADVANCED_FACE('',(#3956),#4213,.F.);
#4419=ADVANCED_FACE('',(#3957),#4214,.F.);
#4420=ADVANCED_FACE('',(#3958),#4215,.T.);
#4421=ADVANCED_FACE('',(#3959),#4216,.T.);
#4422=ADVANCED_FACE('',(#3960),#79,.T.);
#4423=ADVANCED_FACE('',(#3961),#4217,.T.);
#4424=ADVANCED_FACE('',(#3962),#4218,.T.);
#4425=ADVANCED_FACE('',(#3963),#4219,.T.);
#4426=ADVANCED_FACE('',(#3964),#80,.T.);
#4427=ADVANCED_FACE('',(#3965),#4220,.T.);
#4428=ADVANCED_FACE('',(#3966),#4221,.T.);
#4429=ADVANCED_FACE('',(#3967),#4222,.T.);
#4430=ADVANCED_FACE('',(#3968),#81,.T.);
#4431=ADVANCED_FACE('',(#3969),#4223,.T.);
#4432=ADVANCED_FACE('',(#3970),#4224,.T.);
#4433=ADVANCED_FACE('',(#3971),#4225,.T.);
#4434=ADVANCED_FACE('',(#3972),#82,.T.);
#4435=ADVANCED_FACE('',(#3973),#4226,.T.);
#4436=ADVANCED_FACE('',(#3974),#4227,.T.);
#4437=ADVANCED_FACE('',(#3975),#4228,.T.);
#4438=ADVANCED_FACE('',(#3976),#83,.T.);
#4439=ADVANCED_FACE('',(#3977),#4229,.F.);
#4440=ADVANCED_FACE('',(#3978),#4230,.T.);
#4441=ADVANCED_FACE('',(#3979),#84,.F.);
#4442=ADVANCED_FACE('',(#3980),#85,.T.);
#4443=ADVANCED_FACE('',(#3981),#4231,.F.);
#4444=ADVANCED_FACE('',(#3982),#4232,.T.);
#4445=ADVANCED_FACE('',(#3983),#86,.F.);
#4446=ADVANCED_FACE('',(#3984),#87,.T.);
#4447=ADVANCED_FACE('',(#3985,#3986),#27,.T.);
#4448=ADVANCED_FACE('',(#3987),#88,.T.);
#4449=ADVANCED_FACE('',(#3988),#4233,.F.);
#4450=ADVANCED_FACE('',(#3989),#89,.T.);
#4451=ADVANCED_FACE('',(#3990),#4234,.F.);
#4452=ADVANCED_FACE('',(#3991),#4235,.F.);
#4453=ADVANCED_FACE('',(#3992),#4236,.F.);
#4454=ADVANCED_FACE('',(#3993),#4237,.F.);
#4455=ADVANCED_FACE('',(#3994),#4238,.F.);
#4456=ADVANCED_FACE('',(#3995),#90,.F.);
#4457=ADVANCED_FACE('',(#3996),#91,.F.);
#4458=ADVANCED_FACE('',(#3997),#4239,.F.);
#4459=ADVANCED_FACE('',(#3998),#4240,.F.);
#4460=ADVANCED_FACE('',(#3999),#4241,.F.);
#4461=ADVANCED_FACE('',(#4000),#4242,.F.);
#4462=ADVANCED_FACE('',(#4001),#4243,.T.);
#4463=ADVANCED_FACE('',(#4002),#4244,.F.);
#4464=ADVANCED_FACE('',(#4003,#4004),#4245,.F.);
#4465=ADVANCED_FACE('',(#4005),#92,.T.);
#4466=ADVANCED_FACE('',(#4006,#4007),#4246,.F.);
#4467=ADVANCED_FACE('',(#4008),#93,.T.);
#4468=ADVANCED_FACE('',(#4009),#94,.T.);
#4469=ADVANCED_FACE('',(#4010),#4247,.T.);
#4470=ADVANCED_FACE('',(#4011),#4248,.T.);
#4471=ADVANCED_FACE('',(#4012),#4249,.T.);
#4472=ADVANCED_FACE('',(#4013),#95,.T.);
#4473=ADVANCED_FACE('',(#4014),#4250,.T.);
#4474=ADVANCED_FACE('',(#4015),#4251,.T.);
#4475=ADVANCED_FACE('',(#4016),#4252,.T.);
#4476=ADVANCED_FACE('',(#4017),#4253,.T.);
#4477=ADVANCED_FACE('',(#4018),#4254,.T.);
#4478=ADVANCED_FACE('',(#4019),#4255,.T.);
#4479=ADVANCED_FACE('',(#4020),#96,.T.);
#4480=ADVANCED_FACE('',(#4021),#4256,.T.);
#4481=ADVANCED_FACE('',(#4022),#4257,.T.);
#4482=ADVANCED_FACE('',(#4023),#4258,.T.);
#4483=ADVANCED_FACE('',(#4024),#97,.T.);
#4484=ADVANCED_FACE('',(#4025),#98,.T.);
#4485=ADVANCED_FACE('',(#4026),#4259,.T.);
#4486=ADVANCED_FACE('',(#4027),#4260,.T.);
#4487=ADVANCED_FACE('',(#4028),#4261,.T.);
#4488=ADVANCED_FACE('',(#4029),#99,.T.);
#4489=ADVANCED_FACE('',(#4030),#100,.T.);
#4490=ADVANCED_FACE('',(#4031),#4262,.T.);
#4491=ADVANCED_FACE('',(#4032),#4263,.T.);
#4492=ADVANCED_FACE('',(#4033),#4264,.T.);
#4493=ADVANCED_FACE('',(#4034),#101,.T.);
#4494=ADVANCED_FACE('',(#4035,#4036),#4265,.F.);
#4495=ADVANCED_FACE('',(#4037),#4266,.T.);
#4496=ADVANCED_FACE('',(#4038),#4267,.T.);
#4497=ADVANCED_FACE('',(#4039),#4268,.T.);
#4498=ADVANCED_FACE('',(#4040,#4041),#102,.F.);
#4499=ADVANCED_FACE('',(#4042,#4043,#4044),#103,.T.);
#4500=ADVANCED_FACE('',(#4045),#4269,.F.);
#4501=ADVANCED_FACE('',(#4046),#4270,.T.);
#4502=ADVANCED_FACE('',(#4047),#4271,.T.);
#4503=ADVANCED_FACE('',(#4048),#4272,.T.);
#4504=ADVANCED_FACE('',(#4049),#11,.T.);
#4505=ADVANCED_FACE('',(#4050),#4273,.T.);
#4506=ADVANCED_FACE('',(#4051),#4274,.T.);
#4507=ADVANCED_FACE('',(#4052),#4275,.T.);
#4508=ADVANCED_FACE('',(#4053,#4054),#104,.T.);
#4509=ADVANCED_FACE('',(#4055),#4276,.F.);
#4510=ADVANCED_FACE('',(#4056),#4277,.T.);
#4511=ADVANCED_FACE('',(#4057),#4278,.T.);
#4512=ADVANCED_FACE('',(#4058),#4279,.T.);
#4513=ADVANCED_FACE('',(#4059),#4280,.T.);
#4514=ADVANCED_FACE('',(#4060),#4281,.T.);
#4515=ADVANCED_FACE('',(#4061,#4062),#105,.T.);
#4516=ADVANCED_FACE('',(#4063),#4282,.F.);
#4517=ADVANCED_FACE('',(#4064),#4283,.F.);
#4518=ADVANCED_FACE('',(#4065,#4066),#10,.T.);
#4519=ADVANCED_FACE('',(#4067,#4068),#28,.T.);
#4520=ADVANCED_FACE('',(#4069,#4070),#106,.T.);
#4521=ADVANCED_FACE('',(#4071),#4284,.F.);
#4522=ADVANCED_FACE('',(#4072),#4285,.F.);
#4523=ADVANCED_FACE('',(#4073),#107,.T.);
#4524=ADVANCED_FACE('',(#4074),#4286,.F.);
#4525=ADVANCED_FACE('',(#4075),#108,.T.);
#4526=ADVANCED_FACE('',(#4076),#4287,.F.);
#4527=ADVANCED_FACE('',(#4077),#109,.T.);
#4528=ADVANCED_FACE('',(#4078),#4288,.F.);
#4529=ADVANCED_FACE('',(#4079),#110,.T.);
#4530=ADVANCED_FACE('',(#4080),#4289,.T.);
#4531=ADVANCED_FACE('',(#4081,#4082,#4083,#4084,#4085,#4086,#4087),#4290,
 .F.);
#4532=ADVANCED_FACE('',(#4088),#4291,.F.);
#4533=ADVANCED_FACE('',(#4089),#4292,.F.);
#4534=ADVANCED_FACE('',(#4090),#4293,.F.);
#4535=ADVANCED_FACE('',(#4091),#111,.T.);
#4536=ADVANCED_FACE('',(#4092),#4294,.F.);
#4537=ADVANCED_FACE('',(#4093),#4295,.F.);
#4538=ADVANCED_FACE('',(#4094),#4296,.F.);
#4539=ADVANCED_FACE('',(#4095),#4297,.T.);
#4540=ADVANCED_FACE('',(#4096),#4298,.F.);
#4541=ADVANCED_FACE('',(#4097),#4299,.F.);
#4542=ADVANCED_FACE('',(#4098),#4300,.F.);
#4543=ADVANCED_FACE('',(#4099),#4301,.F.);
#4544=ADVANCED_FACE('',(#4100),#112,.T.);
#4545=ADVANCED_FACE('',(#4101),#4302,.F.);
#4546=ADVANCED_FACE('',(#4102),#4303,.F.);
#4547=ADVANCED_FACE('',(#4103),#4304,.F.);
#4548=ADVANCED_FACE('',(#4104),#4305,.T.);
#4549=ADVANCED_FACE('',(#4105),#4306,.F.);
#4550=ADVANCED_FACE('',(#4106),#4307,.F.);
#4551=ADVANCED_FACE('',(#4107),#4308,.F.);
#4552=ADVANCED_FACE('',(#4108),#4309,.F.);
#4553=ADVANCED_FACE('',(#4109),#113,.T.);
#4554=ADVANCED_FACE('',(#4110),#4310,.F.);
#4555=ADVANCED_FACE('',(#4111),#4311,.F.);
#4556=ADVANCED_FACE('',(#4112),#4312,.F.);
#4557=ADVANCED_FACE('',(#4113),#4313,.T.);
#4558=ADVANCED_FACE('',(#4114),#4314,.F.);
#4559=ADVANCED_FACE('',(#4115),#4315,.F.);
#4560=ADVANCED_FACE('',(#4116),#4316,.F.);
#4561=ADVANCED_FACE('',(#4117),#4317,.F.);
#4562=ADVANCED_FACE('',(#4118),#114,.T.);
#4563=ADVANCED_FACE('',(#4119),#4318,.F.);
#4564=ADVANCED_FACE('',(#4120),#4319,.F.);
#4565=ADVANCED_FACE('',(#4121),#4320,.F.);
#4566=ADVANCED_FACE('',(#4122),#4321,.T.);
#4567=ADVANCED_FACE('',(#4123),#4322,.F.);
#4568=ADVANCED_FACE('',(#4124),#4323,.F.);
#4569=ADVANCED_FACE('',(#4125),#4324,.F.);
#4570=ADVANCED_FACE('',(#4126),#4325,.F.);
#4571=ADVANCED_FACE('',(#4127),#115,.T.);
#4572=ADVANCED_FACE('',(#4128),#4326,.F.);
#4573=ADVANCED_FACE('',(#4129),#4327,.F.);
#4574=ADVANCED_FACE('',(#4130),#4328,.F.);
#4575=ADVANCED_FACE('',(#4131),#4329,.T.);
#4576=ADVANCED_FACE('',(#4132),#4330,.F.);
#4577=ADVANCED_FACE('',(#4133),#4331,.F.);
#4578=ADVANCED_FACE('',(#4134),#4332,.F.);
#4579=ADVANCED_FACE('',(#4135),#4333,.F.);
#4580=ADVANCED_FACE('',(#4136),#116,.T.);
#4581=ADVANCED_FACE('',(#4137),#4334,.F.);
#4582=ADVANCED_FACE('',(#4138),#4335,.F.);
#4583=ADVANCED_FACE('',(#4139),#4336,.F.);
#4584=ADVANCED_FACE('',(#4140),#4337,.T.);
#4585=ADVANCED_FACE('',(#4141),#4338,.F.);
#4586=CLOSED_SHELL('',(#4339,#4340,#4341,#4342,#4343,#4344,#4345,#4346,
#4347,#4348,#4349,#4350,#4351,#4352,#4353,#4354,#4355,#4356,#4357,#4358,
#4359,#4360,#4361,#4362,#4363,#4364,#4365,#4366,#4367,#4368,#4369,#4370,
#4371,#4372,#4373,#4374,#4375,#4376,#4377,#4378,#4379,#4380,#4381,#4382,
#4383,#4384,#4385,#4386,#4387,#4388,#4389,#4390,#4391,#4392,#4393,#4394,
#4395,#4396,#4397,#4398,#4399,#4400,#4401,#4402,#4403,#4404,#4405,#4406,
#4407,#4408,#4409,#4410,#4411));
#4587=CLOSED_SHELL('',(#4412,#4413,#4414,#4415,#4416,#4417,#4418,#4419,
#4420,#4421,#4422,#4423,#4424,#4425,#4426,#4427,#4428,#4429,#4430,#4431,
#4432,#4433,#4434,#4435,#4436,#4437,#4438,#4439,#4440,#4441,#4442,#4443,
#4444,#4445));
#4588=CLOSED_SHELL('',(#4446,#4447,#4448,#4449,#4450,#4451,#4452,#4453,
#4454,#4455,#4456,#4457,#4458,#4459,#4460,#4461,#4462,#4463,#4464,#4465,
#4466,#4467,#4468,#4469,#4470,#4471,#4472,#4473,#4474,#4475,#4476,#4477,
#4478,#4479,#4480,#4481,#4482,#4483,#4484,#4485,#4486,#4487,#4488,#4489,
#4490,#4491,#4492,#4493,#4494,#4495,#4496,#4497,#4498));
#4589=CLOSED_SHELL('',(#4499,#4500,#4501,#4502,#4503,#4504));
#4590=CLOSED_SHELL('',(#4505,#4506,#4507,#4508,#4509,#4510,#4511,#4512,
#4513,#4514,#4515,#4516));
#4591=CLOSED_SHELL('',(#4517,#4518,#4519,#4520,#4521));
#4592=CLOSED_SHELL('',(#4522,#4523,#4524,#4525,#4526,#4527,#4528,#4529,
#4530,#4531,#4532,#4533,#4534,#4535,#4536,#4537,#4538,#4539,#4540,#4541,
#4542,#4543,#4544,#4545,#4546,#4547,#4548,#4549,#4550,#4551,#4552,#4553,
#4554,#4555,#4556,#4557,#4558,#4559,#4560,#4561,#4562,#4563,#4564,#4565,
#4566,#4567,#4568,#4569,#4570,#4571,#4572,#4573,#4574,#4575,#4576,#4577,
#4578,#4579,#4580,#4581,#4582,#4583,#4584,#4585));
#4593=STYLED_ITEM('',(#4600),#4645);
#4594=STYLED_ITEM('',(#4601),#4646);
#4595=STYLED_ITEM('',(#4602),#4647);
#4596=STYLED_ITEM('',(#4603),#4648);
#4597=STYLED_ITEM('',(#4604),#4649);
#4598=STYLED_ITEM('',(#4605),#4650);
#4599=STYLED_ITEM('',(#4606),#4651);
#4600=PRESENTATION_STYLE_ASSIGNMENT((#4607));
#4601=PRESENTATION_STYLE_ASSIGNMENT((#4608));
#4602=PRESENTATION_STYLE_ASSIGNMENT((#4609));
#4603=PRESENTATION_STYLE_ASSIGNMENT((#4610));
#4604=PRESENTATION_STYLE_ASSIGNMENT((#4611));
#4605=PRESENTATION_STYLE_ASSIGNMENT((#4612));
#4606=PRESENTATION_STYLE_ASSIGNMENT((#4613));
#4607=SURFACE_STYLE_USAGE(.BOTH.,#4614);
#4608=SURFACE_STYLE_USAGE(.BOTH.,#4615);
#4609=SURFACE_STYLE_USAGE(.BOTH.,#4616);
#4610=SURFACE_STYLE_USAGE(.BOTH.,#4617);
#4611=SURFACE_STYLE_USAGE(.BOTH.,#4618);
#4612=SURFACE_STYLE_USAGE(.BOTH.,#4619);
#4613=SURFACE_STYLE_USAGE(.BOTH.,#4620);
#4614=SURFACE_SIDE_STYLE('',(#4621));
#4615=SURFACE_SIDE_STYLE('',(#4622));
#4616=SURFACE_SIDE_STYLE('',(#4623));
#4617=SURFACE_SIDE_STYLE('',(#4624));
#4618=SURFACE_SIDE_STYLE('',(#4625));
#4619=SURFACE_SIDE_STYLE('',(#4626));
#4620=SURFACE_SIDE_STYLE('',(#4627));
#4621=SURFACE_STYLE_FILL_AREA(#4628);
#4622=SURFACE_STYLE_FILL_AREA(#4629);
#4623=SURFACE_STYLE_FILL_AREA(#4630);
#4624=SURFACE_STYLE_FILL_AREA(#4631);
#4625=SURFACE_STYLE_FILL_AREA(#4632);
#4626=SURFACE_STYLE_FILL_AREA(#4633);
#4627=SURFACE_STYLE_FILL_AREA(#4634);
#4628=FILL_AREA_STYLE('',(#4635));
#4629=FILL_AREA_STYLE('',(#4636));
#4630=FILL_AREA_STYLE('',(#4637));
#4631=FILL_AREA_STYLE('',(#4638));
#4632=FILL_AREA_STYLE('',(#4639));
#4633=FILL_AREA_STYLE('',(#4640));
#4634=FILL_AREA_STYLE('',(#4641));
#4635=FILL_AREA_STYLE_COLOUR('',#4642);
#4636=FILL_AREA_STYLE_COLOUR('',#4643);
#4637=FILL_AREA_STYLE_COLOUR('',#4643);
#4638=FILL_AREA_STYLE_COLOUR('',#4643);
#4639=FILL_AREA_STYLE_COLOUR('',#4643);
#4640=FILL_AREA_STYLE_COLOUR('',#4644);
#4641=FILL_AREA_STYLE_COLOUR('',#4643);
#4642=COLOUR_RGB('',0.30588236451149,0.431372553110123,0.278431385755539);
#4643=COLOUR_RGB('',0.689999997615814,0.689999997615814,0.689999997615814);
#4644=COLOUR_RGB('',0.75,0.75,0.75);
#4645=MANIFOLD_SOLID_BREP('M20253LL2W13BR-switch',#4586);
#4646=MANIFOLD_SOLID_BREP('BBRACKET13',#4587);
#4647=MANIFOLD_SOLID_BREP('M202L2M202BR-bushing',#4588);
#4648=MANIFOLD_SOLID_BREP('M20L2M20L25-contact',#4589);
#4649=MANIFOLD_SOLID_BREP('M20L-toggles',#4590);
#4650=MANIFOLD_SOLID_BREP('M20L-caps',#4591);
#4651=MANIFOLD_SOLID_BREP('M202503BR-terminals',#4592);
#4652=SHAPE_DEFINITION_REPRESENTATION(#7647,#4660);
#4653=SHAPE_DEFINITION_REPRESENTATION(#7648,#4661);
#4654=SHAPE_DEFINITION_REPRESENTATION(#7650,#4662);
#4655=SHAPE_DEFINITION_REPRESENTATION(#7652,#4663);
#4656=SHAPE_DEFINITION_REPRESENTATION(#7654,#4664);
#4657=SHAPE_DEFINITION_REPRESENTATION(#7656,#4665);
#4658=SHAPE_DEFINITION_REPRESENTATION(#7658,#4666);
#4659=SHAPE_DEFINITION_REPRESENTATION(#7660,#4667);
#4660=SHAPE_REPRESENTATION('M2025LL2W13',(#4668,#4758,#4809,#4896,#4908,
#4939,#4949,#5034),#7625);
#4661=SHAPE_REPRESENTATION('M20253LL2W13BR-switch',(#4668),#7626);
#4662=SHAPE_REPRESENTATION('BBRACKET13',(#4668),#7627);
#4663=SHAPE_REPRESENTATION('M202L2M202BR-bushing',(#4668),#7628);
#4664=SHAPE_REPRESENTATION('M20L2M20L25-contact',(#4668),#7629);
#4665=SHAPE_REPRESENTATION('M20L-toggles',(#4668),#7630);
#4666=SHAPE_REPRESENTATION('M20L-caps',(#4668),#7631);
#4667=SHAPE_REPRESENTATION('M202503BR-terminals',(#4668),#7632);
#4668=AXIS2_PLACEMENT_3D('',#6290,#5035,#5036);
#4669=AXIS2_PLACEMENT_3D('',#6291,#5037,#5038);
#4670=AXIS2_PLACEMENT_3D('',#6319,#5052,#5053);
#4671=AXIS2_PLACEMENT_3D('',#6323,#5055,#5056);
#4672=AXIS2_PLACEMENT_3D('',#6327,#5058,#5059);
#4673=AXIS2_PLACEMENT_3D('',#6331,#5061,#5062);
#4674=AXIS2_PLACEMENT_3D('',#6356,#5075,#5076);
#4675=AXIS2_PLACEMENT_3D('',#6365,#5081,#5082);
#4676=AXIS2_PLACEMENT_3D('',#6371,#5086,#5087);
#4677=AXIS2_PLACEMENT_3D('',#6372,#5088,#5089);
#4678=AXIS2_PLACEMENT_3D('',#6374,#5090,#5091);
#4679=AXIS2_PLACEMENT_3D('',#6377,#5093,#5094);
#4680=AXIS2_PLACEMENT_3D('',#6383,#5098,#5099);
#4681=AXIS2_PLACEMENT_3D('',#6384,#5100,#5101);
#4682=AXIS2_PLACEMENT_3D('',#6386,#5102,#5103);
#4683=AXIS2_PLACEMENT_3D('',#6389,#5105,#5106);
#4684=AXIS2_PLACEMENT_3D('',#6395,#5110,#5111);
#4685=AXIS2_PLACEMENT_3D('',#6401,#5115,#5116);
#4686=AXIS2_PLACEMENT_3D('',#6407,#5120,#5121);
#4687=AXIS2_PLACEMENT_3D('',#6413,#5125,#5126);
#4688=AXIS2_PLACEMENT_3D('',#6419,#5130,#5131);
#4689=AXIS2_PLACEMENT_3D('',#6425,#5135,#5136);
#4690=AXIS2_PLACEMENT_3D('',#6431,#5140,#5141);
#4691=AXIS2_PLACEMENT_3D('',#6437,#5145,#5146);
#4692=AXIS2_PLACEMENT_3D('',#6443,#5150,#5151);
#4693=AXIS2_PLACEMENT_3D('',#6449,#5155,#5156);
#4694=AXIS2_PLACEMENT_3D('',#6455,#5160,#5161);
#4695=AXIS2_PLACEMENT_3D('',#6461,#5165,#5166);
#4696=AXIS2_PLACEMENT_3D('',#6467,#5170,#5171);
#4697=AXIS2_PLACEMENT_3D('',#6468,#5172,#5173);
#4698=AXIS2_PLACEMENT_3D('',#6470,#5174,#5175);
#4699=AXIS2_PLACEMENT_3D('',#6473,#5177,#5178);
#4700=AXIS2_PLACEMENT_3D('',#6479,#5182,#5183);
#4701=AXIS2_PLACEMENT_3D('',#6480,#5184,#5185);
#4702=AXIS2_PLACEMENT_3D('',#6482,#5186,#5187);
#4703=AXIS2_PLACEMENT_3D('',#6485,#5189,#5190);
#4704=AXIS2_PLACEMENT_3D('',#6491,#5194,#5195);
#4705=AXIS2_PLACEMENT_3D('',#6497,#5199,#5200);
#4706=AXIS2_PLACEMENT_3D('',#6503,#5204,#5205);
#4707=AXIS2_PLACEMENT_3D('',#6509,#5209,#5210);
#4708=AXIS2_PLACEMENT_3D('',#6515,#5214,#5215);
#4709=AXIS2_PLACEMENT_3D('',#6521,#5219,#5220);
#4710=AXIS2_PLACEMENT_3D('',#6527,#5224,#5225);
#4711=AXIS2_PLACEMENT_3D('',#6533,#5229,#5230);
#4712=AXIS2_PLACEMENT_3D('',#6539,#5234,#5235);
#4713=AXIS2_PLACEMENT_3D('',#6545,#5239,#5240);
#4714=AXIS2_PLACEMENT_3D('',#6548,#5243,#5244);
#4715=AXIS2_PLACEMENT_3D('',#6552,#5246,#5247);
#4716=AXIS2_PLACEMENT_3D('',#6556,#5249,#5250);
#4717=AXIS2_PLACEMENT_3D('',#6560,#5252,#5253);
#4718=AXIS2_PLACEMENT_3D('',#6564,#5255,#5256);
#4719=AXIS2_PLACEMENT_3D('',#6565,#5257,#5258);
#4720=AXIS2_PLACEMENT_3D('',#6566,#5259,#5260);
#4721=AXIS2_PLACEMENT_3D('',#6569,#5263,#5264);
#4722=AXIS2_PLACEMENT_3D('',#6571,#5266,#5267);
#4723=AXIS2_PLACEMENT_3D('',#6573,#5269,#5270);
#4724=AXIS2_PLACEMENT_3D('',#6575,#5272,#5273);
#4725=AXIS2_PLACEMENT_3D('',#6577,#5275,#5276);
#4726=AXIS2_PLACEMENT_3D('',#6579,#5278,#5279);
#4727=AXIS2_PLACEMENT_3D('',#6581,#5281,#5282);
#4728=AXIS2_PLACEMENT_3D('',#6582,#5283,#5284);
#4729=AXIS2_PLACEMENT_3D('',#6588,#5288,#5289);
#4730=AXIS2_PLACEMENT_3D('',#6592,#5292,#5293);
#4731=AXIS2_PLACEMENT_3D('',#6596,#5296,#5297);
#4732=AXIS2_PLACEMENT_3D('',#6598,#5299,#5300);
#4733=AXIS2_PLACEMENT_3D('',#6599,#5301,#5302);
#4734=AXIS2_PLACEMENT_3D('',#6605,#5306,#5307);
#4735=AXIS2_PLACEMENT_3D('',#6609,#5310,#5311);
#4736=AXIS2_PLACEMENT_3D('',#6613,#5314,#5315);
#4737=AXIS2_PLACEMENT_3D('',#6615,#5317,#5318);
#4738=AXIS2_PLACEMENT_3D('',#6616,#5319,#5320);
#4739=AXIS2_PLACEMENT_3D('',#6622,#5324,#5325);
#4740=AXIS2_PLACEMENT_3D('',#6626,#5328,#5329);
#4741=AXIS2_PLACEMENT_3D('',#6630,#5332,#5333);
#4742=AXIS2_PLACEMENT_3D('',#6632,#5335,#5336);
#4743=AXIS2_PLACEMENT_3D('',#6633,#5337,#5338);
#4744=AXIS2_PLACEMENT_3D('',#6639,#5342,#5343);
#4745=AXIS2_PLACEMENT_3D('',#6643,#5346,#5347);
#4746=AXIS2_PLACEMENT_3D('',#6647,#5350,#5351);
#4747=AXIS2_PLACEMENT_3D('',#6649,#5353,#5354);
#4748=AXIS2_PLACEMENT_3D('',#6650,#5355,#5356);
#4749=AXIS2_PLACEMENT_3D('',#6656,#5360,#5361);
#4750=AXIS2_PLACEMENT_3D('',#6660,#5364,#5365);
#4751=AXIS2_PLACEMENT_3D('',#6664,#5368,#5369);
#4752=AXIS2_PLACEMENT_3D('',#6666,#5371,#5372);
#4753=AXIS2_PLACEMENT_3D('',#6667,#5373,#5374);
#4754=AXIS2_PLACEMENT_3D('',#6673,#5378,#5379);
#4755=AXIS2_PLACEMENT_3D('',#6677,#5382,#5383);
#4756=AXIS2_PLACEMENT_3D('',#6681,#5386,#5387);
#4757=AXIS2_PLACEMENT_3D('',#6683,#5389,#5390);
#4758=AXIS2_PLACEMENT_3D('',#6684,#5391,#5392);
#4759=AXIS2_PLACEMENT_3D('',#6685,#5393,#5394);
#4760=AXIS2_PLACEMENT_3D('',#6701,#5402,#5403);
#4761=AXIS2_PLACEMENT_3D('',#6709,#5407,#5408);
#4762=AXIS2_PLACEMENT_3D('',#6718,#5413,#5414);
#4763=AXIS2_PLACEMENT_3D('',#6734,#5422,#5423);
#4764=AXIS2_PLACEMENT_3D('',#6742,#5427,#5428);
#4765=AXIS2_PLACEMENT_3D('',#6751,#5433,#5434);
#4766=AXIS2_PLACEMENT_3D('',#6752,#5435,#5436);
#4767=AXIS2_PLACEMENT_3D('',#6757,#5439,#5440);
#4768=AXIS2_PLACEMENT_3D('',#6762,#5443,#5444);
#4769=AXIS2_PLACEMENT_3D('',#6778,#5452,#5453);
#4770=AXIS2_PLACEMENT_3D('',#6786,#5457,#5458);
#4771=AXIS2_PLACEMENT_3D('',#6795,#5463,#5464);
#4772=AXIS2_PLACEMENT_3D('',#6807,#5471,#5472);
#4773=AXIS2_PLACEMENT_3D('',#6815,#5476,#5477);
#4774=AXIS2_PLACEMENT_3D('',#6822,#5481,#5482);
#4775=AXIS2_PLACEMENT_3D('',#6826,#5486,#5487);
#4776=AXIS2_PLACEMENT_3D('',#6830,#5491,#5492);
#4777=AXIS2_PLACEMENT_3D('',#6831,#5493,#5494);
#4778=AXIS2_PLACEMENT_3D('',#6832,#5495,#5496);
#4779=AXIS2_PLACEMENT_3D('',#6833,#5497,#5498);
#4780=AXIS2_PLACEMENT_3D('',#6835,#5500,#5501);
#4781=AXIS2_PLACEMENT_3D('',#6837,#5503,#5504);
#4782=AXIS2_PLACEMENT_3D('',#6839,#5506,#5507);
#4783=AXIS2_PLACEMENT_3D('',#6841,#5509,#5510);
#4784=AXIS2_PLACEMENT_3D('',#6843,#5512,#5513);
#4785=AXIS2_PLACEMENT_3D('',#6845,#5515,#5516);
#4786=AXIS2_PLACEMENT_3D('',#6847,#5518,#5519);
#4787=AXIS2_PLACEMENT_3D('',#6849,#5521,#5522);
#4788=AXIS2_PLACEMENT_3D('',#6850,#5523,#5524);
#4789=AXIS2_PLACEMENT_3D('',#6853,#5527,#5528);
#4790=AXIS2_PLACEMENT_3D('',#6855,#5530,#5531);
#4791=AXIS2_PLACEMENT_3D('',#6857,#5533,#5534);
#4792=AXIS2_PLACEMENT_3D('',#6859,#5536,#5537);
#4793=AXIS2_PLACEMENT_3D('',#6861,#5539,#5540);
#4794=AXIS2_PLACEMENT_3D('',#6863,#5542,#5543);
#4795=AXIS2_PLACEMENT_3D('',#6865,#5545,#5546);
#4796=AXIS2_PLACEMENT_3D('',#6866,#5547,#5548);
#4797=AXIS2_PLACEMENT_3D('',#6867,#5549,#5550);
#4798=AXIS2_PLACEMENT_3D('',#6868,#5551,#5552);
#4799=AXIS2_PLACEMENT_3D('',#6869,#5553,#5554);
#4800=AXIS2_PLACEMENT_3D('',#6870,#5555,#5556);
#4801=AXIS2_PLACEMENT_3D('',#6871,#5557,#5558);
#4802=AXIS2_PLACEMENT_3D('',#6872,#5559,#5560);
#4803=AXIS2_PLACEMENT_3D('',#6873,#5561,#5562);
#4804=AXIS2_PLACEMENT_3D('',#6874,#5563,#5564);
#4805=AXIS2_PLACEMENT_3D('',#6875,#5565,#5566);
#4806=AXIS2_PLACEMENT_3D('',#6876,#5567,#5568);
#4807=AXIS2_PLACEMENT_3D('',#6877,#5569,#5570);
#4808=AXIS2_PLACEMENT_3D('',#6878,#5571,#5572);
#4809=AXIS2_PLACEMENT_3D('',#6879,#5573,#5574);
#4810=AXIS2_PLACEMENT_3D('',#6880,#5575,#5576);
#4811=AXIS2_PLACEMENT_3D('',#6884,#5578,#5579);
#4812=AXIS2_PLACEMENT_3D('',#6888,#5581,#5582);
#4813=AXIS2_PLACEMENT_3D('',#6889,#5583,#5584);
#4814=AXIS2_PLACEMENT_3D('',#6890,#5585,#5586);
#4815=AXIS2_PLACEMENT_3D('',#6907,#5587,#5588);
#4816=AXIS2_PLACEMENT_3D('',#6909,#5589,#5590);
#4817=AXIS2_PLACEMENT_3D('',#6914,#5593,#5594);
#4818=AXIS2_PLACEMENT_3D('',#6915,#5595,#5596);
#4819=AXIS2_PLACEMENT_3D('',#6920,#5599,#5600);
#4820=AXIS2_PLACEMENT_3D('',#6921,#5601,#5602);
#4821=AXIS2_PLACEMENT_3D('',#6926,#5605,#5606);
#4822=AXIS2_PLACEMENT_3D('',#6927,#5607,#5608);
#4823=AXIS2_PLACEMENT_3D('',#6930,#5611,#5612);
#4824=AXIS2_PLACEMENT_3D('',#6938,#5616,#5617);
#4825=AXIS2_PLACEMENT_3D('',#6942,#5619,#5620);
#4826=AXIS2_PLACEMENT_3D('',#6950,#5624,#5625);
#4827=AXIS2_PLACEMENT_3D('',#6954,#5627,#5628);
#4828=AXIS2_PLACEMENT_3D('',#6963,#5633,#5634);
#4829=AXIS2_PLACEMENT_3D('',#6969,#5638,#5639);
#4830=AXIS2_PLACEMENT_3D('',#6975,#5643,#5644);
#4831=AXIS2_PLACEMENT_3D('',#6987,#5650,#5651);
#4832=AXIS2_PLACEMENT_3D('',#6988,#5652,#5653);
#4833=AXIS2_PLACEMENT_3D('',#6996,#5657,#5658);
#4834=AXIS2_PLACEMENT_3D('',#6997,#5659,#5660);
#4835=AXIS2_PLACEMENT_3D('',#7002,#5663,#5664);
#4836=AXIS2_PLACEMENT_3D('',#7003,#5665,#5666);
#4837=AXIS2_PLACEMENT_3D('',#7007,#5668,#5669);
#4838=AXIS2_PLACEMENT_3D('',#7008,#5670,#5671);
#4839=AXIS2_PLACEMENT_3D('',#7012,#5673,#5674);
#4840=AXIS2_PLACEMENT_3D('',#7016,#5676,#5677);
#4841=AXIS2_PLACEMENT_3D('',#7017,#5678,#5679);
#4842=AXIS2_PLACEMENT_3D('',#7024,#5683,#5684);
#4843=AXIS2_PLACEMENT_3D('',#7028,#5686,#5687);
#4844=AXIS2_PLACEMENT_3D('',#7036,#5691,#5692);
#4845=AXIS2_PLACEMENT_3D('',#7040,#5694,#5695);
#4846=AXIS2_PLACEMENT_3D('',#7047,#5699,#5700);
#4847=AXIS2_PLACEMENT_3D('',#7053,#5704,#5705);
#4848=AXIS2_PLACEMENT_3D('',#7059,#5709,#5710);
#4849=AXIS2_PLACEMENT_3D('',#7071,#5716,#5717);
#4850=AXIS2_PLACEMENT_3D('',#7072,#5718,#5719);
#4851=AXIS2_PLACEMENT_3D('',#7080,#5723,#5724);
#4852=AXIS2_PLACEMENT_3D('',#7081,#5725,#5726);
#4853=AXIS2_PLACEMENT_3D('',#7086,#5729,#5730);
#4854=AXIS2_PLACEMENT_3D('',#7087,#5731,#5732);
#4855=AXIS2_PLACEMENT_3D('',#7092,#5734,#5735);
#4856=AXIS2_PLACEMENT_3D('',#7095,#5737,#5738);
#4857=AXIS2_PLACEMENT_3D('',#7099,#5740,#5741);
#4858=AXIS2_PLACEMENT_3D('',#7103,#5743,#5744);
#4859=AXIS2_PLACEMENT_3D('',#7104,#5745,#5746);
#4860=AXIS2_PLACEMENT_3D('',#7105,#5747,#5748);
#4861=AXIS2_PLACEMENT_3D('',#7115,#5757,#5758);
#4862=AXIS2_PLACEMENT_3D('',#7117,#5760,#5761);
#4863=AXIS2_PLACEMENT_3D('',#7124,#5766,#5767);
#4864=AXIS2_PLACEMENT_3D('',#7125,#5768,#5769);
#4865=AXIS2_PLACEMENT_3D('',#7127,#5771,#5772);
#4866=AXIS2_PLACEMENT_3D('',#7129,#5774,#5775);
#4867=AXIS2_PLACEMENT_3D('',#7131,#5777,#5778);
#4868=AXIS2_PLACEMENT_3D('',#7132,#5779,#5780);
#4869=AXIS2_PLACEMENT_3D('',#7134,#5782,#5783);
#4870=AXIS2_PLACEMENT_3D('',#7136,#5785,#5786);
#4871=AXIS2_PLACEMENT_3D('',#7138,#5788,#5789);
#4872=AXIS2_PLACEMENT_3D('',#7139,#5790,#5791);
#4873=AXIS2_PLACEMENT_3D('',#7141,#5793,#5794);
#4874=AXIS2_PLACEMENT_3D('',#7143,#5796,#5797);
#4875=AXIS2_PLACEMENT_3D('',#7145,#5799,#5800);
#4876=AXIS2_PLACEMENT_3D('',#7146,#5801,#5802);
#4877=AXIS2_PLACEMENT_3D('',#7148,#5804,#5805);
#4878=AXIS2_PLACEMENT_3D('',#7150,#5807,#5808);
#4879=AXIS2_PLACEMENT_3D('',#7152,#5810,#5811);
#4880=AXIS2_PLACEMENT_3D('',#7153,#5812,#5813);
#4881=AXIS2_PLACEMENT_3D('',#7155,#5815,#5816);
#4882=AXIS2_PLACEMENT_3D('',#7157,#5818,#5819);
#4883=AXIS2_PLACEMENT_3D('',#7159,#5821,#5822);
#4884=AXIS2_PLACEMENT_3D('',#7161,#5824,#5825);
#4885=AXIS2_PLACEMENT_3D('',#7162,#5826,#5827);
#4886=AXIS2_PLACEMENT_3D('',#7164,#5829,#5830);
#4887=AXIS2_PLACEMENT_3D('',#7166,#5832,#5833);
#4888=AXIS2_PLACEMENT_3D('',#7168,#5835,#5836);
#4889=AXIS2_PLACEMENT_3D('',#7170,#5838,#5839);
#4890=AXIS2_PLACEMENT_3D('',#7171,#5840,#5841);
#4891=AXIS2_PLACEMENT_3D('',#7172,#5842,#5843);
#4892=AXIS2_PLACEMENT_3D('',#7174,#5844,#5845);
#4893=AXIS2_PLACEMENT_3D('',#7177,#5848,#5849);
#4894=AXIS2_PLACEMENT_3D('',#7178,#5850,#5851);
#4895=AXIS2_PLACEMENT_3D('',#7179,#5852,#5853);
#4896=AXIS2_PLACEMENT_3D('',#7180,#5854,#5855);
#4897=AXIS2_PLACEMENT_3D('',#7181,#5856,#5857);
#4898=AXIS2_PLACEMENT_3D('',#7182,#5858,#5859);
#4899=AXIS2_PLACEMENT_3D('',#7192,#5860,#5861);
#4900=AXIS2_PLACEMENT_3D('',#7195,#5862,#5863);
#4901=AXIS2_PLACEMENT_3D('',#7197,#5864,#5865);
#4902=AXIS2_PLACEMENT_3D('',#7199,#5866,#5867);
#4903=AXIS2_PLACEMENT_3D('',#7200,#5868,#5869);
#4904=AXIS2_PLACEMENT_3D('',#7201,#5870,#5871);
#4905=AXIS2_PLACEMENT_3D('',#7203,#5873,#5874);
#4906=AXIS2_PLACEMENT_3D('',#7205,#5876,#5877);
#4907=AXIS2_PLACEMENT_3D('',#7206,#5878,#5879);
#4908=AXIS2_PLACEMENT_3D('',#7207,#5880,#5881);
#4909=AXIS2_PLACEMENT_3D('',#7208,#5882,#5883);
#4910=AXIS2_PLACEMENT_3D('',#7212,#5885,#5886);
#4911=AXIS2_PLACEMENT_3D('',#7216,#5888,#5889);
#4912=AXIS2_PLACEMENT_3D('',#7217,#5890,#5891);
#4913=AXIS2_PLACEMENT_3D('',#7221,#5893,#5894);
#4914=AXIS2_PLACEMENT_3D('',#7225,#5896,#5897);
#4915=AXIS2_PLACEMENT_3D('',#7226,#5898,#5899);
#4916=AXIS2_PLACEMENT_3D('',#7227,#5900,#5901);
#4917=AXIS2_PLACEMENT_3D('',#7231,#5903,#5904);
#4918=AXIS2_PLACEMENT_3D('',#7232,#5905,#5906);
#4919=AXIS2_PLACEMENT_3D('',#7233,#5907,#5908);
#4920=AXIS2_PLACEMENT_3D('',#7235,#5909,#5910);
#4921=AXIS2_PLACEMENT_3D('',#7236,#5911,#5912);
#4922=AXIS2_PLACEMENT_3D('',#7238,#5913,#5914);
#4923=AXIS2_PLACEMENT_3D('',#7240,#5915,#5916);
#4924=AXIS2_PLACEMENT_3D('',#7241,#5917,#5918);
#4925=AXIS2_PLACEMENT_3D('',#7243,#5919,#5920);
#4926=AXIS2_PLACEMENT_3D('',#7244,#5921,#5922);
#4927=AXIS2_PLACEMENT_3D('',#7245,#5923,#5924);
#4928=AXIS2_PLACEMENT_3D('',#7248,#5926,#5927);
#4929=AXIS2_PLACEMENT_3D('',#7249,#5928,#5929);
#4930=AXIS2_PLACEMENT_3D('',#7252,#5931,#5932);
#4931=AXIS2_PLACEMENT_3D('',#7253,#5933,#5934);
#4932=AXIS2_PLACEMENT_3D('',#7254,#5935,#5936);
#4933=AXIS2_PLACEMENT_3D('',#7257,#5938,#5939);
#4934=AXIS2_PLACEMENT_3D('',#7258,#5940,#5941);
#4935=AXIS2_PLACEMENT_3D('',#7259,#5942,#5943);
#4936=AXIS2_PLACEMENT_3D('',#7260,#5944,#5945);
#4937=AXIS2_PLACEMENT_3D('',#7261,#5946,#5947);
#4938=AXIS2_PLACEMENT_3D('',#7263,#5948,#5949);
#4939=AXIS2_PLACEMENT_3D('',#7264,#5950,#5951);
#4940=AXIS2_PLACEMENT_3D('',#7265,#5952,#5953);
#4941=AXIS2_PLACEMENT_3D('',#7266,#5954,#5955);
#4942=AXIS2_PLACEMENT_3D('',#7268,#5956,#5957);
#4943=AXIS2_PLACEMENT_3D('',#7269,#5958,#5959);
#4944=AXIS2_PLACEMENT_3D('',#7271,#5960,#5961);
#4945=AXIS2_PLACEMENT_3D('',#7272,#5962,#5963);
#4946=AXIS2_PLACEMENT_3D('',#7274,#5964,#5965);
#4947=AXIS2_PLACEMENT_3D('',#7275,#5966,#5967);
#4948=AXIS2_PLACEMENT_3D('',#7277,#5968,#5969);
#4949=AXIS2_PLACEMENT_3D('',#7278,#5970,#5971);
#4950=AXIS2_PLACEMENT_3D('',#7279,#5972,#5973);
#4951=AXIS2_PLACEMENT_3D('',#7288,#5978,#5979);
#4952=AXIS2_PLACEMENT_3D('',#7289,#5980,#5981);
#4953=AXIS2_PLACEMENT_3D('',#7293,#5983,#5984);
#4954=AXIS2_PLACEMENT_3D('',#7294,#5985,#5986);
#4955=AXIS2_PLACEMENT_3D('',#7300,#5990,#5991);
#4956=AXIS2_PLACEMENT_3D('',#7301,#5992,#5993);
#4957=AXIS2_PLACEMENT_3D('',#7305,#5995,#5996);
#4958=AXIS2_PLACEMENT_3D('',#7306,#5997,#5998);
#4959=AXIS2_PLACEMENT_3D('',#7312,#6002,#6003);
#4960=AXIS2_PLACEMENT_3D('',#7313,#6004,#6005);
#4961=AXIS2_PLACEMENT_3D('',#7317,#6007,#6008);
#4962=AXIS2_PLACEMENT_3D('',#7318,#6009,#6010);
#4963=AXIS2_PLACEMENT_3D('',#7324,#6014,#6015);
#4964=AXIS2_PLACEMENT_3D('',#7325,#6016,#6017);
#4965=AXIS2_PLACEMENT_3D('',#7326,#6018,#6019);
#4966=AXIS2_PLACEMENT_3D('',#7327,#6020,#6021);
#4967=AXIS2_PLACEMENT_3D('',#7328,#6022,#6023);
#4968=AXIS2_PLACEMENT_3D('',#7377,#6048,#6049);
#4969=AXIS2_PLACEMENT_3D('',#7383,#6053,#6054);
#4970=AXIS2_PLACEMENT_3D('',#7389,#6058,#6059);
#4971=AXIS2_PLACEMENT_3D('',#7395,#6063,#6064);
#4972=AXIS2_PLACEMENT_3D('',#7396,#6065,#6066);
#4973=AXIS2_PLACEMENT_3D('',#7400,#6068,#6069);
#4974=AXIS2_PLACEMENT_3D('',#7401,#6070,#6071);
#4975=AXIS2_PLACEMENT_3D('',#7407,#6075,#6076);
#4976=AXIS2_PLACEMENT_3D('',#7413,#6080,#6081);
#4977=AXIS2_PLACEMENT_3D('',#7416,#6084,#6085);
#4978=AXIS2_PLACEMENT_3D('',#7417,#6086,#6087);
#4979=AXIS2_PLACEMENT_3D('',#7418,#6088,#6089);
#4980=AXIS2_PLACEMENT_3D('',#7424,#6093,#6094);
#4981=AXIS2_PLACEMENT_3D('',#7430,#6098,#6099);
#4982=AXIS2_PLACEMENT_3D('',#7436,#6103,#6104);
#4983=AXIS2_PLACEMENT_3D('',#7437,#6105,#6106);
#4984=AXIS2_PLACEMENT_3D('',#7441,#6108,#6109);
#4985=AXIS2_PLACEMENT_3D('',#7442,#6110,#6111);
#4986=AXIS2_PLACEMENT_3D('',#7448,#6115,#6116);
#4987=AXIS2_PLACEMENT_3D('',#7454,#6120,#6121);
#4988=AXIS2_PLACEMENT_3D('',#7457,#6124,#6125);
#4989=AXIS2_PLACEMENT_3D('',#7458,#6126,#6127);
#4990=AXIS2_PLACEMENT_3D('',#7459,#6128,#6129);
#4991=AXIS2_PLACEMENT_3D('',#7465,#6133,#6134);
#4992=AXIS2_PLACEMENT_3D('',#7471,#6138,#6139);
#4993=AXIS2_PLACEMENT_3D('',#7477,#6143,#6144);
#4994=AXIS2_PLACEMENT_3D('',#7478,#6145,#6146);
#4995=AXIS2_PLACEMENT_3D('',#7482,#6148,#6149);
#4996=AXIS2_PLACEMENT_3D('',#7483,#6150,#6151);
#4997=AXIS2_PLACEMENT_3D('',#7489,#6155,#6156);
#4998=AXIS2_PLACEMENT_3D('',#7495,#6160,#6161);
#4999=AXIS2_PLACEMENT_3D('',#7498,#6164,#6165);
#5000=AXIS2_PLACEMENT_3D('',#7499,#6166,#6167);
#5001=AXIS2_PLACEMENT_3D('',#7500,#6168,#6169);
#5002=AXIS2_PLACEMENT_3D('',#7506,#6173,#6174);
#5003=AXIS2_PLACEMENT_3D('',#7512,#6178,#6179);
#5004=AXIS2_PLACEMENT_3D('',#7518,#6183,#6184);
#5005=AXIS2_PLACEMENT_3D('',#7519,#6185,#6186);
#5006=AXIS2_PLACEMENT_3D('',#7523,#6188,#6189);
#5007=AXIS2_PLACEMENT_3D('',#7524,#6190,#6191);
#5008=AXIS2_PLACEMENT_3D('',#7530,#6195,#6196);
#5009=AXIS2_PLACEMENT_3D('',#7536,#6200,#6201);
#5010=AXIS2_PLACEMENT_3D('',#7539,#6204,#6205);
#5011=AXIS2_PLACEMENT_3D('',#7540,#6206,#6207);
#5012=AXIS2_PLACEMENT_3D('',#7541,#6208,#6209);
#5013=AXIS2_PLACEMENT_3D('',#7547,#6213,#6214);
#5014=AXIS2_PLACEMENT_3D('',#7553,#6218,#6219);
#5015=AXIS2_PLACEMENT_3D('',#7559,#6223,#6224);
#5016=AXIS2_PLACEMENT_3D('',#7560,#6225,#6226);
#5017=AXIS2_PLACEMENT_3D('',#7564,#6228,#6229);
#5018=AXIS2_PLACEMENT_3D('',#7565,#6230,#6231);
#5019=AXIS2_PLACEMENT_3D('',#7571,#6235,#6236);
#5020=AXIS2_PLACEMENT_3D('',#7577,#6240,#6241);
#5021=AXIS2_PLACEMENT_3D('',#7580,#6244,#6245);
#5022=AXIS2_PLACEMENT_3D('',#7581,#6246,#6247);
#5023=AXIS2_PLACEMENT_3D('',#7582,#6248,#6249);
#5024=AXIS2_PLACEMENT_3D('',#7588,#6253,#6254);
#5025=AXIS2_PLACEMENT_3D('',#7594,#6258,#6259);
#5026=AXIS2_PLACEMENT_3D('',#7600,#6263,#6264);
#5027=AXIS2_PLACEMENT_3D('',#7601,#6265,#6266);
#5028=AXIS2_PLACEMENT_3D('',#7605,#6268,#6269);
#5029=AXIS2_PLACEMENT_3D('',#7606,#6270,#6271);
#5030=AXIS2_PLACEMENT_3D('',#7612,#6275,#6276);
#5031=AXIS2_PLACEMENT_3D('',#7618,#6280,#6281);
#5032=AXIS2_PLACEMENT_3D('',#7621,#6284,#6285);
#5033=AXIS2_PLACEMENT_3D('',#7622,#6286,#6287);
#5034=AXIS2_PLACEMENT_3D('',#7623,#6288,#6289);
#5035=DIRECTION('',(0.,0.,1.));
#5036=DIRECTION('',(1.,0.,0.));
#5037=DIRECTION('',(0.,1.,0.));
#5038=DIRECTION('',(0.,0.,1.));
#5039=DIRECTION('',(0.,0.,-1.));
#5040=DIRECTION('',(-1.,0.,0.));
#5041=DIRECTION('',(2.75387902587123E-16,0.,1.));
#5042=DIRECTION('',(1.,0.,0.));
#5043=DIRECTION('',(0.,0.,-1.));
#5044=DIRECTION('',(-1.,0.,0.));
#5045=DIRECTION('',(2.75387902587123E-16,0.,1.));
#5046=DIRECTION('',(1.,0.,0.));
#5047=DIRECTION('',(0.,0.,-1.));
#5048=DIRECTION('',(-1.,0.,0.));
#5049=DIRECTION('',(2.75387902587123E-16,0.,1.));
#5050=DIRECTION('',(1.,0.,0.));
#5051=DIRECTION('',(0.,0.,1.));
#5052=DIRECTION('',(0.,1.,0.));
#5053=DIRECTION('',(1.,0.,0.));
#5054=DIRECTION('',(-1.,0.,0.));
#5055=DIRECTION('',(0.,1.,0.));
#5056=DIRECTION('',(1.,0.,0.));
#5057=DIRECTION('',(0.,0.,-1.));
#5058=DIRECTION('',(0.,1.,0.));
#5059=DIRECTION('',(1.,0.,0.));
#5060=DIRECTION('',(1.,0.,0.));
#5061=DIRECTION('',(0.,1.,0.));
#5062=DIRECTION('',(1.,0.,0.));
#5063=DIRECTION('',(0.,0.,-1.));
#5064=DIRECTION('',(-1.,0.,0.));
#5065=DIRECTION('',(2.75387902587123E-16,0.,1.));
#5066=DIRECTION('',(1.,0.,0.));
#5067=DIRECTION('',(0.,0.,-1.));
#5068=DIRECTION('',(-1.,0.,0.));
#5069=DIRECTION('',(2.75387902587123E-16,0.,1.));
#5070=DIRECTION('',(1.,0.,0.));
#5071=DIRECTION('',(0.,0.,-1.));
#5072=DIRECTION('',(-1.,0.,0.));
#5073=DIRECTION('',(2.75387902587123E-16,0.,1.));
#5074=DIRECTION('',(1.,0.,0.));
#5075=DIRECTION('',(0.,0.,-1.));
#5076=DIRECTION('',(-1.,0.,0.));
#5077=DIRECTION('',(-1.,0.,0.));
#5078=DIRECTION('',(0.,1.,0.));
#5079=DIRECTION('',(-1.,0.,0.));
#5080=DIRECTION('',(0.,1.,0.));
#5081=DIRECTION('',(-1.,0.,-1.41166184046314E-15));
#5082=DIRECTION('',(-1.41166184046314E-15,0.,1.));
#5083=DIRECTION('',(-1.41166184046314E-15,0.,1.));
#5084=DIRECTION('',(-1.41166184046314E-15,0.,1.));
#5085=DIRECTION('',(0.,1.,0.));
#5086=DIRECTION('',(0.,1.,0.));
#5087=DIRECTION('',(0.,0.,1.));
#5088=DIRECTION('',(0.,1.,0.));
#5089=DIRECTION('',(1.,0.,0.));
#5090=DIRECTION('',(0.,1.,0.));
#5091=DIRECTION('',(1.,0.,0.));
#5092=DIRECTION('',(0.,1.,0.));
#5093=DIRECTION('',(0.,0.,1.));
#5094=DIRECTION('',(1.,0.,0.));
#5095=DIRECTION('',(1.,0.,0.));
#5096=DIRECTION('',(1.,0.,0.));
#5097=DIRECTION('',(0.,1.,0.));
#5098=DIRECTION('',(0.,1.,0.));
#5099=DIRECTION('',(0.,0.,1.));
#5100=DIRECTION('',(0.,1.,0.));
#5101=DIRECTION('',(1.,0.,0.));
#5102=DIRECTION('',(0.,1.,0.));
#5103=DIRECTION('',(1.,0.,0.));
#5104=DIRECTION('',(0.,1.,0.));
#5105=DIRECTION('',(1.,0.,0.));
#5106=DIRECTION('',(0.,0.,-1.));
#5107=DIRECTION('',(0.,0.,-1.));
#5108=DIRECTION('',(0.,0.,-1.));
#5109=DIRECTION('',(0.,1.,0.));
#5110=DIRECTION('',(0.,0.,-1.));
#5111=DIRECTION('',(-1.,0.,0.));
#5112=DIRECTION('',(-1.,0.,0.));
#5113=DIRECTION('',(-1.,0.,0.));
#5114=DIRECTION('',(0.,1.,0.));
#5115=DIRECTION('',(1.,0.,0.));
#5116=DIRECTION('',(0.,0.,-1.));
#5117=DIRECTION('',(0.,0.,-1.));
#5118=DIRECTION('',(0.,0.,-1.));
#5119=DIRECTION('',(0.,1.,0.));
#5120=DIRECTION('',(0.173648177666929,0.,-0.984807753012208));
#5121=DIRECTION('',(-0.984807753012208,0.,-0.173648177666929));
#5122=DIRECTION('',(-0.984807753012208,0.,-0.17364817766693));
#5123=DIRECTION('',(-0.984807753012208,0.,-0.17364817766693));
#5124=DIRECTION('',(0.,1.,0.));
#5125=DIRECTION('',(1.,0.,0.));
#5126=DIRECTION('',(0.,0.,-1.));
#5127=DIRECTION('',(0.,0.,-1.));
#5128=DIRECTION('',(0.,0.,-1.));
#5129=DIRECTION('',(0.,1.,0.));
#5130=DIRECTION('',(0.173648177666929,0.,0.984807753012208));
#5131=DIRECTION('',(0.984807753012208,0.,-0.173648177666929));
#5132=DIRECTION('',(0.984807753012208,0.,-0.17364817766693));
#5133=DIRECTION('',(0.984807753012208,0.,-0.17364817766693));
#5134=DIRECTION('',(0.,1.,0.));
#5135=DIRECTION('',(1.,0.,0.));
#5136=DIRECTION('',(0.,0.,-1.));
#5137=DIRECTION('',(0.,0.,-1.));
#5138=DIRECTION('',(0.,0.,-1.));
#5139=DIRECTION('',(0.,1.,0.));
#5140=DIRECTION('',(0.173648177666931,0.,-0.984807753012208));
#5141=DIRECTION('',(-0.984807753012208,0.,-0.173648177666931));
#5142=DIRECTION('',(-0.984807753012208,0.,-0.173648177666931));
#5143=DIRECTION('',(-0.984807753012208,0.,-0.173648177666931));
#5144=DIRECTION('',(0.,1.,0.));
#5145=DIRECTION('',(1.,0.,0.));
#5146=DIRECTION('',(0.,0.,-1.));
#5147=DIRECTION('',(0.,0.,-1.));
#5148=DIRECTION('',(0.,0.,-1.));
#5149=DIRECTION('',(0.,1.,0.));
#5150=DIRECTION('',(0.173648177666929,0.,0.984807753012208));
#5151=DIRECTION('',(0.984807753012208,0.,-0.173648177666929));
#5152=DIRECTION('',(0.984807753012208,0.,-0.17364817766693));
#5153=DIRECTION('',(0.984807753012208,0.,-0.17364817766693));
#5154=DIRECTION('',(0.,1.,0.));
#5155=DIRECTION('',(1.,0.,0.));
#5156=DIRECTION('',(0.,0.,-1.));
#5157=DIRECTION('',(0.,0.,-1.));
#5158=DIRECTION('',(0.,0.,-1.));
#5159=DIRECTION('',(0.,1.,0.));
#5160=DIRECTION('',(0.,0.,1.));
#5161=DIRECTION('',(1.,0.,0.));
#5162=DIRECTION('',(1.,0.,0.));
#5163=DIRECTION('',(1.,0.,0.));
#5164=DIRECTION('',(0.,1.,0.));
#5165=DIRECTION('',(1.,0.,0.));
#5166=DIRECTION('',(0.,0.,-1.));
#5167=DIRECTION('',(0.,0.,-1.));
#5168=DIRECTION('',(0.,0.,-1.));
#5169=DIRECTION('',(0.,1.,0.));
#5170=DIRECTION('',(0.,1.,0.));
#5171=DIRECTION('',(0.,0.,1.));
#5172=DIRECTION('',(0.,1.,0.));
#5173=DIRECTION('',(1.,0.,0.));
#5174=DIRECTION('',(0.,1.,0.));
#5175=DIRECTION('',(1.,0.,0.));
#5176=DIRECTION('',(0.,1.,0.));
#5177=DIRECTION('',(0.,0.,-1.));
#5178=DIRECTION('',(-1.,0.,0.));
#5179=DIRECTION('',(-1.,0.,0.));
#5180=DIRECTION('',(-1.,0.,0.));
#5181=DIRECTION('',(0.,1.,0.));
#5182=DIRECTION('',(0.,1.,0.));
#5183=DIRECTION('',(0.,0.,1.));
#5184=DIRECTION('',(0.,1.,0.));
#5185=DIRECTION('',(1.,0.,0.));
#5186=DIRECTION('',(0.,1.,0.));
#5187=DIRECTION('',(1.,0.,0.));
#5188=DIRECTION('',(0.,1.,0.));
#5189=DIRECTION('',(-1.,0.,0.));
#5190=DIRECTION('',(0.,0.,1.));
#5191=DIRECTION('',(0.,0.,1.));
#5192=DIRECTION('',(0.,0.,1.));
#5193=DIRECTION('',(0.,1.,0.));
#5194=DIRECTION('',(0.,0.,1.));
#5195=DIRECTION('',(1.,0.,0.));
#5196=DIRECTION('',(1.,0.,0.));
#5197=DIRECTION('',(1.,0.,0.));
#5198=DIRECTION('',(0.,1.,0.));
#5199=DIRECTION('',(-1.,0.,0.));
#5200=DIRECTION('',(0.,0.,1.));
#5201=DIRECTION('',(0.,0.,1.));
#5202=DIRECTION('',(0.,0.,1.));
#5203=DIRECTION('',(0.,1.,0.));
#5204=DIRECTION('',(-0.173648177666931,0.,0.984807753012208));
#5205=DIRECTION('',(0.984807753012208,0.,0.173648177666931));
#5206=DIRECTION('',(0.984807753012208,0.,0.173648177666931));
#5207=DIRECTION('',(0.984807753012208,0.,0.173648177666931));
#5208=DIRECTION('',(0.,1.,0.));
#5209=DIRECTION('',(-1.,0.,0.));
#5210=DIRECTION('',(0.,0.,1.));
#5211=DIRECTION('',(0.,0.,1.));
#5212=DIRECTION('',(0.,0.,1.));
#5213=DIRECTION('',(0.,1.,0.));
#5214=DIRECTION('',(-0.173648177666929,0.,-0.984807753012208));
#5215=DIRECTION('',(-0.984807753012208,0.,0.173648177666929));
#5216=DIRECTION('',(-0.984807753012208,0.,0.17364817766693));
#5217=DIRECTION('',(-0.984807753012208,0.,0.17364817766693));
#5218=DIRECTION('',(0.,1.,0.));
#5219=DIRECTION('',(-1.,0.,0.));
#5220=DIRECTION('',(0.,0.,1.));
#5221=DIRECTION('',(0.,0.,1.));
#5222=DIRECTION('',(0.,0.,1.));
#5223=DIRECTION('',(0.,1.,0.));
#5224=DIRECTION('',(-0.173648177666931,0.,0.984807753012208));
#5225=DIRECTION('',(0.984807753012208,0.,0.173648177666931));
#5226=DIRECTION('',(0.984807753012208,0.,0.173648177666931));
#5227=DIRECTION('',(0.984807753012208,0.,0.173648177666931));
#5228=DIRECTION('',(0.,1.,0.));
#5229=DIRECTION('',(-1.,0.,0.));
#5230=DIRECTION('',(0.,0.,1.));
#5231=DIRECTION('',(0.,0.,1.));
#5232=DIRECTION('',(0.,0.,1.));
#5233=DIRECTION('',(0.,1.,0.));
#5234=DIRECTION('',(-0.173648177666929,0.,-0.984807753012208));
#5235=DIRECTION('',(-0.984807753012208,0.,0.173648177666929));
#5236=DIRECTION('',(-0.984807753012208,0.,0.17364817766693));
#5237=DIRECTION('',(-0.984807753012208,0.,0.17364817766693));
#5238=DIRECTION('',(0.,1.,0.));
#5239=DIRECTION('',(-1.,0.,0.));
#5240=DIRECTION('',(0.,0.,1.));
#5241=DIRECTION('',(0.,0.,1.));
#5242=DIRECTION('',(0.,0.,1.));
#5243=DIRECTION('',(0.,1.,0.));
#5244=DIRECTION('',(0.,0.,1.));
#5245=DIRECTION('',(0.,0.,1.));
#5246=DIRECTION('',(0.,1.,0.));
#5247=DIRECTION('',(1.,0.,0.));
#5248=DIRECTION('',(1.,0.,0.));
#5249=DIRECTION('',(0.,1.,0.));
#5250=DIRECTION('',(1.,0.,0.));
#5251=DIRECTION('',(0.,0.,-1.));
#5252=DIRECTION('',(0.,1.,0.));
#5253=DIRECTION('',(1.,0.,0.));
#5254=DIRECTION('',(-1.,0.,0.));
#5255=DIRECTION('',(0.,1.,0.));
#5256=DIRECTION('',(1.,0.,0.));
#5257=DIRECTION('',(0.,1.,0.));
#5258=DIRECTION('',(0.,0.,1.));
#5259=DIRECTION('',(1.,0.,0.));
#5260=DIRECTION('',(0.,0.,-1.));
#5261=DIRECTION('',(0.,-1.,0.));
#5262=DIRECTION('',(0.,-1.,0.));
#5263=DIRECTION('',(0.,-1.,0.));
#5264=DIRECTION('',(0.,0.,-1.));
#5265=DIRECTION('',(0.,-1.,0.));
#5266=DIRECTION('',(0.,0.,-1.));
#5267=DIRECTION('',(-1.,0.,0.));
#5268=DIRECTION('',(0.,-1.,0.));
#5269=DIRECTION('',(0.,-1.,0.));
#5270=DIRECTION('',(0.,0.,-1.));
#5271=DIRECTION('',(0.,-1.,0.));
#5272=DIRECTION('',(-1.,0.,0.));
#5273=DIRECTION('',(0.,0.,1.));
#5274=DIRECTION('',(0.,-1.,0.));
#5275=DIRECTION('',(0.,-1.,0.));
#5276=DIRECTION('',(0.,0.,-1.));
#5277=DIRECTION('',(0.,-1.,0.));
#5278=DIRECTION('',(0.,0.,1.));
#5279=DIRECTION('',(1.,0.,0.));
#5280=DIRECTION('',(0.,-1.,0.));
#5281=DIRECTION('',(0.,-1.,0.));
#5282=DIRECTION('',(0.,0.,-1.));
#5283=DIRECTION('',(1.,0.,0.));
#5284=DIRECTION('',(0.,0.,-1.));
#5285=DIRECTION('',(0.,-1.,0.));
#5286=DIRECTION('',(0.,0.,1.));
#5287=DIRECTION('',(0.,-1.,0.));
#5288=DIRECTION('',(0.,0.,-1.));
#5289=DIRECTION('',(-1.,0.,0.));
#5290=DIRECTION('',(1.,0.,0.));
#5291=DIRECTION('',(0.,-1.,0.));
#5292=DIRECTION('',(-1.,0.,2.75387902587123E-16));
#5293=DIRECTION('',(2.75387902587123E-16,0.,1.));
#5294=DIRECTION('',(-2.75387902587123E-16,0.,-1.));
#5295=DIRECTION('',(0.,-1.,0.));
#5296=DIRECTION('',(0.,0.,1.));
#5297=DIRECTION('',(1.,0.,0.));
#5298=DIRECTION('',(-1.,0.,0.));
#5299=DIRECTION('',(0.,1.,0.));
#5300=DIRECTION('',(0.,0.,1.));
#5301=DIRECTION('',(1.,0.,0.));
#5302=DIRECTION('',(0.,0.,-1.));
#5303=DIRECTION('',(0.,-1.,0.));
#5304=DIRECTION('',(0.,0.,1.));
#5305=DIRECTION('',(0.,-1.,0.));
#5306=DIRECTION('',(0.,0.,-1.));
#5307=DIRECTION('',(-1.,0.,0.));
#5308=DIRECTION('',(1.,0.,0.));
#5309=DIRECTION('',(0.,-1.,0.));
#5310=DIRECTION('',(-1.,0.,2.75387902587123E-16));
#5311=DIRECTION('',(2.75387902587123E-16,0.,1.));
#5312=DIRECTION('',(-2.75387902587123E-16,0.,-1.));
#5313=DIRECTION('',(0.,-1.,0.));
#5314=DIRECTION('',(0.,0.,1.));
#5315=DIRECTION('',(1.,0.,0.));
#5316=DIRECTION('',(-1.,0.,0.));
#5317=DIRECTION('',(0.,1.,0.));
#5318=DIRECTION('',(0.,0.,1.));
#5319=DIRECTION('',(1.,0.,0.));
#5320=DIRECTION('',(0.,0.,-1.));
#5321=DIRECTION('',(0.,-1.,0.));
#5322=DIRECTION('',(0.,0.,1.));
#5323=DIRECTION('',(0.,-1.,0.));
#5324=DIRECTION('',(0.,0.,-1.));
#5325=DIRECTION('',(-1.,0.,0.));
#5326=DIRECTION('',(1.,0.,0.));
#5327=DIRECTION('',(0.,-1.,0.));
#5328=DIRECTION('',(-1.,0.,2.75387902587123E-16));
#5329=DIRECTION('',(2.75387902587123E-16,0.,1.));
#5330=DIRECTION('',(-2.75387902587123E-16,0.,-1.));
#5331=DIRECTION('',(0.,-1.,0.));
#5332=DIRECTION('',(0.,0.,1.));
#5333=DIRECTION('',(1.,0.,0.));
#5334=DIRECTION('',(-1.,0.,0.));
#5335=DIRECTION('',(0.,1.,0.));
#5336=DIRECTION('',(0.,0.,1.));
#5337=DIRECTION('',(1.,0.,0.));
#5338=DIRECTION('',(0.,0.,-1.));
#5339=DIRECTION('',(0.,-1.,0.));
#5340=DIRECTION('',(0.,0.,1.));
#5341=DIRECTION('',(0.,-1.,0.));
#5342=DIRECTION('',(0.,0.,-1.));
#5343=DIRECTION('',(-1.,0.,0.));
#5344=DIRECTION('',(1.,0.,0.));
#5345=DIRECTION('',(0.,-1.,0.));
#5346=DIRECTION('',(-1.,0.,2.75387902587123E-16));
#5347=DIRECTION('',(2.75387902587123E-16,0.,1.));
#5348=DIRECTION('',(-2.75387902587123E-16,0.,-1.));
#5349=DIRECTION('',(0.,-1.,0.));
#5350=DIRECTION('',(0.,0.,1.));
#5351=DIRECTION('',(1.,0.,0.));
#5352=DIRECTION('',(-1.,0.,0.));
#5353=DIRECTION('',(0.,1.,0.));
#5354=DIRECTION('',(0.,0.,1.));
#5355=DIRECTION('',(1.,0.,0.));
#5356=DIRECTION('',(0.,0.,-1.));
#5357=DIRECTION('',(0.,-1.,0.));
#5358=DIRECTION('',(0.,0.,1.));
#5359=DIRECTION('',(0.,-1.,0.));
#5360=DIRECTION('',(0.,0.,-1.));
#5361=DIRECTION('',(-1.,0.,0.));
#5362=DIRECTION('',(1.,0.,0.));
#5363=DIRECTION('',(0.,-1.,0.));
#5364=DIRECTION('',(-1.,0.,2.75387902587123E-16));
#5365=DIRECTION('',(2.75387902587123E-16,0.,1.));
#5366=DIRECTION('',(-2.75387902587123E-16,0.,-1.));
#5367=DIRECTION('',(0.,-1.,0.));
#5368=DIRECTION('',(0.,0.,1.));
#5369=DIRECTION('',(1.,0.,0.));
#5370=DIRECTION('',(-1.,0.,0.));
#5371=DIRECTION('',(0.,1.,0.));
#5372=DIRECTION('',(0.,0.,1.));
#5373=DIRECTION('',(1.,0.,0.));
#5374=DIRECTION('',(0.,0.,-1.));
#5375=DIRECTION('',(0.,-1.,0.));
#5376=DIRECTION('',(0.,0.,1.));
#5377=DIRECTION('',(0.,-1.,0.));
#5378=DIRECTION('',(0.,0.,-1.));
#5379=DIRECTION('',(-1.,0.,0.));
#5380=DIRECTION('',(1.,0.,0.));
#5381=DIRECTION('',(0.,-1.,0.));
#5382=DIRECTION('',(-1.,0.,2.75387902587123E-16));
#5383=DIRECTION('',(2.75387902587123E-16,0.,1.));
#5384=DIRECTION('',(-2.75387902587123E-16,0.,-1.));
#5385=DIRECTION('',(0.,-1.,0.));
#5386=DIRECTION('',(0.,0.,1.));
#5387=DIRECTION('',(1.,0.,0.));
#5388=DIRECTION('',(-1.,0.,0.));
#5389=DIRECTION('',(0.,1.,0.));
#5390=DIRECTION('',(0.,0.,1.));
#5391=DIRECTION('',(0.,0.,1.));
#5392=DIRECTION('',(1.,0.,0.));
#5393=DIRECTION('',(0.,0.,-1.));
#5394=DIRECTION('',(-1.,0.,0.));
#5395=DIRECTION('',(0.,-1.,0.));
#5396=DIRECTION('',(1.,0.,0.));
#5397=DIRECTION('',(0.,-1.,0.));
#5398=DIRECTION('',(-1.,0.,0.));
#5399=DIRECTION('',(0.,-1.,0.));
#5400=DIRECTION('',(-1.,0.,0.));
#5401=DIRECTION('',(0.,1.,0.));
#5402=DIRECTION('',(0.,0.,1.));
#5403=DIRECTION('',(1.,0.,0.));
#5404=DIRECTION('',(0.,-1.,0.));
#5405=DIRECTION('',(-1.,0.,0.));
#5406=DIRECTION('',(0.,1.,0.));
#5407=DIRECTION('',(0.,0.,1.));
#5408=DIRECTION('',(1.,0.,0.));
#5409=DIRECTION('',(0.,-1.,0.));
#5410=DIRECTION('',(-1.,0.,0.));
#5411=DIRECTION('',(0.,-1.,0.));
#5412=DIRECTION('',(-1.,0.,0.));
#5413=DIRECTION('',(0.,0.,1.));
#5414=DIRECTION('',(1.,0.,0.));
#5415=DIRECTION('',(0.,-1.,0.));
#5416=DIRECTION('',(1.,0.,0.));
#5417=DIRECTION('',(0.,-1.,0.));
#5418=DIRECTION('',(-1.,0.,0.));
#5419=DIRECTION('',(0.,1.,0.));
#5420=DIRECTION('',(1.,0.,0.));
#5421=DIRECTION('',(0.,1.,0.));
#5422=DIRECTION('',(0.,0.,1.));
#5423=DIRECTION('',(1.,0.,0.));
#5424=DIRECTION('',(0.,-1.,0.));
#5425=DIRECTION('',(1.,0.,0.));
#5426=DIRECTION('',(0.,1.,0.));
#5427=DIRECTION('',(0.,0.,1.));
#5428=DIRECTION('',(1.,0.,0.));
#5429=DIRECTION('',(0.,-1.,0.));
#5430=DIRECTION('',(1.,0.,0.));
#5431=DIRECTION('',(0.,1.,0.));
#5432=DIRECTION('',(-1.,0.,0.));
#5433=DIRECTION('',(0.,1.,-2.26897673892381E-16));
#5434=DIRECTION('',(0.,2.26897673892381E-16,1.));
#5435=DIRECTION('',(0.,1.,-2.26897673892381E-16));
#5436=DIRECTION('',(0.,2.26897673892381E-16,1.));
#5437=DIRECTION('',(0.,-2.26897673892381E-16,-1.));
#5438=DIRECTION('',(-1.,0.,0.));
#5439=DIRECTION('',(0.,1.,-2.26897673892381E-16));
#5440=DIRECTION('',(0.,2.26897673892381E-16,1.));
#5441=DIRECTION('',(-1.,0.,0.));
#5442=DIRECTION('',(0.,-2.26897673892381E-16,-1.));
#5443=DIRECTION('',(0.,0.,1.));
#5444=DIRECTION('',(1.,0.,0.));
#5445=DIRECTION('',(0.,-1.,0.));
#5446=DIRECTION('',(-1.,0.,0.));
#5447=DIRECTION('',(0.,-1.,0.));
#5448=DIRECTION('',(-1.,0.,0.));
#5449=DIRECTION('',(0.,1.,0.));
#5450=DIRECTION('',(-1.,0.,0.));
#5451=DIRECTION('',(0.,-1.,0.));
#5452=DIRECTION('',(0.,0.,1.));
#5453=DIRECTION('',(1.,0.,0.));
#5454=DIRECTION('',(0.,1.,0.));
#5455=DIRECTION('',(-1.,0.,0.));
#5456=DIRECTION('',(0.,-1.,0.));
#5457=DIRECTION('',(0.,0.,1.));
#5458=DIRECTION('',(1.,0.,0.));
#5459=DIRECTION('',(0.,1.,0.));
#5460=DIRECTION('',(-1.,0.,0.));
#5461=DIRECTION('',(0.,1.,0.));
#5462=DIRECTION('',(-1.,0.,0.));
#5463=DIRECTION('',(0.,0.,-1.));
#5464=DIRECTION('',(-1.,0.,0.));
#5465=DIRECTION('',(0.,-1.,0.));
#5466=DIRECTION('',(-1.,0.,0.));
#5467=DIRECTION('',(0.,-1.,0.));
#5468=DIRECTION('',(0.,-1.,0.));
#5469=DIRECTION('',(-1.,0.,0.));
#5470=DIRECTION('',(0.,1.,0.));
#5471=DIRECTION('',(0.,0.,-1.));
#5472=DIRECTION('',(-1.,0.,0.));
#5473=DIRECTION('',(0.,-1.,0.));
#5474=DIRECTION('',(-1.,0.,0.));
#5475=DIRECTION('',(0.,1.,0.));
#5476=DIRECTION('',(0.,0.,-1.));
#5477=DIRECTION('',(-1.,0.,0.));
#5478=DIRECTION('',(0.,-1.,0.));
#5479=DIRECTION('',(-1.,0.,0.));
#5480=DIRECTION('',(0.,-1.,0.));
#5481=DIRECTION('',(1.,0.,0.));
#5482=DIRECTION('',(0.,0.,-1.));
#5483=DIRECTION('',(0.,0.,-1.));
#5484=DIRECTION('',(0.,0.,-1.));
#5485=DIRECTION('',(0.,0.,1.));
#5486=DIRECTION('',(1.,0.,0.));
#5487=DIRECTION('',(0.,0.,-1.));
#5488=DIRECTION('',(0.,0.,-1.));
#5489=DIRECTION('',(0.,0.,1.));
#5490=DIRECTION('',(0.,0.,-1.));
#5491=DIRECTION('',(0.,-1.,0.));
#5492=DIRECTION('',(0.,0.,-1.));
#5493=DIRECTION('',(0.,-1.,0.));
#5494=DIRECTION('',(0.,0.,-1.));
#5495=DIRECTION('',(0.,-1.,0.));
#5496=DIRECTION('',(0.,0.,-1.));
#5497=DIRECTION('',(0.,-1.,0.));
#5498=DIRECTION('',(0.,0.,-1.));
#5499=DIRECTION('',(0.,0.,-1.));
#5500=DIRECTION('',(-1.,0.,0.));
#5501=DIRECTION('',(0.,0.,1.));
#5502=DIRECTION('',(0.,0.,-1.));
#5503=DIRECTION('',(0.,0.,-1.));
#5504=DIRECTION('',(-1.,0.,0.));
#5505=DIRECTION('',(0.,0.,-1.));
#5506=DIRECTION('',(1.,0.,0.));
#5507=DIRECTION('',(0.,0.,-1.));
#5508=DIRECTION('',(0.,0.,-1.));
#5509=DIRECTION('',(0.,-1.,0.));
#5510=DIRECTION('',(0.,0.,-1.));
#5511=DIRECTION('',(0.,0.,-1.));
#5512=DIRECTION('',(-1.,0.,0.));
#5513=DIRECTION('',(0.,0.,1.));
#5514=DIRECTION('',(0.,0.,-1.));
#5515=DIRECTION('',(0.,0.,-1.));
#5516=DIRECTION('',(-1.,0.,0.));
#5517=DIRECTION('',(0.,0.,-1.));
#5518=DIRECTION('',(0.,-1.,0.));
#5519=DIRECTION('',(0.,0.,-1.));
#5520=DIRECTION('',(0.,0.,-1.));
#5521=DIRECTION('',(1.,0.,0.));
#5522=DIRECTION('',(0.,0.,-1.));
#5523=DIRECTION('',(1.,0.,0.));
#5524=DIRECTION('',(0.,0.,-1.));
#5525=DIRECTION('',(0.,0.,-1.));
#5526=DIRECTION('',(0.,0.,-1.));
#5527=DIRECTION('',(0.,0.,-1.));
#5528=DIRECTION('',(-1.,0.,0.));
#5529=DIRECTION('',(0.,0.,-1.));
#5530=DIRECTION('',(-1.,0.,0.));
#5531=DIRECTION('',(0.,0.,1.));
#5532=DIRECTION('',(0.,0.,-1.));
#5533=DIRECTION('',(0.,-1.,0.));
#5534=DIRECTION('',(0.,0.,-1.));
#5535=DIRECTION('',(0.,0.,-1.));
#5536=DIRECTION('',(1.,0.,0.));
#5537=DIRECTION('',(0.,0.,-1.));
#5538=DIRECTION('',(0.,0.,-1.));
#5539=DIRECTION('',(0.,0.,-1.));
#5540=DIRECTION('',(-1.,0.,0.));
#5541=DIRECTION('',(0.,0.,-1.));
#5542=DIRECTION('',(-1.,0.,0.));
#5543=DIRECTION('',(0.,0.,1.));
#5544=DIRECTION('',(0.,0.,-1.));
#5545=DIRECTION('',(0.,-1.,0.));
#5546=DIRECTION('',(0.,0.,-1.));
#5547=DIRECTION('',(0.,-1.,0.));
#5548=DIRECTION('',(0.,0.,-1.));
#5549=DIRECTION('',(0.,-1.,0.));
#5550=DIRECTION('',(0.,0.,-1.));
#5551=DIRECTION('',(0.,1.,0.));
#5552=DIRECTION('',(1.,0.,0.));
#5553=DIRECTION('',(0.,1.,0.));
#5554=DIRECTION('',(0.,0.,1.));
#5555=DIRECTION('',(0.,1.,0.));
#5556=DIRECTION('',(0.,0.,1.));
#5557=DIRECTION('',(0.,1.,0.));
#5558=DIRECTION('',(1.,0.,0.));
#5559=DIRECTION('',(0.,-1.,0.));
#5560=DIRECTION('',(0.,0.,-1.));
#5561=DIRECTION('',(0.,-1.,0.));
#5562=DIRECTION('',(0.,0.,-1.));
#5563=DIRECTION('',(0.,1.,0.));
#5564=DIRECTION('',(1.,0.,0.));
#5565=DIRECTION('',(0.,1.,0.));
#5566=DIRECTION('',(0.,0.,1.));
#5567=DIRECTION('',(0.,1.,0.));
#5568=DIRECTION('',(0.,0.,1.));
#5569=DIRECTION('',(0.,1.,0.));
#5570=DIRECTION('',(1.,0.,0.));
#5571=DIRECTION('',(0.,-1.,0.));
#5572=DIRECTION('',(0.,0.,-1.));
#5573=DIRECTION('',(0.,0.,1.));
#5574=DIRECTION('',(1.,0.,0.));
#5575=DIRECTION('',(0.,-1.,0.));
#5576=DIRECTION('',(0.,0.,-1.));
#5577=DIRECTION('',(0.,-1.,0.));
#5578=DIRECTION('',(0.,-1.,0.));
#5579=DIRECTION('',(0.,0.,-1.));
#5580=DIRECTION('',(0.,-1.,0.));
#5581=DIRECTION('',(0.,-1.,0.));
#5582=DIRECTION('',(0.,0.,-1.));
#5583=DIRECTION('',(0.,-1.,0.));
#5584=DIRECTION('',(0.,0.,-1.));
#5585=DIRECTION('',(0.,-1.,0.));
#5586=DIRECTION('',(0.,0.,-1.));
#5587=DIRECTION('',(0.,-1.,0.));
#5588=DIRECTION('',(0.,0.,-1.));
#5589=DIRECTION('',(0.,-1.,0.));
#5590=DIRECTION('',(0.,0.,-1.));
#5591=DIRECTION('',(0.,-1.,0.));
#5592=DIRECTION('',(0.,-1.,0.));
#5593=DIRECTION('',(0.,-1.,0.));
#5594=DIRECTION('',(0.,0.,-1.));
#5595=DIRECTION('',(0.,-1.,0.));
#5596=DIRECTION('',(0.,0.,-1.));
#5597=DIRECTION('',(0.,0.,-1.));
#5598=DIRECTION('',(0.,0.,1.));
#5599=DIRECTION('',(0.,-1.,0.));
#5600=DIRECTION('',(0.,0.,-1.));
#5601=DIRECTION('',(0.,-1.,0.));
#5602=DIRECTION('',(0.,0.,-1.));
#5603=DIRECTION('',(0.,-1.,0.));
#5604=DIRECTION('',(0.,-1.,0.));
#5605=DIRECTION('',(0.,-1.,0.));
#5606=DIRECTION('',(0.,0.,-1.));
#5607=DIRECTION('',(0.,1.,0.));
#5608=DIRECTION('',(0.,0.,1.));
#5609=DIRECTION('',(0.,0.,1.));
#5610=DIRECTION('',(0.,0.,-1.));
#5611=DIRECTION('',(1.,0.,0.));
#5612=DIRECTION('',(0.,0.,-1.));
#5613=DIRECTION('',(0.,-1.,0.));
#5614=DIRECTION('',(0.,0.,1.));
#5615=DIRECTION('',(0.,-1.,0.));
#5616=DIRECTION('',(1.,0.,0.));
#5617=DIRECTION('',(0.,0.,-1.));
#5618=DIRECTION('',(0.,0.,-1.));
#5619=DIRECTION('',(1.,0.,0.));
#5620=DIRECTION('',(0.,0.,-1.));
#5621=DIRECTION('',(0.,1.,-1.26474444151123E-15));
#5622=DIRECTION('',(0.,2.20310322069699E-16,1.));
#5623=DIRECTION('',(0.,-1.,-1.26474444151123E-15));
#5624=DIRECTION('',(1.,0.,0.));
#5625=DIRECTION('',(0.,0.,-1.));
#5626=DIRECTION('',(0.,0.,-1.));
#5627=DIRECTION('',(1.,0.,0.));
#5628=DIRECTION('',(0.,0.,-1.));
#5629=DIRECTION('',(0.,1.,0.));
#5630=DIRECTION('',(0.,0.,1.));
#5631=DIRECTION('',(0.,1.,0.));
#5632=DIRECTION('',(0.,0.,-1.));
#5633=DIRECTION('',(0.,1.,0.));
#5634=DIRECTION('',(0.,0.,1.));
#5635=DIRECTION('',(-1.,0.,0.));
#5636=DIRECTION('',(0.,0.,-1.));
#5637=DIRECTION('',(-1.,0.,0.));
#5638=DIRECTION('',(0.,1.,0.));
#5639=DIRECTION('',(0.,0.,1.));
#5640=DIRECTION('',(-1.,0.,0.));
#5641=DIRECTION('',(0.,0.,-1.));
#5642=DIRECTION('',(-1.,0.,0.));
#5643=DIRECTION('',(-1.,0.,0.));
#5644=DIRECTION('',(0.,0.,1.));
#5645=DIRECTION('',(0.,-1.,0.));
#5646=DIRECTION('',(0.,0.,-1.));
#5647=DIRECTION('',(0.,1.,0.));
#5648=DIRECTION('',(0.,0.,1.));
#5649=DIRECTION('',(0.,1.,0.));
#5650=DIRECTION('',(-1.,0.,0.));
#5651=DIRECTION('',(0.,0.,1.));
#5652=DIRECTION('',(-1.,0.,0.));
#5653=DIRECTION('',(0.,0.,1.));
#5654=DIRECTION('',(0.,-1.,-1.26474444151123E-15));
#5655=DIRECTION('',(0.,2.20310322069699E-16,1.));
#5656=DIRECTION('',(0.,1.,-1.26474444151123E-15));
#5657=DIRECTION('',(-1.,0.,0.));
#5658=DIRECTION('',(0.,0.,1.));
#5659=DIRECTION('',(-1.,0.,0.));
#5660=DIRECTION('',(0.,0.,1.));
#5661=DIRECTION('',(0.,-1.,0.));
#5662=DIRECTION('',(0.,0.,1.));
#5663=DIRECTION('',(0.,0.,-1.));
#5664=DIRECTION('',(-1.,0.,0.));
#5665=DIRECTION('',(0.,0.,-1.));
#5666=DIRECTION('',(-1.,0.,0.));
#5667=DIRECTION('',(0.,0.,-1.));
#5668=DIRECTION('',(0.,0.,1.));
#5669=DIRECTION('',(1.,0.,0.));
#5670=DIRECTION('',(0.,0.,-1.));
#5671=DIRECTION('',(-1.,0.,0.));
#5672=DIRECTION('',(0.,0.,-1.));
#5673=DIRECTION('',(0.,0.,-1.));
#5674=DIRECTION('',(-1.,0.,0.));
#5675=DIRECTION('',(0.,0.,-1.));
#5676=DIRECTION('',(0.,0.,1.));
#5677=DIRECTION('',(1.,0.,0.));
#5678=DIRECTION('',(1.,0.,0.));
#5679=DIRECTION('',(0.,0.,-1.));
#5680=DIRECTION('',(0.,1.,0.));
#5681=DIRECTION('',(0.,0.,-1.));
#5682=DIRECTION('',(0.,1.,0.));
#5683=DIRECTION('',(1.,0.,0.));
#5684=DIRECTION('',(0.,0.,-1.));
#5685=DIRECTION('',(0.,0.,-1.));
#5686=DIRECTION('',(1.,0.,0.));
#5687=DIRECTION('',(0.,0.,-1.));
#5688=DIRECTION('',(0.,-1.,1.26474444151123E-15));
#5689=DIRECTION('',(0.,-2.20310322069699E-16,-1.));
#5690=DIRECTION('',(0.,1.,1.26474444151123E-15));
#5691=DIRECTION('',(1.,0.,0.));
#5692=DIRECTION('',(0.,0.,-1.));
#5693=DIRECTION('',(0.,0.,-1.));
#5694=DIRECTION('',(1.,0.,0.));
#5695=DIRECTION('',(0.,0.,-1.));
#5696=DIRECTION('',(0.,-1.,0.));
#5697=DIRECTION('',(0.,0.,-1.));
#5698=DIRECTION('',(0.,-1.,0.));
#5699=DIRECTION('',(0.,1.,0.));
#5700=DIRECTION('',(0.,0.,1.));
#5701=DIRECTION('',(-1.,0.,0.));
#5702=DIRECTION('',(0.,0.,-1.));
#5703=DIRECTION('',(-1.,0.,0.));
#5704=DIRECTION('',(0.,1.,0.));
#5705=DIRECTION('',(0.,0.,1.));
#5706=DIRECTION('',(-1.,0.,0.));
#5707=DIRECTION('',(0.,0.,-1.));
#5708=DIRECTION('',(-1.,0.,0.));
#5709=DIRECTION('',(-1.,0.,0.));
#5710=DIRECTION('',(0.,0.,1.));
#5711=DIRECTION('',(0.,-1.,0.));
#5712=DIRECTION('',(0.,0.,-1.));
#5713=DIRECTION('',(0.,1.,0.));
#5714=DIRECTION('',(0.,0.,1.));
#5715=DIRECTION('',(0.,1.,0.));
#5716=DIRECTION('',(1.,0.,0.));
#5717=DIRECTION('',(0.,0.,-1.));
#5718=DIRECTION('',(1.,0.,0.));
#5719=DIRECTION('',(0.,0.,-1.));
#5720=DIRECTION('',(0.,-1.,-1.26474444151123E-15));
#5721=DIRECTION('',(0.,2.20310322069699E-16,1.));
#5722=DIRECTION('',(0.,1.,-1.26474444151123E-15));
#5723=DIRECTION('',(1.,0.,0.));
#5724=DIRECTION('',(0.,0.,-1.));
#5725=DIRECTION('',(1.,0.,0.));
#5726=DIRECTION('',(0.,0.,-1.));
#5727=DIRECTION('',(0.,-1.,0.));
#5728=DIRECTION('',(0.,0.,1.));
#5729=DIRECTION('',(0.,0.,1.));
#5730=DIRECTION('',(1.,0.,0.));
#5731=DIRECTION('',(0.,0.,1.));
#5732=DIRECTION('',(1.,0.,0.));
#5733=DIRECTION('',(1.,0.,0.));
#5734=DIRECTION('',(0.,0.,1.));
#5735=DIRECTION('',(1.,0.,0.));
#5736=DIRECTION('',(-1.,0.,0.));
#5737=DIRECTION('',(0.,0.,1.));
#5738=DIRECTION('',(1.,0.,0.));
#5739=DIRECTION('',(1.,0.,0.));
#5740=DIRECTION('',(0.,0.,1.));
#5741=DIRECTION('',(1.,0.,0.));
#5742=DIRECTION('',(-1.,0.,0.));
#5743=DIRECTION('',(0.,0.,1.));
#5744=DIRECTION('',(1.,0.,0.));
#5745=DIRECTION('',(0.,1.,0.));
#5746=DIRECTION('',(0.,0.,1.));
#5747=DIRECTION('',(0.,-1.,0.));
#5748=DIRECTION('',(0.,0.,-1.));
#5749=DIRECTION('',(0.,0.,-1.));
#5750=DIRECTION('',(-1.,0.,0.));
#5751=DIRECTION('',(-1.,0.,0.));
#5752=DIRECTION('',(0.,0.,1.));
#5753=DIRECTION('',(0.,0.,1.));
#5754=DIRECTION('',(-1.,0.,0.));
#5755=DIRECTION('',(-1.,0.,0.));
#5756=DIRECTION('',(0.,0.,-1.));
#5757=DIRECTION('',(0.,0.,-1.));
#5758=DIRECTION('',(-1.,0.,0.));
#5759=DIRECTION('',(0.,0.,-1.));
#5760=DIRECTION('',(0.,-1.,0.));
#5761=DIRECTION('',(0.,0.,-1.));
#5762=DIRECTION('',(0.,0.,1.));
#5763=DIRECTION('',(1.,0.,-1.10155161034849E-15));
#5764=DIRECTION('',(0.,0.,-1.));
#5765=DIRECTION('',(0.,0.,-1.));
#5766=DIRECTION('',(0.,0.,-1.));
#5767=DIRECTION('',(-1.,0.,0.));
#5768=DIRECTION('',(-1.,0.,0.));
#5769=DIRECTION('',(0.,0.,1.));
#5770=DIRECTION('',(-1.,0.,0.));
#5771=DIRECTION('',(0.,0.,-1.));
#5772=DIRECTION('',(-1.,0.,0.));
#5773=DIRECTION('',(-1.,0.,0.));
#5774=DIRECTION('',(0.,-1.,0.));
#5775=DIRECTION('',(0.,0.,-1.));
#5776=DIRECTION('',(-1.,0.,0.));
#5777=DIRECTION('',(0.,0.,-1.));
#5778=DIRECTION('',(-1.,0.,0.));
#5779=DIRECTION('',(-1.,0.,0.));
#5780=DIRECTION('',(0.,0.,1.));
#5781=DIRECTION('',(-1.,0.,0.));
#5782=DIRECTION('',(0.,0.,-1.));
#5783=DIRECTION('',(-1.,0.,0.));
#5784=DIRECTION('',(-1.,0.,0.));
#5785=DIRECTION('',(0.,0.,-1.));
#5786=DIRECTION('',(-1.,0.,0.));
#5787=DIRECTION('',(-1.,0.,0.));
#5788=DIRECTION('',(0.,-1.,0.));
#5789=DIRECTION('',(0.,0.,-1.));
#5790=DIRECTION('',(0.,0.,1.));
#5791=DIRECTION('',(1.,0.,0.));
#5792=DIRECTION('',(-1.,0.,0.));
#5793=DIRECTION('',(0.,-1.,0.));
#5794=DIRECTION('',(0.,0.,-1.));
#5795=DIRECTION('',(-1.,0.,0.));
#5796=DIRECTION('',(0.,0.,1.));
#5797=DIRECTION('',(1.,0.,0.));
#5798=DIRECTION('',(-1.,0.,0.));
#5799=DIRECTION('',(-1.,0.,0.));
#5800=DIRECTION('',(0.,0.,1.));
#5801=DIRECTION('',(0.,0.,1.));
#5802=DIRECTION('',(1.,0.,0.));
#5803=DIRECTION('',(-1.,0.,0.));
#5804=DIRECTION('',(0.,-1.,0.));
#5805=DIRECTION('',(0.,0.,-1.));
#5806=DIRECTION('',(-1.,0.,0.));
#5807=DIRECTION('',(0.,0.,1.));
#5808=DIRECTION('',(1.,0.,0.));
#5809=DIRECTION('',(-1.,0.,0.));
#5810=DIRECTION('',(-1.,0.,0.));
#5811=DIRECTION('',(0.,0.,1.));
#5812=DIRECTION('',(-1.,0.,0.));
#5813=DIRECTION('',(0.,0.,1.));
#5814=DIRECTION('',(-1.,0.,0.));
#5815=DIRECTION('',(0.,1.26474444151123E-15,-1.));
#5816=DIRECTION('',(0.,1.,1.26474444151123E-15));
#5817=DIRECTION('',(-1.,0.,0.));
#5818=DIRECTION('',(0.,-1.,2.20310322069699E-16));
#5819=DIRECTION('',(0.,-2.20310322069699E-16,-1.));
#5820=DIRECTION('',(-1.,0.,0.));
#5821=DIRECTION('',(0.,1.26474444151123E-15,1.));
#5822=DIRECTION('',(0.,-1.,1.26474444151123E-15));
#5823=DIRECTION('',(-1.,0.,0.));
#5824=DIRECTION('',(-1.,0.,0.));
#5825=DIRECTION('',(0.,0.,1.));
#5826=DIRECTION('',(-1.,0.,0.));
#5827=DIRECTION('',(0.,0.,1.));
#5828=DIRECTION('',(-1.,0.,0.));
#5829=DIRECTION('',(0.,1.26474444151123E-15,1.));
#5830=DIRECTION('',(0.,-1.,1.26474444151123E-15));
#5831=DIRECTION('',(-1.,0.,0.));
#5832=DIRECTION('',(0.,-1.,2.20310322069699E-16));
#5833=DIRECTION('',(0.,-2.20310322069699E-16,-1.));
#5834=DIRECTION('',(-1.,0.,0.));
#5835=DIRECTION('',(0.,1.26474444151123E-15,-1.));
#5836=DIRECTION('',(0.,1.,1.26474444151123E-15));
#5837=DIRECTION('',(-1.,0.,0.));
#5838=DIRECTION('',(-1.,0.,0.));
#5839=DIRECTION('',(0.,0.,1.));
#5840=DIRECTION('',(0.,-1.,0.));
#5841=DIRECTION('',(0.,0.,-1.));
#5842=DIRECTION('',(0.,-1.,0.));
#5843=DIRECTION('',(0.,0.,-1.));
#5844=DIRECTION('',(-1.10155161034849E-15,0.,-1.));
#5845=DIRECTION('',(-1.,0.,1.10155161034849E-15));
#5846=DIRECTION('',(0.,-1.,0.));
#5847=DIRECTION('',(0.,-1.,0.));
#5848=DIRECTION('',(1.,0.,0.));
#5849=DIRECTION('',(0.,0.,-1.));
#5850=DIRECTION('',(-1.,0.,0.));
#5851=DIRECTION('',(0.,0.,1.));
#5852=DIRECTION('',(0.,-1.,0.));
#5853=DIRECTION('',(0.,0.,-1.));
#5854=DIRECTION('',(0.,0.,1.));
#5855=DIRECTION('',(1.,0.,0.));
#5856=DIRECTION('',(0.,-1.,0.));
#5857=DIRECTION('',(0.,0.,-1.));
#5858=DIRECTION('',(0.,-1.,0.));
#5859=DIRECTION('',(0.,0.,-1.));
#5860=DIRECTION('',(-0.965925826289068,0.258819045102521,0.));
#5861=DIRECTION('',(-0.258819045102521,-0.965925826289068,0.));
#5862=DIRECTION('',(0.,1.,0.));
#5863=DIRECTION('',(0.,0.,1.));
#5864=DIRECTION('',(-0.965925826289068,0.258819045102521,0.));
#5865=DIRECTION('',(-0.258819045102521,-0.965925826289068,0.));
#5866=DIRECTION('',(-0.17364817766693,0.984807753012208,0.));
#5867=DIRECTION('',(-0.984807753012208,-0.17364817766693,0.));
#5868=DIRECTION('',(0.,1.,0.));
#5869=DIRECTION('',(0.,0.,1.));
#5870=DIRECTION('',(0.,1.,0.));
#5871=DIRECTION('',(0.,0.,1.));
#5872=DIRECTION('',(0.,0.,-1.));
#5873=DIRECTION('',(-0.965925826289068,0.258819045102521,0.));
#5874=DIRECTION('',(-0.258819045102521,-0.965925826289068,0.));
#5875=DIRECTION('',(0.,0.,-1.));
#5876=DIRECTION('',(-0.17364817766693,0.984807753012208,0.));
#5877=DIRECTION('',(-0.984807753012208,-0.17364817766693,0.));
#5878=DIRECTION('',(1.,0.,0.));
#5879=DIRECTION('',(0.,-1.,0.));
#5880=DIRECTION('',(1.,0.,0.));
#5881=DIRECTION('',(0.,0.,-1.));
#5882=DIRECTION('',(0.999048221581858,0.043619387365336,0.));
#5883=DIRECTION('',(-0.043619387365336,0.999048221581858,0.));
#5884=DIRECTION('',(0.,0.,-1.));
#5885=DIRECTION('',(0.999048221581858,0.043619387365336,0.));
#5886=DIRECTION('',(0.043619387365336,-0.999048221581858,0.));
#5887=DIRECTION('',(0.,0.,-1.));
#5888=DIRECTION('',(0.999048221581858,0.043619387365336,0.));
#5889=DIRECTION('',(0.043619387365336,-0.999048221581858,0.));
#5890=DIRECTION('',(0.216439613938103,-0.976296007119933,0.));
#5891=DIRECTION('',(0.976296007119934,0.216439613938103,0.));
#5892=DIRECTION('',(0.,0.,-1.));
#5893=DIRECTION('',(0.216439613938103,-0.976296007119933,0.));
#5894=DIRECTION('',(0.976296007119934,0.216439613938103,0.));
#5895=DIRECTION('',(0.,0.,-1.));
#5896=DIRECTION('',(0.216439613938103,-0.976296007119933,0.));
#5897=DIRECTION('',(0.976296007119934,0.216439613938103,0.));
#5898=DIRECTION('',(-0.923879532511287,-0.38268343236509,0.));
#5899=DIRECTION('',(0.38268343236509,-0.923879532511287,0.));
#5900=DIRECTION('',(-0.923879532511287,-0.38268343236509,0.));
#5901=DIRECTION('',(0.38268343236509,-0.923879532511287,0.));
#5902=DIRECTION('',(0.,0.,-1.));
#5903=DIRECTION('',(-0.923879532511287,-0.38268343236509,0.));
#5904=DIRECTION('',(0.38268343236509,-0.923879532511287,0.));
#5905=DIRECTION('',(0.216439613938103,-0.976296007119933,0.));
#5906=DIRECTION('',(0.976296007119933,0.216439613938103,0.));
#5907=DIRECTION('',(0.216439613938103,-0.976296007119933,0.));
#5908=DIRECTION('',(0.976296007119933,0.216439613938103,0.));
#5909=DIRECTION('',(0.999048221581858,0.043619387365336,0.));
#5910=DIRECTION('',(0.043619387365336,-0.999048221581858,0.));
#5911=DIRECTION('',(0.216439613938103,-0.976296007119933,0.));
#5912=DIRECTION('',(0.976296007119933,0.216439613938103,0.));
#5913=DIRECTION('',(-0.923879532511287,-0.38268343236509,0.));
#5914=DIRECTION('',(0.38268343236509,-0.923879532511287,0.));
#5915=DIRECTION('',(0.216439613938103,-0.976296007119933,0.));
#5916=DIRECTION('',(0.976296007119934,0.216439613938103,0.));
#5917=DIRECTION('',(0.216439613938103,-0.976296007119933,0.));
#5918=DIRECTION('',(0.976296007119933,0.216439613938103,0.));
#5919=DIRECTION('',(0.216439613938103,-0.976296007119933,0.));
#5920=DIRECTION('',(0.976296007119933,0.216439613938103,0.));
#5921=DIRECTION('',(0.216439613938103,-0.976296007119933,0.));
#5922=DIRECTION('',(0.976296007119933,0.216439613938103,0.));
#5923=DIRECTION('',(0.216439613938103,-0.976296007119933,0.));
#5924=DIRECTION('',(0.976296007119933,0.216439613938103,0.));
#5925=DIRECTION('',(0.,0.,-1.));
#5926=DIRECTION('',(0.216439613938103,-0.976296007119933,0.));
#5927=DIRECTION('',(0.976296007119933,0.216439613938103,0.));
#5928=DIRECTION('',(0.216439613938103,-0.976296007119933,0.));
#5929=DIRECTION('',(0.976296007119933,0.216439613938103,0.));
#5930=DIRECTION('',(0.,0.,-1.));
#5931=DIRECTION('',(0.999048221581858,0.043619387365336,0.));
#5932=DIRECTION('',(-0.043619387365336,0.999048221581858,0.));
#5933=DIRECTION('',(0.999048221581858,0.043619387365336,0.));
#5934=DIRECTION('',(0.043619387365336,-0.999048221581858,0.));
#5935=DIRECTION('',(0.216439613938103,-0.976296007119933,0.));
#5936=DIRECTION('',(0.976296007119934,0.216439613938103,0.));
#5937=DIRECTION('',(0.,0.,-1.));
#5938=DIRECTION('',(0.216439613938103,-0.976296007119933,0.));
#5939=DIRECTION('',(0.976296007119934,0.216439613938103,0.));
#5940=DIRECTION('',(-0.923879532511287,-0.38268343236509,0.));
#5941=DIRECTION('',(0.38268343236509,-0.923879532511287,0.));
#5942=DIRECTION('',(-0.923879532511287,-0.38268343236509,0.));
#5943=DIRECTION('',(0.38268343236509,-0.923879532511287,0.));
#5944=DIRECTION('',(0.216439613938103,-0.976296007119933,0.));
#5945=DIRECTION('',(0.976296007119933,0.216439613938103,0.));
#5946=DIRECTION('',(0.216439613938103,-0.976296007119933,0.));
#5947=DIRECTION('',(0.976296007119933,0.216439613938103,0.));
#5948=DIRECTION('',(-0.216439613938103,0.976296007119933,0.));
#5949=DIRECTION('',(-0.976296007119933,-0.216439613938103,0.));
#5950=DIRECTION('',(1.,0.,0.));
#5951=DIRECTION('',(0.,0.,-1.));
#5952=DIRECTION('',(0.216439613938103,-0.976296007119933,0.));
#5953=DIRECTION('',(0.976296007119933,0.216439613938103,0.));
#5954=DIRECTION('',(0.216439613938103,-0.976296007119933,0.));
#5955=DIRECTION('',(0.976296007119933,0.216439613938103,0.));
#5956=DIRECTION('',(0.216439613938103,-0.976296007119933,0.));
#5957=DIRECTION('',(0.976296007119933,0.216439613938103,0.));
#5958=DIRECTION('',(0.216439613938103,-0.976296007119933,0.));
#5959=DIRECTION('',(0.976296007119933,0.216439613938103,0.));
#5960=DIRECTION('',(0.216439613938103,-0.976296007119933,0.));
#5961=DIRECTION('',(0.976296007119933,0.216439613938103,0.));
#5962=DIRECTION('',(0.216439613938103,-0.976296007119933,0.));
#5963=DIRECTION('',(0.976296007119933,0.216439613938103,0.));
#5964=DIRECTION('',(0.216439613938103,-0.976296007119933,0.));
#5965=DIRECTION('',(0.976296007119933,0.216439613938103,0.));
#5966=DIRECTION('',(0.216439613938103,-0.976296007119933,0.));
#5967=DIRECTION('',(0.976296007119933,0.216439613938103,0.));
#5968=DIRECTION('',(-0.216439613938103,0.976296007119933,0.));
#5969=DIRECTION('',(-0.976296007119933,-0.216439613938103,0.));
#5970=DIRECTION('',(1.,0.,0.));
#5971=DIRECTION('',(0.,0.,-1.));
#5972=DIRECTION('',(1.,0.,0.));
#5973=DIRECTION('',(0.,0.,-1.));
#5974=DIRECTION('',(0.,0.,1.));
#5975=DIRECTION('',(0.,-1.,0.));
#5976=DIRECTION('',(0.,0.,1.));
#5977=DIRECTION('',(0.,-1.,0.));
#5978=DIRECTION('',(0.,-1.,0.));
#5979=DIRECTION('',(0.,0.,-1.));
#5980=DIRECTION('',(0.,1.,0.));
#5981=DIRECTION('',(1.,0.,0.));
#5982=DIRECTION('',(0.,-1.,0.));
#5983=DIRECTION('',(0.,1.,0.));
#5984=DIRECTION('',(1.,0.,0.));
#5985=DIRECTION('',(0.,0.,-1.));
#5986=DIRECTION('',(-1.,0.,0.));
#5987=DIRECTION('',(1.,0.,0.));
#5988=DIRECTION('',(0.,-1.,0.));
#5989=DIRECTION('',(1.,0.,0.));
#5990=DIRECTION('',(0.,-1.,0.));
#5991=DIRECTION('',(0.,0.,-1.));
#5992=DIRECTION('',(0.,1.,0.));
#5993=DIRECTION('',(1.,0.,0.));
#5994=DIRECTION('',(0.,-1.,0.));
#5995=DIRECTION('',(0.,1.,0.));
#5996=DIRECTION('',(1.,0.,0.));
#5997=DIRECTION('',(-1.,0.,0.));
#5998=DIRECTION('',(0.,0.,1.));
#5999=DIRECTION('',(0.,0.,-1.));
#6000=DIRECTION('',(0.,-1.,0.));
#6001=DIRECTION('',(0.,0.,-1.));
#6002=DIRECTION('',(0.,-1.,0.));
#6003=DIRECTION('',(0.,0.,-1.));
#6004=DIRECTION('',(0.,1.,0.));
#6005=DIRECTION('',(1.,0.,0.));
#6006=DIRECTION('',(0.,-1.,0.));
#6007=DIRECTION('',(0.,1.,0.));
#6008=DIRECTION('',(1.,0.,0.));
#6009=DIRECTION('',(0.,0.,1.));
#6010=DIRECTION('',(1.,0.,0.));
#6011=DIRECTION('',(-1.,0.,0.));
#6012=DIRECTION('',(0.,-1.,0.));
#6013=DIRECTION('',(-1.,0.,0.));
#6014=DIRECTION('',(0.,-1.,0.));
#6015=DIRECTION('',(0.,0.,-1.));
#6016=DIRECTION('',(0.,1.,0.));
#6017=DIRECTION('',(1.,0.,0.));
#6018=DIRECTION('',(0.,1.,0.));
#6019=DIRECTION('',(1.,0.,0.));
#6020=DIRECTION('',(0.,1.,0.));
#6021=DIRECTION('',(0.,0.,1.));
#6022=DIRECTION('',(0.,1.,0.));
#6023=DIRECTION('',(0.,0.,1.));
#6024=DIRECTION('',(0.,0.,-1.));
#6025=DIRECTION('',(-1.,0.,0.));
#6026=DIRECTION('',(0.,0.,-1.));
#6027=DIRECTION('',(-1.,0.,0.));
#6028=DIRECTION('',(0.,0.,-1.));
#6029=DIRECTION('',(-1.,0.,0.));
#6030=DIRECTION('',(0.,0.,-1.));
#6031=DIRECTION('',(-1.,0.,0.));
#6032=DIRECTION('',(0.,0.,-1.));
#6033=DIRECTION('',(-1.,0.,0.));
#6034=DIRECTION('',(0.,0.,-1.));
#6035=DIRECTION('',(-1.,0.,0.));
#6036=DIRECTION('',(0.,0.,-1.));
#6037=DIRECTION('',(-1.,0.,0.));
#6038=DIRECTION('',(0.,0.,-1.));
#6039=DIRECTION('',(-1.,0.,0.));
#6040=DIRECTION('',(0.,0.,-1.));
#6041=DIRECTION('',(-1.,0.,0.));
#6042=DIRECTION('',(0.,0.,-1.));
#6043=DIRECTION('',(-1.,0.,0.));
#6044=DIRECTION('',(0.,0.,-1.));
#6045=DIRECTION('',(-1.,0.,0.));
#6046=DIRECTION('',(0.,0.,-1.));
#6047=DIRECTION('',(-1.,0.,0.));
#6048=DIRECTION('',(1.,0.,0.));
#6049=DIRECTION('',(0.,0.,-1.));
#6050=DIRECTION('',(0.,-1.,0.));
#6051=DIRECTION('',(0.,0.,-1.));
#6052=DIRECTION('',(0.,-1.,0.));
#6053=DIRECTION('',(0.,1.,0.));
#6054=DIRECTION('',(0.,0.,1.));
#6055=DIRECTION('',(1.,0.,0.));
#6056=DIRECTION('',(0.,0.,-1.));
#6057=DIRECTION('',(1.,0.,0.));
#6058=DIRECTION('',(1.,0.,0.));
#6059=DIRECTION('',(0.,0.,-1.));
#6060=DIRECTION('',(0.,-1.,0.));
#6061=DIRECTION('',(0.,0.,-1.));
#6062=DIRECTION('',(0.,-1.,0.));
#6063=DIRECTION('',(0.,0.,-1.));
#6064=DIRECTION('',(-1.,0.,0.));
#6065=DIRECTION('',(0.,0.,1.));
#6066=DIRECTION('',(1.,0.,0.));
#6067=DIRECTION('',(0.,0.,-1.));
#6068=DIRECTION('',(0.,0.,1.));
#6069=DIRECTION('',(1.,0.,0.));
#6070=DIRECTION('',(-1.,0.,0.));
#6071=DIRECTION('',(0.,0.,1.));
#6072=DIRECTION('',(0.,1.,0.));
#6073=DIRECTION('',(0.,0.,-1.));
#6074=DIRECTION('',(0.,1.,0.));
#6075=DIRECTION('',(-1.26474444151123E-15,1.,0.));
#6076=DIRECTION('',(-1.,-1.26474444151123E-15,0.));
#6077=DIRECTION('',(1.,1.26474444151123E-15,0.));
#6078=DIRECTION('',(0.,0.,-1.));
#6079=DIRECTION('',(1.,1.26474444151123E-15,0.));
#6080=DIRECTION('',(-1.,0.,0.));
#6081=DIRECTION('',(0.,0.,1.));
#6082=DIRECTION('',(0.,1.,0.));
#6083=DIRECTION('',(0.,1.,0.));
#6084=DIRECTION('',(0.,0.,1.));
#6085=DIRECTION('',(1.,0.,0.));
#6086=DIRECTION('',(0.,0.,1.));
#6087=DIRECTION('',(1.,0.,0.));
#6088=DIRECTION('',(1.,0.,0.));
#6089=DIRECTION('',(0.,0.,-1.));
#6090=DIRECTION('',(0.,-1.,0.));
#6091=DIRECTION('',(0.,0.,-1.));
#6092=DIRECTION('',(0.,-1.,0.));
#6093=DIRECTION('',(0.,1.,0.));
#6094=DIRECTION('',(0.,0.,1.));
#6095=DIRECTION('',(1.,0.,0.));
#6096=DIRECTION('',(0.,0.,-1.));
#6097=DIRECTION('',(1.,0.,0.));
#6098=DIRECTION('',(1.,0.,0.));
#6099=DIRECTION('',(0.,0.,-1.));
#6100=DIRECTION('',(0.,-1.,0.));
#6101=DIRECTION('',(0.,0.,-1.));
#6102=DIRECTION('',(0.,-1.,0.));
#6103=DIRECTION('',(0.,0.,-1.));
#6104=DIRECTION('',(-1.,0.,0.));
#6105=DIRECTION('',(0.,0.,1.));
#6106=DIRECTION('',(1.,0.,0.));
#6107=DIRECTION('',(0.,0.,-1.));
#6108=DIRECTION('',(0.,0.,1.));
#6109=DIRECTION('',(1.,0.,0.));
#6110=DIRECTION('',(-1.,0.,0.));
#6111=DIRECTION('',(0.,0.,1.));
#6112=DIRECTION('',(0.,1.,0.));
#6113=DIRECTION('',(0.,0.,-1.));
#6114=DIRECTION('',(0.,1.,0.));
#6115=DIRECTION('',(-1.26474444151123E-15,1.,0.));
#6116=DIRECTION('',(-1.,-1.26474444151123E-15,0.));
#6117=DIRECTION('',(1.,1.26474444151123E-15,0.));
#6118=DIRECTION('',(0.,0.,-1.));
#6119=DIRECTION('',(1.,1.26474444151123E-15,0.));
#6120=DIRECTION('',(-1.,0.,0.));
#6121=DIRECTION('',(0.,0.,1.));
#6122=DIRECTION('',(0.,1.,0.));
#6123=DIRECTION('',(0.,1.,0.));
#6124=DIRECTION('',(0.,0.,1.));
#6125=DIRECTION('',(1.,0.,0.));
#6126=DIRECTION('',(0.,0.,1.));
#6127=DIRECTION('',(1.,0.,0.));
#6128=DIRECTION('',(1.,0.,0.));
#6129=DIRECTION('',(0.,0.,-1.));
#6130=DIRECTION('',(0.,-1.,0.));
#6131=DIRECTION('',(0.,0.,-1.));
#6132=DIRECTION('',(0.,-1.,0.));
#6133=DIRECTION('',(0.,1.,0.));
#6134=DIRECTION('',(0.,0.,1.));
#6135=DIRECTION('',(1.,0.,0.));
#6136=DIRECTION('',(0.,0.,-1.));
#6137=DIRECTION('',(1.,0.,0.));
#6138=DIRECTION('',(1.,0.,0.));
#6139=DIRECTION('',(0.,0.,-1.));
#6140=DIRECTION('',(0.,-1.,0.));
#6141=DIRECTION('',(0.,0.,-1.));
#6142=DIRECTION('',(0.,-1.,0.));
#6143=DIRECTION('',(0.,0.,-1.));
#6144=DIRECTION('',(-1.,0.,0.));
#6145=DIRECTION('',(0.,0.,1.));
#6146=DIRECTION('',(1.,0.,0.));
#6147=DIRECTION('',(0.,0.,-1.));
#6148=DIRECTION('',(0.,0.,1.));
#6149=DIRECTION('',(1.,0.,0.));
#6150=DIRECTION('',(-1.,0.,0.));
#6151=DIRECTION('',(0.,0.,1.));
#6152=DIRECTION('',(0.,1.,0.));
#6153=DIRECTION('',(0.,0.,-1.));
#6154=DIRECTION('',(0.,1.,0.));
#6155=DIRECTION('',(-1.26474444151123E-15,1.,0.));
#6156=DIRECTION('',(-1.,-1.26474444151123E-15,0.));
#6157=DIRECTION('',(1.,1.26474444151123E-15,0.));
#6158=DIRECTION('',(0.,0.,-1.));
#6159=DIRECTION('',(1.,1.26474444151123E-15,0.));
#6160=DIRECTION('',(-1.,0.,0.));
#6161=DIRECTION('',(0.,0.,1.));
#6162=DIRECTION('',(0.,1.,0.));
#6163=DIRECTION('',(0.,1.,0.));
#6164=DIRECTION('',(0.,0.,1.));
#6165=DIRECTION('',(1.,0.,0.));
#6166=DIRECTION('',(0.,0.,1.));
#6167=DIRECTION('',(1.,0.,0.));
#6168=DIRECTION('',(1.,0.,0.));
#6169=DIRECTION('',(0.,0.,-1.));
#6170=DIRECTION('',(0.,-1.,0.));
#6171=DIRECTION('',(0.,0.,-1.));
#6172=DIRECTION('',(0.,-1.,0.));
#6173=DIRECTION('',(0.,1.,0.));
#6174=DIRECTION('',(0.,0.,1.));
#6175=DIRECTION('',(1.,0.,0.));
#6176=DIRECTION('',(0.,0.,-1.));
#6177=DIRECTION('',(1.,0.,0.));
#6178=DIRECTION('',(1.,0.,0.));
#6179=DIRECTION('',(0.,0.,-1.));
#6180=DIRECTION('',(0.,-1.,0.));
#6181=DIRECTION('',(0.,0.,-1.));
#6182=DIRECTION('',(0.,-1.,0.));
#6183=DIRECTION('',(0.,0.,-1.));
#6184=DIRECTION('',(-1.,0.,0.));
#6185=DIRECTION('',(0.,0.,1.));
#6186=DIRECTION('',(1.,0.,0.));
#6187=DIRECTION('',(0.,0.,-1.));
#6188=DIRECTION('',(0.,0.,1.));
#6189=DIRECTION('',(1.,0.,0.));
#6190=DIRECTION('',(-1.,0.,0.));
#6191=DIRECTION('',(0.,0.,1.));
#6192=DIRECTION('',(0.,1.,0.));
#6193=DIRECTION('',(0.,0.,-1.));
#6194=DIRECTION('',(0.,1.,0.));
#6195=DIRECTION('',(-1.26474444151123E-15,1.,0.));
#6196=DIRECTION('',(-1.,-1.26474444151123E-15,0.));
#6197=DIRECTION('',(1.,1.26474444151123E-15,0.));
#6198=DIRECTION('',(0.,0.,-1.));
#6199=DIRECTION('',(1.,1.26474444151123E-15,0.));
#6200=DIRECTION('',(-1.,0.,0.));
#6201=DIRECTION('',(0.,0.,1.));
#6202=DIRECTION('',(0.,1.,0.));
#6203=DIRECTION('',(0.,1.,0.));
#6204=DIRECTION('',(0.,0.,1.));
#6205=DIRECTION('',(1.,0.,0.));
#6206=DIRECTION('',(0.,0.,1.));
#6207=DIRECTION('',(1.,0.,0.));
#6208=DIRECTION('',(1.,0.,0.));
#6209=DIRECTION('',(0.,0.,-1.));
#6210=DIRECTION('',(0.,-1.,0.));
#6211=DIRECTION('',(0.,0.,-1.));
#6212=DIRECTION('',(0.,-1.,0.));
#6213=DIRECTION('',(0.,1.,0.));
#6214=DIRECTION('',(0.,0.,1.));
#6215=DIRECTION('',(1.,0.,0.));
#6216=DIRECTION('',(0.,0.,-1.));
#6217=DIRECTION('',(1.,0.,0.));
#6218=DIRECTION('',(1.,0.,0.));
#6219=DIRECTION('',(0.,0.,-1.));
#6220=DIRECTION('',(0.,-1.,0.));
#6221=DIRECTION('',(0.,0.,-1.));
#6222=DIRECTION('',(0.,-1.,0.));
#6223=DIRECTION('',(0.,0.,-1.));
#6224=DIRECTION('',(-1.,0.,0.));
#6225=DIRECTION('',(0.,0.,1.));
#6226=DIRECTION('',(1.,0.,0.));
#6227=DIRECTION('',(0.,0.,-1.));
#6228=DIRECTION('',(0.,0.,1.));
#6229=DIRECTION('',(1.,0.,0.));
#6230=DIRECTION('',(-1.,0.,0.));
#6231=DIRECTION('',(0.,0.,1.));
#6232=DIRECTION('',(0.,1.,0.));
#6233=DIRECTION('',(0.,0.,-1.));
#6234=DIRECTION('',(0.,1.,0.));
#6235=DIRECTION('',(-1.26474444151123E-15,1.,0.));
#6236=DIRECTION('',(-1.,-1.26474444151123E-15,0.));
#6237=DIRECTION('',(1.,1.26474444151123E-15,0.));
#6238=DIRECTION('',(0.,0.,-1.));
#6239=DIRECTION('',(1.,1.26474444151123E-15,0.));
#6240=DIRECTION('',(-1.,0.,0.));
#6241=DIRECTION('',(0.,0.,1.));
#6242=DIRECTION('',(0.,1.,0.));
#6243=DIRECTION('',(0.,1.,0.));
#6244=DIRECTION('',(0.,0.,1.));
#6245=DIRECTION('',(1.,0.,0.));
#6246=DIRECTION('',(0.,0.,1.));
#6247=DIRECTION('',(1.,0.,0.));
#6248=DIRECTION('',(1.,0.,0.));
#6249=DIRECTION('',(0.,0.,-1.));
#6250=DIRECTION('',(0.,-1.,0.));
#6251=DIRECTION('',(0.,0.,-1.));
#6252=DIRECTION('',(0.,-1.,0.));
#6253=DIRECTION('',(0.,1.,0.));
#6254=DIRECTION('',(0.,0.,1.));
#6255=DIRECTION('',(1.,0.,0.));
#6256=DIRECTION('',(0.,0.,-1.));
#6257=DIRECTION('',(1.,0.,0.));
#6258=DIRECTION('',(1.,0.,0.));
#6259=DIRECTION('',(0.,0.,-1.));
#6260=DIRECTION('',(0.,-1.,0.));
#6261=DIRECTION('',(0.,0.,-1.));
#6262=DIRECTION('',(0.,-1.,0.));
#6263=DIRECTION('',(0.,0.,-1.));
#6264=DIRECTION('',(-1.,0.,0.));
#6265=DIRECTION('',(0.,0.,1.));
#6266=DIRECTION('',(1.,0.,0.));
#6267=DIRECTION('',(0.,0.,-1.));
#6268=DIRECTION('',(0.,0.,1.));
#6269=DIRECTION('',(1.,0.,0.));
#6270=DIRECTION('',(-1.,0.,0.));
#6271=DIRECTION('',(0.,0.,1.));
#6272=DIRECTION('',(0.,1.,0.));
#6273=DIRECTION('',(0.,0.,-1.));
#6274=DIRECTION('',(0.,1.,0.));
#6275=DIRECTION('',(-1.26474444151123E-15,1.,0.));
#6276=DIRECTION('',(-1.,-1.26474444151123E-15,0.));
#6277=DIRECTION('',(1.,1.26474444151123E-15,0.));
#6278=DIRECTION('',(0.,0.,-1.));
#6279=DIRECTION('',(1.,1.26474444151123E-15,0.));
#6280=DIRECTION('',(-1.,0.,0.));
#6281=DIRECTION('',(0.,0.,1.));
#6282=DIRECTION('',(0.,1.,0.));
#6283=DIRECTION('',(0.,1.,0.));
#6284=DIRECTION('',(0.,0.,1.));
#6285=DIRECTION('',(1.,0.,0.));
#6286=DIRECTION('',(0.,0.,1.));
#6287=DIRECTION('',(1.,0.,0.));
#6288=DIRECTION('',(0.,0.,1.));
#6289=DIRECTION('',(1.,0.,0.));
#6290=CARTESIAN_POINT('',(0.,0.,0.));
#6291=CARTESIAN_POINT('',(-0.21488,-0.37,0.24088));
#6292=CARTESIAN_POINT('',(-0.131,-0.37,0.24088));
#6293=CARTESIAN_POINT('',(-0.131,-0.37,0.0155));
#6294=CARTESIAN_POINT('',(-0.131,-0.37,-0.0155));
#6295=CARTESIAN_POINT('',(-0.21488,-0.37,0.0155));
#6296=CARTESIAN_POINT('',(-0.058,-0.37,0.0155));
#6297=CARTESIAN_POINT('',(-0.0579999999999999,-0.37,0.24088));
#6298=CARTESIAN_POINT('',(-0.058,-0.37,-0.0155));
#6299=CARTESIAN_POINT('',(-0.21488,-0.37,-0.0155));
#6300=CARTESIAN_POINT('',(-0.131,-0.37,0.24088));
#6301=CARTESIAN_POINT('',(-0.131,-0.37,0.2005));
#6302=CARTESIAN_POINT('',(-0.131,-0.37,0.1695));
#6303=CARTESIAN_POINT('',(-0.21488,-0.37,0.2005));
#6304=CARTESIAN_POINT('',(-0.058,-0.37,0.2005));
#6305=CARTESIAN_POINT('',(-0.058,-0.37,0.24088));
#6306=CARTESIAN_POINT('',(-0.058,-0.37,0.1695));
#6307=CARTESIAN_POINT('',(-0.21488,-0.37,0.1695));
#6308=CARTESIAN_POINT('',(-0.131,-0.37,0.24088));
#6309=CARTESIAN_POINT('',(-0.131,-0.37,-0.1695));
#6310=CARTESIAN_POINT('',(-0.131,-0.37,-0.2005));
#6311=CARTESIAN_POINT('',(-0.21488,-0.37,-0.1695));
#6312=CARTESIAN_POINT('',(-0.058,-0.37,-0.1695));
#6313=CARTESIAN_POINT('',(-0.0579999999999999,-0.37,0.24088));
#6314=CARTESIAN_POINT('',(-0.058,-0.37,-0.2005));
#6315=CARTESIAN_POINT('',(-0.21488,-0.37,-0.2005));
#6316=CARTESIAN_POINT('',(-0.22,-0.37,-0.24088));
#6317=CARTESIAN_POINT('',(-0.22,-0.37,-0.24088));
#6318=CARTESIAN_POINT('',(-0.22,-0.37,0.24088));
#6319=CARTESIAN_POINT('',(-0.21488,-0.37,-0.24088));
#6320=CARTESIAN_POINT('',(-0.21488,-0.37,-0.246));
#6321=CARTESIAN_POINT('',(0.21488,-0.37,-0.246));
#6322=CARTESIAN_POINT('',(0.21488,-0.37,-0.246));
#6323=CARTESIAN_POINT('',(0.21488,-0.37,-0.24088));
#6324=CARTESIAN_POINT('',(0.22,-0.37,-0.24088));
#6325=CARTESIAN_POINT('',(0.22,-0.37,0.24088));
#6326=CARTESIAN_POINT('',(0.22,-0.37,0.24088));
#6327=CARTESIAN_POINT('',(0.21488,-0.37,0.24088));
#6328=CARTESIAN_POINT('',(0.21488,-0.37,0.246));
#6329=CARTESIAN_POINT('',(-0.21488,-0.37,0.246));
#6330=CARTESIAN_POINT('',(-0.21488,-0.37,0.246));
#6331=CARTESIAN_POINT('',(-0.21488,-0.37,0.24088));
#6332=CARTESIAN_POINT('',(0.058,-0.37,0.24088));
#6333=CARTESIAN_POINT('',(0.058,-0.37,0.2005));
#6334=CARTESIAN_POINT('',(0.058,-0.37,0.1695));
#6335=CARTESIAN_POINT('',(-0.21488,-0.37,0.2005));
#6336=CARTESIAN_POINT('',(0.131,-0.37,0.2005));
#6337=CARTESIAN_POINT('',(0.131,-0.37,0.24088));
#6338=CARTESIAN_POINT('',(0.131,-0.37,0.1695));
#6339=CARTESIAN_POINT('',(-0.21488,-0.37,0.1695));
#6340=CARTESIAN_POINT('',(0.058,-0.37,0.24088));
#6341=CARTESIAN_POINT('',(0.058,-0.37,0.0155));
#6342=CARTESIAN_POINT('',(0.058,-0.37,-0.0155));
#6343=CARTESIAN_POINT('',(-0.21488,-0.37,0.0155));
#6344=CARTESIAN_POINT('',(0.131,-0.37,0.0155));
#6345=CARTESIAN_POINT('',(0.131,-0.37,0.24088));
#6346=CARTESIAN_POINT('',(0.131,-0.37,-0.0155));
#6347=CARTESIAN_POINT('',(-0.21488,-0.37,-0.0155));
#6348=CARTESIAN_POINT('',(0.058,-0.37,0.24088));
#6349=CARTESIAN_POINT('',(0.058,-0.37,-0.1695));
#6350=CARTESIAN_POINT('',(0.058,-0.37,-0.2005));
#6351=CARTESIAN_POINT('',(-0.21488,-0.37,-0.1695));
#6352=CARTESIAN_POINT('',(0.131,-0.37,-0.1695));
#6353=CARTESIAN_POINT('',(0.131,-0.37,0.24088));
#6354=CARTESIAN_POINT('',(0.131,-0.37,-0.2005));
#6355=CARTESIAN_POINT('',(-0.21488,-0.37,-0.2005));
#6356=CARTESIAN_POINT('',(-0.24,-0.371,0.2025));
#6357=CARTESIAN_POINT('',(-0.24,-0.01,0.2025));
#6358=CARTESIAN_POINT('',(-0.24,-0.01,0.2025));
#6359=CARTESIAN_POINT('',(-0.25,-0.01,0.2025));
#6360=CARTESIAN_POINT('',(-0.24,-0.371,0.2025));
#6361=CARTESIAN_POINT('',(-0.24,-0.371,0.2025));
#6362=CARTESIAN_POINT('',(-0.24,-0.371,0.2025));
#6363=CARTESIAN_POINT('',(-0.25,-0.371,0.2025));
#6364=CARTESIAN_POINT('',(-0.25,-0.371,0.2025));
#6365=CARTESIAN_POINT('',(-0.25,-0.371,0.2025));
#6366=CARTESIAN_POINT('',(-0.25,-0.01,0.2025));
#6367=CARTESIAN_POINT('',(-0.25,-0.01,0.25088));
#6368=CARTESIAN_POINT('',(-0.25,-0.371,0.2025));
#6369=CARTESIAN_POINT('',(-0.25,-0.371,0.25088));
#6370=CARTESIAN_POINT('',(-0.25,-0.371,0.25088));
#6371=CARTESIAN_POINT('',(-0.24488,-0.371,0.25088));
#6372=CARTESIAN_POINT('',(-0.24488,-0.01,0.25088));
#6373=CARTESIAN_POINT('',(-0.24488,-0.01,0.256));
#6374=CARTESIAN_POINT('',(-0.24488,-0.371,0.25088));
#6375=CARTESIAN_POINT('',(-0.24488,-0.371,0.256));
#6376=CARTESIAN_POINT('',(-0.24488,-0.371,0.256));
#6377=CARTESIAN_POINT('',(-0.24488,-0.371,0.256));
#6378=CARTESIAN_POINT('',(-0.24488,-0.01,0.256));
#6379=CARTESIAN_POINT('',(0.24488,-0.01,0.256));
#6380=CARTESIAN_POINT('',(-0.24488,-0.371,0.256));
#6381=CARTESIAN_POINT('',(0.24488,-0.371,0.256));
#6382=CARTESIAN_POINT('',(0.24488,-0.371,0.256));
#6383=CARTESIAN_POINT('',(0.24488,-0.371,0.25088));
#6384=CARTESIAN_POINT('',(0.24488,-0.01,0.25088));
#6385=CARTESIAN_POINT('',(0.25,-0.01,0.25088));
#6386=CARTESIAN_POINT('',(0.24488,-0.371,0.25088));
#6387=CARTESIAN_POINT('',(0.25,-0.371,0.25088));
#6388=CARTESIAN_POINT('',(0.25,-0.371,0.25088));
#6389=CARTESIAN_POINT('',(0.25,-0.371,0.25088));
#6390=CARTESIAN_POINT('',(0.25,-0.01,0.25088));
#6391=CARTESIAN_POINT('',(0.25,-0.01,0.2025));
#6392=CARTESIAN_POINT('',(0.25,-0.371,0.25088));
#6393=CARTESIAN_POINT('',(0.25,-0.371,0.2025));
#6394=CARTESIAN_POINT('',(0.25,-0.371,0.2025));
#6395=CARTESIAN_POINT('',(0.25,-0.371,0.2025));
#6396=CARTESIAN_POINT('',(0.25,-0.01,0.2025));
#6397=CARTESIAN_POINT('',(0.24,-0.01,0.2025));
#6398=CARTESIAN_POINT('',(0.25,-0.371,0.2025));
#6399=CARTESIAN_POINT('',(0.24,-0.371,0.2025));
#6400=CARTESIAN_POINT('',(0.24,-0.371,0.2025));
#6401=CARTESIAN_POINT('',(0.24,-0.371,0.2025));
#6402=CARTESIAN_POINT('',(0.24,-0.01,0.2025));
#6403=CARTESIAN_POINT('',(0.24,-0.01,0.115736730192915));
#6404=CARTESIAN_POINT('',(0.24,-0.371,0.2025));
#6405=CARTESIAN_POINT('',(0.24,-0.371,0.115736730192915));
#6406=CARTESIAN_POINT('',(0.24,-0.371,0.115736730192915));
#6407=CARTESIAN_POINT('',(0.24,-0.371,0.115736730192915));
#6408=CARTESIAN_POINT('',(0.24,-0.01,0.115736730192915));
#6409=CARTESIAN_POINT('',(0.225,-0.01,0.113091825482288));
#6410=CARTESIAN_POINT('',(0.24,-0.371,0.115736730192915));
#6411=CARTESIAN_POINT('',(0.225,-0.371,0.113091825482288));
#6412=CARTESIAN_POINT('',(0.225,-0.371,0.113091825482288));
#6413=CARTESIAN_POINT('',(0.225,-0.371,0.113091825482288));
#6414=CARTESIAN_POINT('',(0.225,-0.01,0.113091825482288));
#6415=CARTESIAN_POINT('',(0.225,-0.01,0.0719081745177116));
#6416=CARTESIAN_POINT('',(0.225,-0.371,0.113091825482288));
#6417=CARTESIAN_POINT('',(0.225,-0.371,0.0719081745177116));
#6418=CARTESIAN_POINT('',(0.225,-0.371,0.0719081745177116));
#6419=CARTESIAN_POINT('',(0.225,-0.371,0.0719081745177116));
#6420=CARTESIAN_POINT('',(0.225,-0.01,0.0719081745177116));
#6421=CARTESIAN_POINT('',(0.24,-0.01,0.0692632698070847));
#6422=CARTESIAN_POINT('',(0.225,-0.371,0.0719081745177116));
#6423=CARTESIAN_POINT('',(0.24,-0.371,0.0692632698070847));
#6424=CARTESIAN_POINT('',(0.24,-0.371,0.0692632698070847));
#6425=CARTESIAN_POINT('',(0.24,-0.371,0.0692632698070847));
#6426=CARTESIAN_POINT('',(0.24,-0.01,0.0692632698070847));
#6427=CARTESIAN_POINT('',(0.24,-0.01,-0.0692632698070846));
#6428=CARTESIAN_POINT('',(0.24,-0.371,0.0692632698070847));
#6429=CARTESIAN_POINT('',(0.24,-0.371,-0.0692632698070846));
#6430=CARTESIAN_POINT('',(0.24,-0.371,-0.0692632698070846));
#6431=CARTESIAN_POINT('',(0.24,-0.371,-0.0692632698070846));
#6432=CARTESIAN_POINT('',(0.24,-0.01,-0.0692632698070846));
#6433=CARTESIAN_POINT('',(0.225,-0.01,-0.0719081745177116));
#6434=CARTESIAN_POINT('',(0.24,-0.371,-0.0692632698070846));
#6435=CARTESIAN_POINT('',(0.225,-0.371,-0.0719081745177116));
#6436=CARTESIAN_POINT('',(0.225,-0.371,-0.0719081745177116));
#6437=CARTESIAN_POINT('',(0.225,-0.371,-0.0719081745177116));
#6438=CARTESIAN_POINT('',(0.225,-0.01,-0.0719081745177116));
#6439=CARTESIAN_POINT('',(0.225,-0.01,-0.113091825482288));
#6440=CARTESIAN_POINT('',(0.225,-0.371,-0.0719081745177116));
#6441=CARTESIAN_POINT('',(0.225,-0.371,-0.113091825482288));
#6442=CARTESIAN_POINT('',(0.225,-0.371,-0.113091825482288));
#6443=CARTESIAN_POINT('',(0.225,-0.371,-0.113091825482288));
#6444=CARTESIAN_POINT('',(0.225,-0.01,-0.113091825482288));
#6445=CARTESIAN_POINT('',(0.24,-0.01,-0.115736730192915));
#6446=CARTESIAN_POINT('',(0.225,-0.371,-0.113091825482288));
#6447=CARTESIAN_POINT('',(0.24,-0.371,-0.115736730192915));
#6448=CARTESIAN_POINT('',(0.24,-0.371,-0.115736730192915));
#6449=CARTESIAN_POINT('',(0.24,-0.371,-0.115736730192915));
#6450=CARTESIAN_POINT('',(0.24,-0.01,-0.115736730192915));
#6451=CARTESIAN_POINT('',(0.24,-0.01,-0.2025));
#6452=CARTESIAN_POINT('',(0.24,-0.371,-0.115736730192915));
#6453=CARTESIAN_POINT('',(0.24,-0.371,-0.2025));
#6454=CARTESIAN_POINT('',(0.24,-0.371,-0.2025));
#6455=CARTESIAN_POINT('',(0.24,-0.371,-0.2025));
#6456=CARTESIAN_POINT('',(0.24,-0.01,-0.2025));
#6457=CARTESIAN_POINT('',(0.25,-0.01,-0.2025));
#6458=CARTESIAN_POINT('',(0.24,-0.371,-0.2025));
#6459=CARTESIAN_POINT('',(0.25,-0.371,-0.2025));
#6460=CARTESIAN_POINT('',(0.25,-0.371,-0.2025));
#6461=CARTESIAN_POINT('',(0.25,-0.371,-0.2025));
#6462=CARTESIAN_POINT('',(0.25,-0.01,-0.2025));
#6463=CARTESIAN_POINT('',(0.25,-0.01,-0.25088));
#6464=CARTESIAN_POINT('',(0.25,-0.371,-0.2025));
#6465=CARTESIAN_POINT('',(0.25,-0.371,-0.25088));
#6466=CARTESIAN_POINT('',(0.25,-0.371,-0.25088));
#6467=CARTESIAN_POINT('',(0.24488,-0.371,-0.25088));
#6468=CARTESIAN_POINT('',(0.24488,-0.01,-0.25088));
#6469=CARTESIAN_POINT('',(0.24488,-0.01,-0.256));
#6470=CARTESIAN_POINT('',(0.24488,-0.371,-0.25088));
#6471=CARTESIAN_POINT('',(0.24488,-0.371,-0.256));
#6472=CARTESIAN_POINT('',(0.24488,-0.371,-0.256));
#6473=CARTESIAN_POINT('',(0.24488,-0.371,-0.256));
#6474=CARTESIAN_POINT('',(0.24488,-0.01,-0.256));
#6475=CARTESIAN_POINT('',(-0.24488,-0.01,-0.256));
#6476=CARTESIAN_POINT('',(0.24488,-0.371,-0.256));
#6477=CARTESIAN_POINT('',(-0.24488,-0.371,-0.256));
#6478=CARTESIAN_POINT('',(-0.24488,-0.371,-0.256));
#6479=CARTESIAN_POINT('',(-0.24488,-0.371,-0.25088));
#6480=CARTESIAN_POINT('',(-0.24488,-0.01,-0.25088));
#6481=CARTESIAN_POINT('',(-0.25,-0.01,-0.25088));
#6482=CARTESIAN_POINT('',(-0.24488,-0.371,-0.25088));
#6483=CARTESIAN_POINT('',(-0.25,-0.371,-0.25088));
#6484=CARTESIAN_POINT('',(-0.25,-0.371,-0.25088));
#6485=CARTESIAN_POINT('',(-0.25,-0.371,-0.25088));
#6486=CARTESIAN_POINT('',(-0.25,-0.01,-0.25088));
#6487=CARTESIAN_POINT('',(-0.25,-0.01,-0.2025));
#6488=CARTESIAN_POINT('',(-0.25,-0.371,-0.25088));
#6489=CARTESIAN_POINT('',(-0.25,-0.371,-0.2025));
#6490=CARTESIAN_POINT('',(-0.25,-0.371,-0.2025));
#6491=CARTESIAN_POINT('',(-0.25,-0.371,-0.2025));
#6492=CARTESIAN_POINT('',(-0.25,-0.01,-0.2025));
#6493=CARTESIAN_POINT('',(-0.24,-0.01,-0.2025));
#6494=CARTESIAN_POINT('',(-0.25,-0.371,-0.2025));
#6495=CARTESIAN_POINT('',(-0.24,-0.371,-0.2025));
#6496=CARTESIAN_POINT('',(-0.24,-0.371,-0.2025));
#6497=CARTESIAN_POINT('',(-0.24,-0.371,-0.2025));
#6498=CARTESIAN_POINT('',(-0.24,-0.01,-0.2025));
#6499=CARTESIAN_POINT('',(-0.24,-0.01,-0.115736730192915));
#6500=CARTESIAN_POINT('',(-0.24,-0.371,-0.2025));
#6501=CARTESIAN_POINT('',(-0.24,-0.371,-0.115736730192915));
#6502=CARTESIAN_POINT('',(-0.24,-0.371,-0.115736730192915));
#6503=CARTESIAN_POINT('',(-0.24,-0.371,-0.115736730192915));
#6504=CARTESIAN_POINT('',(-0.24,-0.01,-0.115736730192915));
#6505=CARTESIAN_POINT('',(-0.225,-0.01,-0.113091825482288));
#6506=CARTESIAN_POINT('',(-0.24,-0.371,-0.115736730192915));
#6507=CARTESIAN_POINT('',(-0.225,-0.371,-0.113091825482288));
#6508=CARTESIAN_POINT('',(-0.225,-0.371,-0.113091825482288));
#6509=CARTESIAN_POINT('',(-0.225,-0.371,-0.113091825482288));
#6510=CARTESIAN_POINT('',(-0.225,-0.01,-0.113091825482288));
#6511=CARTESIAN_POINT('',(-0.225,-0.01,-0.0719081745177116));
#6512=CARTESIAN_POINT('',(-0.225,-0.371,-0.113091825482288));
#6513=CARTESIAN_POINT('',(-0.225,-0.371,-0.0719081745177116));
#6514=CARTESIAN_POINT('',(-0.225,-0.371,-0.0719081745177116));
#6515=CARTESIAN_POINT('',(-0.225,-0.371,-0.0719081745177116));
#6516=CARTESIAN_POINT('',(-0.225,-0.01,-0.0719081745177116));
#6517=CARTESIAN_POINT('',(-0.24,-0.01,-0.0692632698070847));
#6518=CARTESIAN_POINT('',(-0.225,-0.371,-0.0719081745177116));
#6519=CARTESIAN_POINT('',(-0.24,-0.371,-0.0692632698070847));
#6520=CARTESIAN_POINT('',(-0.24,-0.371,-0.0692632698070847));
#6521=CARTESIAN_POINT('',(-0.24,-0.371,-0.0692632698070847));
#6522=CARTESIAN_POINT('',(-0.24,-0.01,-0.0692632698070847));
#6523=CARTESIAN_POINT('',(-0.24,-0.01,0.0692632698070846));
#6524=CARTESIAN_POINT('',(-0.24,-0.371,-0.0692632698070847));
#6525=CARTESIAN_POINT('',(-0.24,-0.371,0.0692632698070846));
#6526=CARTESIAN_POINT('',(-0.24,-0.371,0.0692632698070846));
#6527=CARTESIAN_POINT('',(-0.24,-0.371,0.0692632698070846));
#6528=CARTESIAN_POINT('',(-0.24,-0.01,0.0692632698070846));
#6529=CARTESIAN_POINT('',(-0.225,-0.01,0.0719081745177116));
#6530=CARTESIAN_POINT('',(-0.24,-0.371,0.0692632698070846));
#6531=CARTESIAN_POINT('',(-0.225,-0.371,0.0719081745177116));
#6532=CARTESIAN_POINT('',(-0.225,-0.371,0.0719081745177116));
#6533=CARTESIAN_POINT('',(-0.225,-0.371,0.0719081745177116));
#6534=CARTESIAN_POINT('',(-0.225,-0.01,0.0719081745177116));
#6535=CARTESIAN_POINT('',(-0.225,-0.01,0.113091825482288));
#6536=CARTESIAN_POINT('',(-0.225,-0.371,0.0719081745177116));
#6537=CARTESIAN_POINT('',(-0.225,-0.371,0.113091825482288));
#6538=CARTESIAN_POINT('',(-0.225,-0.371,0.113091825482288));
#6539=CARTESIAN_POINT('',(-0.225,-0.371,0.113091825482288));
#6540=CARTESIAN_POINT('',(-0.225,-0.01,0.113091825482288));
#6541=CARTESIAN_POINT('',(-0.24,-0.01,0.115736730192915));
#6542=CARTESIAN_POINT('',(-0.225,-0.371,0.113091825482288));
#6543=CARTESIAN_POINT('',(-0.24,-0.371,0.115736730192915));
#6544=CARTESIAN_POINT('',(-0.24,-0.371,0.115736730192915));
#6545=CARTESIAN_POINT('',(-0.24,-0.371,0.115736730192915));
#6546=CARTESIAN_POINT('',(-0.24,-0.01,0.115736730192915));
#6547=CARTESIAN_POINT('',(-0.24,-0.371,0.115736730192915));
#6548=CARTESIAN_POINT('',(-0.24488,-0.371,0.25088));
#6549=CARTESIAN_POINT('',(-0.22,-0.371,-0.24088));
#6550=CARTESIAN_POINT('',(-0.22,-0.371,-0.24088));
#6551=CARTESIAN_POINT('',(-0.22,-0.371,0.24088));
#6552=CARTESIAN_POINT('',(-0.21488,-0.371,0.24088));
#6553=CARTESIAN_POINT('',(-0.21488,-0.371,0.246));
#6554=CARTESIAN_POINT('',(-0.21488,-0.371,0.246));
#6555=CARTESIAN_POINT('',(0.21488,-0.371,0.246));
#6556=CARTESIAN_POINT('',(0.21488,-0.371,0.24088));
#6557=CARTESIAN_POINT('',(0.22,-0.371,0.24088));
#6558=CARTESIAN_POINT('',(0.22,-0.371,0.24088));
#6559=CARTESIAN_POINT('',(0.22,-0.371,-0.24088));
#6560=CARTESIAN_POINT('',(0.21488,-0.371,-0.24088));
#6561=CARTESIAN_POINT('',(0.21488,-0.371,-0.246));
#6562=CARTESIAN_POINT('',(0.21488,-0.371,-0.246));
#6563=CARTESIAN_POINT('',(-0.21488,-0.371,-0.246));
#6564=CARTESIAN_POINT('',(-0.21488,-0.371,-0.24088));
#6565=CARTESIAN_POINT('',(-0.24488,-0.01,0.25088));
#6566=CARTESIAN_POINT('',(-0.22,-0.37,-0.24088));
#6567=CARTESIAN_POINT('',(-0.22,-0.37,-0.24088));
#6568=CARTESIAN_POINT('',(-0.22,-0.37,0.24088));
#6569=CARTESIAN_POINT('',(-0.21488,-0.37,0.24088));
#6570=CARTESIAN_POINT('',(-0.21488,-0.37,0.246));
#6571=CARTESIAN_POINT('',(-0.21488,-0.37,0.246));
#6572=CARTESIAN_POINT('',(0.21488,-0.37,0.246));
#6573=CARTESIAN_POINT('',(0.21488,-0.37,0.24088));
#6574=CARTESIAN_POINT('',(0.22,-0.37,0.24088));
#6575=CARTESIAN_POINT('',(0.22,-0.37,0.24088));
#6576=CARTESIAN_POINT('',(0.22,-0.37,-0.24088));
#6577=CARTESIAN_POINT('',(0.21488,-0.37,-0.24088));
#6578=CARTESIAN_POINT('',(0.21488,-0.37,-0.246));
#6579=CARTESIAN_POINT('',(0.21488,-0.37,-0.246));
#6580=CARTESIAN_POINT('',(-0.21488,-0.37,-0.246));
#6581=CARTESIAN_POINT('',(-0.21488,-0.37,-0.24088));
#6582=CARTESIAN_POINT('',(-0.131,-0.361,-0.2005));
#6583=CARTESIAN_POINT('',(-0.131,-0.361,-0.2005));
#6584=CARTESIAN_POINT('',(-0.131,-0.361,-0.2005));
#6585=CARTESIAN_POINT('',(-0.131,-0.361,-0.2005));
#6586=CARTESIAN_POINT('',(-0.131,-0.361,-0.1695));
#6587=CARTESIAN_POINT('',(-0.131,-0.361,-0.1695));
#6588=CARTESIAN_POINT('',(-0.131,-0.361,-0.1695));
#6589=CARTESIAN_POINT('',(-0.131,-0.361,-0.1695));
#6590=CARTESIAN_POINT('',(-0.058,-0.361,-0.1695));
#6591=CARTESIAN_POINT('',(-0.058,-0.361,-0.1695));
#6592=CARTESIAN_POINT('',(-0.058,-0.361,-0.1695));
#6593=CARTESIAN_POINT('',(-0.058,-0.361,-0.1695));
#6594=CARTESIAN_POINT('',(-0.058,-0.361,-0.2005));
#6595=CARTESIAN_POINT('',(-0.058,-0.361,-0.2005));
#6596=CARTESIAN_POINT('',(-0.058,-0.361,-0.2005));
#6597=CARTESIAN_POINT('',(-0.058,-0.361,-0.2005));
#6598=CARTESIAN_POINT('',(0.,-0.361,0.));
#6599=CARTESIAN_POINT('',(0.058,-0.361,0.1695));
#6600=CARTESIAN_POINT('',(0.058,-0.361,0.1695));
#6601=CARTESIAN_POINT('',(0.058,-0.361,0.1695));
#6602=CARTESIAN_POINT('',(0.058,-0.361,0.1695));
#6603=CARTESIAN_POINT('',(0.058,-0.361,0.2005));
#6604=CARTESIAN_POINT('',(0.058,-0.361,0.2005));
#6605=CARTESIAN_POINT('',(0.058,-0.361,0.2005));
#6606=CARTESIAN_POINT('',(0.058,-0.361,0.2005));
#6607=CARTESIAN_POINT('',(0.131,-0.361,0.2005));
#6608=CARTESIAN_POINT('',(0.131,-0.361,0.2005));
#6609=CARTESIAN_POINT('',(0.131,-0.361,0.2005));
#6610=CARTESIAN_POINT('',(0.131,-0.361,0.2005));
#6611=CARTESIAN_POINT('',(0.131,-0.361,0.1695));
#6612=CARTESIAN_POINT('',(0.131,-0.361,0.1695));
#6613=CARTESIAN_POINT('',(0.131,-0.361,0.1695));
#6614=CARTESIAN_POINT('',(0.131,-0.361,0.1695));
#6615=CARTESIAN_POINT('',(0.189,-0.361,0.37));
#6616=CARTESIAN_POINT('',(-0.131,-0.361,0.1695));
#6617=CARTESIAN_POINT('',(-0.131,-0.361,0.1695));
#6618=CARTESIAN_POINT('',(-0.131,-0.361,0.1695));
#6619=CARTESIAN_POINT('',(-0.131,-0.361,0.1695));
#6620=CARTESIAN_POINT('',(-0.131,-0.361,0.2005));
#6621=CARTESIAN_POINT('',(-0.131,-0.361,0.2005));
#6622=CARTESIAN_POINT('',(-0.131,-0.361,0.2005));
#6623=CARTESIAN_POINT('',(-0.131,-0.361,0.2005));
#6624=CARTESIAN_POINT('',(-0.058,-0.361,0.2005));
#6625=CARTESIAN_POINT('',(-0.058,-0.361,0.2005));
#6626=CARTESIAN_POINT('',(-0.058,-0.361,0.2005));
#6627=CARTESIAN_POINT('',(-0.058,-0.361,0.2005));
#6628=CARTESIAN_POINT('',(-0.058,-0.361,0.1695));
#6629=CARTESIAN_POINT('',(-0.058,-0.361,0.1695));
#6630=CARTESIAN_POINT('',(-0.058,-0.361,0.1695));
#6631=CARTESIAN_POINT('',(-0.058,-0.361,0.1695));
#6632=CARTESIAN_POINT('',(0.,-0.361,0.37));
#6633=CARTESIAN_POINT('',(0.058,-0.361,-0.0155));
#6634=CARTESIAN_POINT('',(0.058,-0.361,-0.0155));
#6635=CARTESIAN_POINT('',(0.058,-0.361,-0.0155));
#6636=CARTESIAN_POINT('',(0.058,-0.361,-0.0155));
#6637=CARTESIAN_POINT('',(0.058,-0.361,0.0155));
#6638=CARTESIAN_POINT('',(0.058,-0.361,0.0155));
#6639=CARTESIAN_POINT('',(0.058,-0.361,0.0155));
#6640=CARTESIAN_POINT('',(0.058,-0.361,0.0155));
#6641=CARTESIAN_POINT('',(0.131,-0.361,0.0155));
#6642=CARTESIAN_POINT('',(0.131,-0.361,0.0155));
#6643=CARTESIAN_POINT('',(0.131,-0.361,0.0155));
#6644=CARTESIAN_POINT('',(0.131,-0.361,0.0155));
#6645=CARTESIAN_POINT('',(0.131,-0.361,-0.0155));
#6646=CARTESIAN_POINT('',(0.131,-0.361,-0.0155));
#6647=CARTESIAN_POINT('',(0.131,-0.361,-0.0155));
#6648=CARTESIAN_POINT('',(0.131,-0.361,-0.0155));
#6649=CARTESIAN_POINT('',(0.189,-0.361,0.185));
#6650=CARTESIAN_POINT('',(-0.131,-0.361,-0.0155));
#6651=CARTESIAN_POINT('',(-0.131,-0.361,-0.0155));
#6652=CARTESIAN_POINT('',(-0.131,-0.361,-0.0155));
#6653=CARTESIAN_POINT('',(-0.131,-0.361,-0.0155));
#6654=CARTESIAN_POINT('',(-0.131,-0.361,0.0155));
#6655=CARTESIAN_POINT('',(-0.131,-0.361,0.0155));
#6656=CARTESIAN_POINT('',(-0.131,-0.361,0.0155));
#6657=CARTESIAN_POINT('',(-0.131,-0.361,0.0155));
#6658=CARTESIAN_POINT('',(-0.058,-0.361,0.0155));
#6659=CARTESIAN_POINT('',(-0.058,-0.361,0.0155));
#6660=CARTESIAN_POINT('',(-0.058,-0.361,0.0155));
#6661=CARTESIAN_POINT('',(-0.058,-0.361,0.0155));
#6662=CARTESIAN_POINT('',(-0.058,-0.361,-0.0155));
#6663=CARTESIAN_POINT('',(-0.058,-0.361,-0.0155));
#6664=CARTESIAN_POINT('',(-0.058,-0.361,-0.0155));
#6665=CARTESIAN_POINT('',(-0.058,-0.361,-0.0155));
#6666=CARTESIAN_POINT('',(0.,-0.361,0.185));
#6667=CARTESIAN_POINT('',(0.058,-0.361,-0.2005));
#6668=CARTESIAN_POINT('',(0.058,-0.361,-0.2005));
#6669=CARTESIAN_POINT('',(0.058,-0.361,-0.2005));
#6670=CARTESIAN_POINT('',(0.058,-0.361,-0.2005));
#6671=CARTESIAN_POINT('',(0.058,-0.361,-0.1695));
#6672=CARTESIAN_POINT('',(0.058,-0.361,-0.1695));
#6673=CARTESIAN_POINT('',(0.058,-0.361,-0.1695));
#6674=CARTESIAN_POINT('',(0.058,-0.361,-0.1695));
#6675=CARTESIAN_POINT('',(0.131,-0.361,-0.1695));
#6676=CARTESIAN_POINT('',(0.131,-0.361,-0.1695));
#6677=CARTESIAN_POINT('',(0.131,-0.361,-0.1695));
#6678=CARTESIAN_POINT('',(0.131,-0.361,-0.1695));
#6679=CARTESIAN_POINT('',(0.131,-0.361,-0.2005));
#6680=CARTESIAN_POINT('',(0.131,-0.361,-0.2005));
#6681=CARTESIAN_POINT('',(0.131,-0.361,-0.2005));
#6682=CARTESIAN_POINT('',(0.131,-0.361,-0.2005));
#6683=CARTESIAN_POINT('',(0.189,-0.361,0.));
#6684=CARTESIAN_POINT('',(0.,0.,0.));
#6685=CARTESIAN_POINT('',(0.1575,0.465,0.321));
#6686=CARTESIAN_POINT('',(0.03,0.465,0.321));
#6687=CARTESIAN_POINT('',(0.03,0.093,0.321));
#6688=CARTESIAN_POINT('',(0.03,0.465,0.321));
#6689=CARTESIAN_POINT('',(0.1575,0.093,0.321));
#6690=CARTESIAN_POINT('',(-0.0300000000000001,0.093,0.321));
#6691=CARTESIAN_POINT('',(-0.0300000000000001,0.465,0.321));
#6692=CARTESIAN_POINT('',(-0.0300000000000001,0.465,0.321));
#6693=CARTESIAN_POINT('',(0.1575,0.465,0.321));
#6694=CARTESIAN_POINT('',(-0.1575,0.465,0.321));
#6695=CARTESIAN_POINT('',(-0.1575,0.465,0.321));
#6696=CARTESIAN_POINT('',(-0.1575,0.,0.321));
#6697=CARTESIAN_POINT('',(-0.086,0.,0.321));
#6698=CARTESIAN_POINT('',(-0.086,0.,0.321));
#6699=CARTESIAN_POINT('',(-0.086,-0.166,0.321));
#6700=CARTESIAN_POINT('',(-0.086,-0.166,0.321));
#6701=CARTESIAN_POINT('',(-0.063,-0.166,0.321));
#6702=CARTESIAN_POINT('',(-0.04,-0.166,0.321));
#6703=CARTESIAN_POINT('',(-0.04,0.,0.321));
#6704=CARTESIAN_POINT('',(-0.04,0.,0.321));
#6705=CARTESIAN_POINT('',(0.04,0.,0.321));
#6706=CARTESIAN_POINT('',(0.04,0.,0.321));
#6707=CARTESIAN_POINT('',(0.04,-0.166,0.321));
#6708=CARTESIAN_POINT('',(0.04,-0.166,0.321));
#6709=CARTESIAN_POINT('',(0.063,-0.166,0.321));
#6710=CARTESIAN_POINT('',(0.086,-0.166,0.321));
#6711=CARTESIAN_POINT('',(0.086,0.,0.321));
#6712=CARTESIAN_POINT('',(0.086,0.,0.321));
#6713=CARTESIAN_POINT('',(0.1575,0.,0.321));
#6714=CARTESIAN_POINT('',(0.1575,0.,0.321));
#6715=CARTESIAN_POINT('',(0.1575,0.465,0.321));
#6716=CARTESIAN_POINT('',(0.1575,0.465,0.321));
#6717=CARTESIAN_POINT('',(0.1575,0.465,0.321));
#6718=CARTESIAN_POINT('',(0.1575,-0.189,0.301));
#6719=CARTESIAN_POINT('',(-0.0357071421427143,0.465,0.301));
#6720=CARTESIAN_POINT('',(-0.0357071421427143,0.445,0.301));
#6721=CARTESIAN_POINT('',(-0.0357071421427143,0.093,0.301));
#6722=CARTESIAN_POINT('',(-0.0357071421427143,0.093,0.301));
#6723=CARTESIAN_POINT('',(0.0357071421427142,0.093,0.301));
#6724=CARTESIAN_POINT('',(0.0357071421427142,0.465,0.301));
#6725=CARTESIAN_POINT('',(0.0357071421427142,0.445,0.301));
#6726=CARTESIAN_POINT('',(0.1575,0.445,0.301));
#6727=CARTESIAN_POINT('',(0.1575,0.445,0.301));
#6728=CARTESIAN_POINT('',(0.1575,-0.189,0.301));
#6729=CARTESIAN_POINT('',(0.1575,0.,0.301));
#6730=CARTESIAN_POINT('',(0.1575,0.,0.301));
#6731=CARTESIAN_POINT('',(0.086,0.,0.301));
#6732=CARTESIAN_POINT('',(0.086,-0.189,0.301));
#6733=CARTESIAN_POINT('',(0.086,-0.166,0.301));
#6734=CARTESIAN_POINT('',(0.063,-0.166,0.301));
#6735=CARTESIAN_POINT('',(0.04,-0.166,0.301));
#6736=CARTESIAN_POINT('',(0.04,-0.189,0.301));
#6737=CARTESIAN_POINT('',(0.04,0.,0.301));
#6738=CARTESIAN_POINT('',(0.1575,0.,0.301));
#6739=CARTESIAN_POINT('',(-0.04,0.,0.301));
#6740=CARTESIAN_POINT('',(-0.04,-0.189,0.301));
#6741=CARTESIAN_POINT('',(-0.04,-0.166,0.301));
#6742=CARTESIAN_POINT('',(-0.063,-0.166,0.301));
#6743=CARTESIAN_POINT('',(-0.086,-0.166,0.301));
#6744=CARTESIAN_POINT('',(-0.086,-0.189,0.301));
#6745=CARTESIAN_POINT('',(-0.086,0.,0.301));
#6746=CARTESIAN_POINT('',(0.1575,0.,0.301));
#6747=CARTESIAN_POINT('',(-0.1575,0.,0.301));
#6748=CARTESIAN_POINT('',(-0.1575,-0.189,0.301));
#6749=CARTESIAN_POINT('',(-0.1575,0.445,0.301));
#6750=CARTESIAN_POINT('',(0.1575,0.445,0.301));
#6751=CARTESIAN_POINT('',(0.1575,0.445,0.301));
#6752=CARTESIAN_POINT('',(-3.20138436757531E-17,0.445,0.336));
#6753=CARTESIAN_POINT('',(-0.1575,0.445,0.301));
#6754=CARTESIAN_POINT('',(-0.1575,0.445,-0.301));
#6755=CARTESIAN_POINT('',(0.1575,0.445,-0.301));
#6756=CARTESIAN_POINT('',(-0.03,0.445,-0.301));
#6757=CARTESIAN_POINT('',(0.,0.445,-0.341));
#6758=CARTESIAN_POINT('',(0.03,0.445,-0.301));
#6759=CARTESIAN_POINT('',(0.1575,0.445,-0.301));
#6760=CARTESIAN_POINT('',(0.1575,0.445,-0.301));
#6761=CARTESIAN_POINT('',(0.1575,0.445,0.301));
#6762=CARTESIAN_POINT('',(0.1575,-0.189,-0.321));
#6763=CARTESIAN_POINT('',(-0.03,0.465,-0.321));
#6764=CARTESIAN_POINT('',(-0.03,0.093,-0.321));
#6765=CARTESIAN_POINT('',(-0.03,0.465,-0.321));
#6766=CARTESIAN_POINT('',(0.1575,0.093,-0.321));
#6767=CARTESIAN_POINT('',(0.03,0.093,-0.321));
#6768=CARTESIAN_POINT('',(0.03,0.465,-0.321));
#6769=CARTESIAN_POINT('',(0.03,0.465,-0.321));
#6770=CARTESIAN_POINT('',(0.1575,0.465,-0.321));
#6771=CARTESIAN_POINT('',(0.1575,0.465,-0.321));
#6772=CARTESIAN_POINT('',(0.1575,-0.189,-0.321));
#6773=CARTESIAN_POINT('',(0.1575,0.,-0.321));
#6774=CARTESIAN_POINT('',(0.1575,0.,-0.321));
#6775=CARTESIAN_POINT('',(0.086,0.,-0.321));
#6776=CARTESIAN_POINT('',(0.086,0.,-0.321));
#6777=CARTESIAN_POINT('',(0.086,-0.166,-0.321));
#6778=CARTESIAN_POINT('',(0.063,-0.166,-0.321));
#6779=CARTESIAN_POINT('',(0.04,-0.166,-0.321));
#6780=CARTESIAN_POINT('',(0.04,-0.166,-0.321));
#6781=CARTESIAN_POINT('',(0.04,0.,-0.321));
#6782=CARTESIAN_POINT('',(0.04,0.,-0.321));
#6783=CARTESIAN_POINT('',(-0.04,0.,-0.321));
#6784=CARTESIAN_POINT('',(-0.04,0.,-0.321));
#6785=CARTESIAN_POINT('',(-0.04,-0.166,-0.321));
#6786=CARTESIAN_POINT('',(-0.063,-0.166,-0.321));
#6787=CARTESIAN_POINT('',(-0.086,-0.166,-0.321));
#6788=CARTESIAN_POINT('',(-0.086,-0.166,-0.321));
#6789=CARTESIAN_POINT('',(-0.086,0.,-0.321));
#6790=CARTESIAN_POINT('',(-0.086,0.,-0.321));
#6791=CARTESIAN_POINT('',(-0.1575,0.,-0.321));
#6792=CARTESIAN_POINT('',(-0.1575,-0.189,-0.321));
#6793=CARTESIAN_POINT('',(-0.1575,0.465,-0.321));
#6794=CARTESIAN_POINT('',(0.1575,0.465,-0.321));
#6795=CARTESIAN_POINT('',(0.1575,0.445,-0.301));
#6796=CARTESIAN_POINT('',(0.03,0.465,-0.301));
#6797=CARTESIAN_POINT('',(0.03,0.093,-0.301));
#6798=CARTESIAN_POINT('',(0.03,0.093,-0.301));
#6799=CARTESIAN_POINT('',(-0.03,0.093,-0.301));
#6800=CARTESIAN_POINT('',(-0.03,0.465,-0.301));
#6801=CARTESIAN_POINT('',(-0.1575,0.445,-0.301));
#6802=CARTESIAN_POINT('',(-0.1575,0.,-0.301));
#6803=CARTESIAN_POINT('',(0.1575,0.,-0.301));
#6804=CARTESIAN_POINT('',(-0.086,0.,-0.301));
#6805=CARTESIAN_POINT('',(-0.086,0.445,-0.301));
#6806=CARTESIAN_POINT('',(-0.086,-0.166,-0.301));
#6807=CARTESIAN_POINT('',(-0.063,-0.166,-0.301));
#6808=CARTESIAN_POINT('',(-0.04,-0.166,-0.301));
#6809=CARTESIAN_POINT('',(-0.04,0.445,-0.301));
#6810=CARTESIAN_POINT('',(-0.04,0.,-0.301));
#6811=CARTESIAN_POINT('',(0.1575,0.,-0.301));
#6812=CARTESIAN_POINT('',(0.04,0.,-0.301));
#6813=CARTESIAN_POINT('',(0.04,0.445,-0.301));
#6814=CARTESIAN_POINT('',(0.04,-0.166,-0.301));
#6815=CARTESIAN_POINT('',(0.063,-0.166,-0.301));
#6816=CARTESIAN_POINT('',(0.086,-0.166,-0.301));
#6817=CARTESIAN_POINT('',(0.086,0.445,-0.301));
#6818=CARTESIAN_POINT('',(0.086,0.,-0.301));
#6819=CARTESIAN_POINT('',(0.1575,0.,-0.301));
#6820=CARTESIAN_POINT('',(0.1575,0.,-0.301));
#6821=CARTESIAN_POINT('',(0.1575,0.445,-0.301));
#6822=CARTESIAN_POINT('',(0.1575,0.,0.));
#6823=CARTESIAN_POINT('',(0.1575,0.,0.321));
#6824=CARTESIAN_POINT('',(0.1575,0.,0.));
#6825=CARTESIAN_POINT('',(0.1575,0.465,-0.321));
#6826=CARTESIAN_POINT('',(-0.1575,0.,0.));
#6827=CARTESIAN_POINT('',(-0.1575,0.,0.321));
#6828=CARTESIAN_POINT('',(-0.1575,0.465,-0.321));
#6829=CARTESIAN_POINT('',(-0.1575,0.,0.));
#6830=CARTESIAN_POINT('',(0.1575,0.465,-0.321));
#6831=CARTESIAN_POINT('',(-3.84166124109037E-17,0.465,0.361));
#6832=CARTESIAN_POINT('',(0.,0.465,-0.361));
#6833=CARTESIAN_POINT('',(-0.086,0.,0.321));
#6834=CARTESIAN_POINT('',(-0.086,0.,0.321));
#6835=CARTESIAN_POINT('',(-0.086,-0.166,0.321));
#6836=CARTESIAN_POINT('',(-0.086,-0.166,0.321));
#6837=CARTESIAN_POINT('',(-0.063,-0.166,0.321));
#6838=CARTESIAN_POINT('',(-0.04,-0.166,0.321));
#6839=CARTESIAN_POINT('',(-0.04,0.,0.321));
#6840=CARTESIAN_POINT('',(-0.04,0.,0.321));
#6841=CARTESIAN_POINT('',(0.04,0.,0.321));
#6842=CARTESIAN_POINT('',(0.04,0.,0.321));
#6843=CARTESIAN_POINT('',(0.04,-0.166,0.321));
#6844=CARTESIAN_POINT('',(0.04,-0.166,0.321));
#6845=CARTESIAN_POINT('',(0.063,-0.166,0.321));
#6846=CARTESIAN_POINT('',(0.086,-0.166,0.321));
#6847=CARTESIAN_POINT('',(0.1575,0.,0.321));
#6848=CARTESIAN_POINT('',(0.086,0.,0.321));
#6849=CARTESIAN_POINT('',(0.086,0.,0.321));
#6850=CARTESIAN_POINT('',(0.086,0.,0.321));
#6851=CARTESIAN_POINT('',(0.086,0.,0.321));
#6852=CARTESIAN_POINT('',(0.086,-0.166,0.321));
#6853=CARTESIAN_POINT('',(0.063,-0.166,0.321));
#6854=CARTESIAN_POINT('',(0.04,-0.166,0.321));
#6855=CARTESIAN_POINT('',(0.04,-0.166,0.321));
#6856=CARTESIAN_POINT('',(0.04,0.,0.321));
#6857=CARTESIAN_POINT('',(0.04,0.,0.321));
#6858=CARTESIAN_POINT('',(-0.04,0.,0.321));
#6859=CARTESIAN_POINT('',(-0.04,0.,0.321));
#6860=CARTESIAN_POINT('',(-0.04,-0.166,0.321));
#6861=CARTESIAN_POINT('',(-0.063,-0.166,0.321));
#6862=CARTESIAN_POINT('',(-0.086,-0.166,0.321));
#6863=CARTESIAN_POINT('',(-0.086,-0.166,0.321));
#6864=CARTESIAN_POINT('',(-0.086,0.,0.321));
#6865=CARTESIAN_POINT('',(0.1575,0.,0.321));
#6866=CARTESIAN_POINT('',(-0.086,0.,0.321));
#6867=CARTESIAN_POINT('',(0.,0.465,-0.341));
#6868=CARTESIAN_POINT('',(0.,0.093,-0.341));
#6869=CARTESIAN_POINT('',(0.,0.093,-0.341));
#6870=CARTESIAN_POINT('',(0.,0.093,-0.361));
#6871=CARTESIAN_POINT('',(0.,0.093,-0.361));
#6872=CARTESIAN_POINT('',(0.,0.465,-0.361));
#6873=CARTESIAN_POINT('',(-3.20138436757531E-17,0.465,0.336));
#6874=CARTESIAN_POINT('',(-3.20138436757531E-17,0.093,0.336));
#6875=CARTESIAN_POINT('',(-3.20138436757531E-17,0.093,0.336));
#6876=CARTESIAN_POINT('',(-3.84166124109037E-17,0.093,0.361));
#6877=CARTESIAN_POINT('',(-3.84166124109037E-17,0.093,0.361));
#6878=CARTESIAN_POINT('',(-3.84166124109037E-17,0.465,0.361));
#6879=CARTESIAN_POINT('',(0.,-0.455,0.));
#6880=CARTESIAN_POINT('',(0.,0.005,0.));
#6881=CARTESIAN_POINT('',(0.0155,0.005,-0.127158798358588));
#6882=CARTESIAN_POINT('',(0.0155,0.02,-0.127158798358588));
#6883=CARTESIAN_POINT('',(0.0155,0.01,-0.127158798358588));
#6884=CARTESIAN_POINT('',(0.,0.02,0.));
#6885=CARTESIAN_POINT('',(-0.0155,0.02,-0.127158798358588));
#6886=CARTESIAN_POINT('',(-0.0155,0.005,-0.127158798358588));
#6887=CARTESIAN_POINT('',(-0.0155,0.01,-0.127158798358588));
#6888=CARTESIAN_POINT('',(0.,0.01,0.));
#6889=CARTESIAN_POINT('',(0.,0.29,0.));
#6890=CARTESIAN_POINT('',(0.,0.2656,0.));
#6891=CARTESIAN_POINT('',(0.0155,0.2656,-0.121011363102809));
#6892=CARTESIAN_POINT('',(-0.0155,0.2656,-0.121011363102809));
#6893=CARTESIAN_POINT('',(0.0155,0.288381806103921,-0.098));
#6894=CARTESIAN_POINT('',(0.0155,0.280796822943899,-0.105679268672138));
#6895=CARTESIAN_POINT('',(0.0155,0.273201195454278,-0.113348067511022));
#6896=CARTESIAN_POINT('',(0.0155,0.2656,-0.121011363102809));
#6897=CARTESIAN_POINT('',(0.0155,0.288381806103921,-0.098));
#6898=CARTESIAN_POINT('',(-0.0155,0.288381806103921,-0.098));
#6899=CARTESIAN_POINT('',(-0.00528927690345136,0.289976939030471,-0.098));
#6900=CARTESIAN_POINT('',(0.00529769568163083,0.289975623837595,-0.098));
#6901=CARTESIAN_POINT('',(0.0155,0.288381806103921,-0.098));
#6902=CARTESIAN_POINT('',(-0.0155,0.288381806103921,-0.0979999999999999));
#6903=CARTESIAN_POINT('',(-0.0155,0.2656,-0.121011363102809));
#6904=CARTESIAN_POINT('',(-0.0155,0.273201187777396,-0.113348075250623));
#6905=CARTESIAN_POINT('',(-0.0155,0.280796807009664,-0.105679284804446));
#6906=CARTESIAN_POINT('',(-0.0155,0.288381806103922,-0.098000000000001));
#6907=CARTESIAN_POINT('',(0.,0.29,0.));
#6908=CARTESIAN_POINT('',(0.,0.29,-0.0976));
#6909=CARTESIAN_POINT('',(0.,0.005,0.));
#6910=CARTESIAN_POINT('',(0.0155,0.005,-0.121011363102809));
#6911=CARTESIAN_POINT('',(0.0155,0.055,-0.121011363102809));
#6912=CARTESIAN_POINT('',(-0.0155,0.005,-0.121011363102809));
#6913=CARTESIAN_POINT('',(-0.0155,0.055,-0.121011363102809));
#6914=CARTESIAN_POINT('',(0.,0.055,0.));
#6915=CARTESIAN_POINT('',(0.122,0.055,0.));
#6916=CARTESIAN_POINT('',(0.0155,0.055,0.));
#6917=CARTESIAN_POINT('',(0.0155,0.055,-0.156735445895305));
#6918=CARTESIAN_POINT('',(-0.0155,0.055,0.));
#6919=CARTESIAN_POINT('',(-0.0155,0.055,-0.156735445895305));
#6920=CARTESIAN_POINT('',(0.,0.055,0.));
#6921=CARTESIAN_POINT('',(0.,0.005,0.));
#6922=CARTESIAN_POINT('',(0.0155,0.005,-0.156735445895305));
#6923=CARTESIAN_POINT('',(0.0155,0.02,-0.156735445895305));
#6924=CARTESIAN_POINT('',(-0.0155,0.005,-0.156735445895305));
#6925=CARTESIAN_POINT('',(-0.0155,0.02,-0.156735445895305));
#6926=CARTESIAN_POINT('',(0.,0.02,0.));
#6927=CARTESIAN_POINT('',(0.1575,0.02,0.));
#6928=CARTESIAN_POINT('',(0.0155,0.02,0.));
#6929=CARTESIAN_POINT('',(-0.0155,0.02,0.));
#6930=CARTESIAN_POINT('',(-0.25,0.,0.256));
#6931=CARTESIAN_POINT('',(-0.25,0.,-0.2005));
#6932=CARTESIAN_POINT('',(-0.25,0.,-0.2005));
#6933=CARTESIAN_POINT('',(-0.25,-0.249,-0.2005));
#6934=CARTESIAN_POINT('',(-0.25,-0.249,-0.2005));
#6935=CARTESIAN_POINT('',(-0.25,-0.249,-0.1075));
#6936=CARTESIAN_POINT('',(-0.25,-0.249,-0.1075));
#6937=CARTESIAN_POINT('',(-0.25,-0.2625,-0.1075));
#6938=CARTESIAN_POINT('',(-0.25,-0.2625,-0.1025));
#6939=CARTESIAN_POINT('',(-0.25,-0.2675,-0.1025));
#6940=CARTESIAN_POINT('',(-0.25,-0.2675,0.256));
#6941=CARTESIAN_POINT('',(-0.25,-0.2675,-0.0825));
#6942=CARTESIAN_POINT('',(-0.25,-0.2625,-0.0825));
#6943=CARTESIAN_POINT('',(-0.25,-0.2625,-0.0775));
#6944=CARTESIAN_POINT('',(-0.25,-0.2625,-0.0775));
#6945=CARTESIAN_POINT('',(-0.25,-0.249,-0.0775));
#6946=CARTESIAN_POINT('',(-0.25,-0.249,-0.0775));
#6947=CARTESIAN_POINT('',(-0.25,-0.249,0.0775));
#6948=CARTESIAN_POINT('',(-0.25,-0.249,0.0775));
#6949=CARTESIAN_POINT('',(-0.25,-0.2625,0.0775));
#6950=CARTESIAN_POINT('',(-0.25,-0.2625,0.0825));
#6951=CARTESIAN_POINT('',(-0.25,-0.2675,0.0825));
#6952=CARTESIAN_POINT('',(-0.25,-0.2675,0.256));
#6953=CARTESIAN_POINT('',(-0.25,-0.2675,0.1025));
#6954=CARTESIAN_POINT('',(-0.25,-0.2625,0.1025));
#6955=CARTESIAN_POINT('',(-0.25,-0.2625,0.1075));
#6956=CARTESIAN_POINT('',(-0.25,-0.2625,0.1075));
#6957=CARTESIAN_POINT('',(-0.25,-0.249,0.1075));
#6958=CARTESIAN_POINT('',(-0.25,-0.249,0.1075));
#6959=CARTESIAN_POINT('',(-0.25,-0.249,0.2005));
#6960=CARTESIAN_POINT('',(-0.25,-0.249,0.2005));
#6961=CARTESIAN_POINT('',(-0.25,0.,0.2005));
#6962=CARTESIAN_POINT('',(-0.25,3.01414382739714E-18,0.256));
#6963=CARTESIAN_POINT('',(-0.25,-0.2675,0.256));
#6964=CARTESIAN_POINT('',(0.25,-0.2675,-0.1025));
#6965=CARTESIAN_POINT('',(-0.24,-0.2675,-0.1025));
#6966=CARTESIAN_POINT('',(-0.24,-0.2675,0.256));
#6967=CARTESIAN_POINT('',(-0.24,-0.2675,-0.0825));
#6968=CARTESIAN_POINT('',(0.25,-0.2675,-0.0825));
#6969=CARTESIAN_POINT('',(-0.25,-0.2675,0.256));
#6970=CARTESIAN_POINT('',(0.25,-0.2675,0.0825));
#6971=CARTESIAN_POINT('',(-0.24,-0.2675,0.0825));
#6972=CARTESIAN_POINT('',(-0.24,-0.2675,0.256));
#6973=CARTESIAN_POINT('',(-0.24,-0.2675,0.1025));
#6974=CARTESIAN_POINT('',(0.25,-0.2675,0.1025));
#6975=CARTESIAN_POINT('',(-0.24,-0.2675,0.256));
#6976=CARTESIAN_POINT('',(-0.24,-0.2675,-0.2005));
#6977=CARTESIAN_POINT('',(-0.24,-0.01,-0.2005));
#6978=CARTESIAN_POINT('',(-0.24,-0.249,-0.2005));
#6979=CARTESIAN_POINT('',(-0.24,-0.01,0.256));
#6980=CARTESIAN_POINT('',(-0.24,-0.01,0.2005));
#6981=CARTESIAN_POINT('',(-0.24,-0.2675,0.2005));
#6982=CARTESIAN_POINT('',(-0.24,-0.249,0.2005));
#6983=CARTESIAN_POINT('',(-0.24,-0.249,0.256));
#6984=CARTESIAN_POINT('',(-0.24,-0.249,0.1075));
#6985=CARTESIAN_POINT('',(-0.24,-0.2675,0.1075));
#6986=CARTESIAN_POINT('',(-0.24,-0.2625,0.1075));
#6987=CARTESIAN_POINT('',(-0.24,-0.2625,0.1025));
#6988=CARTESIAN_POINT('',(-0.24,-0.2625,0.0825));
#6989=CARTESIAN_POINT('',(-0.24,-0.2625,0.0775));
#6990=CARTESIAN_POINT('',(-0.24,-0.2675,0.0775));
#6991=CARTESIAN_POINT('',(-0.24,-0.249,0.0775));
#6992=CARTESIAN_POINT('',(-0.24,-0.249,0.256));
#6993=CARTESIAN_POINT('',(-0.24,-0.249,-0.0775));
#6994=CARTESIAN_POINT('',(-0.24,-0.2675,-0.0775));
#6995=CARTESIAN_POINT('',(-0.24,-0.2625,-0.0775));
#6996=CARTESIAN_POINT('',(-0.24,-0.2625,-0.0825));
#6997=CARTESIAN_POINT('',(-0.24,-0.2625,-0.1025));
#6998=CARTESIAN_POINT('',(-0.24,-0.2625,-0.1075));
#6999=CARTESIAN_POINT('',(-0.24,-0.2675,-0.1075));
#7000=CARTESIAN_POINT('',(-0.24,-0.249,-0.1075));
#7001=CARTESIAN_POINT('',(-0.24,-0.249,0.256));
#7002=CARTESIAN_POINT('',(-0.23,-0.01,0.256));
#7003=CARTESIAN_POINT('',(-0.23,-0.01,-0.2005));
#7004=CARTESIAN_POINT('',(-0.23,0.,-0.2005));
#7005=CARTESIAN_POINT('',(-0.23,-1.49397937153514E-17,0.256));
#7006=CARTESIAN_POINT('',(-0.23,0.,0.2005));
#7007=CARTESIAN_POINT('',(-0.23,-0.01,0.2005));
#7008=CARTESIAN_POINT('',(0.23,-0.01,0.256));
#7009=CARTESIAN_POINT('',(0.23,0.,0.256));
#7010=CARTESIAN_POINT('',(0.23,0.,0.2005));
#7011=CARTESIAN_POINT('',(0.23,0.,-0.2005));
#7012=CARTESIAN_POINT('',(0.23,-0.01,-0.2005));
#7013=CARTESIAN_POINT('',(0.24,-0.01,-0.2005));
#7014=CARTESIAN_POINT('',(0.24,-0.01,0.256));
#7015=CARTESIAN_POINT('',(0.24,-0.01,0.2005));
#7016=CARTESIAN_POINT('',(0.23,-0.01,0.2005));
#7017=CARTESIAN_POINT('',(0.24,-0.01,0.256));
#7018=CARTESIAN_POINT('',(0.24,-0.01,-0.2005));
#7019=CARTESIAN_POINT('',(0.24,-0.249,-0.2005));
#7020=CARTESIAN_POINT('',(0.24,-0.249,0.256));
#7021=CARTESIAN_POINT('',(0.24,-0.249,-0.1075));
#7022=CARTESIAN_POINT('',(0.24,-0.01,-0.1075));
#7023=CARTESIAN_POINT('',(0.24,-0.2625,-0.1075));
#7024=CARTESIAN_POINT('',(0.24,-0.2625,-0.1025));
#7025=CARTESIAN_POINT('',(0.24,-0.2675,-0.1025));
#7026=CARTESIAN_POINT('',(0.24,-0.2675,0.256));
#7027=CARTESIAN_POINT('',(0.24,-0.2675,-0.0825));
#7028=CARTESIAN_POINT('',(0.24,-0.2625,-0.0825));
#7029=CARTESIAN_POINT('',(0.24,-0.2625,-0.0775));
#7030=CARTESIAN_POINT('',(0.24,-0.0100000000000004,-0.0775000000000003));
#7031=CARTESIAN_POINT('',(0.24,-0.249,-0.0775));
#7032=CARTESIAN_POINT('',(0.24,-0.249,0.256));
#7033=CARTESIAN_POINT('',(0.24,-0.249,0.0775));
#7034=CARTESIAN_POINT('',(0.24,-0.00999999999999977,0.0775000000000003));
#7035=CARTESIAN_POINT('',(0.24,-0.2625,0.0775));
#7036=CARTESIAN_POINT('',(0.24,-0.2625,0.0825));
#7037=CARTESIAN_POINT('',(0.24,-0.2675,0.0825));
#7038=CARTESIAN_POINT('',(0.24,-0.2675,0.256));
#7039=CARTESIAN_POINT('',(0.24,-0.2675,0.1025));
#7040=CARTESIAN_POINT('',(0.24,-0.2625,0.1025));
#7041=CARTESIAN_POINT('',(0.24,-0.2625,0.1075));
#7042=CARTESIAN_POINT('',(0.24,-0.01,0.1075));
#7043=CARTESIAN_POINT('',(0.24,-0.249,0.1075));
#7044=CARTESIAN_POINT('',(0.24,-0.249,0.256));
#7045=CARTESIAN_POINT('',(0.24,-0.249,0.2005));
#7046=CARTESIAN_POINT('',(0.24,-0.01,0.2005));
#7047=CARTESIAN_POINT('',(0.24,-0.2675,0.256));
#7048=CARTESIAN_POINT('',(0.25,-0.2675,-0.1025));
#7049=CARTESIAN_POINT('',(0.25,-0.2675,-0.1025));
#7050=CARTESIAN_POINT('',(0.25,-0.2675,0.256));
#7051=CARTESIAN_POINT('',(0.25,-0.2675,-0.0825));
#7052=CARTESIAN_POINT('',(0.25,-0.2675,-0.0825));
#7053=CARTESIAN_POINT('',(0.24,-0.2675,0.256));
#7054=CARTESIAN_POINT('',(0.25,-0.2675,0.0825));
#7055=CARTESIAN_POINT('',(0.25,-0.2675,0.0825));
#7056=CARTESIAN_POINT('',(0.25,-0.2675,0.256));
#7057=CARTESIAN_POINT('',(0.25,-0.2675,0.1025));
#7058=CARTESIAN_POINT('',(0.25,-0.2675,0.1025));
#7059=CARTESIAN_POINT('',(0.25,-0.2675,0.256));
#7060=CARTESIAN_POINT('',(0.25,0.,-0.2005));
#7061=CARTESIAN_POINT('',(0.25,0.,-0.2005));
#7062=CARTESIAN_POINT('',(0.25,-0.249,-0.2005));
#7063=CARTESIAN_POINT('',(0.25,0.,0.256));
#7064=CARTESIAN_POINT('',(0.25,0.,0.2005));
#7065=CARTESIAN_POINT('',(0.25,-0.249,0.2005));
#7066=CARTESIAN_POINT('',(0.25,-0.249,0.2005));
#7067=CARTESIAN_POINT('',(0.25,-0.249,0.1075));
#7068=CARTESIAN_POINT('',(0.25,-0.249,0.1075));
#7069=CARTESIAN_POINT('',(0.25,-0.2625,0.1075));
#7070=CARTESIAN_POINT('',(0.25,-0.2625,0.1075));
#7071=CARTESIAN_POINT('',(0.25,-0.2625,0.1025));
#7072=CARTESIAN_POINT('',(0.25,-0.2625,0.0825));
#7073=CARTESIAN_POINT('',(0.25,-0.2625,0.0775));
#7074=CARTESIAN_POINT('',(0.25,-0.249,0.0775));
#7075=CARTESIAN_POINT('',(0.25,-0.249,0.0775));
#7076=CARTESIAN_POINT('',(0.25,-0.249,-0.0775));
#7077=CARTESIAN_POINT('',(0.25,-0.249,-0.0775));
#7078=CARTESIAN_POINT('',(0.25,-0.2625,-0.0775));
#7079=CARTESIAN_POINT('',(0.25,-0.2625,-0.0775));
#7080=CARTESIAN_POINT('',(0.25,-0.2625,-0.0825));
#7081=CARTESIAN_POINT('',(0.25,-0.2625,-0.1025));
#7082=CARTESIAN_POINT('',(0.25,-0.2625,-0.1075));
#7083=CARTESIAN_POINT('',(0.25,-0.249,-0.1075));
#7084=CARTESIAN_POINT('',(0.25,-0.249,-0.1075));
#7085=CARTESIAN_POINT('',(0.25,-0.249,-0.2005));
#7086=CARTESIAN_POINT('',(-0.23,-0.01,0.256));
#7087=CARTESIAN_POINT('',(-0.24,1.0671281225251E-17,0.256));
#7088=CARTESIAN_POINT('',(-0.24,0.01,0.256));
#7089=CARTESIAN_POINT('',(-0.25,0.,0.256));
#7090=CARTESIAN_POINT('',(-0.23,0.,0.256));
#7091=CARTESIAN_POINT('',(0.25,0.,0.256));
#7092=CARTESIAN_POINT('',(0.24,9.60415310272593E-18,0.256));
#7093=CARTESIAN_POINT('',(0.24,0.01,0.256));
#7094=CARTESIAN_POINT('',(0.24,0.01,0.256));
#7095=CARTESIAN_POINT('',(-0.23,-0.01,-0.256));
#7096=CARTESIAN_POINT('',(-0.23,0.,-0.256));
#7097=CARTESIAN_POINT('',(-0.25,3.01414382739714E-18,-0.256));
#7098=CARTESIAN_POINT('',(0.25,0.,-0.256));
#7099=CARTESIAN_POINT('',(-0.24,1.0671281225251E-17,-0.256));
#7100=CARTESIAN_POINT('',(-0.24,0.01,-0.256));
#7101=CARTESIAN_POINT('',(0.24,0.01,-0.256));
#7102=CARTESIAN_POINT('',(0.24,0.01,-0.256));
#7103=CARTESIAN_POINT('',(0.24,9.60415310272593E-18,-0.256));
#7104=CARTESIAN_POINT('',(-0.23,0.,0.256));
#7105=CARTESIAN_POINT('',(0.,3.41480999208033E-17,0.));
#7106=CARTESIAN_POINT('',(0.,3.41480999208033E-17,-0.0854));
#7107=CARTESIAN_POINT('',(-0.25,3.01414382739714E-18,0.256));
#7108=CARTESIAN_POINT('',(0.25,0.,0.2005));
#7109=CARTESIAN_POINT('',(0.25,0.,-0.2005));
#7110=CARTESIAN_POINT('',(-0.25,0.,-0.3072));
#7111=CARTESIAN_POINT('',(0.25,0.,-0.3072));
#7112=CARTESIAN_POINT('',(0.25,0.,-0.2005));
#7113=CARTESIAN_POINT('',(0.25,0.,0.2005));
#7114=CARTESIAN_POINT('',(0.25,0.,0.256));
#7115=CARTESIAN_POINT('',(0.24,9.60415310272593E-18,0.256));
#7116=CARTESIAN_POINT('',(0.24,0.01,0.256));
#7117=CARTESIAN_POINT('',(0.24,0.01,0.256));
#7118=CARTESIAN_POINT('',(-0.0155,0.01,-0.413));
#7119=CARTESIAN_POINT('',(-0.0155,0.01,-0.0979999999999999));
#7120=CARTESIAN_POINT('',(-0.0155,0.01,-0.098));
#7121=CARTESIAN_POINT('',(0.0155,0.01,-0.098));
#7122=CARTESIAN_POINT('',(0.0155,0.01,-0.098));
#7123=CARTESIAN_POINT('',(-0.24,0.01,0.256));
#7124=CARTESIAN_POINT('',(-0.24,1.0671281225251E-17,0.256));
#7125=CARTESIAN_POINT('',(0.25,-0.2625,-0.1025));
#7126=CARTESIAN_POINT('',(0.25,-0.2625,-0.1075));
#7127=CARTESIAN_POINT('',(0.25,-0.249,-0.1075));
#7128=CARTESIAN_POINT('',(0.25,-0.249,-0.1075));
#7129=CARTESIAN_POINT('',(0.25,-0.249,-0.2005));
#7130=CARTESIAN_POINT('',(0.25,-0.249,-0.2005));
#7131=CARTESIAN_POINT('',(0.25,0.,-0.2005));
#7132=CARTESIAN_POINT('',(0.25,-0.2625,-0.1025));
#7133=CARTESIAN_POINT('',(0.25,-0.2625,-0.1075));
#7134=CARTESIAN_POINT('',(0.25,-0.249,-0.1075));
#7135=CARTESIAN_POINT('',(0.25,-0.249,-0.1075));
#7136=CARTESIAN_POINT('',(0.25,0.,-0.2005));
#7137=CARTESIAN_POINT('',(0.25,-0.249,-0.2005));
#7138=CARTESIAN_POINT('',(0.25,-0.249,-0.2005));
#7139=CARTESIAN_POINT('',(0.25,-0.249,0.2005));
#7140=CARTESIAN_POINT('',(0.25,-0.249,0.2005));
#7141=CARTESIAN_POINT('',(0.25,-0.249,0.1075));
#7142=CARTESIAN_POINT('',(0.25,-0.249,0.1075));
#7143=CARTESIAN_POINT('',(0.25,-0.2625,0.1075));
#7144=CARTESIAN_POINT('',(0.25,-0.2625,0.1075));
#7145=CARTESIAN_POINT('',(0.25,-0.2625,0.1025));
#7146=CARTESIAN_POINT('',(0.25,-0.249,0.2005));
#7147=CARTESIAN_POINT('',(0.25,-0.249,0.2005));
#7148=CARTESIAN_POINT('',(0.25,-0.249,0.1075));
#7149=CARTESIAN_POINT('',(0.25,-0.249,0.1075));
#7150=CARTESIAN_POINT('',(0.25,-0.2625,0.1075));
#7151=CARTESIAN_POINT('',(0.25,-0.2625,0.1075));
#7152=CARTESIAN_POINT('',(0.25,-0.2625,0.1025));
#7153=CARTESIAN_POINT('',(0.25,-0.2625,0.0825));
#7154=CARTESIAN_POINT('',(0.25,-0.2625,0.0775));
#7155=CARTESIAN_POINT('',(0.25,-0.249,0.0775));
#7156=CARTESIAN_POINT('',(0.25,-0.249,0.0775));
#7157=CARTESIAN_POINT('',(0.25,-0.249,-0.0775));
#7158=CARTESIAN_POINT('',(0.25,-0.249,-0.0775));
#7159=CARTESIAN_POINT('',(0.25,-0.2625,-0.0775));
#7160=CARTESIAN_POINT('',(0.25,-0.2625,-0.0775));
#7161=CARTESIAN_POINT('',(0.25,-0.2625,-0.0825));
#7162=CARTESIAN_POINT('',(0.25,-0.2625,-0.0825));
#7163=CARTESIAN_POINT('',(0.25,-0.2625,-0.0775));
#7164=CARTESIAN_POINT('',(0.25,-0.2625,-0.0775));
#7165=CARTESIAN_POINT('',(0.25,-0.249,-0.0775));
#7166=CARTESIAN_POINT('',(0.25,-0.249,-0.0775));
#7167=CARTESIAN_POINT('',(0.25,-0.249,0.0775));
#7168=CARTESIAN_POINT('',(0.25,-0.249,0.0775));
#7169=CARTESIAN_POINT('',(0.25,-0.2625,0.0775));
#7170=CARTESIAN_POINT('',(0.25,-0.2625,0.0825));
#7171=CARTESIAN_POINT('',(0.,0.29,0.));
#7172=CARTESIAN_POINT('',(0.,0.29,0.));
#7173=CARTESIAN_POINT('',(0.,0.29,-0.0854));
#7174=CARTESIAN_POINT('',(-0.0155,0.3125,-0.098));
#7175=CARTESIAN_POINT('',(0.0155,0.3125,-0.098));
#7176=CARTESIAN_POINT('',(-0.0155,0.3125,-0.0979999999999999));
#7177=CARTESIAN_POINT('',(-0.0155,0.3125,-0.413));
#7178=CARTESIAN_POINT('',(0.0155,0.3125,-0.098));
#7179=CARTESIAN_POINT('',(0.,0.,0.));
#7180=CARTESIAN_POINT('',(0.,-0.01,0.));
#7181=CARTESIAN_POINT('',(0.,0.,0.));
#7182=CARTESIAN_POINT('',(0.,0.,0.));
#7183=CARTESIAN_POINT('',(0.,0.,-0.0854));
#7184=CARTESIAN_POINT('',(-0.085985479094429,0.28749820174197,1.51250832852402E-5));
#7185=CARTESIAN_POINT('',(-0.0842290401860442,0.302500901398443,-0.0149761747117365));
#7186=CARTESIAN_POINT('',(-0.0859854795993334,0.317498192664261,-7.501875832009E-6));
#7187=CARTESIAN_POINT('',(-0.0842290403005042,0.302506318412866,0.0149723621355408));
#7188=CARTESIAN_POINT('',(-0.085985479094429,0.28749820174197,1.51250832852402E-5));
#7189=CARTESIAN_POINT('',(-0.0842290401860442,0.302500901398443,-0.0149761747117365));
#7190=CARTESIAN_POINT('',(-0.0859854795993334,0.317498192664261,-7.501875832009E-6));
#7191=CARTESIAN_POINT('',(-0.0848145199063232,0.3025,-0.00998284593991546));
#7192=CARTESIAN_POINT('',(0.,0.477961524227066,0.));
#7193=CARTESIAN_POINT('',(-0.03,0.366,0.0799572385716265));
#7194=CARTESIAN_POINT('',(-0.0216608072307953,0.397122291108783,0.0826073206811014));
#7195=CARTESIAN_POINT('',(0.,0.366,0.));
#7196=CARTESIAN_POINT('',(-0.03,0.366,-0.0799572385716265));
#7197=CARTESIAN_POINT('',(0.,0.477961524227066,0.));
#7198=CARTESIAN_POINT('',(-0.0216608072307953,0.397122291108783,-0.0826073206811014));
#7199=CARTESIAN_POINT('',(0.,0.400941675847497,0.));
#7200=CARTESIAN_POINT('',(0.0854,0.,0.));
#7201=CARTESIAN_POINT('',(-0.0854,0.366,0.0854));
#7202=CARTESIAN_POINT('',(-0.03,0.366,0.0854));
#7203=CARTESIAN_POINT('',(-0.03,0.366,0.0854));
#7204=CARTESIAN_POINT('',(-0.0216608072307953,0.397122291108783,0.0854));
#7205=CARTESIAN_POINT('',(-0.0216608072307953,0.397122291108783,0.0854));
#7206=CARTESIAN_POINT('',(-0.0853999999999999,0.3025,0.));
#7207=CARTESIAN_POINT('',(0.,0.,0.));
#7208=CARTESIAN_POINT('',(-0.0284517070759285,0.0449063841139116,0.0905));
#7209=CARTESIAN_POINT('',(-0.0273443999078056,0.019544880345128,0.0905));
#7210=CARTESIAN_POINT('',(-0.0273443999078056,0.019544880345128,0.0899458170233614));
#7211=CARTESIAN_POINT('',(-0.0273443999078056,0.019544880345128,0.0282842712474619));
#7212=CARTESIAN_POINT('',(-0.0248324595032826,-0.0379880137516998,0.));
#7213=CARTESIAN_POINT('',(-0.0284517070759285,0.0449063841139116,0.0263135802783879));
#7214=CARTESIAN_POINT('',(-0.0284517070759285,0.0449063841139116,0.0905));
#7215=CARTESIAN_POINT('',(-0.0284517070759285,0.0449063841139116,0.0893457022305336));
#7216=CARTESIAN_POINT('',(-0.0248324595032826,-0.0379880137516998,0.));
#7217=CARTESIAN_POINT('',(-0.0273443999078056,0.019544880345128,0.0905));
#7218=CARTESIAN_POINT('',(-0.0273443999078056,0.019544880345128,0.0905));
#7219=CARTESIAN_POINT('',(-0.0273443999078056,0.019544880345128,-0.0282842712474619));
#7220=CARTESIAN_POINT('',(-0.0273443999078056,0.019544880345128,-0.0899458170233614));
#7221=CARTESIAN_POINT('',(-0.037107359979005,0.0173804842057469,0.));
#7222=CARTESIAN_POINT('',(-0.0468703200502043,0.0152160880663659,-0.0282842712474619));
#7223=CARTESIAN_POINT('',(-0.0468703200502043,0.0152160880663659,0.0905));
#7224=CARTESIAN_POINT('',(-0.0468703200502043,0.0152160880663659,-0.0899458170233614));
#7225=CARTESIAN_POINT('',(-0.037107359979005,0.0173804842057469,0.));
#7226=CARTESIAN_POINT('',(-0.0468703200502043,0.0152160880663659,0.0905));
#7227=CARTESIAN_POINT('',(-0.0248324595032827,-0.0379880137516994,0.));
#7228=CARTESIAN_POINT('',(-0.0565849935789866,0.038669384653579,-0.0263135802783879));
#7229=CARTESIAN_POINT('',(-0.0565849935789866,0.038669384653579,0.0905));
#7230=CARTESIAN_POINT('',(-0.0565849935789866,0.038669384653579,-0.0893457022305335));
#7231=CARTESIAN_POINT('',(-0.0248324595032827,-0.0379880137516993,0.));
#7232=CARTESIAN_POINT('',(-0.0316963696305524,-0.00702691597225141,0.));
#7233=CARTESIAN_POINT('',(-0.0425183503274576,0.0417878843837453,0.));
#7234=CARTESIAN_POINT('',(-0.0284517070759285,0.0449063841139116,-0.0893457022305335));
#7235=CARTESIAN_POINT('',(-0.0248324595032826,-0.0379880137516998,0.));
#7236=CARTESIAN_POINT('',(-0.0425183503274576,0.0417878843837453,0.));
#7237=CARTESIAN_POINT('',(-0.0565849935789866,0.038669384653579,0.0893457022305336));
#7238=CARTESIAN_POINT('',(-0.0248324595032827,-0.0379880137516993,0.));
#7239=CARTESIAN_POINT('',(-0.0468703200502043,0.0152160880663659,0.0899458170233614));
#7240=CARTESIAN_POINT('',(-0.037107359979005,0.0173804842057469,0.));
#7241=CARTESIAN_POINT('',(-0.0947374297370668,0.277332929930074,0.));
#7242=CARTESIAN_POINT('',(-0.00638264109271279,0.296920714991472,0.));
#7243=CARTESIAN_POINT('',(-0.0947374297370668,0.277332929930074,0.));
#7244=CARTESIAN_POINT('',(-0.0565849935789866,0.038669384653579,0.0905));
#7245=CARTESIAN_POINT('',(-0.0425183503274576,0.0417878843837453,0.));
#7246=CARTESIAN_POINT('',(-0.0565849935789866,0.038669384653579,0.0263135802783879));
#7247=CARTESIAN_POINT('',(-0.0565849935789866,0.038669384653579,0.0905));
#7248=CARTESIAN_POINT('',(0.0555993983880957,0.0635400655845246,0.0905));
#7249=CARTESIAN_POINT('',(-0.0425183503274576,0.0417878843837453,0.));
#7250=CARTESIAN_POINT('',(-0.0284517070759285,0.0449063841139116,-0.0263135802783879));
#7251=CARTESIAN_POINT('',(-0.0284517070759285,0.0449063841139116,0.0905));
#7252=CARTESIAN_POINT('',(-0.0284517070759285,0.0449063841139116,0.0905));
#7253=CARTESIAN_POINT('',(-0.0248324595032826,-0.0379880137516998,0.));
#7254=CARTESIAN_POINT('',(-0.0273443999078056,0.019544880345128,0.0905));
#7255=CARTESIAN_POINT('',(-0.0468703200502043,0.0152160880663659,0.0905));
#7256=CARTESIAN_POINT('',(-0.0468703200502043,0.0152160880663659,0.0282842712474619));
#7257=CARTESIAN_POINT('',(-0.037107359979005,0.0173804842057469,0.));
#7258=CARTESIAN_POINT('',(-0.0468703200502043,0.0152160880663659,0.0905));
#7259=CARTESIAN_POINT('',(-0.0248324595032827,-0.0379880137516994,0.));
#7260=CARTESIAN_POINT('',(0.000769572460162966,-0.153471317040241,0.));
#7261=CARTESIAN_POINT('',(0.000769572460162969,-0.153471317040241,0.));
#7262=CARTESIAN_POINT('',(0.030058452673761,-0.146978128622098,0.));
#7263=CARTESIAN_POINT('',(0.030058452673761,-0.146978128622098,0.));
#7264=CARTESIAN_POINT('',(0.,0.366,0.));
#7265=CARTESIAN_POINT('',(-0.162915908127569,0.584866172172853,0.));
#7266=CARTESIAN_POINT('',(-0.162915908127569,0.584866172172853,0.));
#7267=CARTESIAN_POINT('',(-0.140594088900401,0.589814800355997,0.));
#7268=CARTESIAN_POINT('',(-0.152093927430664,0.536051371816856,0.));
#7269=CARTESIAN_POINT('',(-0.157504917779117,0.560458771994855,0.));
#7270=CARTESIAN_POINT('',(-0.0929082413629899,0.574779510380783,0.));
#7271=CARTESIAN_POINT('',(-0.157504917779117,0.560458771994855,0.));
#7272=CARTESIAN_POINT('',(-0.144633281250252,0.502398571648058,0.));
#7273=CARTESIAN_POINT('',(-0.0465155325346987,0.524150752848837,0.));
#7274=CARTESIAN_POINT('',(-0.0947374297370668,0.277332929930074,0.));
#7275=CARTESIAN_POINT('',(-0.0947374297370668,0.277332929930074,0.));
#7276=CARTESIAN_POINT('',(0.00338031897848657,0.299085111130853,0.));
#7277=CARTESIAN_POINT('',(0.00338031897848654,0.299085111130853,0.));
#7278=CARTESIAN_POINT('',(1.83697019872103E-17,0.366,0.));
#7279=CARTESIAN_POINT('',(-0.22,0.01,-0.24088));
#7280=CARTESIAN_POINT('',(-0.22,0.,-0.24088));
#7281=CARTESIAN_POINT('',(-0.22,0.,-0.24088));
#7282=CARTESIAN_POINT('',(-0.22,0.,0.24088));
#7283=CARTESIAN_POINT('',(-0.22,0.01,0.24088));
#7284=CARTESIAN_POINT('',(-0.22,0.01,0.24088));
#7285=CARTESIAN_POINT('',(-0.22,0.01,-0.24088));
#7286=CARTESIAN_POINT('',(-0.22,0.01,-0.24088));
#7287=CARTESIAN_POINT('',(-0.22,0.01,-0.24088));
#7288=CARTESIAN_POINT('',(-0.21488,0.01,0.24088));
#7289=CARTESIAN_POINT('',(-0.21488,0.,0.24088));
#7290=CARTESIAN_POINT('',(-0.21488,0.,0.246));
#7291=CARTESIAN_POINT('',(-0.21488,0.01,0.246));
#7292=CARTESIAN_POINT('',(-0.21488,0.01,0.246));
#7293=CARTESIAN_POINT('',(-0.21488,0.01,0.24088));
#7294=CARTESIAN_POINT('',(-0.21488,0.01,0.246));
#7295=CARTESIAN_POINT('',(-0.21488,0.,0.246));
#7296=CARTESIAN_POINT('',(0.21488,0.,0.246));
#7297=CARTESIAN_POINT('',(0.21488,0.01,0.246));
#7298=CARTESIAN_POINT('',(0.21488,0.01,0.246));
#7299=CARTESIAN_POINT('',(-0.21488,0.01,0.246));
#7300=CARTESIAN_POINT('',(0.21488,0.01,0.24088));
#7301=CARTESIAN_POINT('',(0.21488,0.,0.24088));
#7302=CARTESIAN_POINT('',(0.22,0.,0.24088));
#7303=CARTESIAN_POINT('',(0.22,0.01,0.24088));
#7304=CARTESIAN_POINT('',(0.22,0.01,0.24088));
#7305=CARTESIAN_POINT('',(0.21488,0.01,0.24088));
#7306=CARTESIAN_POINT('',(0.22,0.01,0.24088));
#7307=CARTESIAN_POINT('',(0.22,0.,0.24088));
#7308=CARTESIAN_POINT('',(0.22,0.,-0.24088));
#7309=CARTESIAN_POINT('',(0.22,0.01,-0.24088));
#7310=CARTESIAN_POINT('',(0.22,0.01,-0.24088));
#7311=CARTESIAN_POINT('',(0.22,0.01,0.24088));
#7312=CARTESIAN_POINT('',(0.21488,0.01,-0.24088));
#7313=CARTESIAN_POINT('',(0.21488,0.,-0.24088));
#7314=CARTESIAN_POINT('',(0.21488,0.,-0.246));
#7315=CARTESIAN_POINT('',(0.21488,0.01,-0.246));
#7316=CARTESIAN_POINT('',(0.21488,0.01,-0.246));
#7317=CARTESIAN_POINT('',(0.21488,0.01,-0.24088));
#7318=CARTESIAN_POINT('',(0.21488,0.01,-0.246));
#7319=CARTESIAN_POINT('',(0.21488,0.,-0.246));
#7320=CARTESIAN_POINT('',(-0.21488,0.,-0.246));
#7321=CARTESIAN_POINT('',(-0.21488,0.01,-0.246));
#7322=CARTESIAN_POINT('',(-0.21488,0.01,-0.246));
#7323=CARTESIAN_POINT('',(0.21488,0.01,-0.246));
#7324=CARTESIAN_POINT('',(-0.21488,0.01,-0.24088));
#7325=CARTESIAN_POINT('',(-0.21488,0.,-0.24088));
#7326=CARTESIAN_POINT('',(-0.21488,0.01,-0.24088));
#7327=CARTESIAN_POINT('',(-0.21488,0.01,0.24088));
#7328=CARTESIAN_POINT('',(-0.21488,0.,0.24088));
#7329=CARTESIAN_POINT('',(0.058,0.,-0.1695));
#7330=CARTESIAN_POINT('',(0.058,0.,-0.1695));
#7331=CARTESIAN_POINT('',(0.058,0.,-0.2005));
#7332=CARTESIAN_POINT('',(0.131,0.,-0.1695));
#7333=CARTESIAN_POINT('',(0.131,0.,-0.1695));
#7334=CARTESIAN_POINT('',(0.131,0.,-0.1695));
#7335=CARTESIAN_POINT('',(0.131,0.,-0.2005));
#7336=CARTESIAN_POINT('',(0.131,0.,-0.2005));
#7337=CARTESIAN_POINT('',(-0.131,0.,0.0155));
#7338=CARTESIAN_POINT('',(-0.131,0.,0.0155));
#7339=CARTESIAN_POINT('',(-0.131,0.,-0.0155));
#7340=CARTESIAN_POINT('',(-0.058,0.,0.0155));
#7341=CARTESIAN_POINT('',(-0.058,0.,0.0155));
#7342=CARTESIAN_POINT('',(-0.058,0.,0.0155));
#7343=CARTESIAN_POINT('',(-0.058,0.,-0.0155));
#7344=CARTESIAN_POINT('',(-0.058,0.,-0.0155));
#7345=CARTESIAN_POINT('',(0.058,0.,0.0155));
#7346=CARTESIAN_POINT('',(0.058,0.,0.0155));
#7347=CARTESIAN_POINT('',(0.058,0.,-0.0155));
#7348=CARTESIAN_POINT('',(0.131,0.,0.0155));
#7349=CARTESIAN_POINT('',(0.131,0.,0.0155));
#7350=CARTESIAN_POINT('',(0.131,0.,0.0155));
#7351=CARTESIAN_POINT('',(0.131,0.,-0.0155));
#7352=CARTESIAN_POINT('',(0.131,0.,-0.0155));
#7353=CARTESIAN_POINT('',(-0.131,0.,0.2005));
#7354=CARTESIAN_POINT('',(-0.131,0.,0.2005));
#7355=CARTESIAN_POINT('',(-0.131,0.,0.1695));
#7356=CARTESIAN_POINT('',(-0.058,0.,0.2005));
#7357=CARTESIAN_POINT('',(-0.058,0.,0.2005));
#7358=CARTESIAN_POINT('',(-0.058,0.,0.2005));
#7359=CARTESIAN_POINT('',(-0.058,0.,0.1695));
#7360=CARTESIAN_POINT('',(-0.058,0.,0.1695));
#7361=CARTESIAN_POINT('',(0.058,0.,0.2005));
#7362=CARTESIAN_POINT('',(0.058,0.,0.2005));
#7363=CARTESIAN_POINT('',(0.058,0.,0.1695));
#7364=CARTESIAN_POINT('',(0.131,0.,0.2005));
#7365=CARTESIAN_POINT('',(0.131,0.,0.2005));
#7366=CARTESIAN_POINT('',(0.131,0.,0.2005));
#7367=CARTESIAN_POINT('',(0.131,0.,0.1695));
#7368=CARTESIAN_POINT('',(0.131,0.,0.1695));
#7369=CARTESIAN_POINT('',(-0.131,0.,-0.1695));
#7370=CARTESIAN_POINT('',(-0.131,0.,-0.1695));
#7371=CARTESIAN_POINT('',(-0.131,0.,-0.2005));
#7372=CARTESIAN_POINT('',(-0.058,0.,-0.1695));
#7373=CARTESIAN_POINT('',(-0.058,0.,-0.1695));
#7374=CARTESIAN_POINT('',(-0.058,0.,-0.1695));
#7375=CARTESIAN_POINT('',(-0.058,0.,-0.2005));
#7376=CARTESIAN_POINT('',(-0.058,0.,-0.2005));
#7377=CARTESIAN_POINT('',(-0.131,0.,-0.1695));
#7378=CARTESIAN_POINT('',(-0.131,0.,-0.2005));
#7379=CARTESIAN_POINT('',(-0.131,-0.071,-0.2005));
#7380=CARTESIAN_POINT('',(-0.131,-0.071,-0.1695));
#7381=CARTESIAN_POINT('',(-0.131,-0.071,-0.1695));
#7382=CARTESIAN_POINT('',(-0.131,0.,-0.1695));
#7383=CARTESIAN_POINT('',(-0.131,-0.071,-0.1695));
#7384=CARTESIAN_POINT('',(-0.131,-0.071,-0.2005));
#7385=CARTESIAN_POINT('',(-0.1175,-0.071,-0.2005));
#7386=CARTESIAN_POINT('',(-0.1175,-0.071,-0.1695));
#7387=CARTESIAN_POINT('',(-0.1175,-0.071,-0.1695));
#7388=CARTESIAN_POINT('',(-0.131,-0.071,-0.1695));
#7389=CARTESIAN_POINT('',(-0.1175,-0.071,-0.1695));
#7390=CARTESIAN_POINT('',(-0.1175,-0.071,-0.2005));
#7391=CARTESIAN_POINT('',(-0.1175,-0.237,-0.2005));
#7392=CARTESIAN_POINT('',(-0.1175,-0.237,-0.1695));
#7393=CARTESIAN_POINT('',(-0.1175,-0.237,-0.1695));
#7394=CARTESIAN_POINT('',(-0.1175,-0.071,-0.1695));
#7395=CARTESIAN_POINT('',(-0.0945,-0.237,-0.1695));
#7396=CARTESIAN_POINT('',(-0.0945,-0.237,-0.2005));
#7397=CARTESIAN_POINT('',(-0.0715,-0.237,-0.2005));
#7398=CARTESIAN_POINT('',(-0.0715,-0.237,-0.1695));
#7399=CARTESIAN_POINT('',(-0.0715,-0.237,-0.1695));
#7400=CARTESIAN_POINT('',(-0.0945,-0.237,-0.1695));
#7401=CARTESIAN_POINT('',(-0.0715,-0.237,-0.1695));
#7402=CARTESIAN_POINT('',(-0.0715,-0.237,-0.2005));
#7403=CARTESIAN_POINT('',(-0.0715,-0.071,-0.2005));
#7404=CARTESIAN_POINT('',(-0.0715,-0.071,-0.1695));
#7405=CARTESIAN_POINT('',(-0.0715,-0.071,-0.1695));
#7406=CARTESIAN_POINT('',(-0.0715,-0.237,-0.1695));
#7407=CARTESIAN_POINT('',(-0.0715,-0.071,-0.1695));
#7408=CARTESIAN_POINT('',(-0.0715,-0.071,-0.2005));
#7409=CARTESIAN_POINT('',(-0.058,-0.071,-0.2005));
#7410=CARTESIAN_POINT('',(-0.058,-0.071,-0.1695));
#7411=CARTESIAN_POINT('',(-0.058,-0.071,-0.1695));
#7412=CARTESIAN_POINT('',(-0.0715,-0.071,-0.1695));
#7413=CARTESIAN_POINT('',(-0.058,-0.071,-0.1695));
#7414=CARTESIAN_POINT('',(-0.058,-0.071,-0.2005));
#7415=CARTESIAN_POINT('',(-0.058,-0.071,-0.1695));
#7416=CARTESIAN_POINT('',(-0.0945,-0.237,-0.1695));
#7417=CARTESIAN_POINT('',(-0.0945,-0.237,-0.2005));
#7418=CARTESIAN_POINT('',(0.058,0.,0.2005));
#7419=CARTESIAN_POINT('',(0.058,0.,0.1695));
#7420=CARTESIAN_POINT('',(0.058,-0.071,0.1695));
#7421=CARTESIAN_POINT('',(0.058,-0.071,0.2005));
#7422=CARTESIAN_POINT('',(0.058,-0.071,0.2005));
#7423=CARTESIAN_POINT('',(0.058,0.,0.2005));
#7424=CARTESIAN_POINT('',(0.058,-0.071,0.2005));
#7425=CARTESIAN_POINT('',(0.058,-0.071,0.1695));
#7426=CARTESIAN_POINT('',(0.0715,-0.071,0.1695));
#7427=CARTESIAN_POINT('',(0.0715,-0.071,0.2005));
#7428=CARTESIAN_POINT('',(0.0715,-0.071,0.2005));
#7429=CARTESIAN_POINT('',(0.058,-0.071,0.2005));
#7430=CARTESIAN_POINT('',(0.0715,-0.071,0.2005));
#7431=CARTESIAN_POINT('',(0.0715,-0.071,0.1695));
#7432=CARTESIAN_POINT('',(0.0715,-0.237,0.1695));
#7433=CARTESIAN_POINT('',(0.0715,-0.237,0.2005));
#7434=CARTESIAN_POINT('',(0.0715,-0.237,0.2005));
#7435=CARTESIAN_POINT('',(0.0715,-0.071,0.2005));
#7436=CARTESIAN_POINT('',(0.0945,-0.237,0.2005));
#7437=CARTESIAN_POINT('',(0.0945,-0.237,0.1695));
#7438=CARTESIAN_POINT('',(0.1175,-0.237,0.1695));
#7439=CARTESIAN_POINT('',(0.1175,-0.237,0.2005));
#7440=CARTESIAN_POINT('',(0.1175,-0.237,0.2005));
#7441=CARTESIAN_POINT('',(0.0945,-0.237,0.2005));
#7442=CARTESIAN_POINT('',(0.1175,-0.237,0.2005));
#7443=CARTESIAN_POINT('',(0.1175,-0.237,0.1695));
#7444=CARTESIAN_POINT('',(0.1175,-0.071,0.1695));
#7445=CARTESIAN_POINT('',(0.1175,-0.071,0.2005));
#7446=CARTESIAN_POINT('',(0.1175,-0.071,0.2005));
#7447=CARTESIAN_POINT('',(0.1175,-0.237,0.2005));
#7448=CARTESIAN_POINT('',(0.1175,-0.071,0.2005));
#7449=CARTESIAN_POINT('',(0.1175,-0.071,0.1695));
#7450=CARTESIAN_POINT('',(0.131,-0.071,0.1695));
#7451=CARTESIAN_POINT('',(0.131,-0.071,0.2005));
#7452=CARTESIAN_POINT('',(0.131,-0.071,0.2005));
#7453=CARTESIAN_POINT('',(0.1175,-0.071,0.2005));
#7454=CARTESIAN_POINT('',(0.131,-0.071,0.2005));
#7455=CARTESIAN_POINT('',(0.131,-0.071,0.1695));
#7456=CARTESIAN_POINT('',(0.131,-0.071,0.2005));
#7457=CARTESIAN_POINT('',(0.0945,-0.237,0.2005));
#7458=CARTESIAN_POINT('',(0.0945,-0.237,0.1695));
#7459=CARTESIAN_POINT('',(-0.131,0.,0.2005));
#7460=CARTESIAN_POINT('',(-0.131,0.,0.1695));
#7461=CARTESIAN_POINT('',(-0.131,-0.071,0.1695));
#7462=CARTESIAN_POINT('',(-0.131,-0.071,0.2005));
#7463=CARTESIAN_POINT('',(-0.131,-0.071,0.2005));
#7464=CARTESIAN_POINT('',(-0.131,0.,0.2005));
#7465=CARTESIAN_POINT('',(-0.131,-0.071,0.2005));
#7466=CARTESIAN_POINT('',(-0.131,-0.071,0.1695));
#7467=CARTESIAN_POINT('',(-0.1175,-0.071,0.1695));
#7468=CARTESIAN_POINT('',(-0.1175,-0.071,0.2005));
#7469=CARTESIAN_POINT('',(-0.1175,-0.071,0.2005));
#7470=CARTESIAN_POINT('',(-0.131,-0.071,0.2005));
#7471=CARTESIAN_POINT('',(-0.1175,-0.071,0.2005));
#7472=CARTESIAN_POINT('',(-0.1175,-0.071,0.1695));
#7473=CARTESIAN_POINT('',(-0.1175,-0.237,0.1695));
#7474=CARTESIAN_POINT('',(-0.1175,-0.237,0.2005));
#7475=CARTESIAN_POINT('',(-0.1175,-0.237,0.2005));
#7476=CARTESIAN_POINT('',(-0.1175,-0.071,0.2005));
#7477=CARTESIAN_POINT('',(-0.0945,-0.237,0.2005));
#7478=CARTESIAN_POINT('',(-0.0945,-0.237,0.1695));
#7479=CARTESIAN_POINT('',(-0.0715,-0.237,0.1695));
#7480=CARTESIAN_POINT('',(-0.0715,-0.237,0.2005));
#7481=CARTESIAN_POINT('',(-0.0715,-0.237,0.2005));
#7482=CARTESIAN_POINT('',(-0.0945,-0.237,0.2005));
#7483=CARTESIAN_POINT('',(-0.0715,-0.237,0.2005));
#7484=CARTESIAN_POINT('',(-0.0715,-0.237,0.1695));
#7485=CARTESIAN_POINT('',(-0.0715,-0.071,0.1695));
#7486=CARTESIAN_POINT('',(-0.0715,-0.071,0.2005));
#7487=CARTESIAN_POINT('',(-0.0715,-0.071,0.2005));
#7488=CARTESIAN_POINT('',(-0.0715,-0.237,0.2005));
#7489=CARTESIAN_POINT('',(-0.0715,-0.071,0.2005));
#7490=CARTESIAN_POINT('',(-0.0715,-0.071,0.1695));
#7491=CARTESIAN_POINT('',(-0.058,-0.071,0.1695));
#7492=CARTESIAN_POINT('',(-0.058,-0.071,0.2005));
#7493=CARTESIAN_POINT('',(-0.058,-0.071,0.2005));
#7494=CARTESIAN_POINT('',(-0.0715,-0.071,0.2005));
#7495=CARTESIAN_POINT('',(-0.058,-0.071,0.2005));
#7496=CARTESIAN_POINT('',(-0.058,-0.071,0.1695));
#7497=CARTESIAN_POINT('',(-0.058,-0.071,0.2005));
#7498=CARTESIAN_POINT('',(-0.0945,-0.237,0.2005));
#7499=CARTESIAN_POINT('',(-0.0945,-0.237,0.1695));
#7500=CARTESIAN_POINT('',(0.058,0.,0.0155));
#7501=CARTESIAN_POINT('',(0.058,0.,-0.0155));
#7502=CARTESIAN_POINT('',(0.058,-0.071,-0.0155));
#7503=CARTESIAN_POINT('',(0.058,-0.071,0.0155));
#7504=CARTESIAN_POINT('',(0.058,-0.071,0.0155));
#7505=CARTESIAN_POINT('',(0.058,0.,0.0155));
#7506=CARTESIAN_POINT('',(0.058,-0.071,0.0155));
#7507=CARTESIAN_POINT('',(0.058,-0.071,-0.0155));
#7508=CARTESIAN_POINT('',(0.0715,-0.071,-0.0155));
#7509=CARTESIAN_POINT('',(0.0715,-0.071,0.0155));
#7510=CARTESIAN_POINT('',(0.0715,-0.071,0.0155));
#7511=CARTESIAN_POINT('',(0.058,-0.071,0.0155));
#7512=CARTESIAN_POINT('',(0.0715,-0.071,0.0155));
#7513=CARTESIAN_POINT('',(0.0715,-0.071,-0.0155));
#7514=CARTESIAN_POINT('',(0.0715,-0.237,-0.0155));
#7515=CARTESIAN_POINT('',(0.0715,-0.237,0.0155));
#7516=CARTESIAN_POINT('',(0.0715,-0.237,0.0155));
#7517=CARTESIAN_POINT('',(0.0715,-0.071,0.0155));
#7518=CARTESIAN_POINT('',(0.0945,-0.237,0.0155));
#7519=CARTESIAN_POINT('',(0.0945,-0.237,-0.0155));
#7520=CARTESIAN_POINT('',(0.1175,-0.237,-0.0155));
#7521=CARTESIAN_POINT('',(0.1175,-0.237,0.0155));
#7522=CARTESIAN_POINT('',(0.1175,-0.237,0.0155));
#7523=CARTESIAN_POINT('',(0.0945,-0.237,0.0155));
#7524=CARTESIAN_POINT('',(0.1175,-0.237,0.0155));
#7525=CARTESIAN_POINT('',(0.1175,-0.237,-0.0155));
#7526=CARTESIAN_POINT('',(0.1175,-0.071,-0.0155));
#7527=CARTESIAN_POINT('',(0.1175,-0.071,0.0155));
#7528=CARTESIAN_POINT('',(0.1175,-0.071,0.0155));
#7529=CARTESIAN_POINT('',(0.1175,-0.237,0.0155));
#7530=CARTESIAN_POINT('',(0.1175,-0.071,0.0155));
#7531=CARTESIAN_POINT('',(0.1175,-0.071,-0.0155));
#7532=CARTESIAN_POINT('',(0.131,-0.071,-0.0155));
#7533=CARTESIAN_POINT('',(0.131,-0.071,0.0155));
#7534=CARTESIAN_POINT('',(0.131,-0.071,0.0155));
#7535=CARTESIAN_POINT('',(0.1175,-0.071,0.0155));
#7536=CARTESIAN_POINT('',(0.131,-0.071,0.0155));
#7537=CARTESIAN_POINT('',(0.131,-0.071,-0.0155));
#7538=CARTESIAN_POINT('',(0.131,-0.071,0.0155));
#7539=CARTESIAN_POINT('',(0.0945,-0.237,0.0155));
#7540=CARTESIAN_POINT('',(0.0945,-0.237,-0.0155));
#7541=CARTESIAN_POINT('',(-0.131,0.,0.0155));
#7542=CARTESIAN_POINT('',(-0.131,0.,-0.0155));
#7543=CARTESIAN_POINT('',(-0.131,-0.071,-0.0155));
#7544=CARTESIAN_POINT('',(-0.131,-0.071,0.0155));
#7545=CARTESIAN_POINT('',(-0.131,-0.071,0.0155));
#7546=CARTESIAN_POINT('',(-0.131,0.,0.0155));
#7547=CARTESIAN_POINT('',(-0.131,-0.071,0.0155));
#7548=CARTESIAN_POINT('',(-0.131,-0.071,-0.0155));
#7549=CARTESIAN_POINT('',(-0.1175,-0.071,-0.0155));
#7550=CARTESIAN_POINT('',(-0.1175,-0.071,0.0155));
#7551=CARTESIAN_POINT('',(-0.1175,-0.071,0.0155));
#7552=CARTESIAN_POINT('',(-0.131,-0.071,0.0155));
#7553=CARTESIAN_POINT('',(-0.1175,-0.071,0.0155));
#7554=CARTESIAN_POINT('',(-0.1175,-0.071,-0.0155));
#7555=CARTESIAN_POINT('',(-0.1175,-0.237,-0.0155));
#7556=CARTESIAN_POINT('',(-0.1175,-0.237,0.0155));
#7557=CARTESIAN_POINT('',(-0.1175,-0.237,0.0155));
#7558=CARTESIAN_POINT('',(-0.1175,-0.071,0.0155));
#7559=CARTESIAN_POINT('',(-0.0945,-0.237,0.0155));
#7560=CARTESIAN_POINT('',(-0.0945,-0.237,-0.0155));
#7561=CARTESIAN_POINT('',(-0.0715,-0.237,-0.0155));
#7562=CARTESIAN_POINT('',(-0.0715,-0.237,0.0155));
#7563=CARTESIAN_POINT('',(-0.0715,-0.237,0.0155));
#7564=CARTESIAN_POINT('',(-0.0945,-0.237,0.0155));
#7565=CARTESIAN_POINT('',(-0.0715,-0.237,0.0155));
#7566=CARTESIAN_POINT('',(-0.0715,-0.237,-0.0155));
#7567=CARTESIAN_POINT('',(-0.0715,-0.071,-0.0155));
#7568=CARTESIAN_POINT('',(-0.0715,-0.071,0.0155));
#7569=CARTESIAN_POINT('',(-0.0715,-0.071,0.0155));
#7570=CARTESIAN_POINT('',(-0.0715,-0.237,0.0155));
#7571=CARTESIAN_POINT('',(-0.0715,-0.071,0.0155));
#7572=CARTESIAN_POINT('',(-0.0715,-0.071,-0.0155));
#7573=CARTESIAN_POINT('',(-0.058,-0.071,-0.0155));
#7574=CARTESIAN_POINT('',(-0.058,-0.071,0.0155));
#7575=CARTESIAN_POINT('',(-0.058,-0.071,0.0155));
#7576=CARTESIAN_POINT('',(-0.0715,-0.071,0.0155));
#7577=CARTESIAN_POINT('',(-0.058,-0.071,0.0155));
#7578=CARTESIAN_POINT('',(-0.058,-0.071,-0.0155));
#7579=CARTESIAN_POINT('',(-0.058,-0.071,0.0155));
#7580=CARTESIAN_POINT('',(-0.0945,-0.237,0.0155));
#7581=CARTESIAN_POINT('',(-0.0945,-0.237,-0.0155));
#7582=CARTESIAN_POINT('',(0.058,0.,-0.1695));
#7583=CARTESIAN_POINT('',(0.058,0.,-0.2005));
#7584=CARTESIAN_POINT('',(0.058,-0.071,-0.2005));
#7585=CARTESIAN_POINT('',(0.058,-0.071,-0.1695));
#7586=CARTESIAN_POINT('',(0.058,-0.071,-0.1695));
#7587=CARTESIAN_POINT('',(0.058,0.,-0.1695));
#7588=CARTESIAN_POINT('',(0.058,-0.071,-0.1695));
#7589=CARTESIAN_POINT('',(0.058,-0.071,-0.2005));
#7590=CARTESIAN_POINT('',(0.0715,-0.071,-0.2005));
#7591=CARTESIAN_POINT('',(0.0715,-0.071,-0.1695));
#7592=CARTESIAN_POINT('',(0.0715,-0.071,-0.1695));
#7593=CARTESIAN_POINT('',(0.058,-0.071,-0.1695));
#7594=CARTESIAN_POINT('',(0.0715,-0.071,-0.1695));
#7595=CARTESIAN_POINT('',(0.0715,-0.071,-0.2005));
#7596=CARTESIAN_POINT('',(0.0715,-0.237,-0.2005));
#7597=CARTESIAN_POINT('',(0.0715,-0.237,-0.1695));
#7598=CARTESIAN_POINT('',(0.0715,-0.237,-0.1695));
#7599=CARTESIAN_POINT('',(0.0715,-0.071,-0.1695));
#7600=CARTESIAN_POINT('',(0.0945,-0.237,-0.1695));
#7601=CARTESIAN_POINT('',(0.0945,-0.237,-0.2005));
#7602=CARTESIAN_POINT('',(0.1175,-0.237,-0.2005));
#7603=CARTESIAN_POINT('',(0.1175,-0.237,-0.1695));
#7604=CARTESIAN_POINT('',(0.1175,-0.237,-0.1695));
#7605=CARTESIAN_POINT('',(0.0945,-0.237,-0.1695));
#7606=CARTESIAN_POINT('',(0.1175,-0.237,-0.1695));
#7607=CARTESIAN_POINT('',(0.1175,-0.237,-0.2005));
#7608=CARTESIAN_POINT('',(0.1175,-0.071,-0.2005));
#7609=CARTESIAN_POINT('',(0.1175,-0.071,-0.1695));
#7610=CARTESIAN_POINT('',(0.1175,-0.071,-0.1695));
#7611=CARTESIAN_POINT('',(0.1175,-0.237,-0.1695));
#7612=CARTESIAN_POINT('',(0.1175,-0.071,-0.1695));
#7613=CARTESIAN_POINT('',(0.1175,-0.071,-0.2005));
#7614=CARTESIAN_POINT('',(0.131,-0.071,-0.2005));
#7615=CARTESIAN_POINT('',(0.131,-0.071,-0.1695));
#7616=CARTESIAN_POINT('',(0.131,-0.071,-0.1695));
#7617=CARTESIAN_POINT('',(0.1175,-0.071,-0.1695));
#7618=CARTESIAN_POINT('',(0.131,-0.071,-0.1695));
#7619=CARTESIAN_POINT('',(0.131,-0.071,-0.2005));
#7620=CARTESIAN_POINT('',(0.131,-0.071,-0.1695));
#7621=CARTESIAN_POINT('',(0.0945,-0.237,-0.1695));
#7622=CARTESIAN_POINT('',(0.0945,-0.237,-0.2005));
#7623=CARTESIAN_POINT('',(0.,-0.371,0.));
#7624=MECHANICAL_DESIGN_GEOMETRIC_PRESENTATION_REPRESENTATION('',(#4593,
#4594,#4595,#4596,#4597,#4598,#4599),#7625);
#7625=(
GEOMETRIC_REPRESENTATION_CONTEXT(3)
GLOBAL_UNCERTAINTY_ASSIGNED_CONTEXT((#7633))
GLOBAL_UNIT_ASSIGNED_CONTEXT((#7643,#7642,#7641))
REPRESENTATION_CONTEXT('M2025LL2W13','TOP_LEVEL_ASSEMBLY_PART')
);
#7626=(
GEOMETRIC_REPRESENTATION_CONTEXT(3)
GLOBAL_UNCERTAINTY_ASSIGNED_CONTEXT((#7634))
GLOBAL_UNIT_ASSIGNED_CONTEXT((#7643,#7642,#7641))
REPRESENTATION_CONTEXT('M20253LL2W13BR-switch','COMPONENT_PART')
);
#7627=(
GEOMETRIC_REPRESENTATION_CONTEXT(3)
GLOBAL_UNCERTAINTY_ASSIGNED_CONTEXT((#7635))
GLOBAL_UNIT_ASSIGNED_CONTEXT((#7643,#7642,#7641))
REPRESENTATION_CONTEXT('BBRACKET13','COMPONENT_PART')
);
#7628=(
GEOMETRIC_REPRESENTATION_CONTEXT(3)
GLOBAL_UNCERTAINTY_ASSIGNED_CONTEXT((#7636))
GLOBAL_UNIT_ASSIGNED_CONTEXT((#7643,#7642,#7641))
REPRESENTATION_CONTEXT('M202L2M202BR-bushing','COMPONENT_PART')
);
#7629=(
GEOMETRIC_REPRESENTATION_CONTEXT(3)
GLOBAL_UNCERTAINTY_ASSIGNED_CONTEXT((#7637))
GLOBAL_UNIT_ASSIGNED_CONTEXT((#7643,#7642,#7641))
REPRESENTATION_CONTEXT('M20L2M20L25-contact','COMPONENT_PART')
);
#7630=(
GEOMETRIC_REPRESENTATION_CONTEXT(3)
GLOBAL_UNCERTAINTY_ASSIGNED_CONTEXT((#7638))
GLOBAL_UNIT_ASSIGNED_CONTEXT((#7643,#7642,#7641))
REPRESENTATION_CONTEXT('M20L-toggles','COMPONENT_PART')
);
#7631=(
GEOMETRIC_REPRESENTATION_CONTEXT(3)
GLOBAL_UNCERTAINTY_ASSIGNED_CONTEXT((#7639))
GLOBAL_UNIT_ASSIGNED_CONTEXT((#7643,#7642,#7641))
REPRESENTATION_CONTEXT('M20L-caps','COMPONENT_PART')
);
#7632=(
GEOMETRIC_REPRESENTATION_CONTEXT(3)
GLOBAL_UNCERTAINTY_ASSIGNED_CONTEXT((#7640))
GLOBAL_UNIT_ASSIGNED_CONTEXT((#7643,#7642,#7641))
REPRESENTATION_CONTEXT('M202503BR-terminals','COMPONENT_PART')
);
#7633=UNCERTAINTY_MEASURE_WITH_UNIT(LENGTH_MEASURE(3.93700787401575E-7),
#7643,'DISTANCE_ACCURACY_VALUE','Maximum Tolerance applied to model');
#7634=UNCERTAINTY_MEASURE_WITH_UNIT(LENGTH_MEASURE(3.93700787401575E-7),
#7643,'DISTANCE_ACCURACY_VALUE','Maximum Tolerance applied to model');
#7635=UNCERTAINTY_MEASURE_WITH_UNIT(LENGTH_MEASURE(3.93700787401575E-7),
#7643,'DISTANCE_ACCURACY_VALUE','Maximum Tolerance applied to model');
#7636=UNCERTAINTY_MEASURE_WITH_UNIT(LENGTH_MEASURE(0.00078740157480315),
#7643,'DISTANCE_ACCURACY_VALUE','Maximum Tolerance applied to model');
#7637=UNCERTAINTY_MEASURE_WITH_UNIT(LENGTH_MEASURE(0.00078740157480315),
#7643,'DISTANCE_ACCURACY_VALUE','Maximum Tolerance applied to model');
#7638=UNCERTAINTY_MEASURE_WITH_UNIT(LENGTH_MEASURE(3.93700787401575E-7),
#7643,'DISTANCE_ACCURACY_VALUE','Maximum Tolerance applied to model');
#7639=UNCERTAINTY_MEASURE_WITH_UNIT(LENGTH_MEASURE(3.93700787401575E-7),
#7643,'DISTANCE_ACCURACY_VALUE','Maximum Tolerance applied to model');
#7640=UNCERTAINTY_MEASURE_WITH_UNIT(LENGTH_MEASURE(3.93700787401575E-7),
#7643,'DISTANCE_ACCURACY_VALUE','Maximum Tolerance applied to model');
#7641=(
NAMED_UNIT(*)
SI_UNIT($,.STERADIAN.)
SOLID_ANGLE_UNIT()
);
#7642=(
NAMED_UNIT(*)
PLANE_ANGLE_UNIT()
SI_UNIT($,.RADIAN.)
);
#7643=(
CONVERSION_BASED_UNIT('INCH',#7645)
LENGTH_UNIT()
NAMED_UNIT(#7644)
);
#7644=DIMENSIONAL_EXPONENTS(1.,0.,0.,0.,0.,0.,0.);
#7645=LENGTH_MEASURE_WITH_UNIT(LENGTH_MEASURE(25.4),#7646);
#7646=(
LENGTH_UNIT()
NAMED_UNIT(*)
SI_UNIT(.MILLI.,.METRE.)
);
#7647=PRODUCT_DEFINITION_SHAPE('','',#7662);
#7648=PRODUCT_DEFINITION_SHAPE('','',#7663);
#7649=PRODUCT_DEFINITION_SHAPE(' ','NAUO PRDDFN',#36);
#7650=PRODUCT_DEFINITION_SHAPE('','',#7664);
#7651=PRODUCT_DEFINITION_SHAPE(' ','NAUO PRDDFN',#37);
#7652=PRODUCT_DEFINITION_SHAPE('','',#7665);
#7653=PRODUCT_DEFINITION_SHAPE(' ','NAUO PRDDFN',#38);
#7654=PRODUCT_DEFINITION_SHAPE('','',#7666);
#7655=PRODUCT_DEFINITION_SHAPE(' ','NAUO PRDDFN',#39);
#7656=PRODUCT_DEFINITION_SHAPE('','',#7667);
#7657=PRODUCT_DEFINITION_SHAPE(' ','NAUO PRDDFN',#40);
#7658=PRODUCT_DEFINITION_SHAPE('','',#7668);
#7659=PRODUCT_DEFINITION_SHAPE(' ','NAUO PRDDFN',#41);
#7660=PRODUCT_DEFINITION_SHAPE('','',#7669);
#7661=PRODUCT_DEFINITION_SHAPE(' ','NAUO PRDDFN',#42);
#7662=PRODUCT_DEFINITION('','',#7678,#7670);
#7663=PRODUCT_DEFINITION('','',#7679,#7671);
#7664=PRODUCT_DEFINITION('','',#7680,#7672);
#7665=PRODUCT_DEFINITION('','',#7681,#7673);
#7666=PRODUCT_DEFINITION('','',#7682,#7674);
#7667=PRODUCT_DEFINITION('','',#7683,#7675);
#7668=PRODUCT_DEFINITION('','',#7684,#7676);
#7669=PRODUCT_DEFINITION('','',#7685,#7677);
#7670=PRODUCT_DEFINITION_CONTEXT('',#7719,'design');
#7671=PRODUCT_DEFINITION_CONTEXT('',#7719,'design');
#7672=PRODUCT_DEFINITION_CONTEXT('',#7719,'design');
#7673=PRODUCT_DEFINITION_CONTEXT('',#7719,'design');
#7674=PRODUCT_DEFINITION_CONTEXT('',#7719,'design');
#7675=PRODUCT_DEFINITION_CONTEXT('',#7719,'design');
#7676=PRODUCT_DEFINITION_CONTEXT('',#7719,'design');
#7677=PRODUCT_DEFINITION_CONTEXT('',#7719,'design');
#7678=PRODUCT_DEFINITION_FORMATION_WITH_SPECIFIED_SOURCE('','',#7694,
 .NOT_KNOWN.);
#7679=PRODUCT_DEFINITION_FORMATION_WITH_SPECIFIED_SOURCE('','',#7695,
 .NOT_KNOWN.);
#7680=PRODUCT_DEFINITION_FORMATION_WITH_SPECIFIED_SOURCE('','',#7696,
 .NOT_KNOWN.);
#7681=PRODUCT_DEFINITION_FORMATION_WITH_SPECIFIED_SOURCE('','',#7697,
 .NOT_KNOWN.);
#7682=PRODUCT_DEFINITION_FORMATION_WITH_SPECIFIED_SOURCE('','',#7698,
 .NOT_KNOWN.);
#7683=PRODUCT_DEFINITION_FORMATION_WITH_SPECIFIED_SOURCE('','',#7699,
 .NOT_KNOWN.);
#7684=PRODUCT_DEFINITION_FORMATION_WITH_SPECIFIED_SOURCE('','',#7700,
 .NOT_KNOWN.);
#7685=PRODUCT_DEFINITION_FORMATION_WITH_SPECIFIED_SOURCE('','',#7701,
 .NOT_KNOWN.);
#7686=PRODUCT_RELATED_PRODUCT_CATEGORY('','',(#7694));
#7687=PRODUCT_RELATED_PRODUCT_CATEGORY('','',(#7695));
#7688=PRODUCT_RELATED_PRODUCT_CATEGORY('','',(#7696));
#7689=PRODUCT_RELATED_PRODUCT_CATEGORY('','',(#7697));
#7690=PRODUCT_RELATED_PRODUCT_CATEGORY('','',(#7698));
#7691=PRODUCT_RELATED_PRODUCT_CATEGORY('','',(#7699));
#7692=PRODUCT_RELATED_PRODUCT_CATEGORY('','',(#7700));
#7693=PRODUCT_RELATED_PRODUCT_CATEGORY('','',(#7701));
#7694=PRODUCT('M2025LL2W13','M2025LL2W13','M2025LL2W13',(#7710));
#7695=PRODUCT('M20253LL2W13BR-switch','M20253LL2W13BR-switch',
'M20253LL2W13BR-switch',(#7711));
#7696=PRODUCT('BBRACKET13','BBRACKET13','BBRACKET13',(#7712));
#7697=PRODUCT('M202L2M202BR-bushing','M202L2M202BR-bushing',
'M202L2M202BR-bushing',(#7713));
#7698=PRODUCT('M20L2M20L25-contact','M20L2M20L25-contact',
'M20L2M20L25-contact',(#7714));
#7699=PRODUCT('M20L-toggles','M20L-toggles','M20L-toggles',(#7715));
#7700=PRODUCT('M20L-caps','M20L-caps','M20L-caps',(#7716));
#7701=PRODUCT('M202503BR-terminals','M202503BR-terminals',
'M202503BR-terminals',(#7717));
#7702=PRODUCT_CATEGORY('','');
#7703=PRODUCT_CATEGORY('','');
#7704=PRODUCT_CATEGORY('','');
#7705=PRODUCT_CATEGORY('','');
#7706=PRODUCT_CATEGORY('','');
#7707=PRODUCT_CATEGORY('','');
#7708=PRODUCT_CATEGORY('','');
#7709=PRODUCT_CATEGORY('','');
#7710=PRODUCT_CONTEXT('',#7719,'mechanical');
#7711=PRODUCT_CONTEXT('',#7719,'mechanical');
#7712=PRODUCT_CONTEXT('',#7719,'mechanical');
#7713=PRODUCT_CONTEXT('',#7719,'mechanical');
#7714=PRODUCT_CONTEXT('',#7719,'mechanical');
#7715=PRODUCT_CONTEXT('',#7719,'mechanical');
#7716=PRODUCT_CONTEXT('',#7719,'mechanical');
#7717=PRODUCT_CONTEXT('',#7719,'mechanical');
#7718=APPLICATION_PROTOCOL_DEFINITION('international standard',
'ap242_managed_model_based_3d_engineering',2011,#7719);
#7719=APPLICATION_CONTEXT('managed model based 3d engineering');
ENDSEC;
END-ISO-10303-21;
