ISO-10303-21;
HEADER;
FILE_DESCRIPTION((''),'2;1');
FILE_NAME('RQX0008A_ASM','2020-04-01T07:37:14',('a0412086'),(''),
'CREO PARAMETRIC BY PTC INC, 2019292','CREO PARAMETRIC BY PTC INC, 2019292','');
FILE_SCHEMA(('AUTOMOTIVE_DESIGN { 1 0 10303 214 1 1 1 1 }'));
ENDSEC;
DATA;
#31=DIRECTION('',(0.E0,0.E0,-1.E0));
#32=VECTOR('',#31,2.5E-1);
#33=CARTESIAN_POINT('',(-1.5E0,0.E0,-6.25E-1));
#34=LINE('',#33,#32);
#35=DRAUGHTING_PRE_DEFINED_CURVE_FONT('continuous');
#36=CURVE_STYLE('',#35,POSITIVE_LENGTH_MEASURE(2.E-2),#28);
#37=PRESENTATION_STYLE_ASSIGNMENT((#36));
#38=STYLED_ITEM('',(#37),#34);
#39=DIRECTION('',(1.E0,0.E0,0.E0));
#40=VECTOR('',#39,3.25E-1);
#41=CARTESIAN_POINT('',(-1.5E0,0.E0,-6.25E-1));
#42=LINE('',#41,#40);
#43=CURVE_STYLE('',#35,POSITIVE_LENGTH_MEASURE(2.E-2),#28);
#44=PRESENTATION_STYLE_ASSIGNMENT((#43));
#45=STYLED_ITEM('',(#44),#42);
#46=CARTESIAN_POINT('',(-1.175E0,0.E0,-7.E-1));
#47=DIRECTION('',(0.E0,1.E0,0.E0));
#48=DIRECTION('',(0.E0,0.E0,1.E0));
#49=AXIS2_PLACEMENT_3D('',#46,#47,#48);
#51=CURVE_STYLE('',#35,POSITIVE_LENGTH_MEASURE(2.E-2),#28);
#52=PRESENTATION_STYLE_ASSIGNMENT((#51));
#53=STYLED_ITEM('',(#52),#50);
#54=DIRECTION('',(0.E0,0.E0,-1.E0));
#55=VECTOR('',#54,1.E-1);
#56=CARTESIAN_POINT('',(-1.1E0,0.E0,-7.E-1));
#57=LINE('',#56,#55);
#58=CURVE_STYLE('',#35,POSITIVE_LENGTH_MEASURE(2.E-2),#28);
#59=PRESENTATION_STYLE_ASSIGNMENT((#58));
#60=STYLED_ITEM('',(#59),#57);
#61=CARTESIAN_POINT('',(-1.175E0,0.E0,-8.E-1));
#62=DIRECTION('',(0.E0,1.E0,0.E0));
#63=DIRECTION('',(1.E0,0.E0,0.E0));
#64=AXIS2_PLACEMENT_3D('',#61,#62,#63);
#66=CURVE_STYLE('',#35,POSITIVE_LENGTH_MEASURE(2.E-2),#28);
#67=PRESENTATION_STYLE_ASSIGNMENT((#66));
#68=STYLED_ITEM('',(#67),#65);
#69=DIRECTION('',(-1.E0,0.E0,0.E0));
#70=VECTOR('',#69,3.25E-1);
#71=CARTESIAN_POINT('',(-1.175E0,0.E0,-8.75E-1));
#72=LINE('',#71,#70);
#73=CURVE_STYLE('',#35,POSITIVE_LENGTH_MEASURE(2.E-2),#28);
#74=PRESENTATION_STYLE_ASSIGNMENT((#73));
#75=STYLED_ITEM('',(#74),#72);
#76=DIRECTION('',(0.E0,1.E0,0.E0));
#77=VECTOR('',#76,2.E-1);
#78=CARTESIAN_POINT('',(-1.5E0,0.E0,-8.75E-1));
#79=LINE('',#78,#77);
#80=CURVE_STYLE('',#35,POSITIVE_LENGTH_MEASURE(2.E-2),#28);
#81=PRESENTATION_STYLE_ASSIGNMENT((#80));
#82=STYLED_ITEM('',(#81),#79);
#83=DIRECTION('',(0.E0,1.E0,0.E0));
#84=VECTOR('',#83,2.E-1);
#85=CARTESIAN_POINT('',(-1.175E0,0.E0,-8.75E-1));
#86=LINE('',#85,#84);
#87=CURVE_STYLE('',#35,POSITIVE_LENGTH_MEASURE(2.E-2),#28);
#88=PRESENTATION_STYLE_ASSIGNMENT((#87));
#89=STYLED_ITEM('',(#88),#86);
#90=DIRECTION('',(0.E0,1.E0,0.E0));
#91=VECTOR('',#90,2.E-1);
#92=CARTESIAN_POINT('',(-1.1E0,0.E0,-8.E-1));
#93=LINE('',#92,#91);
#94=CURVE_STYLE('',#35,POSITIVE_LENGTH_MEASURE(2.E-2),#28);
#95=PRESENTATION_STYLE_ASSIGNMENT((#94));
#96=STYLED_ITEM('',(#95),#93);
#97=DIRECTION('',(0.E0,1.E0,0.E0));
#98=VECTOR('',#97,2.E-1);
#99=CARTESIAN_POINT('',(-1.1E0,0.E0,-7.E-1));
#100=LINE('',#99,#98);
#101=CURVE_STYLE('',#35,POSITIVE_LENGTH_MEASURE(2.E-2),#28);
#102=PRESENTATION_STYLE_ASSIGNMENT((#101));
#103=STYLED_ITEM('',(#102),#100);
#104=DIRECTION('',(0.E0,1.E0,0.E0));
#105=VECTOR('',#104,2.E-1);
#106=CARTESIAN_POINT('',(-1.175E0,0.E0,-6.25E-1));
#107=LINE('',#106,#105);
#108=CURVE_STYLE('',#35,POSITIVE_LENGTH_MEASURE(2.E-2),#28);
#109=PRESENTATION_STYLE_ASSIGNMENT((#108));
#110=STYLED_ITEM('',(#109),#107);
#111=DIRECTION('',(0.E0,1.E0,0.E0));
#112=VECTOR('',#111,2.E-1);
#113=CARTESIAN_POINT('',(-1.5E0,0.E0,-6.25E-1));
#114=LINE('',#113,#112);
#115=CURVE_STYLE('',#35,POSITIVE_LENGTH_MEASURE(2.E-2),#28);
#116=PRESENTATION_STYLE_ASSIGNMENT((#115));
#117=STYLED_ITEM('',(#116),#114);
#118=DIRECTION('',(0.E0,0.E0,-1.E0));
#119=VECTOR('',#118,2.5E-1);
#120=CARTESIAN_POINT('',(-1.5E0,2.E-1,-6.25E-1));
#121=LINE('',#120,#119);
#122=CURVE_STYLE('',#35,POSITIVE_LENGTH_MEASURE(2.E-2),#28);
#123=PRESENTATION_STYLE_ASSIGNMENT((#122));
#124=STYLED_ITEM('',(#123),#121);
#125=DIRECTION('',(-1.E0,0.E0,0.E0));
#126=VECTOR('',#125,3.25E-1);
#127=CARTESIAN_POINT('',(-1.175E0,2.E-1,-8.75E-1));
#128=LINE('',#127,#126);
#129=CURVE_STYLE('',#35,POSITIVE_LENGTH_MEASURE(2.E-2),#28);
#130=PRESENTATION_STYLE_ASSIGNMENT((#129));
#131=STYLED_ITEM('',(#130),#128);
#132=CARTESIAN_POINT('',(-1.175E0,2.E-1,-8.E-1));
#133=DIRECTION('',(0.E0,1.E0,0.E0));
#134=DIRECTION('',(1.E0,0.E0,0.E0));
#135=AXIS2_PLACEMENT_3D('',#132,#133,#134);
#137=CURVE_STYLE('',#35,POSITIVE_LENGTH_MEASURE(2.E-2),#28);
#138=PRESENTATION_STYLE_ASSIGNMENT((#137));
#139=STYLED_ITEM('',(#138),#136);
#140=DIRECTION('',(0.E0,0.E0,-1.E0));
#141=VECTOR('',#140,1.E-1);
#142=CARTESIAN_POINT('',(-1.1E0,2.E-1,-7.E-1));
#143=LINE('',#142,#141);
#144=CURVE_STYLE('',#35,POSITIVE_LENGTH_MEASURE(2.E-2),#28);
#145=PRESENTATION_STYLE_ASSIGNMENT((#144));
#146=STYLED_ITEM('',(#145),#143);
#147=CARTESIAN_POINT('',(-1.175E0,2.E-1,-7.E-1));
#148=DIRECTION('',(0.E0,1.E0,0.E0));
#149=DIRECTION('',(0.E0,0.E0,1.E0));
#150=AXIS2_PLACEMENT_3D('',#147,#148,#149);
#152=CURVE_STYLE('',#35,POSITIVE_LENGTH_MEASURE(2.E-2),#28);
#153=PRESENTATION_STYLE_ASSIGNMENT((#152));
#154=STYLED_ITEM('',(#153),#151);
#155=DIRECTION('',(1.E0,0.E0,0.E0));
#156=VECTOR('',#155,3.25E-1);
#157=CARTESIAN_POINT('',(-1.5E0,2.E-1,-6.25E-1));
#158=LINE('',#157,#156);
#159=CURVE_STYLE('',#35,POSITIVE_LENGTH_MEASURE(2.E-2),#28);
#160=PRESENTATION_STYLE_ASSIGNMENT((#159));
#161=STYLED_ITEM('',(#160),#158);
#162=CARTESIAN_POINT('',(-1.175E0,0.E0,-6.25E-1));
#163=CARTESIAN_POINT('',(-1.1E0,0.E0,-7.E-1));
#164=VERTEX_POINT('',#162);
#165=VERTEX_POINT('',#163);
#166=CARTESIAN_POINT('',(-1.1E0,0.E0,-8.E-1));
#167=VERTEX_POINT('',#166);
#168=CARTESIAN_POINT('',(-1.175E0,0.E0,-8.75E-1));
#169=VERTEX_POINT('',#168);
#170=CARTESIAN_POINT('',(-1.175E0,2.E-1,-6.25E-1));
#171=CARTESIAN_POINT('',(-1.1E0,2.E-1,-7.E-1));
#172=VERTEX_POINT('',#170);
#173=VERTEX_POINT('',#171);
#174=CARTESIAN_POINT('',(-1.1E0,2.E-1,-8.E-1));
#175=VERTEX_POINT('',#174);
#176=CARTESIAN_POINT('',(-1.175E0,2.E-1,-8.75E-1));
#177=VERTEX_POINT('',#176);
#178=CARTESIAN_POINT('',(-1.5E0,0.E0,-6.25E-1));
#179=CARTESIAN_POINT('',(-1.5E0,0.E0,-8.75E-1));
#180=VERTEX_POINT('',#178);
#181=VERTEX_POINT('',#179);
#182=CARTESIAN_POINT('',(-1.5E0,2.E-1,-6.25E-1));
#183=CARTESIAN_POINT('',(-1.5E0,2.E-1,-8.75E-1));
#184=VERTEX_POINT('',#182);
#185=VERTEX_POINT('',#183);
#186=CARTESIAN_POINT('',(0.E0,0.E0,0.E0));
#187=DIRECTION('',(0.E0,1.E0,0.E0));
#188=DIRECTION('',(1.E0,0.E0,0.E0));
#189=AXIS2_PLACEMENT_3D('',#186,#187,#188);
#190=PLANE('',#189);
#192=ORIENTED_EDGE('',*,*,#191,.F.);
#194=ORIENTED_EDGE('',*,*,#193,.T.);
#196=ORIENTED_EDGE('',*,*,#195,.T.);
#198=ORIENTED_EDGE('',*,*,#197,.T.);
#200=ORIENTED_EDGE('',*,*,#199,.T.);
#202=ORIENTED_EDGE('',*,*,#201,.T.);
#203=EDGE_LOOP('',(#192,#194,#196,#198,#200,#202));
#204=FACE_OUTER_BOUND('',#203,.F.);
#206=CARTESIAN_POINT('',(-1.5E0,0.E0,1.E0));
#207=DIRECTION('',(1.E0,0.E0,0.E0));
#208=DIRECTION('',(0.E0,0.E0,-1.E0));
#209=AXIS2_PLACEMENT_3D('',#206,#207,#208);
#210=PLANE('',#209);
#211=ORIENTED_EDGE('',*,*,#191,.T.);
#213=ORIENTED_EDGE('',*,*,#212,.T.);
#215=ORIENTED_EDGE('',*,*,#214,.F.);
#217=ORIENTED_EDGE('',*,*,#216,.F.);
#218=EDGE_LOOP('',(#211,#213,#215,#217));
#219=FACE_OUTER_BOUND('',#218,.F.);
#221=FILL_AREA_STYLE_COLOUR('',#29);
#222=FILL_AREA_STYLE('',(#221));
#223=SURFACE_STYLE_FILL_AREA(#222);
#224=SURFACE_SIDE_STYLE('',(#223));
#225=SURFACE_STYLE_USAGE(.POSITIVE.,#224);
#226=FILL_AREA_STYLE_COLOUR('',#28);
#227=FILL_AREA_STYLE('',(#226));
#228=SURFACE_STYLE_FILL_AREA(#227);
#229=SURFACE_SIDE_STYLE('',(#228));
#230=SURFACE_STYLE_USAGE(.NEGATIVE.,#229);
#231=PRESENTATION_STYLE_ASSIGNMENT((#225,#230));
#232=OVER_RIDING_STYLED_ITEM('',(#231),#220,#30);
#233=CARTESIAN_POINT('',(-1.175E0,0.E0,-8.75E-1));
#234=DIRECTION('',(0.E0,0.E0,-1.E0));
#235=DIRECTION('',(-1.E0,0.E0,0.E0));
#236=AXIS2_PLACEMENT_3D('',#233,#234,#235);
#237=PLANE('',#236);
#238=ORIENTED_EDGE('',*,*,#212,.F.);
#239=ORIENTED_EDGE('',*,*,#201,.F.);
#241=ORIENTED_EDGE('',*,*,#240,.T.);
#243=ORIENTED_EDGE('',*,*,#242,.T.);
#244=EDGE_LOOP('',(#238,#239,#241,#243));
#245=FACE_OUTER_BOUND('',#244,.F.);
#247=CARTESIAN_POINT('',(-1.175E0,0.E0,-8.E-1));
#248=DIRECTION('',(0.E0,1.E0,0.E0));
#249=DIRECTION('',(1.E0,0.E0,0.E0));
#250=AXIS2_PLACEMENT_3D('',#247,#248,#249);
#251=CYLINDRICAL_SURFACE('',#250,7.5E-2);
#252=ORIENTED_EDGE('',*,*,#199,.F.);
#254=ORIENTED_EDGE('',*,*,#253,.T.);
#256=ORIENTED_EDGE('',*,*,#255,.T.);
#257=ORIENTED_EDGE('',*,*,#240,.F.);
#258=EDGE_LOOP('',(#252,#254,#256,#257));
#259=FACE_OUTER_BOUND('',#258,.F.);
#261=CARTESIAN_POINT('',(-1.1E0,0.E0,-7.E-1));
#262=DIRECTION('',(1.E0,0.E0,0.E0));
#263=DIRECTION('',(0.E0,0.E0,-1.E0));
#264=AXIS2_PLACEMENT_3D('',#261,#262,#263);
#265=PLANE('',#264);
#266=ORIENTED_EDGE('',*,*,#197,.F.);
#268=ORIENTED_EDGE('',*,*,#267,.T.);
#270=ORIENTED_EDGE('',*,*,#269,.T.);
#271=ORIENTED_EDGE('',*,*,#253,.F.);
#272=EDGE_LOOP('',(#266,#268,#270,#271));
#273=FACE_OUTER_BOUND('',#272,.F.);
#275=CARTESIAN_POINT('',(-1.175E0,0.E0,-7.E-1));
#276=DIRECTION('',(0.E0,1.E0,0.E0));
#277=DIRECTION('',(1.E0,0.E0,0.E0));
#278=AXIS2_PLACEMENT_3D('',#275,#276,#277);
#279=CYLINDRICAL_SURFACE('',#278,7.5E-2);
#280=ORIENTED_EDGE('',*,*,#195,.F.);
#282=ORIENTED_EDGE('',*,*,#281,.T.);
#284=ORIENTED_EDGE('',*,*,#283,.T.);
#285=ORIENTED_EDGE('',*,*,#267,.F.);
#286=EDGE_LOOP('',(#280,#282,#284,#285));
#287=FACE_OUTER_BOUND('',#286,.F.);
#289=CARTESIAN_POINT('',(-1.6E0,0.E0,-6.25E-1));
#290=DIRECTION('',(0.E0,0.E0,1.E0));
#291=DIRECTION('',(1.E0,0.E0,0.E0));
#292=AXIS2_PLACEMENT_3D('',#289,#290,#291);
#293=PLANE('',#292);
#294=ORIENTED_EDGE('',*,*,#216,.T.);
#296=ORIENTED_EDGE('',*,*,#295,.T.);
#297=ORIENTED_EDGE('',*,*,#281,.F.);
#298=ORIENTED_EDGE('',*,*,#193,.F.);
#299=EDGE_LOOP('',(#294,#296,#297,#298));
#300=FACE_OUTER_BOUND('',#299,.F.);
#302=CARTESIAN_POINT('',(0.E0,2.E-1,0.E0));
#303=DIRECTION('',(0.E0,1.E0,0.E0));
#304=DIRECTION('',(1.E0,0.E0,0.E0));
#305=AXIS2_PLACEMENT_3D('',#302,#303,#304);
#306=PLANE('',#305);
#307=ORIENTED_EDGE('',*,*,#214,.T.);
#308=ORIENTED_EDGE('',*,*,#242,.F.);
#309=ORIENTED_EDGE('',*,*,#255,.F.);
#310=ORIENTED_EDGE('',*,*,#269,.F.);
#311=ORIENTED_EDGE('',*,*,#283,.F.);
#312=ORIENTED_EDGE('',*,*,#295,.F.);
#313=EDGE_LOOP('',(#307,#308,#309,#310,#311,#312));
#314=FACE_OUTER_BOUND('',#313,.F.);
#316=CLOSED_SHELL('',(#205,#220,#246,#260,#274,#288,#301,#315));
#317=MANIFOLD_SOLID_BREP('',#316);
#318=FILL_AREA_STYLE_COLOUR('',#28);
#319=FILL_AREA_STYLE('',(#318));
#320=SURFACE_STYLE_FILL_AREA(#319);
#321=SURFACE_SIDE_STYLE('',(#320));
#322=SURFACE_STYLE_USAGE(.BOTH.,#321);
#323=PRESENTATION_STYLE_ASSIGNMENT((#322));
#30=STYLED_ITEM('',(#323),#317);
#325=DIRECTION('',(0.E0,0.E0,-1.E0));
#326=VECTOR('',#325,2.5E-1);
#327=CARTESIAN_POINT('',(-1.5E0,0.E0,-1.25E-1));
#328=LINE('',#327,#326);
#329=CURVE_STYLE('',#35,POSITIVE_LENGTH_MEASURE(2.E-2),#28);
#330=PRESENTATION_STYLE_ASSIGNMENT((#329));
#331=STYLED_ITEM('',(#330),#328);
#332=DIRECTION('',(1.E0,0.E0,0.E0));
#333=VECTOR('',#332,3.25E-1);
#334=CARTESIAN_POINT('',(-1.5E0,0.E0,-1.25E-1));
#335=LINE('',#334,#333);
#336=CURVE_STYLE('',#35,POSITIVE_LENGTH_MEASURE(2.E-2),#28);
#337=PRESENTATION_STYLE_ASSIGNMENT((#336));
#338=STYLED_ITEM('',(#337),#335);
#339=CARTESIAN_POINT('',(-1.175E0,0.E0,-2.E-1));
#340=DIRECTION('',(0.E0,1.E0,0.E0));
#341=DIRECTION('',(0.E0,0.E0,1.E0));
#342=AXIS2_PLACEMENT_3D('',#339,#340,#341);
#344=CURVE_STYLE('',#35,POSITIVE_LENGTH_MEASURE(2.E-2),#28);
#345=PRESENTATION_STYLE_ASSIGNMENT((#344));
#346=STYLED_ITEM('',(#345),#343);
#347=DIRECTION('',(0.E0,0.E0,-1.E0));
#348=VECTOR('',#347,1.E-1);
#349=CARTESIAN_POINT('',(-1.1E0,0.E0,-2.E-1));
#350=LINE('',#349,#348);
#351=CURVE_STYLE('',#35,POSITIVE_LENGTH_MEASURE(2.E-2),#28);
#352=PRESENTATION_STYLE_ASSIGNMENT((#351));
#353=STYLED_ITEM('',(#352),#350);
#354=CARTESIAN_POINT('',(-1.175E0,0.E0,-3.E-1));
#355=DIRECTION('',(0.E0,1.E0,0.E0));
#356=DIRECTION('',(1.E0,0.E0,0.E0));
#357=AXIS2_PLACEMENT_3D('',#354,#355,#356);
#359=CURVE_STYLE('',#35,POSITIVE_LENGTH_MEASURE(2.E-2),#28);
#360=PRESENTATION_STYLE_ASSIGNMENT((#359));
#361=STYLED_ITEM('',(#360),#358);
#362=DIRECTION('',(-1.E0,0.E0,0.E0));
#363=VECTOR('',#362,3.25E-1);
#364=CARTESIAN_POINT('',(-1.175E0,0.E0,-3.75E-1));
#365=LINE('',#364,#363);
#366=CURVE_STYLE('',#35,POSITIVE_LENGTH_MEASURE(2.E-2),#28);
#367=PRESENTATION_STYLE_ASSIGNMENT((#366));
#368=STYLED_ITEM('',(#367),#365);
#369=DIRECTION('',(0.E0,1.E0,0.E0));
#370=VECTOR('',#369,2.E-1);
#371=CARTESIAN_POINT('',(-1.5E0,0.E0,-3.75E-1));
#372=LINE('',#371,#370);
#373=CURVE_STYLE('',#35,POSITIVE_LENGTH_MEASURE(2.E-2),#28);
#374=PRESENTATION_STYLE_ASSIGNMENT((#373));
#375=STYLED_ITEM('',(#374),#372);
#376=DIRECTION('',(0.E0,1.E0,0.E0));
#377=VECTOR('',#376,2.E-1);
#378=CARTESIAN_POINT('',(-1.175E0,0.E0,-3.75E-1));
#379=LINE('',#378,#377);
#380=CURVE_STYLE('',#35,POSITIVE_LENGTH_MEASURE(2.E-2),#28);
#381=PRESENTATION_STYLE_ASSIGNMENT((#380));
#382=STYLED_ITEM('',(#381),#379);
#383=DIRECTION('',(0.E0,1.E0,0.E0));
#384=VECTOR('',#383,2.E-1);
#385=CARTESIAN_POINT('',(-1.1E0,0.E0,-3.E-1));
#386=LINE('',#385,#384);
#387=CURVE_STYLE('',#35,POSITIVE_LENGTH_MEASURE(2.E-2),#28);
#388=PRESENTATION_STYLE_ASSIGNMENT((#387));
#389=STYLED_ITEM('',(#388),#386);
#390=DIRECTION('',(0.E0,1.E0,0.E0));
#391=VECTOR('',#390,2.E-1);
#392=CARTESIAN_POINT('',(-1.1E0,0.E0,-2.E-1));
#393=LINE('',#392,#391);
#394=CURVE_STYLE('',#35,POSITIVE_LENGTH_MEASURE(2.E-2),#28);
#395=PRESENTATION_STYLE_ASSIGNMENT((#394));
#396=STYLED_ITEM('',(#395),#393);
#397=DIRECTION('',(0.E0,1.E0,0.E0));
#398=VECTOR('',#397,2.E-1);
#399=CARTESIAN_POINT('',(-1.175E0,0.E0,-1.25E-1));
#400=LINE('',#399,#398);
#401=CURVE_STYLE('',#35,POSITIVE_LENGTH_MEASURE(2.E-2),#28);
#402=PRESENTATION_STYLE_ASSIGNMENT((#401));
#403=STYLED_ITEM('',(#402),#400);
#404=DIRECTION('',(0.E0,1.E0,0.E0));
#405=VECTOR('',#404,2.E-1);
#406=CARTESIAN_POINT('',(-1.5E0,0.E0,-1.25E-1));
#407=LINE('',#406,#405);
#408=CURVE_STYLE('',#35,POSITIVE_LENGTH_MEASURE(2.E-2),#28);
#409=PRESENTATION_STYLE_ASSIGNMENT((#408));
#410=STYLED_ITEM('',(#409),#407);
#411=DIRECTION('',(0.E0,0.E0,-1.E0));
#412=VECTOR('',#411,2.5E-1);
#413=CARTESIAN_POINT('',(-1.5E0,2.E-1,-1.25E-1));
#414=LINE('',#413,#412);
#415=CURVE_STYLE('',#35,POSITIVE_LENGTH_MEASURE(2.E-2),#28);
#416=PRESENTATION_STYLE_ASSIGNMENT((#415));
#417=STYLED_ITEM('',(#416),#414);
#418=DIRECTION('',(-1.E0,0.E0,0.E0));
#419=VECTOR('',#418,3.25E-1);
#420=CARTESIAN_POINT('',(-1.175E0,2.E-1,-3.75E-1));
#421=LINE('',#420,#419);
#422=CURVE_STYLE('',#35,POSITIVE_LENGTH_MEASURE(2.E-2),#28);
#423=PRESENTATION_STYLE_ASSIGNMENT((#422));
#424=STYLED_ITEM('',(#423),#421);
#425=CARTESIAN_POINT('',(-1.175E0,2.E-1,-3.E-1));
#426=DIRECTION('',(0.E0,1.E0,0.E0));
#427=DIRECTION('',(1.E0,0.E0,0.E0));
#428=AXIS2_PLACEMENT_3D('',#425,#426,#427);
#430=CURVE_STYLE('',#35,POSITIVE_LENGTH_MEASURE(2.E-2),#28);
#431=PRESENTATION_STYLE_ASSIGNMENT((#430));
#432=STYLED_ITEM('',(#431),#429);
#433=DIRECTION('',(0.E0,0.E0,-1.E0));
#434=VECTOR('',#433,1.E-1);
#435=CARTESIAN_POINT('',(-1.1E0,2.E-1,-2.E-1));
#436=LINE('',#435,#434);
#437=CURVE_STYLE('',#35,POSITIVE_LENGTH_MEASURE(2.E-2),#28);
#438=PRESENTATION_STYLE_ASSIGNMENT((#437));
#439=STYLED_ITEM('',(#438),#436);
#440=CARTESIAN_POINT('',(-1.175E0,2.E-1,-2.E-1));
#441=DIRECTION('',(0.E0,1.E0,0.E0));
#442=DIRECTION('',(0.E0,0.E0,1.E0));
#443=AXIS2_PLACEMENT_3D('',#440,#441,#442);
#445=CURVE_STYLE('',#35,POSITIVE_LENGTH_MEASURE(2.E-2),#28);
#446=PRESENTATION_STYLE_ASSIGNMENT((#445));
#447=STYLED_ITEM('',(#446),#444);
#448=DIRECTION('',(1.E0,0.E0,0.E0));
#449=VECTOR('',#448,3.25E-1);
#450=CARTESIAN_POINT('',(-1.5E0,2.E-1,-1.25E-1));
#451=LINE('',#450,#449);
#452=CURVE_STYLE('',#35,POSITIVE_LENGTH_MEASURE(2.E-2),#28);
#453=PRESENTATION_STYLE_ASSIGNMENT((#452));
#454=STYLED_ITEM('',(#453),#451);
#455=CARTESIAN_POINT('',(-1.175E0,0.E0,-1.25E-1));
#456=CARTESIAN_POINT('',(-1.1E0,0.E0,-2.E-1));
#457=VERTEX_POINT('',#455);
#458=VERTEX_POINT('',#456);
#459=CARTESIAN_POINT('',(-1.1E0,0.E0,-3.E-1));
#460=VERTEX_POINT('',#459);
#461=CARTESIAN_POINT('',(-1.175E0,0.E0,-3.75E-1));
#462=VERTEX_POINT('',#461);
#463=CARTESIAN_POINT('',(-1.175E0,2.E-1,-1.25E-1));
#464=CARTESIAN_POINT('',(-1.1E0,2.E-1,-2.E-1));
#465=VERTEX_POINT('',#463);
#466=VERTEX_POINT('',#464);
#467=CARTESIAN_POINT('',(-1.1E0,2.E-1,-3.E-1));
#468=VERTEX_POINT('',#467);
#469=CARTESIAN_POINT('',(-1.175E0,2.E-1,-3.75E-1));
#470=VERTEX_POINT('',#469);
#471=CARTESIAN_POINT('',(-1.5E0,0.E0,-1.25E-1));
#472=CARTESIAN_POINT('',(-1.5E0,0.E0,-3.75E-1));
#473=VERTEX_POINT('',#471);
#474=VERTEX_POINT('',#472);
#475=CARTESIAN_POINT('',(-1.5E0,2.E-1,-1.25E-1));
#476=CARTESIAN_POINT('',(-1.5E0,2.E-1,-3.75E-1));
#477=VERTEX_POINT('',#475);
#478=VERTEX_POINT('',#476);
#479=CARTESIAN_POINT('',(0.E0,0.E0,0.E0));
#480=DIRECTION('',(0.E0,1.E0,0.E0));
#481=DIRECTION('',(1.E0,0.E0,0.E0));
#482=AXIS2_PLACEMENT_3D('',#479,#480,#481);
#483=PLANE('',#482);
#485=ORIENTED_EDGE('',*,*,#484,.F.);
#487=ORIENTED_EDGE('',*,*,#486,.T.);
#489=ORIENTED_EDGE('',*,*,#488,.T.);
#491=ORIENTED_EDGE('',*,*,#490,.T.);
#493=ORIENTED_EDGE('',*,*,#492,.T.);
#495=ORIENTED_EDGE('',*,*,#494,.T.);
#496=EDGE_LOOP('',(#485,#487,#489,#491,#493,#495));
#497=FACE_OUTER_BOUND('',#496,.F.);
#499=CARTESIAN_POINT('',(-1.5E0,0.E0,1.E0));
#500=DIRECTION('',(1.E0,0.E0,0.E0));
#501=DIRECTION('',(0.E0,0.E0,-1.E0));
#502=AXIS2_PLACEMENT_3D('',#499,#500,#501);
#503=PLANE('',#502);
#504=ORIENTED_EDGE('',*,*,#484,.T.);
#506=ORIENTED_EDGE('',*,*,#505,.T.);
#508=ORIENTED_EDGE('',*,*,#507,.F.);
#510=ORIENTED_EDGE('',*,*,#509,.F.);
#511=EDGE_LOOP('',(#504,#506,#508,#510));
#512=FACE_OUTER_BOUND('',#511,.F.);
#514=FILL_AREA_STYLE_COLOUR('',#29);
#515=FILL_AREA_STYLE('',(#514));
#516=SURFACE_STYLE_FILL_AREA(#515);
#517=SURFACE_SIDE_STYLE('',(#516));
#518=SURFACE_STYLE_USAGE(.POSITIVE.,#517);
#519=PRESENTATION_STYLE_ASSIGNMENT((#518));
#520=OVER_RIDING_STYLED_ITEM('',(#519),#513,#324);
#521=CARTESIAN_POINT('',(-1.175E0,0.E0,-3.75E-1));
#522=DIRECTION('',(0.E0,0.E0,-1.E0));
#523=DIRECTION('',(-1.E0,0.E0,0.E0));
#524=AXIS2_PLACEMENT_3D('',#521,#522,#523);
#525=PLANE('',#524);
#526=ORIENTED_EDGE('',*,*,#505,.F.);
#527=ORIENTED_EDGE('',*,*,#494,.F.);
#529=ORIENTED_EDGE('',*,*,#528,.T.);
#531=ORIENTED_EDGE('',*,*,#530,.T.);
#532=EDGE_LOOP('',(#526,#527,#529,#531));
#533=FACE_OUTER_BOUND('',#532,.F.);
#535=CARTESIAN_POINT('',(-1.175E0,0.E0,-3.E-1));
#536=DIRECTION('',(0.E0,1.E0,0.E0));
#537=DIRECTION('',(1.E0,0.E0,0.E0));
#538=AXIS2_PLACEMENT_3D('',#535,#536,#537);
#539=CYLINDRICAL_SURFACE('',#538,7.5E-2);
#540=ORIENTED_EDGE('',*,*,#492,.F.);
#542=ORIENTED_EDGE('',*,*,#541,.T.);
#544=ORIENTED_EDGE('',*,*,#543,.T.);
#545=ORIENTED_EDGE('',*,*,#528,.F.);
#546=EDGE_LOOP('',(#540,#542,#544,#545));
#547=FACE_OUTER_BOUND('',#546,.F.);
#549=CARTESIAN_POINT('',(-1.1E0,0.E0,-2.E-1));
#550=DIRECTION('',(1.E0,0.E0,0.E0));
#551=DIRECTION('',(0.E0,0.E0,-1.E0));
#552=AXIS2_PLACEMENT_3D('',#549,#550,#551);
#553=PLANE('',#552);
#554=ORIENTED_EDGE('',*,*,#490,.F.);
#556=ORIENTED_EDGE('',*,*,#555,.T.);
#558=ORIENTED_EDGE('',*,*,#557,.T.);
#559=ORIENTED_EDGE('',*,*,#541,.F.);
#560=EDGE_LOOP('',(#554,#556,#558,#559));
#561=FACE_OUTER_BOUND('',#560,.F.);
#563=CARTESIAN_POINT('',(-1.175E0,0.E0,-2.E-1));
#564=DIRECTION('',(0.E0,1.E0,0.E0));
#565=DIRECTION('',(1.E0,0.E0,0.E0));
#566=AXIS2_PLACEMENT_3D('',#563,#564,#565);
#567=CYLINDRICAL_SURFACE('',#566,7.5E-2);
#568=ORIENTED_EDGE('',*,*,#488,.F.);
#570=ORIENTED_EDGE('',*,*,#569,.T.);
#572=ORIENTED_EDGE('',*,*,#571,.T.);
#573=ORIENTED_EDGE('',*,*,#555,.F.);
#574=EDGE_LOOP('',(#568,#570,#572,#573));
#575=FACE_OUTER_BOUND('',#574,.F.);
#577=CARTESIAN_POINT('',(-1.6E0,0.E0,-1.25E-1));
#578=DIRECTION('',(0.E0,0.E0,1.E0));
#579=DIRECTION('',(1.E0,0.E0,0.E0));
#580=AXIS2_PLACEMENT_3D('',#577,#578,#579);
#581=PLANE('',#580);
#582=ORIENTED_EDGE('',*,*,#509,.T.);
#584=ORIENTED_EDGE('',*,*,#583,.T.);
#585=ORIENTED_EDGE('',*,*,#569,.F.);
#586=ORIENTED_EDGE('',*,*,#486,.F.);
#587=EDGE_LOOP('',(#582,#584,#585,#586));
#588=FACE_OUTER_BOUND('',#587,.F.);
#590=CARTESIAN_POINT('',(0.E0,2.E-1,0.E0));
#591=DIRECTION('',(0.E0,1.E0,0.E0));
#592=DIRECTION('',(1.E0,0.E0,0.E0));
#593=AXIS2_PLACEMENT_3D('',#590,#591,#592);
#594=PLANE('',#593);
#595=ORIENTED_EDGE('',*,*,#507,.T.);
#596=ORIENTED_EDGE('',*,*,#530,.F.);
#597=ORIENTED_EDGE('',*,*,#543,.F.);
#598=ORIENTED_EDGE('',*,*,#557,.F.);
#599=ORIENTED_EDGE('',*,*,#571,.F.);
#600=ORIENTED_EDGE('',*,*,#583,.F.);
#601=EDGE_LOOP('',(#595,#596,#597,#598,#599,#600));
#602=FACE_OUTER_BOUND('',#601,.F.);
#604=CLOSED_SHELL('',(#498,#513,#534,#548,#562,#576,#589,#603));
#605=MANIFOLD_SOLID_BREP('',#604);
#606=FILL_AREA_STYLE_COLOUR('',#28);
#607=FILL_AREA_STYLE('',(#606));
#608=SURFACE_STYLE_FILL_AREA(#607);
#609=SURFACE_SIDE_STYLE('',(#608));
#610=SURFACE_STYLE_USAGE(.POSITIVE.,#609);
#611=PRESENTATION_STYLE_ASSIGNMENT((#610));
#324=STYLED_ITEM('',(#611),#605);
#613=DIRECTION('',(0.E0,0.E0,-1.E0));
#614=VECTOR('',#613,2.5E-1);
#615=CARTESIAN_POINT('',(-1.5E0,0.E0,3.75E-1));
#616=LINE('',#615,#614);
#617=CURVE_STYLE('',#35,POSITIVE_LENGTH_MEASURE(2.E-2),#28);
#618=PRESENTATION_STYLE_ASSIGNMENT((#617));
#619=STYLED_ITEM('',(#618),#616);
#620=DIRECTION('',(1.E0,0.E0,0.E0));
#621=VECTOR('',#620,3.25E-1);
#622=CARTESIAN_POINT('',(-1.5E0,0.E0,3.75E-1));
#623=LINE('',#622,#621);
#624=CURVE_STYLE('',#35,POSITIVE_LENGTH_MEASURE(2.E-2),#28);
#625=PRESENTATION_STYLE_ASSIGNMENT((#624));
#626=STYLED_ITEM('',(#625),#623);
#627=CARTESIAN_POINT('',(-1.175E0,0.E0,3.E-1));
#628=DIRECTION('',(0.E0,1.E0,0.E0));
#629=DIRECTION('',(0.E0,0.E0,1.E0));
#630=AXIS2_PLACEMENT_3D('',#627,#628,#629);
#632=CURVE_STYLE('',#35,POSITIVE_LENGTH_MEASURE(2.E-2),#28);
#633=PRESENTATION_STYLE_ASSIGNMENT((#632));
#634=STYLED_ITEM('',(#633),#631);
#635=DIRECTION('',(0.E0,0.E0,-1.E0));
#636=VECTOR('',#635,1.E-1);
#637=CARTESIAN_POINT('',(-1.1E0,0.E0,3.E-1));
#638=LINE('',#637,#636);
#639=CURVE_STYLE('',#35,POSITIVE_LENGTH_MEASURE(2.E-2),#28);
#640=PRESENTATION_STYLE_ASSIGNMENT((#639));
#641=STYLED_ITEM('',(#640),#638);
#642=CARTESIAN_POINT('',(-1.175E0,0.E0,2.E-1));
#643=DIRECTION('',(0.E0,1.E0,0.E0));
#644=DIRECTION('',(1.E0,0.E0,0.E0));
#645=AXIS2_PLACEMENT_3D('',#642,#643,#644);
#647=CURVE_STYLE('',#35,POSITIVE_LENGTH_MEASURE(2.E-2),#28);
#648=PRESENTATION_STYLE_ASSIGNMENT((#647));
#649=STYLED_ITEM('',(#648),#646);
#650=DIRECTION('',(-1.E0,0.E0,0.E0));
#651=VECTOR('',#650,3.25E-1);
#652=CARTESIAN_POINT('',(-1.175E0,0.E0,1.25E-1));
#653=LINE('',#652,#651);
#654=CURVE_STYLE('',#35,POSITIVE_LENGTH_MEASURE(2.E-2),#28);
#655=PRESENTATION_STYLE_ASSIGNMENT((#654));
#656=STYLED_ITEM('',(#655),#653);
#657=DIRECTION('',(0.E0,1.E0,0.E0));
#658=VECTOR('',#657,2.E-1);
#659=CARTESIAN_POINT('',(-1.5E0,0.E0,1.25E-1));
#660=LINE('',#659,#658);
#661=CURVE_STYLE('',#35,POSITIVE_LENGTH_MEASURE(2.E-2),#28);
#662=PRESENTATION_STYLE_ASSIGNMENT((#661));
#663=STYLED_ITEM('',(#662),#660);
#664=DIRECTION('',(0.E0,1.E0,0.E0));
#665=VECTOR('',#664,2.E-1);
#666=CARTESIAN_POINT('',(-1.175E0,0.E0,1.25E-1));
#667=LINE('',#666,#665);
#668=CURVE_STYLE('',#35,POSITIVE_LENGTH_MEASURE(2.E-2),#28);
#669=PRESENTATION_STYLE_ASSIGNMENT((#668));
#670=STYLED_ITEM('',(#669),#667);
#671=DIRECTION('',(0.E0,1.E0,0.E0));
#672=VECTOR('',#671,2.E-1);
#673=CARTESIAN_POINT('',(-1.1E0,0.E0,2.E-1));
#674=LINE('',#673,#672);
#675=CURVE_STYLE('',#35,POSITIVE_LENGTH_MEASURE(2.E-2),#28);
#676=PRESENTATION_STYLE_ASSIGNMENT((#675));
#677=STYLED_ITEM('',(#676),#674);
#678=DIRECTION('',(0.E0,1.E0,0.E0));
#679=VECTOR('',#678,2.E-1);
#680=CARTESIAN_POINT('',(-1.1E0,0.E0,3.E-1));
#681=LINE('',#680,#679);
#682=CURVE_STYLE('',#35,POSITIVE_LENGTH_MEASURE(2.E-2),#28);
#683=PRESENTATION_STYLE_ASSIGNMENT((#682));
#684=STYLED_ITEM('',(#683),#681);
#685=DIRECTION('',(0.E0,1.E0,0.E0));
#686=VECTOR('',#685,2.E-1);
#687=CARTESIAN_POINT('',(-1.175E0,0.E0,3.75E-1));
#688=LINE('',#687,#686);
#689=CURVE_STYLE('',#35,POSITIVE_LENGTH_MEASURE(2.E-2),#28);
#690=PRESENTATION_STYLE_ASSIGNMENT((#689));
#691=STYLED_ITEM('',(#690),#688);
#692=DIRECTION('',(0.E0,1.E0,0.E0));
#693=VECTOR('',#692,2.E-1);
#694=CARTESIAN_POINT('',(-1.5E0,0.E0,3.75E-1));
#695=LINE('',#694,#693);
#696=CURVE_STYLE('',#35,POSITIVE_LENGTH_MEASURE(2.E-2),#28);
#697=PRESENTATION_STYLE_ASSIGNMENT((#696));
#698=STYLED_ITEM('',(#697),#695);
#699=DIRECTION('',(0.E0,0.E0,-1.E0));
#700=VECTOR('',#699,2.5E-1);
#701=CARTESIAN_POINT('',(-1.5E0,2.E-1,3.75E-1));
#702=LINE('',#701,#700);
#703=CURVE_STYLE('',#35,POSITIVE_LENGTH_MEASURE(2.E-2),#28);
#704=PRESENTATION_STYLE_ASSIGNMENT((#703));
#705=STYLED_ITEM('',(#704),#702);
#706=DIRECTION('',(-1.E0,0.E0,0.E0));
#707=VECTOR('',#706,3.25E-1);
#708=CARTESIAN_POINT('',(-1.175E0,2.E-1,1.25E-1));
#709=LINE('',#708,#707);
#710=CURVE_STYLE('',#35,POSITIVE_LENGTH_MEASURE(2.E-2),#28);
#711=PRESENTATION_STYLE_ASSIGNMENT((#710));
#712=STYLED_ITEM('',(#711),#709);
#713=CARTESIAN_POINT('',(-1.175E0,2.E-1,2.E-1));
#714=DIRECTION('',(0.E0,1.E0,0.E0));
#715=DIRECTION('',(1.E0,0.E0,0.E0));
#716=AXIS2_PLACEMENT_3D('',#713,#714,#715);
#718=CURVE_STYLE('',#35,POSITIVE_LENGTH_MEASURE(2.E-2),#28);
#719=PRESENTATION_STYLE_ASSIGNMENT((#718));
#720=STYLED_ITEM('',(#719),#717);
#721=DIRECTION('',(0.E0,0.E0,-1.E0));
#722=VECTOR('',#721,1.E-1);
#723=CARTESIAN_POINT('',(-1.1E0,2.E-1,3.E-1));
#724=LINE('',#723,#722);
#725=CURVE_STYLE('',#35,POSITIVE_LENGTH_MEASURE(2.E-2),#28);
#726=PRESENTATION_STYLE_ASSIGNMENT((#725));
#727=STYLED_ITEM('',(#726),#724);
#728=CARTESIAN_POINT('',(-1.175E0,2.E-1,3.E-1));
#729=DIRECTION('',(0.E0,1.E0,0.E0));
#730=DIRECTION('',(0.E0,0.E0,1.E0));
#731=AXIS2_PLACEMENT_3D('',#728,#729,#730);
#733=CURVE_STYLE('',#35,POSITIVE_LENGTH_MEASURE(2.E-2),#28);
#734=PRESENTATION_STYLE_ASSIGNMENT((#733));
#735=STYLED_ITEM('',(#734),#732);
#736=DIRECTION('',(1.E0,0.E0,0.E0));
#737=VECTOR('',#736,3.25E-1);
#738=CARTESIAN_POINT('',(-1.5E0,2.E-1,3.75E-1));
#739=LINE('',#738,#737);
#740=CURVE_STYLE('',#35,POSITIVE_LENGTH_MEASURE(2.E-2),#28);
#741=PRESENTATION_STYLE_ASSIGNMENT((#740));
#742=STYLED_ITEM('',(#741),#739);
#743=CARTESIAN_POINT('',(-1.175E0,0.E0,3.75E-1));
#744=CARTESIAN_POINT('',(-1.1E0,0.E0,3.E-1));
#745=VERTEX_POINT('',#743);
#746=VERTEX_POINT('',#744);
#747=CARTESIAN_POINT('',(-1.1E0,0.E0,2.E-1));
#748=VERTEX_POINT('',#747);
#749=CARTESIAN_POINT('',(-1.175E0,0.E0,1.25E-1));
#750=VERTEX_POINT('',#749);
#751=CARTESIAN_POINT('',(-1.175E0,2.E-1,3.75E-1));
#752=CARTESIAN_POINT('',(-1.1E0,2.E-1,3.E-1));
#753=VERTEX_POINT('',#751);
#754=VERTEX_POINT('',#752);
#755=CARTESIAN_POINT('',(-1.1E0,2.E-1,2.E-1));
#756=VERTEX_POINT('',#755);
#757=CARTESIAN_POINT('',(-1.175E0,2.E-1,1.25E-1));
#758=VERTEX_POINT('',#757);
#759=CARTESIAN_POINT('',(-1.5E0,0.E0,3.75E-1));
#760=CARTESIAN_POINT('',(-1.5E0,0.E0,1.25E-1));
#761=VERTEX_POINT('',#759);
#762=VERTEX_POINT('',#760);
#763=CARTESIAN_POINT('',(-1.5E0,2.E-1,3.75E-1));
#764=CARTESIAN_POINT('',(-1.5E0,2.E-1,1.25E-1));
#765=VERTEX_POINT('',#763);
#766=VERTEX_POINT('',#764);
#767=CARTESIAN_POINT('',(0.E0,0.E0,0.E0));
#768=DIRECTION('',(0.E0,1.E0,0.E0));
#769=DIRECTION('',(1.E0,0.E0,0.E0));
#770=AXIS2_PLACEMENT_3D('',#767,#768,#769);
#771=PLANE('',#770);
#773=ORIENTED_EDGE('',*,*,#772,.F.);
#775=ORIENTED_EDGE('',*,*,#774,.T.);
#777=ORIENTED_EDGE('',*,*,#776,.T.);
#779=ORIENTED_EDGE('',*,*,#778,.T.);
#781=ORIENTED_EDGE('',*,*,#780,.T.);
#783=ORIENTED_EDGE('',*,*,#782,.T.);
#784=EDGE_LOOP('',(#773,#775,#777,#779,#781,#783));
#785=FACE_OUTER_BOUND('',#784,.F.);
#787=CARTESIAN_POINT('',(-1.5E0,0.E0,1.E0));
#788=DIRECTION('',(1.E0,0.E0,0.E0));
#789=DIRECTION('',(0.E0,0.E0,-1.E0));
#790=AXIS2_PLACEMENT_3D('',#787,#788,#789);
#791=PLANE('',#790);
#792=ORIENTED_EDGE('',*,*,#772,.T.);
#794=ORIENTED_EDGE('',*,*,#793,.T.);
#796=ORIENTED_EDGE('',*,*,#795,.F.);
#798=ORIENTED_EDGE('',*,*,#797,.F.);
#799=EDGE_LOOP('',(#792,#794,#796,#798));
#800=FACE_OUTER_BOUND('',#799,.F.);
#802=FILL_AREA_STYLE_COLOUR('',#29);
#803=FILL_AREA_STYLE('',(#802));
#804=SURFACE_STYLE_FILL_AREA(#803);
#805=SURFACE_SIDE_STYLE('',(#804));
#806=SURFACE_STYLE_USAGE(.POSITIVE.,#805);
#807=PRESENTATION_STYLE_ASSIGNMENT((#806));
#808=OVER_RIDING_STYLED_ITEM('',(#807),#801,#612);
#809=CARTESIAN_POINT('',(-1.175E0,0.E0,1.25E-1));
#810=DIRECTION('',(0.E0,0.E0,-1.E0));
#811=DIRECTION('',(-1.E0,0.E0,0.E0));
#812=AXIS2_PLACEMENT_3D('',#809,#810,#811);
#813=PLANE('',#812);
#814=ORIENTED_EDGE('',*,*,#793,.F.);
#815=ORIENTED_EDGE('',*,*,#782,.F.);
#817=ORIENTED_EDGE('',*,*,#816,.T.);
#819=ORIENTED_EDGE('',*,*,#818,.T.);
#820=EDGE_LOOP('',(#814,#815,#817,#819));
#821=FACE_OUTER_BOUND('',#820,.F.);
#823=CARTESIAN_POINT('',(-1.175E0,0.E0,2.E-1));
#824=DIRECTION('',(0.E0,1.E0,0.E0));
#825=DIRECTION('',(1.E0,0.E0,0.E0));
#826=AXIS2_PLACEMENT_3D('',#823,#824,#825);
#827=CYLINDRICAL_SURFACE('',#826,7.5E-2);
#828=ORIENTED_EDGE('',*,*,#780,.F.);
#830=ORIENTED_EDGE('',*,*,#829,.T.);
#832=ORIENTED_EDGE('',*,*,#831,.T.);
#833=ORIENTED_EDGE('',*,*,#816,.F.);
#834=EDGE_LOOP('',(#828,#830,#832,#833));
#835=FACE_OUTER_BOUND('',#834,.F.);
#837=CARTESIAN_POINT('',(-1.1E0,0.E0,3.E-1));
#838=DIRECTION('',(1.E0,0.E0,0.E0));
#839=DIRECTION('',(0.E0,0.E0,-1.E0));
#840=AXIS2_PLACEMENT_3D('',#837,#838,#839);
#841=PLANE('',#840);
#842=ORIENTED_EDGE('',*,*,#778,.F.);
#844=ORIENTED_EDGE('',*,*,#843,.T.);
#846=ORIENTED_EDGE('',*,*,#845,.T.);
#847=ORIENTED_EDGE('',*,*,#829,.F.);
#848=EDGE_LOOP('',(#842,#844,#846,#847));
#849=FACE_OUTER_BOUND('',#848,.F.);
#851=CARTESIAN_POINT('',(-1.175E0,0.E0,3.E-1));
#852=DIRECTION('',(0.E0,1.E0,0.E0));
#853=DIRECTION('',(1.E0,0.E0,0.E0));
#854=AXIS2_PLACEMENT_3D('',#851,#852,#853);
#855=CYLINDRICAL_SURFACE('',#854,7.5E-2);
#856=ORIENTED_EDGE('',*,*,#776,.F.);
#858=ORIENTED_EDGE('',*,*,#857,.T.);
#860=ORIENTED_EDGE('',*,*,#859,.T.);
#861=ORIENTED_EDGE('',*,*,#843,.F.);
#862=EDGE_LOOP('',(#856,#858,#860,#861));
#863=FACE_OUTER_BOUND('',#862,.F.);
#865=CARTESIAN_POINT('',(-1.6E0,0.E0,3.75E-1));
#866=DIRECTION('',(0.E0,0.E0,1.E0));
#867=DIRECTION('',(1.E0,0.E0,0.E0));
#868=AXIS2_PLACEMENT_3D('',#865,#866,#867);
#869=PLANE('',#868);
#870=ORIENTED_EDGE('',*,*,#797,.T.);
#872=ORIENTED_EDGE('',*,*,#871,.T.);
#873=ORIENTED_EDGE('',*,*,#857,.F.);
#874=ORIENTED_EDGE('',*,*,#774,.F.);
#875=EDGE_LOOP('',(#870,#872,#873,#874));
#876=FACE_OUTER_BOUND('',#875,.F.);
#878=CARTESIAN_POINT('',(0.E0,2.E-1,0.E0));
#879=DIRECTION('',(0.E0,1.E0,0.E0));
#880=DIRECTION('',(1.E0,0.E0,0.E0));
#881=AXIS2_PLACEMENT_3D('',#878,#879,#880);
#882=PLANE('',#881);
#883=ORIENTED_EDGE('',*,*,#795,.T.);
#884=ORIENTED_EDGE('',*,*,#818,.F.);
#885=ORIENTED_EDGE('',*,*,#831,.F.);
#886=ORIENTED_EDGE('',*,*,#845,.F.);
#887=ORIENTED_EDGE('',*,*,#859,.F.);
#888=ORIENTED_EDGE('',*,*,#871,.F.);
#889=EDGE_LOOP('',(#883,#884,#885,#886,#887,#888));
#890=FACE_OUTER_BOUND('',#889,.F.);
#892=CLOSED_SHELL('',(#786,#801,#822,#836,#850,#864,#877,#891));
#893=MANIFOLD_SOLID_BREP('',#892);
#894=FILL_AREA_STYLE_COLOUR('',#28);
#895=FILL_AREA_STYLE('',(#894));
#896=SURFACE_STYLE_FILL_AREA(#895);
#897=SURFACE_SIDE_STYLE('',(#896));
#898=SURFACE_STYLE_USAGE(.POSITIVE.,#897);
#899=PRESENTATION_STYLE_ASSIGNMENT((#898));
#612=STYLED_ITEM('',(#899),#893);
#901=DIRECTION('',(0.E0,0.E0,-1.E0));
#902=VECTOR('',#901,2.5E-1);
#903=CARTESIAN_POINT('',(-1.5E0,0.E0,8.75E-1));
#904=LINE('',#903,#902);
#905=CURVE_STYLE('',#35,POSITIVE_LENGTH_MEASURE(2.E-2),#28);
#906=PRESENTATION_STYLE_ASSIGNMENT((#905));
#907=STYLED_ITEM('',(#906),#904);
#908=DIRECTION('',(1.E0,0.E0,0.E0));
#909=VECTOR('',#908,3.25E-1);
#910=CARTESIAN_POINT('',(-1.5E0,0.E0,8.75E-1));
#911=LINE('',#910,#909);
#912=CURVE_STYLE('',#35,POSITIVE_LENGTH_MEASURE(2.E-2),#28);
#913=PRESENTATION_STYLE_ASSIGNMENT((#912));
#914=STYLED_ITEM('',(#913),#911);
#915=CARTESIAN_POINT('',(-1.175E0,0.E0,8.E-1));
#916=DIRECTION('',(0.E0,1.E0,0.E0));
#917=DIRECTION('',(0.E0,0.E0,1.E0));
#918=AXIS2_PLACEMENT_3D('',#915,#916,#917);
#920=CURVE_STYLE('',#35,POSITIVE_LENGTH_MEASURE(2.E-2),#28);
#921=PRESENTATION_STYLE_ASSIGNMENT((#920));
#922=STYLED_ITEM('',(#921),#919);
#923=DIRECTION('',(0.E0,0.E0,-1.E0));
#924=VECTOR('',#923,1.E-1);
#925=CARTESIAN_POINT('',(-1.1E0,0.E0,8.E-1));
#926=LINE('',#925,#924);
#927=CURVE_STYLE('',#35,POSITIVE_LENGTH_MEASURE(2.E-2),#28);
#928=PRESENTATION_STYLE_ASSIGNMENT((#927));
#929=STYLED_ITEM('',(#928),#926);
#930=CARTESIAN_POINT('',(-1.175E0,0.E0,7.E-1));
#931=DIRECTION('',(0.E0,1.E0,0.E0));
#932=DIRECTION('',(1.E0,0.E0,0.E0));
#933=AXIS2_PLACEMENT_3D('',#930,#931,#932);
#935=CURVE_STYLE('',#35,POSITIVE_LENGTH_MEASURE(2.E-2),#28);
#936=PRESENTATION_STYLE_ASSIGNMENT((#935));
#937=STYLED_ITEM('',(#936),#934);
#938=DIRECTION('',(-1.E0,0.E0,0.E0));
#939=VECTOR('',#938,3.25E-1);
#940=CARTESIAN_POINT('',(-1.175E0,0.E0,6.25E-1));
#941=LINE('',#940,#939);
#942=CURVE_STYLE('',#35,POSITIVE_LENGTH_MEASURE(2.E-2),#28);
#943=PRESENTATION_STYLE_ASSIGNMENT((#942));
#944=STYLED_ITEM('',(#943),#941);
#945=DIRECTION('',(0.E0,1.E0,0.E0));
#946=VECTOR('',#945,2.E-1);
#947=CARTESIAN_POINT('',(-1.5E0,0.E0,6.25E-1));
#948=LINE('',#947,#946);
#949=CURVE_STYLE('',#35,POSITIVE_LENGTH_MEASURE(2.E-2),#28);
#950=PRESENTATION_STYLE_ASSIGNMENT((#949));
#951=STYLED_ITEM('',(#950),#948);
#952=DIRECTION('',(0.E0,1.E0,0.E0));
#953=VECTOR('',#952,2.E-1);
#954=CARTESIAN_POINT('',(-1.175E0,0.E0,6.25E-1));
#955=LINE('',#954,#953);
#956=CURVE_STYLE('',#35,POSITIVE_LENGTH_MEASURE(2.E-2),#28);
#957=PRESENTATION_STYLE_ASSIGNMENT((#956));
#958=STYLED_ITEM('',(#957),#955);
#959=DIRECTION('',(0.E0,1.E0,0.E0));
#960=VECTOR('',#959,2.E-1);
#961=CARTESIAN_POINT('',(-1.1E0,0.E0,7.E-1));
#962=LINE('',#961,#960);
#963=CURVE_STYLE('',#35,POSITIVE_LENGTH_MEASURE(2.E-2),#28);
#964=PRESENTATION_STYLE_ASSIGNMENT((#963));
#965=STYLED_ITEM('',(#964),#962);
#966=DIRECTION('',(0.E0,1.E0,0.E0));
#967=VECTOR('',#966,2.E-1);
#968=CARTESIAN_POINT('',(-1.1E0,0.E0,8.E-1));
#969=LINE('',#968,#967);
#970=CURVE_STYLE('',#35,POSITIVE_LENGTH_MEASURE(2.E-2),#28);
#971=PRESENTATION_STYLE_ASSIGNMENT((#970));
#972=STYLED_ITEM('',(#971),#969);
#973=DIRECTION('',(0.E0,1.E0,0.E0));
#974=VECTOR('',#973,2.E-1);
#975=CARTESIAN_POINT('',(-1.175E0,0.E0,8.75E-1));
#976=LINE('',#975,#974);
#977=CURVE_STYLE('',#35,POSITIVE_LENGTH_MEASURE(2.E-2),#28);
#978=PRESENTATION_STYLE_ASSIGNMENT((#977));
#979=STYLED_ITEM('',(#978),#976);
#980=DIRECTION('',(0.E0,1.E0,0.E0));
#981=VECTOR('',#980,2.E-1);
#982=CARTESIAN_POINT('',(-1.5E0,0.E0,8.75E-1));
#983=LINE('',#982,#981);
#984=CURVE_STYLE('',#35,POSITIVE_LENGTH_MEASURE(2.E-2),#28);
#985=PRESENTATION_STYLE_ASSIGNMENT((#984));
#986=STYLED_ITEM('',(#985),#983);
#987=DIRECTION('',(0.E0,0.E0,-1.E0));
#988=VECTOR('',#987,2.5E-1);
#989=CARTESIAN_POINT('',(-1.5E0,2.E-1,8.75E-1));
#990=LINE('',#989,#988);
#991=CURVE_STYLE('',#35,POSITIVE_LENGTH_MEASURE(2.E-2),#28);
#992=PRESENTATION_STYLE_ASSIGNMENT((#991));
#993=STYLED_ITEM('',(#992),#990);
#994=DIRECTION('',(-1.E0,0.E0,0.E0));
#995=VECTOR('',#994,3.25E-1);
#996=CARTESIAN_POINT('',(-1.175E0,2.E-1,6.25E-1));
#997=LINE('',#996,#995);
#998=CURVE_STYLE('',#35,POSITIVE_LENGTH_MEASURE(2.E-2),#28);
#999=PRESENTATION_STYLE_ASSIGNMENT((#998));
#1000=STYLED_ITEM('',(#999),#997);
#1001=CARTESIAN_POINT('',(-1.175E0,2.E-1,7.E-1));
#1002=DIRECTION('',(0.E0,1.E0,0.E0));
#1003=DIRECTION('',(1.E0,0.E0,0.E0));
#1004=AXIS2_PLACEMENT_3D('',#1001,#1002,#1003);
#1006=CURVE_STYLE('',#35,POSITIVE_LENGTH_MEASURE(2.E-2),#28);
#1007=PRESENTATION_STYLE_ASSIGNMENT((#1006));
#1008=STYLED_ITEM('',(#1007),#1005);
#1009=DIRECTION('',(0.E0,0.E0,-1.E0));
#1010=VECTOR('',#1009,1.E-1);
#1011=CARTESIAN_POINT('',(-1.1E0,2.E-1,8.E-1));
#1012=LINE('',#1011,#1010);
#1013=CURVE_STYLE('',#35,POSITIVE_LENGTH_MEASURE(2.E-2),#28);
#1014=PRESENTATION_STYLE_ASSIGNMENT((#1013));
#1015=STYLED_ITEM('',(#1014),#1012);
#1016=CARTESIAN_POINT('',(-1.175E0,2.E-1,8.E-1));
#1017=DIRECTION('',(0.E0,1.E0,0.E0));
#1018=DIRECTION('',(0.E0,0.E0,1.E0));
#1019=AXIS2_PLACEMENT_3D('',#1016,#1017,#1018);
#1021=CURVE_STYLE('',#35,POSITIVE_LENGTH_MEASURE(2.E-2),#28);
#1022=PRESENTATION_STYLE_ASSIGNMENT((#1021));
#1023=STYLED_ITEM('',(#1022),#1020);
#1024=DIRECTION('',(1.E0,0.E0,0.E0));
#1025=VECTOR('',#1024,3.25E-1);
#1026=CARTESIAN_POINT('',(-1.5E0,2.E-1,8.75E-1));
#1027=LINE('',#1026,#1025);
#1028=CURVE_STYLE('',#35,POSITIVE_LENGTH_MEASURE(2.E-2),#28);
#1029=PRESENTATION_STYLE_ASSIGNMENT((#1028));
#1030=STYLED_ITEM('',(#1029),#1027);
#1031=CARTESIAN_POINT('',(-1.175E0,0.E0,8.75E-1));
#1032=CARTESIAN_POINT('',(-1.1E0,0.E0,8.E-1));
#1033=VERTEX_POINT('',#1031);
#1034=VERTEX_POINT('',#1032);
#1035=CARTESIAN_POINT('',(-1.1E0,0.E0,7.E-1));
#1036=VERTEX_POINT('',#1035);
#1037=CARTESIAN_POINT('',(-1.175E0,0.E0,6.25E-1));
#1038=VERTEX_POINT('',#1037);
#1039=CARTESIAN_POINT('',(-1.175E0,2.E-1,8.75E-1));
#1040=CARTESIAN_POINT('',(-1.1E0,2.E-1,8.E-1));
#1041=VERTEX_POINT('',#1039);
#1042=VERTEX_POINT('',#1040);
#1043=CARTESIAN_POINT('',(-1.1E0,2.E-1,7.E-1));
#1044=VERTEX_POINT('',#1043);
#1045=CARTESIAN_POINT('',(-1.175E0,2.E-1,6.25E-1));
#1046=VERTEX_POINT('',#1045);
#1047=CARTESIAN_POINT('',(-1.5E0,0.E0,8.75E-1));
#1048=CARTESIAN_POINT('',(-1.5E0,0.E0,6.25E-1));
#1049=VERTEX_POINT('',#1047);
#1050=VERTEX_POINT('',#1048);
#1051=CARTESIAN_POINT('',(-1.5E0,2.E-1,8.75E-1));
#1052=CARTESIAN_POINT('',(-1.5E0,2.E-1,6.25E-1));
#1053=VERTEX_POINT('',#1051);
#1054=VERTEX_POINT('',#1052);
#1055=CARTESIAN_POINT('',(0.E0,0.E0,0.E0));
#1056=DIRECTION('',(0.E0,1.E0,0.E0));
#1057=DIRECTION('',(1.E0,0.E0,0.E0));
#1058=AXIS2_PLACEMENT_3D('',#1055,#1056,#1057);
#1059=PLANE('',#1058);
#1061=ORIENTED_EDGE('',*,*,#1060,.F.);
#1063=ORIENTED_EDGE('',*,*,#1062,.T.);
#1065=ORIENTED_EDGE('',*,*,#1064,.T.);
#1067=ORIENTED_EDGE('',*,*,#1066,.T.);
#1069=ORIENTED_EDGE('',*,*,#1068,.T.);
#1071=ORIENTED_EDGE('',*,*,#1070,.T.);
#1072=EDGE_LOOP('',(#1061,#1063,#1065,#1067,#1069,#1071));
#1073=FACE_OUTER_BOUND('',#1072,.F.);
#1075=CARTESIAN_POINT('',(-1.5E0,0.E0,1.E0));
#1076=DIRECTION('',(1.E0,0.E0,0.E0));
#1077=DIRECTION('',(0.E0,0.E0,-1.E0));
#1078=AXIS2_PLACEMENT_3D('',#1075,#1076,#1077);
#1079=PLANE('',#1078);
#1080=ORIENTED_EDGE('',*,*,#1060,.T.);
#1082=ORIENTED_EDGE('',*,*,#1081,.T.);
#1084=ORIENTED_EDGE('',*,*,#1083,.F.);
#1086=ORIENTED_EDGE('',*,*,#1085,.F.);
#1087=EDGE_LOOP('',(#1080,#1082,#1084,#1086));
#1088=FACE_OUTER_BOUND('',#1087,.F.);
#1090=FILL_AREA_STYLE_COLOUR('',#29);
#1091=FILL_AREA_STYLE('',(#1090));
#1092=SURFACE_STYLE_FILL_AREA(#1091);
#1093=SURFACE_SIDE_STYLE('',(#1092));
#1094=SURFACE_STYLE_USAGE(.POSITIVE.,#1093);
#1095=PRESENTATION_STYLE_ASSIGNMENT((#1094));
#1096=OVER_RIDING_STYLED_ITEM('',(#1095),#1089,#900);
#1097=CARTESIAN_POINT('',(-1.175E0,0.E0,6.25E-1));
#1098=DIRECTION('',(0.E0,0.E0,-1.E0));
#1099=DIRECTION('',(-1.E0,0.E0,0.E0));
#1100=AXIS2_PLACEMENT_3D('',#1097,#1098,#1099);
#1101=PLANE('',#1100);
#1102=ORIENTED_EDGE('',*,*,#1081,.F.);
#1103=ORIENTED_EDGE('',*,*,#1070,.F.);
#1105=ORIENTED_EDGE('',*,*,#1104,.T.);
#1107=ORIENTED_EDGE('',*,*,#1106,.T.);
#1108=EDGE_LOOP('',(#1102,#1103,#1105,#1107));
#1109=FACE_OUTER_BOUND('',#1108,.F.);
#1111=CARTESIAN_POINT('',(-1.175E0,0.E0,7.E-1));
#1112=DIRECTION('',(0.E0,1.E0,0.E0));
#1113=DIRECTION('',(1.E0,0.E0,0.E0));
#1114=AXIS2_PLACEMENT_3D('',#1111,#1112,#1113);
#1115=CYLINDRICAL_SURFACE('',#1114,7.5E-2);
#1116=ORIENTED_EDGE('',*,*,#1068,.F.);
#1118=ORIENTED_EDGE('',*,*,#1117,.T.);
#1120=ORIENTED_EDGE('',*,*,#1119,.T.);
#1121=ORIENTED_EDGE('',*,*,#1104,.F.);
#1122=EDGE_LOOP('',(#1116,#1118,#1120,#1121));
#1123=FACE_OUTER_BOUND('',#1122,.F.);
#1125=CARTESIAN_POINT('',(-1.1E0,0.E0,8.E-1));
#1126=DIRECTION('',(1.E0,0.E0,0.E0));
#1127=DIRECTION('',(0.E0,0.E0,-1.E0));
#1128=AXIS2_PLACEMENT_3D('',#1125,#1126,#1127);
#1129=PLANE('',#1128);
#1130=ORIENTED_EDGE('',*,*,#1066,.F.);
#1132=ORIENTED_EDGE('',*,*,#1131,.T.);
#1134=ORIENTED_EDGE('',*,*,#1133,.T.);
#1135=ORIENTED_EDGE('',*,*,#1117,.F.);
#1136=EDGE_LOOP('',(#1130,#1132,#1134,#1135));
#1137=FACE_OUTER_BOUND('',#1136,.F.);
#1139=CARTESIAN_POINT('',(-1.175E0,0.E0,8.E-1));
#1140=DIRECTION('',(0.E0,1.E0,0.E0));
#1141=DIRECTION('',(1.E0,0.E0,0.E0));
#1142=AXIS2_PLACEMENT_3D('',#1139,#1140,#1141);
#1143=CYLINDRICAL_SURFACE('',#1142,7.5E-2);
#1144=ORIENTED_EDGE('',*,*,#1064,.F.);
#1146=ORIENTED_EDGE('',*,*,#1145,.T.);
#1148=ORIENTED_EDGE('',*,*,#1147,.T.);
#1149=ORIENTED_EDGE('',*,*,#1131,.F.);
#1150=EDGE_LOOP('',(#1144,#1146,#1148,#1149));
#1151=FACE_OUTER_BOUND('',#1150,.F.);
#1153=CARTESIAN_POINT('',(-1.6E0,0.E0,8.75E-1));
#1154=DIRECTION('',(0.E0,0.E0,1.E0));
#1155=DIRECTION('',(1.E0,0.E0,0.E0));
#1156=AXIS2_PLACEMENT_3D('',#1153,#1154,#1155);
#1157=PLANE('',#1156);
#1158=ORIENTED_EDGE('',*,*,#1085,.T.);
#1160=ORIENTED_EDGE('',*,*,#1159,.T.);
#1161=ORIENTED_EDGE('',*,*,#1145,.F.);
#1162=ORIENTED_EDGE('',*,*,#1062,.F.);
#1163=EDGE_LOOP('',(#1158,#1160,#1161,#1162));
#1164=FACE_OUTER_BOUND('',#1163,.F.);
#1166=CARTESIAN_POINT('',(0.E0,2.E-1,0.E0));
#1167=DIRECTION('',(0.E0,1.E0,0.E0));
#1168=DIRECTION('',(1.E0,0.E0,0.E0));
#1169=AXIS2_PLACEMENT_3D('',#1166,#1167,#1168);
#1170=PLANE('',#1169);
#1171=ORIENTED_EDGE('',*,*,#1083,.T.);
#1172=ORIENTED_EDGE('',*,*,#1106,.F.);
#1173=ORIENTED_EDGE('',*,*,#1119,.F.);
#1174=ORIENTED_EDGE('',*,*,#1133,.F.);
#1175=ORIENTED_EDGE('',*,*,#1147,.F.);
#1176=ORIENTED_EDGE('',*,*,#1159,.F.);
#1177=EDGE_LOOP('',(#1171,#1172,#1173,#1174,#1175,#1176));
#1178=FACE_OUTER_BOUND('',#1177,.F.);
#1180=CLOSED_SHELL('',(#1074,#1089,#1110,#1124,#1138,#1152,#1165,#1179));
#1181=MANIFOLD_SOLID_BREP('',#1180);
#1182=FILL_AREA_STYLE_COLOUR('',#28);
#1183=FILL_AREA_STYLE('',(#1182));
#1184=SURFACE_STYLE_FILL_AREA(#1183);
#1185=SURFACE_SIDE_STYLE('',(#1184));
#1186=SURFACE_STYLE_USAGE(.POSITIVE.,#1185);
#1187=PRESENTATION_STYLE_ASSIGNMENT((#1186));
#900=STYLED_ITEM('',(#1187),#1181);
#1189=DIRECTION('',(0.E0,0.E0,-1.E0));
#1190=VECTOR('',#1189,2.5E-1);
#1191=CARTESIAN_POINT('',(1.5E0,0.E0,-6.25E-1));
#1192=LINE('',#1191,#1190);
#1193=CURVE_STYLE('',#35,POSITIVE_LENGTH_MEASURE(2.E-2),#28);
#1194=PRESENTATION_STYLE_ASSIGNMENT((#1193));
#1195=STYLED_ITEM('',(#1194),#1192);
#1196=DIRECTION('',(1.E0,0.E0,0.E0));
#1197=VECTOR('',#1196,3.25E-1);
#1198=CARTESIAN_POINT('',(1.175E0,0.E0,-8.75E-1));
#1199=LINE('',#1198,#1197);
#1200=CURVE_STYLE('',#35,POSITIVE_LENGTH_MEASURE(2.E-2),#28);
#1201=PRESENTATION_STYLE_ASSIGNMENT((#1200));
#1202=STYLED_ITEM('',(#1201),#1199);
#1203=CARTESIAN_POINT('',(1.175E0,0.E0,-8.E-1));
#1204=DIRECTION('',(0.E0,-1.E0,0.E0));
#1205=DIRECTION('',(-1.E0,0.E0,0.E0));
#1206=AXIS2_PLACEMENT_3D('',#1203,#1204,#1205);
#1208=CURVE_STYLE('',#35,POSITIVE_LENGTH_MEASURE(2.E-2),#28);
#1209=PRESENTATION_STYLE_ASSIGNMENT((#1208));
#1210=STYLED_ITEM('',(#1209),#1207);
#1211=DIRECTION('',(0.E0,0.E0,-1.E0));
#1212=VECTOR('',#1211,1.E-1);
#1213=CARTESIAN_POINT('',(1.1E0,0.E0,-7.E-1));
#1214=LINE('',#1213,#1212);
#1215=CURVE_STYLE('',#35,POSITIVE_LENGTH_MEASURE(2.E-2),#28);
#1216=PRESENTATION_STYLE_ASSIGNMENT((#1215));
#1217=STYLED_ITEM('',(#1216),#1214);
#1218=CARTESIAN_POINT('',(1.175E0,0.E0,-7.E-1));
#1219=DIRECTION('',(0.E0,-1.E0,0.E0));
#1220=DIRECTION('',(0.E0,0.E0,1.E0));
#1221=AXIS2_PLACEMENT_3D('',#1218,#1219,#1220);
#1223=CURVE_STYLE('',#35,POSITIVE_LENGTH_MEASURE(2.E-2),#28);
#1224=PRESENTATION_STYLE_ASSIGNMENT((#1223));
#1225=STYLED_ITEM('',(#1224),#1222);
#1226=DIRECTION('',(-1.E0,0.E0,0.E0));
#1227=VECTOR('',#1226,3.25E-1);
#1228=CARTESIAN_POINT('',(1.5E0,0.E0,-6.25E-1));
#1229=LINE('',#1228,#1227);
#1230=CURVE_STYLE('',#35,POSITIVE_LENGTH_MEASURE(2.E-2),#28);
#1231=PRESENTATION_STYLE_ASSIGNMENT((#1230));
#1232=STYLED_ITEM('',(#1231),#1229);
#1233=DIRECTION('',(0.E0,1.E0,0.E0));
#1234=VECTOR('',#1233,2.E-1);
#1235=CARTESIAN_POINT('',(1.5E0,0.E0,-6.25E-1));
#1236=LINE('',#1235,#1234);
#1237=CURVE_STYLE('',#35,POSITIVE_LENGTH_MEASURE(2.E-2),#28);
#1238=PRESENTATION_STYLE_ASSIGNMENT((#1237));
#1239=STYLED_ITEM('',(#1238),#1236);
#1240=DIRECTION('',(0.E0,1.E0,0.E0));
#1241=VECTOR('',#1240,2.E-1);
#1242=CARTESIAN_POINT('',(1.175E0,0.E0,-6.25E-1));
#1243=LINE('',#1242,#1241);
#1244=CURVE_STYLE('',#35,POSITIVE_LENGTH_MEASURE(2.E-2),#28);
#1245=PRESENTATION_STYLE_ASSIGNMENT((#1244));
#1246=STYLED_ITEM('',(#1245),#1243);
#1247=DIRECTION('',(0.E0,1.E0,0.E0));
#1248=VECTOR('',#1247,2.E-1);
#1249=CARTESIAN_POINT('',(1.1E0,0.E0,-7.E-1));
#1250=LINE('',#1249,#1248);
#1251=CURVE_STYLE('',#35,POSITIVE_LENGTH_MEASURE(2.E-2),#28);
#1252=PRESENTATION_STYLE_ASSIGNMENT((#1251));
#1253=STYLED_ITEM('',(#1252),#1250);
#1254=DIRECTION('',(0.E0,1.E0,0.E0));
#1255=VECTOR('',#1254,2.E-1);
#1256=CARTESIAN_POINT('',(1.1E0,0.E0,-8.E-1));
#1257=LINE('',#1256,#1255);
#1258=CURVE_STYLE('',#35,POSITIVE_LENGTH_MEASURE(2.E-2),#28);
#1259=PRESENTATION_STYLE_ASSIGNMENT((#1258));
#1260=STYLED_ITEM('',(#1259),#1257);
#1261=DIRECTION('',(0.E0,1.E0,0.E0));
#1262=VECTOR('',#1261,2.E-1);
#1263=CARTESIAN_POINT('',(1.5E0,0.E0,-8.75E-1));
#1264=LINE('',#1263,#1262);
#1265=CURVE_STYLE('',#35,POSITIVE_LENGTH_MEASURE(2.E-2),#28);
#1266=PRESENTATION_STYLE_ASSIGNMENT((#1265));
#1267=STYLED_ITEM('',(#1266),#1264);
#1268=DIRECTION('',(0.E0,1.E0,0.E0));
#1269=VECTOR('',#1268,2.E-1);
#1270=CARTESIAN_POINT('',(1.175E0,0.E0,-8.75E-1));
#1271=LINE('',#1270,#1269);
#1272=CURVE_STYLE('',#35,POSITIVE_LENGTH_MEASURE(2.E-2),#28);
#1273=PRESENTATION_STYLE_ASSIGNMENT((#1272));
#1274=STYLED_ITEM('',(#1273),#1271);
#1275=DIRECTION('',(0.E0,0.E0,-1.E0));
#1276=VECTOR('',#1275,2.5E-1);
#1277=CARTESIAN_POINT('',(1.5E0,2.E-1,-6.25E-1));
#1278=LINE('',#1277,#1276);
#1279=CURVE_STYLE('',#35,POSITIVE_LENGTH_MEASURE(2.E-2),#28);
#1280=PRESENTATION_STYLE_ASSIGNMENT((#1279));
#1281=STYLED_ITEM('',(#1280),#1278);
#1282=DIRECTION('',(-1.E0,0.E0,0.E0));
#1283=VECTOR('',#1282,3.25E-1);
#1284=CARTESIAN_POINT('',(1.5E0,2.E-1,-6.25E-1));
#1285=LINE('',#1284,#1283);
#1286=CURVE_STYLE('',#35,POSITIVE_LENGTH_MEASURE(2.E-2),#28);
#1287=PRESENTATION_STYLE_ASSIGNMENT((#1286));
#1288=STYLED_ITEM('',(#1287),#1285);
#1289=CARTESIAN_POINT('',(1.175E0,2.E-1,-7.E-1));
#1290=DIRECTION('',(0.E0,-1.E0,0.E0));
#1291=DIRECTION('',(0.E0,0.E0,1.E0));
#1292=AXIS2_PLACEMENT_3D('',#1289,#1290,#1291);
#1294=CURVE_STYLE('',#35,POSITIVE_LENGTH_MEASURE(2.E-2),#28);
#1295=PRESENTATION_STYLE_ASSIGNMENT((#1294));
#1296=STYLED_ITEM('',(#1295),#1293);
#1297=DIRECTION('',(0.E0,0.E0,-1.E0));
#1298=VECTOR('',#1297,1.E-1);
#1299=CARTESIAN_POINT('',(1.1E0,2.E-1,-7.E-1));
#1300=LINE('',#1299,#1298);
#1301=CURVE_STYLE('',#35,POSITIVE_LENGTH_MEASURE(2.E-2),#28);
#1302=PRESENTATION_STYLE_ASSIGNMENT((#1301));
#1303=STYLED_ITEM('',(#1302),#1300);
#1304=CARTESIAN_POINT('',(1.175E0,2.E-1,-8.E-1));
#1305=DIRECTION('',(0.E0,-1.E0,0.E0));
#1306=DIRECTION('',(-1.E0,0.E0,0.E0));
#1307=AXIS2_PLACEMENT_3D('',#1304,#1305,#1306);
#1309=CURVE_STYLE('',#35,POSITIVE_LENGTH_MEASURE(2.E-2),#28);
#1310=PRESENTATION_STYLE_ASSIGNMENT((#1309));
#1311=STYLED_ITEM('',(#1310),#1308);
#1312=DIRECTION('',(1.E0,0.E0,0.E0));
#1313=VECTOR('',#1312,3.25E-1);
#1314=CARTESIAN_POINT('',(1.175E0,2.E-1,-8.75E-1));
#1315=LINE('',#1314,#1313);
#1316=CURVE_STYLE('',#35,POSITIVE_LENGTH_MEASURE(2.E-2),#28);
#1317=PRESENTATION_STYLE_ASSIGNMENT((#1316));
#1318=STYLED_ITEM('',(#1317),#1315);
#1319=CARTESIAN_POINT('',(1.175E0,0.E0,-6.25E-1));
#1320=CARTESIAN_POINT('',(1.1E0,0.E0,-7.E-1));
#1321=VERTEX_POINT('',#1319);
#1322=VERTEX_POINT('',#1320);
#1323=CARTESIAN_POINT('',(1.1E0,0.E0,-8.E-1));
#1324=VERTEX_POINT('',#1323);
#1325=CARTESIAN_POINT('',(1.175E0,0.E0,-8.75E-1));
#1326=VERTEX_POINT('',#1325);
#1327=CARTESIAN_POINT('',(1.175E0,2.E-1,-6.25E-1));
#1328=CARTESIAN_POINT('',(1.1E0,2.E-1,-7.E-1));
#1329=VERTEX_POINT('',#1327);
#1330=VERTEX_POINT('',#1328);
#1331=CARTESIAN_POINT('',(1.1E0,2.E-1,-8.E-1));
#1332=VERTEX_POINT('',#1331);
#1333=CARTESIAN_POINT('',(1.175E0,2.E-1,-8.75E-1));
#1334=VERTEX_POINT('',#1333);
#1335=CARTESIAN_POINT('',(1.5E0,0.E0,-6.25E-1));
#1336=CARTESIAN_POINT('',(1.5E0,0.E0,-8.75E-1));
#1337=VERTEX_POINT('',#1335);
#1338=VERTEX_POINT('',#1336);
#1339=CARTESIAN_POINT('',(1.5E0,2.E-1,-6.25E-1));
#1340=CARTESIAN_POINT('',(1.5E0,2.E-1,-8.75E-1));
#1341=VERTEX_POINT('',#1339);
#1342=VERTEX_POINT('',#1340);
#1343=CARTESIAN_POINT('',(0.E0,0.E0,0.E0));
#1344=DIRECTION('',(0.E0,-1.E0,0.E0));
#1345=DIRECTION('',(-1.E0,0.E0,0.E0));
#1346=AXIS2_PLACEMENT_3D('',#1343,#1344,#1345);
#1347=PLANE('',#1346);
#1349=ORIENTED_EDGE('',*,*,#1348,.T.);
#1351=ORIENTED_EDGE('',*,*,#1350,.F.);
#1353=ORIENTED_EDGE('',*,*,#1352,.F.);
#1355=ORIENTED_EDGE('',*,*,#1354,.F.);
#1357=ORIENTED_EDGE('',*,*,#1356,.F.);
#1359=ORIENTED_EDGE('',*,*,#1358,.F.);
#1360=EDGE_LOOP('',(#1349,#1351,#1353,#1355,#1357,#1359));
#1361=FACE_OUTER_BOUND('',#1360,.F.);
#1363=CARTESIAN_POINT('',(1.5E0,0.E0,-1.E0));
#1364=DIRECTION('',(-1.E0,0.E0,0.E0));
#1365=DIRECTION('',(0.E0,0.E0,1.E0));
#1366=AXIS2_PLACEMENT_3D('',#1363,#1364,#1365);
#1367=PLANE('',#1366);
#1368=ORIENTED_EDGE('',*,*,#1348,.F.);
#1370=ORIENTED_EDGE('',*,*,#1369,.T.);
#1372=ORIENTED_EDGE('',*,*,#1371,.T.);
#1374=ORIENTED_EDGE('',*,*,#1373,.F.);
#1375=EDGE_LOOP('',(#1368,#1370,#1372,#1374));
#1376=FACE_OUTER_BOUND('',#1375,.F.);
#1378=FILL_AREA_STYLE_COLOUR('',#29);
#1379=FILL_AREA_STYLE('',(#1378));
#1380=SURFACE_STYLE_FILL_AREA(#1379);
#1381=SURFACE_SIDE_STYLE('',(#1380));
#1382=SURFACE_STYLE_USAGE(.POSITIVE.,#1381);
#1383=PRESENTATION_STYLE_ASSIGNMENT((#1382));
#1384=OVER_RIDING_STYLED_ITEM('',(#1383),#1377,#1188);
#1385=CARTESIAN_POINT('',(1.6E0,0.E0,-6.25E-1));
#1386=DIRECTION('',(0.E0,0.E0,-1.E0));
#1387=DIRECTION('',(-1.E0,0.E0,0.E0));
#1388=AXIS2_PLACEMENT_3D('',#1385,#1386,#1387);
#1389=PLANE('',#1388);
#1390=ORIENTED_EDGE('',*,*,#1369,.F.);
#1391=ORIENTED_EDGE('',*,*,#1358,.T.);
#1393=ORIENTED_EDGE('',*,*,#1392,.T.);
#1395=ORIENTED_EDGE('',*,*,#1394,.F.);
#1396=EDGE_LOOP('',(#1390,#1391,#1393,#1395));
#1397=FACE_OUTER_BOUND('',#1396,.F.);
#1399=CARTESIAN_POINT('',(1.175E0,0.E0,-7.E-1));
#1400=DIRECTION('',(0.E0,-1.E0,0.E0));
#1401=DIRECTION('',(-1.E0,0.E0,0.E0));
#1402=AXIS2_PLACEMENT_3D('',#1399,#1400,#1401);
#1403=CYLINDRICAL_SURFACE('',#1402,7.5E-2);
#1404=ORIENTED_EDGE('',*,*,#1356,.T.);
#1406=ORIENTED_EDGE('',*,*,#1405,.T.);
#1408=ORIENTED_EDGE('',*,*,#1407,.F.);
#1409=ORIENTED_EDGE('',*,*,#1392,.F.);
#1410=EDGE_LOOP('',(#1404,#1406,#1408,#1409));
#1411=FACE_OUTER_BOUND('',#1410,.F.);
#1413=CARTESIAN_POINT('',(1.1E0,0.E0,-7.E-1));
#1414=DIRECTION('',(1.E0,0.E0,0.E0));
#1415=DIRECTION('',(0.E0,0.E0,-1.E0));
#1416=AXIS2_PLACEMENT_3D('',#1413,#1414,#1415);
#1417=PLANE('',#1416);
#1418=ORIENTED_EDGE('',*,*,#1354,.T.);
#1420=ORIENTED_EDGE('',*,*,#1419,.T.);
#1422=ORIENTED_EDGE('',*,*,#1421,.F.);
#1423=ORIENTED_EDGE('',*,*,#1405,.F.);
#1424=EDGE_LOOP('',(#1418,#1420,#1422,#1423));
#1425=FACE_OUTER_BOUND('',#1424,.F.);
#1427=CARTESIAN_POINT('',(1.175E0,0.E0,-8.E-1));
#1428=DIRECTION('',(0.E0,-1.E0,0.E0));
#1429=DIRECTION('',(-1.E0,0.E0,0.E0));
#1430=AXIS2_PLACEMENT_3D('',#1427,#1428,#1429);
#1431=CYLINDRICAL_SURFACE('',#1430,7.5E-2);
#1432=ORIENTED_EDGE('',*,*,#1352,.T.);
#1434=ORIENTED_EDGE('',*,*,#1433,.T.);
#1436=ORIENTED_EDGE('',*,*,#1435,.F.);
#1437=ORIENTED_EDGE('',*,*,#1419,.F.);
#1438=EDGE_LOOP('',(#1432,#1434,#1436,#1437));
#1439=FACE_OUTER_BOUND('',#1438,.F.);
#1441=CARTESIAN_POINT('',(1.175E0,0.E0,-8.75E-1));
#1442=DIRECTION('',(0.E0,0.E0,1.E0));
#1443=DIRECTION('',(1.E0,0.E0,0.E0));
#1444=AXIS2_PLACEMENT_3D('',#1441,#1442,#1443);
#1445=PLANE('',#1444);
#1446=ORIENTED_EDGE('',*,*,#1373,.T.);
#1448=ORIENTED_EDGE('',*,*,#1447,.F.);
#1449=ORIENTED_EDGE('',*,*,#1433,.F.);
#1450=ORIENTED_EDGE('',*,*,#1350,.T.);
#1451=EDGE_LOOP('',(#1446,#1448,#1449,#1450));
#1452=FACE_OUTER_BOUND('',#1451,.F.);
#1454=CARTESIAN_POINT('',(0.E0,2.E-1,0.E0));
#1455=DIRECTION('',(0.E0,-1.E0,0.E0));
#1456=DIRECTION('',(-1.E0,0.E0,0.E0));
#1457=AXIS2_PLACEMENT_3D('',#1454,#1455,#1456);
#1458=PLANE('',#1457);
#1459=ORIENTED_EDGE('',*,*,#1371,.F.);
#1460=ORIENTED_EDGE('',*,*,#1394,.T.);
#1461=ORIENTED_EDGE('',*,*,#1407,.T.);
#1462=ORIENTED_EDGE('',*,*,#1421,.T.);
#1463=ORIENTED_EDGE('',*,*,#1435,.T.);
#1464=ORIENTED_EDGE('',*,*,#1447,.T.);
#1465=EDGE_LOOP('',(#1459,#1460,#1461,#1462,#1463,#1464));
#1466=FACE_OUTER_BOUND('',#1465,.F.);
#1468=CLOSED_SHELL('',(#1362,#1377,#1398,#1412,#1426,#1440,#1453,#1467));
#1469=MANIFOLD_SOLID_BREP('',#1468);
#1470=FILL_AREA_STYLE_COLOUR('',#28);
#1471=FILL_AREA_STYLE('',(#1470));
#1472=SURFACE_STYLE_FILL_AREA(#1471);
#1473=SURFACE_SIDE_STYLE('',(#1472));
#1474=SURFACE_STYLE_USAGE(.POSITIVE.,#1473);
#1475=PRESENTATION_STYLE_ASSIGNMENT((#1474));
#1188=STYLED_ITEM('',(#1475),#1469);
#1477=DIRECTION('',(0.E0,0.E0,-1.E0));
#1478=VECTOR('',#1477,2.5E-1);
#1479=CARTESIAN_POINT('',(1.5E0,0.E0,-1.25E-1));
#1480=LINE('',#1479,#1478);
#1481=CURVE_STYLE('',#35,POSITIVE_LENGTH_MEASURE(2.E-2),#28);
#1482=PRESENTATION_STYLE_ASSIGNMENT((#1481));
#1483=STYLED_ITEM('',(#1482),#1480);
#1484=DIRECTION('',(1.E0,0.E0,0.E0));
#1485=VECTOR('',#1484,3.25E-1);
#1486=CARTESIAN_POINT('',(1.175E0,0.E0,-3.75E-1));
#1487=LINE('',#1486,#1485);
#1488=CURVE_STYLE('',#35,POSITIVE_LENGTH_MEASURE(2.E-2),#28);
#1489=PRESENTATION_STYLE_ASSIGNMENT((#1488));
#1490=STYLED_ITEM('',(#1489),#1487);
#1491=CARTESIAN_POINT('',(1.175E0,0.E0,-3.E-1));
#1492=DIRECTION('',(0.E0,-1.E0,0.E0));
#1493=DIRECTION('',(-1.E0,0.E0,0.E0));
#1494=AXIS2_PLACEMENT_3D('',#1491,#1492,#1493);
#1496=CURVE_STYLE('',#35,POSITIVE_LENGTH_MEASURE(2.E-2),#28);
#1497=PRESENTATION_STYLE_ASSIGNMENT((#1496));
#1498=STYLED_ITEM('',(#1497),#1495);
#1499=DIRECTION('',(0.E0,0.E0,-1.E0));
#1500=VECTOR('',#1499,1.E-1);
#1501=CARTESIAN_POINT('',(1.1E0,0.E0,-2.E-1));
#1502=LINE('',#1501,#1500);
#1503=CURVE_STYLE('',#35,POSITIVE_LENGTH_MEASURE(2.E-2),#28);
#1504=PRESENTATION_STYLE_ASSIGNMENT((#1503));
#1505=STYLED_ITEM('',(#1504),#1502);
#1506=CARTESIAN_POINT('',(1.175E0,0.E0,-2.E-1));
#1507=DIRECTION('',(0.E0,-1.E0,0.E0));
#1508=DIRECTION('',(0.E0,0.E0,1.E0));
#1509=AXIS2_PLACEMENT_3D('',#1506,#1507,#1508);
#1511=CURVE_STYLE('',#35,POSITIVE_LENGTH_MEASURE(2.E-2),#28);
#1512=PRESENTATION_STYLE_ASSIGNMENT((#1511));
#1513=STYLED_ITEM('',(#1512),#1510);
#1514=DIRECTION('',(-1.E0,0.E0,0.E0));
#1515=VECTOR('',#1514,3.25E-1);
#1516=CARTESIAN_POINT('',(1.5E0,0.E0,-1.25E-1));
#1517=LINE('',#1516,#1515);
#1518=CURVE_STYLE('',#35,POSITIVE_LENGTH_MEASURE(2.E-2),#28);
#1519=PRESENTATION_STYLE_ASSIGNMENT((#1518));
#1520=STYLED_ITEM('',(#1519),#1517);
#1521=DIRECTION('',(0.E0,1.E0,0.E0));
#1522=VECTOR('',#1521,2.E-1);
#1523=CARTESIAN_POINT('',(1.5E0,0.E0,-1.25E-1));
#1524=LINE('',#1523,#1522);
#1525=CURVE_STYLE('',#35,POSITIVE_LENGTH_MEASURE(2.E-2),#28);
#1526=PRESENTATION_STYLE_ASSIGNMENT((#1525));
#1527=STYLED_ITEM('',(#1526),#1524);
#1528=DIRECTION('',(0.E0,1.E0,0.E0));
#1529=VECTOR('',#1528,2.E-1);
#1530=CARTESIAN_POINT('',(1.175E0,0.E0,-1.25E-1));
#1531=LINE('',#1530,#1529);
#1532=CURVE_STYLE('',#35,POSITIVE_LENGTH_MEASURE(2.E-2),#28);
#1533=PRESENTATION_STYLE_ASSIGNMENT((#1532));
#1534=STYLED_ITEM('',(#1533),#1531);
#1535=DIRECTION('',(0.E0,1.E0,0.E0));
#1536=VECTOR('',#1535,2.E-1);
#1537=CARTESIAN_POINT('',(1.1E0,0.E0,-2.E-1));
#1538=LINE('',#1537,#1536);
#1539=CURVE_STYLE('',#35,POSITIVE_LENGTH_MEASURE(2.E-2),#28);
#1540=PRESENTATION_STYLE_ASSIGNMENT((#1539));
#1541=STYLED_ITEM('',(#1540),#1538);
#1542=DIRECTION('',(0.E0,1.E0,0.E0));
#1543=VECTOR('',#1542,2.E-1);
#1544=CARTESIAN_POINT('',(1.1E0,0.E0,-3.E-1));
#1545=LINE('',#1544,#1543);
#1546=CURVE_STYLE('',#35,POSITIVE_LENGTH_MEASURE(2.E-2),#28);
#1547=PRESENTATION_STYLE_ASSIGNMENT((#1546));
#1548=STYLED_ITEM('',(#1547),#1545);
#1549=DIRECTION('',(0.E0,1.E0,0.E0));
#1550=VECTOR('',#1549,2.E-1);
#1551=CARTESIAN_POINT('',(1.5E0,0.E0,-3.75E-1));
#1552=LINE('',#1551,#1550);
#1553=CURVE_STYLE('',#35,POSITIVE_LENGTH_MEASURE(2.E-2),#28);
#1554=PRESENTATION_STYLE_ASSIGNMENT((#1553));
#1555=STYLED_ITEM('',(#1554),#1552);
#1556=DIRECTION('',(0.E0,1.E0,0.E0));
#1557=VECTOR('',#1556,2.E-1);
#1558=CARTESIAN_POINT('',(1.175E0,0.E0,-3.75E-1));
#1559=LINE('',#1558,#1557);
#1560=CURVE_STYLE('',#35,POSITIVE_LENGTH_MEASURE(2.E-2),#28);
#1561=PRESENTATION_STYLE_ASSIGNMENT((#1560));
#1562=STYLED_ITEM('',(#1561),#1559);
#1563=DIRECTION('',(0.E0,0.E0,-1.E0));
#1564=VECTOR('',#1563,2.5E-1);
#1565=CARTESIAN_POINT('',(1.5E0,2.E-1,-1.25E-1));
#1566=LINE('',#1565,#1564);
#1567=CURVE_STYLE('',#35,POSITIVE_LENGTH_MEASURE(2.E-2),#28);
#1568=PRESENTATION_STYLE_ASSIGNMENT((#1567));
#1569=STYLED_ITEM('',(#1568),#1566);
#1570=DIRECTION('',(-1.E0,0.E0,0.E0));
#1571=VECTOR('',#1570,3.25E-1);
#1572=CARTESIAN_POINT('',(1.5E0,2.E-1,-1.25E-1));
#1573=LINE('',#1572,#1571);
#1574=CURVE_STYLE('',#35,POSITIVE_LENGTH_MEASURE(2.E-2),#28);
#1575=PRESENTATION_STYLE_ASSIGNMENT((#1574));
#1576=STYLED_ITEM('',(#1575),#1573);
#1577=CARTESIAN_POINT('',(1.175E0,2.E-1,-2.E-1));
#1578=DIRECTION('',(0.E0,-1.E0,0.E0));
#1579=DIRECTION('',(0.E0,0.E0,1.E0));
#1580=AXIS2_PLACEMENT_3D('',#1577,#1578,#1579);
#1582=CURVE_STYLE('',#35,POSITIVE_LENGTH_MEASURE(2.E-2),#28);
#1583=PRESENTATION_STYLE_ASSIGNMENT((#1582));
#1584=STYLED_ITEM('',(#1583),#1581);
#1585=DIRECTION('',(0.E0,0.E0,-1.E0));
#1586=VECTOR('',#1585,1.E-1);
#1587=CARTESIAN_POINT('',(1.1E0,2.E-1,-2.E-1));
#1588=LINE('',#1587,#1586);
#1589=CURVE_STYLE('',#35,POSITIVE_LENGTH_MEASURE(2.E-2),#28);
#1590=PRESENTATION_STYLE_ASSIGNMENT((#1589));
#1591=STYLED_ITEM('',(#1590),#1588);
#1592=CARTESIAN_POINT('',(1.175E0,2.E-1,-3.E-1));
#1593=DIRECTION('',(0.E0,-1.E0,0.E0));
#1594=DIRECTION('',(-1.E0,0.E0,0.E0));
#1595=AXIS2_PLACEMENT_3D('',#1592,#1593,#1594);
#1597=CURVE_STYLE('',#35,POSITIVE_LENGTH_MEASURE(2.E-2),#28);
#1598=PRESENTATION_STYLE_ASSIGNMENT((#1597));
#1599=STYLED_ITEM('',(#1598),#1596);
#1600=DIRECTION('',(1.E0,0.E0,0.E0));
#1601=VECTOR('',#1600,3.25E-1);
#1602=CARTESIAN_POINT('',(1.175E0,2.E-1,-3.75E-1));
#1603=LINE('',#1602,#1601);
#1604=CURVE_STYLE('',#35,POSITIVE_LENGTH_MEASURE(2.E-2),#28);
#1605=PRESENTATION_STYLE_ASSIGNMENT((#1604));
#1606=STYLED_ITEM('',(#1605),#1603);
#1607=CARTESIAN_POINT('',(1.175E0,0.E0,-1.25E-1));
#1608=CARTESIAN_POINT('',(1.1E0,0.E0,-2.E-1));
#1609=VERTEX_POINT('',#1607);
#1610=VERTEX_POINT('',#1608);
#1611=CARTESIAN_POINT('',(1.1E0,0.E0,-3.E-1));
#1612=VERTEX_POINT('',#1611);
#1613=CARTESIAN_POINT('',(1.175E0,0.E0,-3.75E-1));
#1614=VERTEX_POINT('',#1613);
#1615=CARTESIAN_POINT('',(1.175E0,2.E-1,-1.25E-1));
#1616=CARTESIAN_POINT('',(1.1E0,2.E-1,-2.E-1));
#1617=VERTEX_POINT('',#1615);
#1618=VERTEX_POINT('',#1616);
#1619=CARTESIAN_POINT('',(1.1E0,2.E-1,-3.E-1));
#1620=VERTEX_POINT('',#1619);
#1621=CARTESIAN_POINT('',(1.175E0,2.E-1,-3.75E-1));
#1622=VERTEX_POINT('',#1621);
#1623=CARTESIAN_POINT('',(1.5E0,0.E0,-1.25E-1));
#1624=CARTESIAN_POINT('',(1.5E0,0.E0,-3.75E-1));
#1625=VERTEX_POINT('',#1623);
#1626=VERTEX_POINT('',#1624);
#1627=CARTESIAN_POINT('',(1.5E0,2.E-1,-1.25E-1));
#1628=CARTESIAN_POINT('',(1.5E0,2.E-1,-3.75E-1));
#1629=VERTEX_POINT('',#1627);
#1630=VERTEX_POINT('',#1628);
#1631=CARTESIAN_POINT('',(0.E0,0.E0,0.E0));
#1632=DIRECTION('',(0.E0,-1.E0,0.E0));
#1633=DIRECTION('',(-1.E0,0.E0,0.E0));
#1634=AXIS2_PLACEMENT_3D('',#1631,#1632,#1633);
#1635=PLANE('',#1634);
#1637=ORIENTED_EDGE('',*,*,#1636,.T.);
#1639=ORIENTED_EDGE('',*,*,#1638,.F.);
#1641=ORIENTED_EDGE('',*,*,#1640,.F.);
#1643=ORIENTED_EDGE('',*,*,#1642,.F.);
#1645=ORIENTED_EDGE('',*,*,#1644,.F.);
#1647=ORIENTED_EDGE('',*,*,#1646,.F.);
#1648=EDGE_LOOP('',(#1637,#1639,#1641,#1643,#1645,#1647));
#1649=FACE_OUTER_BOUND('',#1648,.F.);
#1651=CARTESIAN_POINT('',(1.5E0,0.E0,-1.E0));
#1652=DIRECTION('',(-1.E0,0.E0,0.E0));
#1653=DIRECTION('',(0.E0,0.E0,1.E0));
#1654=AXIS2_PLACEMENT_3D('',#1651,#1652,#1653);
#1655=PLANE('',#1654);
#1656=ORIENTED_EDGE('',*,*,#1636,.F.);
#1658=ORIENTED_EDGE('',*,*,#1657,.T.);
#1660=ORIENTED_EDGE('',*,*,#1659,.T.);
#1662=ORIENTED_EDGE('',*,*,#1661,.F.);
#1663=EDGE_LOOP('',(#1656,#1658,#1660,#1662));
#1664=FACE_OUTER_BOUND('',#1663,.F.);
#1666=FILL_AREA_STYLE_COLOUR('',#29);
#1667=FILL_AREA_STYLE('',(#1666));
#1668=SURFACE_STYLE_FILL_AREA(#1667);
#1669=SURFACE_SIDE_STYLE('',(#1668));
#1670=SURFACE_STYLE_USAGE(.POSITIVE.,#1669);
#1671=PRESENTATION_STYLE_ASSIGNMENT((#1670));
#1672=OVER_RIDING_STYLED_ITEM('',(#1671),#1665,#1476);
#1673=CARTESIAN_POINT('',(1.6E0,0.E0,-1.25E-1));
#1674=DIRECTION('',(0.E0,0.E0,-1.E0));
#1675=DIRECTION('',(-1.E0,0.E0,0.E0));
#1676=AXIS2_PLACEMENT_3D('',#1673,#1674,#1675);
#1677=PLANE('',#1676);
#1678=ORIENTED_EDGE('',*,*,#1657,.F.);
#1679=ORIENTED_EDGE('',*,*,#1646,.T.);
#1681=ORIENTED_EDGE('',*,*,#1680,.T.);
#1683=ORIENTED_EDGE('',*,*,#1682,.F.);
#1684=EDGE_LOOP('',(#1678,#1679,#1681,#1683));
#1685=FACE_OUTER_BOUND('',#1684,.F.);
#1687=CARTESIAN_POINT('',(1.175E0,0.E0,-2.E-1));
#1688=DIRECTION('',(0.E0,-1.E0,0.E0));
#1689=DIRECTION('',(-1.E0,0.E0,0.E0));
#1690=AXIS2_PLACEMENT_3D('',#1687,#1688,#1689);
#1691=CYLINDRICAL_SURFACE('',#1690,7.5E-2);
#1692=ORIENTED_EDGE('',*,*,#1644,.T.);
#1694=ORIENTED_EDGE('',*,*,#1693,.T.);
#1696=ORIENTED_EDGE('',*,*,#1695,.F.);
#1697=ORIENTED_EDGE('',*,*,#1680,.F.);
#1698=EDGE_LOOP('',(#1692,#1694,#1696,#1697));
#1699=FACE_OUTER_BOUND('',#1698,.F.);
#1701=CARTESIAN_POINT('',(1.1E0,0.E0,-2.E-1));
#1702=DIRECTION('',(1.E0,0.E0,0.E0));
#1703=DIRECTION('',(0.E0,0.E0,-1.E0));
#1704=AXIS2_PLACEMENT_3D('',#1701,#1702,#1703);
#1705=PLANE('',#1704);
#1706=ORIENTED_EDGE('',*,*,#1642,.T.);
#1708=ORIENTED_EDGE('',*,*,#1707,.T.);
#1710=ORIENTED_EDGE('',*,*,#1709,.F.);
#1711=ORIENTED_EDGE('',*,*,#1693,.F.);
#1712=EDGE_LOOP('',(#1706,#1708,#1710,#1711));
#1713=FACE_OUTER_BOUND('',#1712,.F.);
#1715=CARTESIAN_POINT('',(1.175E0,0.E0,-3.E-1));
#1716=DIRECTION('',(0.E0,-1.E0,0.E0));
#1717=DIRECTION('',(-1.E0,0.E0,0.E0));
#1718=AXIS2_PLACEMENT_3D('',#1715,#1716,#1717);
#1719=CYLINDRICAL_SURFACE('',#1718,7.5E-2);
#1720=ORIENTED_EDGE('',*,*,#1640,.T.);
#1722=ORIENTED_EDGE('',*,*,#1721,.T.);
#1724=ORIENTED_EDGE('',*,*,#1723,.F.);
#1725=ORIENTED_EDGE('',*,*,#1707,.F.);
#1726=EDGE_LOOP('',(#1720,#1722,#1724,#1725));
#1727=FACE_OUTER_BOUND('',#1726,.F.);
#1729=CARTESIAN_POINT('',(1.175E0,0.E0,-3.75E-1));
#1730=DIRECTION('',(0.E0,0.E0,1.E0));
#1731=DIRECTION('',(1.E0,0.E0,0.E0));
#1732=AXIS2_PLACEMENT_3D('',#1729,#1730,#1731);
#1733=PLANE('',#1732);
#1734=ORIENTED_EDGE('',*,*,#1661,.T.);
#1736=ORIENTED_EDGE('',*,*,#1735,.F.);
#1737=ORIENTED_EDGE('',*,*,#1721,.F.);
#1738=ORIENTED_EDGE('',*,*,#1638,.T.);
#1739=EDGE_LOOP('',(#1734,#1736,#1737,#1738));
#1740=FACE_OUTER_BOUND('',#1739,.F.);
#1742=CARTESIAN_POINT('',(0.E0,2.E-1,0.E0));
#1743=DIRECTION('',(0.E0,-1.E0,0.E0));
#1744=DIRECTION('',(-1.E0,0.E0,0.E0));
#1745=AXIS2_PLACEMENT_3D('',#1742,#1743,#1744);
#1746=PLANE('',#1745);
#1747=ORIENTED_EDGE('',*,*,#1659,.F.);
#1748=ORIENTED_EDGE('',*,*,#1682,.T.);
#1749=ORIENTED_EDGE('',*,*,#1695,.T.);
#1750=ORIENTED_EDGE('',*,*,#1709,.T.);
#1751=ORIENTED_EDGE('',*,*,#1723,.T.);
#1752=ORIENTED_EDGE('',*,*,#1735,.T.);
#1753=EDGE_LOOP('',(#1747,#1748,#1749,#1750,#1751,#1752));
#1754=FACE_OUTER_BOUND('',#1753,.F.);
#1756=CLOSED_SHELL('',(#1650,#1665,#1686,#1700,#1714,#1728,#1741,#1755));
#1757=MANIFOLD_SOLID_BREP('',#1756);
#1758=FILL_AREA_STYLE_COLOUR('',#28);
#1759=FILL_AREA_STYLE('',(#1758));
#1760=SURFACE_STYLE_FILL_AREA(#1759);
#1761=SURFACE_SIDE_STYLE('',(#1760));
#1762=SURFACE_STYLE_USAGE(.POSITIVE.,#1761);
#1763=PRESENTATION_STYLE_ASSIGNMENT((#1762));
#1476=STYLED_ITEM('',(#1763),#1757);
#1765=DIRECTION('',(0.E0,0.E0,-1.E0));
#1766=VECTOR('',#1765,2.5E-1);
#1767=CARTESIAN_POINT('',(1.5E0,0.E0,3.75E-1));
#1768=LINE('',#1767,#1766);
#1769=CURVE_STYLE('',#35,POSITIVE_LENGTH_MEASURE(2.E-2),#28);
#1770=PRESENTATION_STYLE_ASSIGNMENT((#1769));
#1771=STYLED_ITEM('',(#1770),#1768);
#1772=DIRECTION('',(1.E0,0.E0,0.E0));
#1773=VECTOR('',#1772,3.25E-1);
#1774=CARTESIAN_POINT('',(1.175E0,0.E0,1.25E-1));
#1775=LINE('',#1774,#1773);
#1776=CURVE_STYLE('',#35,POSITIVE_LENGTH_MEASURE(2.E-2),#28);
#1777=PRESENTATION_STYLE_ASSIGNMENT((#1776));
#1778=STYLED_ITEM('',(#1777),#1775);
#1779=CARTESIAN_POINT('',(1.175E0,0.E0,2.E-1));
#1780=DIRECTION('',(0.E0,-1.E0,0.E0));
#1781=DIRECTION('',(-1.E0,0.E0,0.E0));
#1782=AXIS2_PLACEMENT_3D('',#1779,#1780,#1781);
#1784=CURVE_STYLE('',#35,POSITIVE_LENGTH_MEASURE(2.E-2),#28);
#1785=PRESENTATION_STYLE_ASSIGNMENT((#1784));
#1786=STYLED_ITEM('',(#1785),#1783);
#1787=DIRECTION('',(0.E0,0.E0,-1.E0));
#1788=VECTOR('',#1787,1.E-1);
#1789=CARTESIAN_POINT('',(1.1E0,0.E0,3.E-1));
#1790=LINE('',#1789,#1788);
#1791=CURVE_STYLE('',#35,POSITIVE_LENGTH_MEASURE(2.E-2),#28);
#1792=PRESENTATION_STYLE_ASSIGNMENT((#1791));
#1793=STYLED_ITEM('',(#1792),#1790);
#1794=CARTESIAN_POINT('',(1.175E0,0.E0,3.E-1));
#1795=DIRECTION('',(0.E0,-1.E0,0.E0));
#1796=DIRECTION('',(0.E0,0.E0,1.E0));
#1797=AXIS2_PLACEMENT_3D('',#1794,#1795,#1796);
#1799=CURVE_STYLE('',#35,POSITIVE_LENGTH_MEASURE(2.E-2),#28);
#1800=PRESENTATION_STYLE_ASSIGNMENT((#1799));
#1801=STYLED_ITEM('',(#1800),#1798);
#1802=DIRECTION('',(-1.E0,0.E0,0.E0));
#1803=VECTOR('',#1802,3.25E-1);
#1804=CARTESIAN_POINT('',(1.5E0,0.E0,3.75E-1));
#1805=LINE('',#1804,#1803);
#1806=CURVE_STYLE('',#35,POSITIVE_LENGTH_MEASURE(2.E-2),#28);
#1807=PRESENTATION_STYLE_ASSIGNMENT((#1806));
#1808=STYLED_ITEM('',(#1807),#1805);
#1809=DIRECTION('',(0.E0,1.E0,0.E0));
#1810=VECTOR('',#1809,2.E-1);
#1811=CARTESIAN_POINT('',(1.5E0,0.E0,3.75E-1));
#1812=LINE('',#1811,#1810);
#1813=CURVE_STYLE('',#35,POSITIVE_LENGTH_MEASURE(2.E-2),#28);
#1814=PRESENTATION_STYLE_ASSIGNMENT((#1813));
#1815=STYLED_ITEM('',(#1814),#1812);
#1816=DIRECTION('',(0.E0,1.E0,0.E0));
#1817=VECTOR('',#1816,2.E-1);
#1818=CARTESIAN_POINT('',(1.175E0,0.E0,3.75E-1));
#1819=LINE('',#1818,#1817);
#1820=CURVE_STYLE('',#35,POSITIVE_LENGTH_MEASURE(2.E-2),#28);
#1821=PRESENTATION_STYLE_ASSIGNMENT((#1820));
#1822=STYLED_ITEM('',(#1821),#1819);
#1823=DIRECTION('',(0.E0,1.E0,0.E0));
#1824=VECTOR('',#1823,2.E-1);
#1825=CARTESIAN_POINT('',(1.1E0,0.E0,3.E-1));
#1826=LINE('',#1825,#1824);
#1827=CURVE_STYLE('',#35,POSITIVE_LENGTH_MEASURE(2.E-2),#28);
#1828=PRESENTATION_STYLE_ASSIGNMENT((#1827));
#1829=STYLED_ITEM('',(#1828),#1826);
#1830=DIRECTION('',(0.E0,1.E0,0.E0));
#1831=VECTOR('',#1830,2.E-1);
#1832=CARTESIAN_POINT('',(1.1E0,0.E0,2.E-1));
#1833=LINE('',#1832,#1831);
#1834=CURVE_STYLE('',#35,POSITIVE_LENGTH_MEASURE(2.E-2),#28);
#1835=PRESENTATION_STYLE_ASSIGNMENT((#1834));
#1836=STYLED_ITEM('',(#1835),#1833);
#1837=DIRECTION('',(0.E0,1.E0,0.E0));
#1838=VECTOR('',#1837,2.E-1);
#1839=CARTESIAN_POINT('',(1.5E0,0.E0,1.25E-1));
#1840=LINE('',#1839,#1838);
#1841=CURVE_STYLE('',#35,POSITIVE_LENGTH_MEASURE(2.E-2),#28);
#1842=PRESENTATION_STYLE_ASSIGNMENT((#1841));
#1843=STYLED_ITEM('',(#1842),#1840);
#1844=DIRECTION('',(0.E0,1.E0,0.E0));
#1845=VECTOR('',#1844,2.E-1);
#1846=CARTESIAN_POINT('',(1.175E0,0.E0,1.25E-1));
#1847=LINE('',#1846,#1845);
#1848=CURVE_STYLE('',#35,POSITIVE_LENGTH_MEASURE(2.E-2),#28);
#1849=PRESENTATION_STYLE_ASSIGNMENT((#1848));
#1850=STYLED_ITEM('',(#1849),#1847);
#1851=DIRECTION('',(0.E0,0.E0,-1.E0));
#1852=VECTOR('',#1851,2.5E-1);
#1853=CARTESIAN_POINT('',(1.5E0,2.E-1,3.75E-1));
#1854=LINE('',#1853,#1852);
#1855=CURVE_STYLE('',#35,POSITIVE_LENGTH_MEASURE(2.E-2),#28);
#1856=PRESENTATION_STYLE_ASSIGNMENT((#1855));
#1857=STYLED_ITEM('',(#1856),#1854);
#1858=DIRECTION('',(-1.E0,0.E0,0.E0));
#1859=VECTOR('',#1858,3.25E-1);
#1860=CARTESIAN_POINT('',(1.5E0,2.E-1,3.75E-1));
#1861=LINE('',#1860,#1859);
#1862=CURVE_STYLE('',#35,POSITIVE_LENGTH_MEASURE(2.E-2),#28);
#1863=PRESENTATION_STYLE_ASSIGNMENT((#1862));
#1864=STYLED_ITEM('',(#1863),#1861);
#1865=CARTESIAN_POINT('',(1.175E0,2.E-1,3.E-1));
#1866=DIRECTION('',(0.E0,-1.E0,0.E0));
#1867=DIRECTION('',(0.E0,0.E0,1.E0));
#1868=AXIS2_PLACEMENT_3D('',#1865,#1866,#1867);
#1870=CURVE_STYLE('',#35,POSITIVE_LENGTH_MEASURE(2.E-2),#28);
#1871=PRESENTATION_STYLE_ASSIGNMENT((#1870));
#1872=STYLED_ITEM('',(#1871),#1869);
#1873=DIRECTION('',(0.E0,0.E0,-1.E0));
#1874=VECTOR('',#1873,1.E-1);
#1875=CARTESIAN_POINT('',(1.1E0,2.E-1,3.E-1));
#1876=LINE('',#1875,#1874);
#1877=CURVE_STYLE('',#35,POSITIVE_LENGTH_MEASURE(2.E-2),#28);
#1878=PRESENTATION_STYLE_ASSIGNMENT((#1877));
#1879=STYLED_ITEM('',(#1878),#1876);
#1880=CARTESIAN_POINT('',(1.175E0,2.E-1,2.E-1));
#1881=DIRECTION('',(0.E0,-1.E0,0.E0));
#1882=DIRECTION('',(-1.E0,0.E0,0.E0));
#1883=AXIS2_PLACEMENT_3D('',#1880,#1881,#1882);
#1885=CURVE_STYLE('',#35,POSITIVE_LENGTH_MEASURE(2.E-2),#28);
#1886=PRESENTATION_STYLE_ASSIGNMENT((#1885));
#1887=STYLED_ITEM('',(#1886),#1884);
#1888=DIRECTION('',(1.E0,0.E0,0.E0));
#1889=VECTOR('',#1888,3.25E-1);
#1890=CARTESIAN_POINT('',(1.175E0,2.E-1,1.25E-1));
#1891=LINE('',#1890,#1889);
#1892=CURVE_STYLE('',#35,POSITIVE_LENGTH_MEASURE(2.E-2),#28);
#1893=PRESENTATION_STYLE_ASSIGNMENT((#1892));
#1894=STYLED_ITEM('',(#1893),#1891);
#1895=CARTESIAN_POINT('',(1.175E0,0.E0,3.75E-1));
#1896=CARTESIAN_POINT('',(1.1E0,0.E0,3.E-1));
#1897=VERTEX_POINT('',#1895);
#1898=VERTEX_POINT('',#1896);
#1899=CARTESIAN_POINT('',(1.1E0,0.E0,2.E-1));
#1900=VERTEX_POINT('',#1899);
#1901=CARTESIAN_POINT('',(1.175E0,0.E0,1.25E-1));
#1902=VERTEX_POINT('',#1901);
#1903=CARTESIAN_POINT('',(1.175E0,2.E-1,3.75E-1));
#1904=CARTESIAN_POINT('',(1.1E0,2.E-1,3.E-1));
#1905=VERTEX_POINT('',#1903);
#1906=VERTEX_POINT('',#1904);
#1907=CARTESIAN_POINT('',(1.1E0,2.E-1,2.E-1));
#1908=VERTEX_POINT('',#1907);
#1909=CARTESIAN_POINT('',(1.175E0,2.E-1,1.25E-1));
#1910=VERTEX_POINT('',#1909);
#1911=CARTESIAN_POINT('',(1.5E0,0.E0,3.75E-1));
#1912=CARTESIAN_POINT('',(1.5E0,0.E0,1.25E-1));
#1913=VERTEX_POINT('',#1911);
#1914=VERTEX_POINT('',#1912);
#1915=CARTESIAN_POINT('',(1.5E0,2.E-1,3.75E-1));
#1916=CARTESIAN_POINT('',(1.5E0,2.E-1,1.25E-1));
#1917=VERTEX_POINT('',#1915);
#1918=VERTEX_POINT('',#1916);
#1919=CARTESIAN_POINT('',(0.E0,0.E0,0.E0));
#1920=DIRECTION('',(0.E0,-1.E0,0.E0));
#1921=DIRECTION('',(-1.E0,0.E0,0.E0));
#1922=AXIS2_PLACEMENT_3D('',#1919,#1920,#1921);
#1923=PLANE('',#1922);
#1925=ORIENTED_EDGE('',*,*,#1924,.T.);
#1927=ORIENTED_EDGE('',*,*,#1926,.F.);
#1929=ORIENTED_EDGE('',*,*,#1928,.F.);
#1931=ORIENTED_EDGE('',*,*,#1930,.F.);
#1933=ORIENTED_EDGE('',*,*,#1932,.F.);
#1935=ORIENTED_EDGE('',*,*,#1934,.F.);
#1936=EDGE_LOOP('',(#1925,#1927,#1929,#1931,#1933,#1935));
#1937=FACE_OUTER_BOUND('',#1936,.F.);
#1939=CARTESIAN_POINT('',(1.5E0,0.E0,-1.E0));
#1940=DIRECTION('',(-1.E0,0.E0,0.E0));
#1941=DIRECTION('',(0.E0,0.E0,1.E0));
#1942=AXIS2_PLACEMENT_3D('',#1939,#1940,#1941);
#1943=PLANE('',#1942);
#1944=ORIENTED_EDGE('',*,*,#1924,.F.);
#1946=ORIENTED_EDGE('',*,*,#1945,.T.);
#1948=ORIENTED_EDGE('',*,*,#1947,.T.);
#1950=ORIENTED_EDGE('',*,*,#1949,.F.);
#1951=EDGE_LOOP('',(#1944,#1946,#1948,#1950));
#1952=FACE_OUTER_BOUND('',#1951,.F.);
#1954=FILL_AREA_STYLE_COLOUR('',#29);
#1955=FILL_AREA_STYLE('',(#1954));
#1956=SURFACE_STYLE_FILL_AREA(#1955);
#1957=SURFACE_SIDE_STYLE('',(#1956));
#1958=SURFACE_STYLE_USAGE(.POSITIVE.,#1957);
#1959=PRESENTATION_STYLE_ASSIGNMENT((#1958));
#1960=OVER_RIDING_STYLED_ITEM('',(#1959),#1953,#1764);
#1961=CARTESIAN_POINT('',(1.6E0,0.E0,3.75E-1));
#1962=DIRECTION('',(0.E0,0.E0,-1.E0));
#1963=DIRECTION('',(-1.E0,0.E0,0.E0));
#1964=AXIS2_PLACEMENT_3D('',#1961,#1962,#1963);
#1965=PLANE('',#1964);
#1966=ORIENTED_EDGE('',*,*,#1945,.F.);
#1967=ORIENTED_EDGE('',*,*,#1934,.T.);
#1969=ORIENTED_EDGE('',*,*,#1968,.T.);
#1971=ORIENTED_EDGE('',*,*,#1970,.F.);
#1972=EDGE_LOOP('',(#1966,#1967,#1969,#1971));
#1973=FACE_OUTER_BOUND('',#1972,.F.);
#1975=CARTESIAN_POINT('',(1.175E0,0.E0,3.E-1));
#1976=DIRECTION('',(0.E0,-1.E0,0.E0));
#1977=DIRECTION('',(-1.E0,0.E0,0.E0));
#1978=AXIS2_PLACEMENT_3D('',#1975,#1976,#1977);
#1979=CYLINDRICAL_SURFACE('',#1978,7.5E-2);
#1980=ORIENTED_EDGE('',*,*,#1932,.T.);
#1982=ORIENTED_EDGE('',*,*,#1981,.T.);
#1984=ORIENTED_EDGE('',*,*,#1983,.F.);
#1985=ORIENTED_EDGE('',*,*,#1968,.F.);
#1986=EDGE_LOOP('',(#1980,#1982,#1984,#1985));
#1987=FACE_OUTER_BOUND('',#1986,.F.);
#1989=CARTESIAN_POINT('',(1.1E0,0.E0,3.E-1));
#1990=DIRECTION('',(1.E0,0.E0,0.E0));
#1991=DIRECTION('',(0.E0,0.E0,-1.E0));
#1992=AXIS2_PLACEMENT_3D('',#1989,#1990,#1991);
#1993=PLANE('',#1992);
#1994=ORIENTED_EDGE('',*,*,#1930,.T.);
#1996=ORIENTED_EDGE('',*,*,#1995,.T.);
#1998=ORIENTED_EDGE('',*,*,#1997,.F.);
#1999=ORIENTED_EDGE('',*,*,#1981,.F.);
#2000=EDGE_LOOP('',(#1994,#1996,#1998,#1999));
#2001=FACE_OUTER_BOUND('',#2000,.F.);
#2003=CARTESIAN_POINT('',(1.175E0,0.E0,2.E-1));
#2004=DIRECTION('',(0.E0,-1.E0,0.E0));
#2005=DIRECTION('',(-1.E0,0.E0,0.E0));
#2006=AXIS2_PLACEMENT_3D('',#2003,#2004,#2005);
#2007=CYLINDRICAL_SURFACE('',#2006,7.5E-2);
#2008=ORIENTED_EDGE('',*,*,#1928,.T.);
#2010=ORIENTED_EDGE('',*,*,#2009,.T.);
#2012=ORIENTED_EDGE('',*,*,#2011,.F.);
#2013=ORIENTED_EDGE('',*,*,#1995,.F.);
#2014=EDGE_LOOP('',(#2008,#2010,#2012,#2013));
#2015=FACE_OUTER_BOUND('',#2014,.F.);
#2017=CARTESIAN_POINT('',(1.175E0,0.E0,1.25E-1));
#2018=DIRECTION('',(0.E0,0.E0,1.E0));
#2019=DIRECTION('',(1.E0,0.E0,0.E0));
#2020=AXIS2_PLACEMENT_3D('',#2017,#2018,#2019);
#2021=PLANE('',#2020);
#2022=ORIENTED_EDGE('',*,*,#1949,.T.);
#2024=ORIENTED_EDGE('',*,*,#2023,.F.);
#2025=ORIENTED_EDGE('',*,*,#2009,.F.);
#2026=ORIENTED_EDGE('',*,*,#1926,.T.);
#2027=EDGE_LOOP('',(#2022,#2024,#2025,#2026));
#2028=FACE_OUTER_BOUND('',#2027,.F.);
#2030=CARTESIAN_POINT('',(0.E0,2.E-1,0.E0));
#2031=DIRECTION('',(0.E0,-1.E0,0.E0));
#2032=DIRECTION('',(-1.E0,0.E0,0.E0));
#2033=AXIS2_PLACEMENT_3D('',#2030,#2031,#2032);
#2034=PLANE('',#2033);
#2035=ORIENTED_EDGE('',*,*,#1947,.F.);
#2036=ORIENTED_EDGE('',*,*,#1970,.T.);
#2037=ORIENTED_EDGE('',*,*,#1983,.T.);
#2038=ORIENTED_EDGE('',*,*,#1997,.T.);
#2039=ORIENTED_EDGE('',*,*,#2011,.T.);
#2040=ORIENTED_EDGE('',*,*,#2023,.T.);
#2041=EDGE_LOOP('',(#2035,#2036,#2037,#2038,#2039,#2040));
#2042=FACE_OUTER_BOUND('',#2041,.F.);
#2044=CLOSED_SHELL('',(#1938,#1953,#1974,#1988,#2002,#2016,#2029,#2043));
#2045=MANIFOLD_SOLID_BREP('',#2044);
#2046=FILL_AREA_STYLE_COLOUR('',#28);
#2047=FILL_AREA_STYLE('',(#2046));
#2048=SURFACE_STYLE_FILL_AREA(#2047);
#2049=SURFACE_SIDE_STYLE('',(#2048));
#2050=SURFACE_STYLE_USAGE(.POSITIVE.,#2049);
#2051=PRESENTATION_STYLE_ASSIGNMENT((#2050));
#1764=STYLED_ITEM('',(#2051),#2045);
#2053=DIRECTION('',(0.E0,0.E0,-1.E0));
#2054=VECTOR('',#2053,2.5E-1);
#2055=CARTESIAN_POINT('',(1.5E0,0.E0,8.75E-1));
#2056=LINE('',#2055,#2054);
#2057=CURVE_STYLE('',#35,POSITIVE_LENGTH_MEASURE(2.E-2),#28);
#2058=PRESENTATION_STYLE_ASSIGNMENT((#2057));
#2059=STYLED_ITEM('',(#2058),#2056);
#2060=DIRECTION('',(1.E0,0.E0,0.E0));
#2061=VECTOR('',#2060,3.25E-1);
#2062=CARTESIAN_POINT('',(1.175E0,0.E0,6.25E-1));
#2063=LINE('',#2062,#2061);
#2064=CURVE_STYLE('',#35,POSITIVE_LENGTH_MEASURE(2.E-2),#28);
#2065=PRESENTATION_STYLE_ASSIGNMENT((#2064));
#2066=STYLED_ITEM('',(#2065),#2063);
#2067=CARTESIAN_POINT('',(1.175E0,0.E0,7.E-1));
#2068=DIRECTION('',(0.E0,-1.E0,0.E0));
#2069=DIRECTION('',(-1.E0,0.E0,0.E0));
#2070=AXIS2_PLACEMENT_3D('',#2067,#2068,#2069);
#2072=CURVE_STYLE('',#35,POSITIVE_LENGTH_MEASURE(2.E-2),#28);
#2073=PRESENTATION_STYLE_ASSIGNMENT((#2072));
#2074=STYLED_ITEM('',(#2073),#2071);
#2075=DIRECTION('',(0.E0,0.E0,-1.E0));
#2076=VECTOR('',#2075,1.E-1);
#2077=CARTESIAN_POINT('',(1.1E0,0.E0,8.E-1));
#2078=LINE('',#2077,#2076);
#2079=CURVE_STYLE('',#35,POSITIVE_LENGTH_MEASURE(2.E-2),#28);
#2080=PRESENTATION_STYLE_ASSIGNMENT((#2079));
#2081=STYLED_ITEM('',(#2080),#2078);
#2082=CARTESIAN_POINT('',(1.175E0,0.E0,8.E-1));
#2083=DIRECTION('',(0.E0,-1.E0,0.E0));
#2084=DIRECTION('',(0.E0,0.E0,1.E0));
#2085=AXIS2_PLACEMENT_3D('',#2082,#2083,#2084);
#2087=CURVE_STYLE('',#35,POSITIVE_LENGTH_MEASURE(2.E-2),#28);
#2088=PRESENTATION_STYLE_ASSIGNMENT((#2087));
#2089=STYLED_ITEM('',(#2088),#2086);
#2090=DIRECTION('',(-1.E0,0.E0,0.E0));
#2091=VECTOR('',#2090,3.25E-1);
#2092=CARTESIAN_POINT('',(1.5E0,0.E0,8.75E-1));
#2093=LINE('',#2092,#2091);
#2094=CURVE_STYLE('',#35,POSITIVE_LENGTH_MEASURE(2.E-2),#28);
#2095=PRESENTATION_STYLE_ASSIGNMENT((#2094));
#2096=STYLED_ITEM('',(#2095),#2093);
#2097=DIRECTION('',(0.E0,1.E0,0.E0));
#2098=VECTOR('',#2097,2.E-1);
#2099=CARTESIAN_POINT('',(1.5E0,0.E0,8.75E-1));
#2100=LINE('',#2099,#2098);
#2101=CURVE_STYLE('',#35,POSITIVE_LENGTH_MEASURE(2.E-2),#28);
#2102=PRESENTATION_STYLE_ASSIGNMENT((#2101));
#2103=STYLED_ITEM('',(#2102),#2100);
#2104=DIRECTION('',(0.E0,1.E0,0.E0));
#2105=VECTOR('',#2104,2.E-1);
#2106=CARTESIAN_POINT('',(1.175E0,0.E0,8.75E-1));
#2107=LINE('',#2106,#2105);
#2108=CURVE_STYLE('',#35,POSITIVE_LENGTH_MEASURE(2.E-2),#28);
#2109=PRESENTATION_STYLE_ASSIGNMENT((#2108));
#2110=STYLED_ITEM('',(#2109),#2107);
#2111=DIRECTION('',(0.E0,1.E0,0.E0));
#2112=VECTOR('',#2111,2.E-1);
#2113=CARTESIAN_POINT('',(1.1E0,0.E0,8.E-1));
#2114=LINE('',#2113,#2112);
#2115=CURVE_STYLE('',#35,POSITIVE_LENGTH_MEASURE(2.E-2),#28);
#2116=PRESENTATION_STYLE_ASSIGNMENT((#2115));
#2117=STYLED_ITEM('',(#2116),#2114);
#2118=DIRECTION('',(0.E0,1.E0,0.E0));
#2119=VECTOR('',#2118,2.E-1);
#2120=CARTESIAN_POINT('',(1.1E0,0.E0,7.E-1));
#2121=LINE('',#2120,#2119);
#2122=CURVE_STYLE('',#35,POSITIVE_LENGTH_MEASURE(2.E-2),#28);
#2123=PRESENTATION_STYLE_ASSIGNMENT((#2122));
#2124=STYLED_ITEM('',(#2123),#2121);
#2125=DIRECTION('',(0.E0,1.E0,0.E0));
#2126=VECTOR('',#2125,2.E-1);
#2127=CARTESIAN_POINT('',(1.5E0,0.E0,6.25E-1));
#2128=LINE('',#2127,#2126);
#2129=CURVE_STYLE('',#35,POSITIVE_LENGTH_MEASURE(2.E-2),#28);
#2130=PRESENTATION_STYLE_ASSIGNMENT((#2129));
#2131=STYLED_ITEM('',(#2130),#2128);
#2132=DIRECTION('',(0.E0,1.E0,0.E0));
#2133=VECTOR('',#2132,2.E-1);
#2134=CARTESIAN_POINT('',(1.175E0,0.E0,6.25E-1));
#2135=LINE('',#2134,#2133);
#2136=CURVE_STYLE('',#35,POSITIVE_LENGTH_MEASURE(2.E-2),#28);
#2137=PRESENTATION_STYLE_ASSIGNMENT((#2136));
#2138=STYLED_ITEM('',(#2137),#2135);
#2139=DIRECTION('',(0.E0,0.E0,-1.E0));
#2140=VECTOR('',#2139,2.5E-1);
#2141=CARTESIAN_POINT('',(1.5E0,2.E-1,8.75E-1));
#2142=LINE('',#2141,#2140);
#2143=CURVE_STYLE('',#35,POSITIVE_LENGTH_MEASURE(2.E-2),#28);
#2144=PRESENTATION_STYLE_ASSIGNMENT((#2143));
#2145=STYLED_ITEM('',(#2144),#2142);
#2146=DIRECTION('',(-1.E0,0.E0,0.E0));
#2147=VECTOR('',#2146,3.25E-1);
#2148=CARTESIAN_POINT('',(1.5E0,2.E-1,8.75E-1));
#2149=LINE('',#2148,#2147);
#2150=CURVE_STYLE('',#35,POSITIVE_LENGTH_MEASURE(2.E-2),#28);
#2151=PRESENTATION_STYLE_ASSIGNMENT((#2150));
#2152=STYLED_ITEM('',(#2151),#2149);
#2153=CARTESIAN_POINT('',(1.175E0,2.E-1,8.E-1));
#2154=DIRECTION('',(0.E0,-1.E0,0.E0));
#2155=DIRECTION('',(0.E0,0.E0,1.E0));
#2156=AXIS2_PLACEMENT_3D('',#2153,#2154,#2155);
#2158=CURVE_STYLE('',#35,POSITIVE_LENGTH_MEASURE(2.E-2),#28);
#2159=PRESENTATION_STYLE_ASSIGNMENT((#2158));
#2160=STYLED_ITEM('',(#2159),#2157);
#2161=DIRECTION('',(0.E0,0.E0,-1.E0));
#2162=VECTOR('',#2161,1.E-1);
#2163=CARTESIAN_POINT('',(1.1E0,2.E-1,8.E-1));
#2164=LINE('',#2163,#2162);
#2165=CURVE_STYLE('',#35,POSITIVE_LENGTH_MEASURE(2.E-2),#28);
#2166=PRESENTATION_STYLE_ASSIGNMENT((#2165));
#2167=STYLED_ITEM('',(#2166),#2164);
#2168=CARTESIAN_POINT('',(1.175E0,2.E-1,7.E-1));
#2169=DIRECTION('',(0.E0,-1.E0,0.E0));
#2170=DIRECTION('',(-1.E0,0.E0,0.E0));
#2171=AXIS2_PLACEMENT_3D('',#2168,#2169,#2170);
#2173=CURVE_STYLE('',#35,POSITIVE_LENGTH_MEASURE(2.E-2),#28);
#2174=PRESENTATION_STYLE_ASSIGNMENT((#2173));
#2175=STYLED_ITEM('',(#2174),#2172);
#2176=DIRECTION('',(1.E0,0.E0,0.E0));
#2177=VECTOR('',#2176,3.25E-1);
#2178=CARTESIAN_POINT('',(1.175E0,2.E-1,6.25E-1));
#2179=LINE('',#2178,#2177);
#2180=CURVE_STYLE('',#35,POSITIVE_LENGTH_MEASURE(2.E-2),#28);
#2181=PRESENTATION_STYLE_ASSIGNMENT((#2180));
#2182=STYLED_ITEM('',(#2181),#2179);
#2183=CARTESIAN_POINT('',(1.175E0,0.E0,8.75E-1));
#2184=CARTESIAN_POINT('',(1.1E0,0.E0,8.E-1));
#2185=VERTEX_POINT('',#2183);
#2186=VERTEX_POINT('',#2184);
#2187=CARTESIAN_POINT('',(1.1E0,0.E0,7.E-1));
#2188=VERTEX_POINT('',#2187);
#2189=CARTESIAN_POINT('',(1.175E0,0.E0,6.25E-1));
#2190=VERTEX_POINT('',#2189);
#2191=CARTESIAN_POINT('',(1.175E0,2.E-1,8.75E-1));
#2192=CARTESIAN_POINT('',(1.1E0,2.E-1,8.E-1));
#2193=VERTEX_POINT('',#2191);
#2194=VERTEX_POINT('',#2192);
#2195=CARTESIAN_POINT('',(1.1E0,2.E-1,7.E-1));
#2196=VERTEX_POINT('',#2195);
#2197=CARTESIAN_POINT('',(1.175E0,2.E-1,6.25E-1));
#2198=VERTEX_POINT('',#2197);
#2199=CARTESIAN_POINT('',(1.5E0,0.E0,8.75E-1));
#2200=CARTESIAN_POINT('',(1.5E0,0.E0,6.25E-1));
#2201=VERTEX_POINT('',#2199);
#2202=VERTEX_POINT('',#2200);
#2203=CARTESIAN_POINT('',(1.5E0,2.E-1,8.75E-1));
#2204=CARTESIAN_POINT('',(1.5E0,2.E-1,6.25E-1));
#2205=VERTEX_POINT('',#2203);
#2206=VERTEX_POINT('',#2204);
#2207=CARTESIAN_POINT('',(0.E0,0.E0,0.E0));
#2208=DIRECTION('',(0.E0,-1.E0,0.E0));
#2209=DIRECTION('',(-1.E0,0.E0,0.E0));
#2210=AXIS2_PLACEMENT_3D('',#2207,#2208,#2209);
#2211=PLANE('',#2210);
#2213=ORIENTED_EDGE('',*,*,#2212,.T.);
#2215=ORIENTED_EDGE('',*,*,#2214,.F.);
#2217=ORIENTED_EDGE('',*,*,#2216,.F.);
#2219=ORIENTED_EDGE('',*,*,#2218,.F.);
#2221=ORIENTED_EDGE('',*,*,#2220,.F.);
#2223=ORIENTED_EDGE('',*,*,#2222,.F.);
#2224=EDGE_LOOP('',(#2213,#2215,#2217,#2219,#2221,#2223));
#2225=FACE_OUTER_BOUND('',#2224,.F.);
#2227=CARTESIAN_POINT('',(1.5E0,0.E0,-1.E0));
#2228=DIRECTION('',(-1.E0,0.E0,0.E0));
#2229=DIRECTION('',(0.E0,0.E0,1.E0));
#2230=AXIS2_PLACEMENT_3D('',#2227,#2228,#2229);
#2231=PLANE('',#2230);
#2232=ORIENTED_EDGE('',*,*,#2212,.F.);
#2234=ORIENTED_EDGE('',*,*,#2233,.T.);
#2236=ORIENTED_EDGE('',*,*,#2235,.T.);
#2238=ORIENTED_EDGE('',*,*,#2237,.F.);
#2239=EDGE_LOOP('',(#2232,#2234,#2236,#2238));
#2240=FACE_OUTER_BOUND('',#2239,.F.);
#2242=FILL_AREA_STYLE_COLOUR('',#29);
#2243=FILL_AREA_STYLE('',(#2242));
#2244=SURFACE_STYLE_FILL_AREA(#2243);
#2245=SURFACE_SIDE_STYLE('',(#2244));
#2246=SURFACE_STYLE_USAGE(.POSITIVE.,#2245);
#2247=PRESENTATION_STYLE_ASSIGNMENT((#2246));
#2248=OVER_RIDING_STYLED_ITEM('',(#2247),#2241,#2052);
#2249=CARTESIAN_POINT('',(1.6E0,0.E0,8.75E-1));
#2250=DIRECTION('',(0.E0,0.E0,-1.E0));
#2251=DIRECTION('',(-1.E0,0.E0,0.E0));
#2252=AXIS2_PLACEMENT_3D('',#2249,#2250,#2251);
#2253=PLANE('',#2252);
#2254=ORIENTED_EDGE('',*,*,#2233,.F.);
#2255=ORIENTED_EDGE('',*,*,#2222,.T.);
#2257=ORIENTED_EDGE('',*,*,#2256,.T.);
#2259=ORIENTED_EDGE('',*,*,#2258,.F.);
#2260=EDGE_LOOP('',(#2254,#2255,#2257,#2259));
#2261=FACE_OUTER_BOUND('',#2260,.F.);
#2263=CARTESIAN_POINT('',(1.175E0,0.E0,8.E-1));
#2264=DIRECTION('',(0.E0,-1.E0,0.E0));
#2265=DIRECTION('',(-1.E0,0.E0,0.E0));
#2266=AXIS2_PLACEMENT_3D('',#2263,#2264,#2265);
#2267=CYLINDRICAL_SURFACE('',#2266,7.5E-2);
#2268=ORIENTED_EDGE('',*,*,#2220,.T.);
#2270=ORIENTED_EDGE('',*,*,#2269,.T.);
#2272=ORIENTED_EDGE('',*,*,#2271,.F.);
#2273=ORIENTED_EDGE('',*,*,#2256,.F.);
#2274=EDGE_LOOP('',(#2268,#2270,#2272,#2273));
#2275=FACE_OUTER_BOUND('',#2274,.F.);
#2277=CARTESIAN_POINT('',(1.1E0,0.E0,8.E-1));
#2278=DIRECTION('',(1.E0,0.E0,0.E0));
#2279=DIRECTION('',(0.E0,0.E0,-1.E0));
#2280=AXIS2_PLACEMENT_3D('',#2277,#2278,#2279);
#2281=PLANE('',#2280);
#2282=ORIENTED_EDGE('',*,*,#2218,.T.);
#2284=ORIENTED_EDGE('',*,*,#2283,.T.);
#2286=ORIENTED_EDGE('',*,*,#2285,.F.);
#2287=ORIENTED_EDGE('',*,*,#2269,.F.);
#2288=EDGE_LOOP('',(#2282,#2284,#2286,#2287));
#2289=FACE_OUTER_BOUND('',#2288,.F.);
#2291=CARTESIAN_POINT('',(1.175E0,0.E0,7.E-1));
#2292=DIRECTION('',(0.E0,-1.E0,0.E0));
#2293=DIRECTION('',(-1.E0,0.E0,0.E0));
#2294=AXIS2_PLACEMENT_3D('',#2291,#2292,#2293);
#2295=CYLINDRICAL_SURFACE('',#2294,7.5E-2);
#2296=ORIENTED_EDGE('',*,*,#2216,.T.);
#2298=ORIENTED_EDGE('',*,*,#2297,.T.);
#2300=ORIENTED_EDGE('',*,*,#2299,.F.);
#2301=ORIENTED_EDGE('',*,*,#2283,.F.);
#2302=EDGE_LOOP('',(#2296,#2298,#2300,#2301));
#2303=FACE_OUTER_BOUND('',#2302,.F.);
#2305=CARTESIAN_POINT('',(1.175E0,0.E0,6.25E-1));
#2306=DIRECTION('',(0.E0,0.E0,1.E0));
#2307=DIRECTION('',(1.E0,0.E0,0.E0));
#2308=AXIS2_PLACEMENT_3D('',#2305,#2306,#2307);
#2309=PLANE('',#2308);
#2310=ORIENTED_EDGE('',*,*,#2237,.T.);
#2312=ORIENTED_EDGE('',*,*,#2311,.F.);
#2313=ORIENTED_EDGE('',*,*,#2297,.F.);
#2314=ORIENTED_EDGE('',*,*,#2214,.T.);
#2315=EDGE_LOOP('',(#2310,#2312,#2313,#2314));
#2316=FACE_OUTER_BOUND('',#2315,.F.);
#2318=CARTESIAN_POINT('',(0.E0,2.E-1,0.E0));
#2319=DIRECTION('',(0.E0,-1.E0,0.E0));
#2320=DIRECTION('',(-1.E0,0.E0,0.E0));
#2321=AXIS2_PLACEMENT_3D('',#2318,#2319,#2320);
#2322=PLANE('',#2321);
#2323=ORIENTED_EDGE('',*,*,#2235,.F.);
#2324=ORIENTED_EDGE('',*,*,#2258,.T.);
#2325=ORIENTED_EDGE('',*,*,#2271,.T.);
#2326=ORIENTED_EDGE('',*,*,#2285,.T.);
#2327=ORIENTED_EDGE('',*,*,#2299,.T.);
#2328=ORIENTED_EDGE('',*,*,#2311,.T.);
#2329=EDGE_LOOP('',(#2323,#2324,#2325,#2326,#2327,#2328));
#2330=FACE_OUTER_BOUND('',#2329,.F.);
#2332=CLOSED_SHELL('',(#2226,#2241,#2262,#2276,#2290,#2304,#2317,#2331));
#2333=MANIFOLD_SOLID_BREP('',#2332);
#2334=FILL_AREA_STYLE_COLOUR('',#28);
#2335=FILL_AREA_STYLE('',(#2334));
#2336=SURFACE_STYLE_FILL_AREA(#2335);
#2337=SURFACE_SIDE_STYLE('',(#2336));
#2338=SURFACE_STYLE_USAGE(.POSITIVE.,#2337);
#2339=PRESENTATION_STYLE_ASSIGNMENT((#2338));
#2052=STYLED_ITEM('',(#2339),#2333);
#2341=DIRECTION('',(7.071067811865E-1,0.E0,-7.071067811865E-1));
#2342=VECTOR('',#2341,4.242640687119E-1);
#2343=CARTESIAN_POINT('',(-9.E-1,0.E0,-5.25E-1));
#2344=LINE('',#2343,#2342);
#2345=CURVE_STYLE('',#35,POSITIVE_LENGTH_MEASURE(2.E-2),#28);
#2346=PRESENTATION_STYLE_ASSIGNMENT((#2345));
#2347=STYLED_ITEM('',(#2346),#2344);
#2348=DIRECTION('',(0.E0,0.E0,1.E0));
#2349=VECTOR('',#2348,1.35E0);
#2350=CARTESIAN_POINT('',(-9.E-1,0.E0,-5.25E-1));
#2351=LINE('',#2350,#2349);
#2352=CURVE_STYLE('',#35,POSITIVE_LENGTH_MEASURE(2.E-2),#28);
#2353=PRESENTATION_STYLE_ASSIGNMENT((#2352));
#2354=STYLED_ITEM('',(#2353),#2351);
#2355=DIRECTION('',(1.E0,0.E0,0.E0));
#2356=VECTOR('',#2355,1.8E0);
#2357=CARTESIAN_POINT('',(-9.E-1,0.E0,8.25E-1));
#2358=LINE('',#2357,#2356);
#2359=CURVE_STYLE('',#35,POSITIVE_LENGTH_MEASURE(2.E-2),#28);
#2360=PRESENTATION_STYLE_ASSIGNMENT((#2359));
#2361=STYLED_ITEM('',(#2360),#2358);
#2362=DIRECTION('',(0.E0,0.E0,-1.E0));
#2363=VECTOR('',#2362,1.65E0);
#2364=CARTESIAN_POINT('',(9.E-1,0.E0,8.25E-1));
#2365=LINE('',#2364,#2363);
#2366=CURVE_STYLE('',#35,POSITIVE_LENGTH_MEASURE(2.E-2),#28);
#2367=PRESENTATION_STYLE_ASSIGNMENT((#2366));
#2368=STYLED_ITEM('',(#2367),#2365);
#2369=DIRECTION('',(-1.E0,0.E0,0.E0));
#2370=VECTOR('',#2369,1.5E0);
#2371=CARTESIAN_POINT('',(9.E-1,0.E0,-8.25E-1));
#2372=LINE('',#2371,#2370);
#2373=CURVE_STYLE('',#35,POSITIVE_LENGTH_MEASURE(2.E-2),#28);
#2374=PRESENTATION_STYLE_ASSIGNMENT((#2373));
#2375=STYLED_ITEM('',(#2374),#2372);
#2376=DIRECTION('',(0.E0,-1.E0,0.E0));
#2377=VECTOR('',#2376,2.E-1);
#2378=CARTESIAN_POINT('',(-6.E-1,2.E-1,-8.25E-1));
#2379=LINE('',#2378,#2377);
#2380=CURVE_STYLE('',#35,POSITIVE_LENGTH_MEASURE(2.E-2),#28);
#2381=PRESENTATION_STYLE_ASSIGNMENT((#2380));
#2382=STYLED_ITEM('',(#2381),#2379);
#2383=DIRECTION('',(0.E0,1.E0,0.E0));
#2384=VECTOR('',#2383,2.E-1);
#2385=CARTESIAN_POINT('',(9.E-1,0.E0,-8.25E-1));
#2386=LINE('',#2385,#2384);
#2387=CURVE_STYLE('',#35,POSITIVE_LENGTH_MEASURE(2.E-2),#28);
#2388=PRESENTATION_STYLE_ASSIGNMENT((#2387));
#2389=STYLED_ITEM('',(#2388),#2386);
#2390=DIRECTION('',(0.E0,1.E0,0.E0));
#2391=VECTOR('',#2390,2.E-1);
#2392=CARTESIAN_POINT('',(9.E-1,0.E0,8.25E-1));
#2393=LINE('',#2392,#2391);
#2394=CURVE_STYLE('',#35,POSITIVE_LENGTH_MEASURE(2.E-2),#28);
#2395=PRESENTATION_STYLE_ASSIGNMENT((#2394));
#2396=STYLED_ITEM('',(#2395),#2393);
#2397=DIRECTION('',(0.E0,1.E0,0.E0));
#2398=VECTOR('',#2397,2.E-1);
#2399=CARTESIAN_POINT('',(-9.E-1,0.E0,8.25E-1));
#2400=LINE('',#2399,#2398);
#2401=CURVE_STYLE('',#35,POSITIVE_LENGTH_MEASURE(2.E-2),#28);
#2402=PRESENTATION_STYLE_ASSIGNMENT((#2401));
#2403=STYLED_ITEM('',(#2402),#2400);
#2404=DIRECTION('',(0.E0,-1.E0,0.E0));
#2405=VECTOR('',#2404,2.E-1);
#2406=CARTESIAN_POINT('',(-9.E-1,2.E-1,-5.25E-1));
#2407=LINE('',#2406,#2405);
#2408=CURVE_STYLE('',#35,POSITIVE_LENGTH_MEASURE(2.E-2),#28);
#2409=PRESENTATION_STYLE_ASSIGNMENT((#2408));
#2410=STYLED_ITEM('',(#2409),#2407);
#2411=DIRECTION('',(-7.071067811865E-1,0.E0,7.071067811865E-1));
#2412=VECTOR('',#2411,4.242640687119E-1);
#2413=CARTESIAN_POINT('',(-6.E-1,2.E-1,-8.25E-1));
#2414=LINE('',#2413,#2412);
#2415=CURVE_STYLE('',#35,POSITIVE_LENGTH_MEASURE(2.E-2),#28);
#2416=PRESENTATION_STYLE_ASSIGNMENT((#2415));
#2417=STYLED_ITEM('',(#2416),#2414);
#2418=DIRECTION('',(-1.E0,0.E0,0.E0));
#2419=VECTOR('',#2418,1.5E0);
#2420=CARTESIAN_POINT('',(9.E-1,2.E-1,-8.25E-1));
#2421=LINE('',#2420,#2419);
#2422=CURVE_STYLE('',#35,POSITIVE_LENGTH_MEASURE(2.E-2),#28);
#2423=PRESENTATION_STYLE_ASSIGNMENT((#2422));
#2424=STYLED_ITEM('',(#2423),#2421);
#2425=DIRECTION('',(0.E0,0.E0,-1.E0));
#2426=VECTOR('',#2425,1.65E0);
#2427=CARTESIAN_POINT('',(9.E-1,2.E-1,8.25E-1));
#2428=LINE('',#2427,#2426);
#2429=CURVE_STYLE('',#35,POSITIVE_LENGTH_MEASURE(2.E-2),#28);
#2430=PRESENTATION_STYLE_ASSIGNMENT((#2429));
#2431=STYLED_ITEM('',(#2430),#2428);
#2432=DIRECTION('',(1.E0,0.E0,0.E0));
#2433=VECTOR('',#2432,1.8E0);
#2434=CARTESIAN_POINT('',(-9.E-1,2.E-1,8.25E-1));
#2435=LINE('',#2434,#2433);
#2436=CURVE_STYLE('',#35,POSITIVE_LENGTH_MEASURE(2.E-2),#28);
#2437=PRESENTATION_STYLE_ASSIGNMENT((#2436));
#2438=STYLED_ITEM('',(#2437),#2435);
#2439=DIRECTION('',(0.E0,0.E0,1.E0));
#2440=VECTOR('',#2439,1.35E0);
#2441=CARTESIAN_POINT('',(-9.E-1,2.E-1,-5.25E-1));
#2442=LINE('',#2441,#2440);
#2443=CURVE_STYLE('',#35,POSITIVE_LENGTH_MEASURE(2.E-2),#28);
#2444=PRESENTATION_STYLE_ASSIGNMENT((#2443));
#2445=STYLED_ITEM('',(#2444),#2442);
#2446=CARTESIAN_POINT('',(-9.E-1,0.E0,8.25E-1));
#2447=CARTESIAN_POINT('',(9.E-1,0.E0,8.25E-1));
#2448=VERTEX_POINT('',#2446);
#2449=VERTEX_POINT('',#2447);
#2450=CARTESIAN_POINT('',(9.E-1,0.E0,-8.25E-1));
#2451=VERTEX_POINT('',#2450);
#2452=CARTESIAN_POINT('',(-9.E-1,2.E-1,8.25E-1));
#2453=CARTESIAN_POINT('',(9.E-1,2.E-1,8.25E-1));
#2454=VERTEX_POINT('',#2452);
#2455=VERTEX_POINT('',#2453);
#2456=CARTESIAN_POINT('',(9.E-1,2.E-1,-8.25E-1));
#2457=VERTEX_POINT('',#2456);
#2458=CARTESIAN_POINT('',(-9.E-1,0.E0,-5.25E-1));
#2459=CARTESIAN_POINT('',(-6.E-1,0.E0,-8.25E-1));
#2460=VERTEX_POINT('',#2458);
#2461=VERTEX_POINT('',#2459);
#2462=CARTESIAN_POINT('',(-6.E-1,2.E-1,-8.25E-1));
#2463=VERTEX_POINT('',#2462);
#2464=CARTESIAN_POINT('',(-9.E-1,2.E-1,-5.25E-1));
#2465=VERTEX_POINT('',#2464);
#2466=CARTESIAN_POINT('',(0.E0,0.E0,0.E0));
#2467=DIRECTION('',(0.E0,1.E0,0.E0));
#2468=DIRECTION('',(1.E0,0.E0,0.E0));
#2469=AXIS2_PLACEMENT_3D('',#2466,#2467,#2468);
#2470=PLANE('',#2469);
#2472=ORIENTED_EDGE('',*,*,#2471,.F.);
#2474=ORIENTED_EDGE('',*,*,#2473,.T.);
#2476=ORIENTED_EDGE('',*,*,#2475,.T.);
#2478=ORIENTED_EDGE('',*,*,#2477,.T.);
#2480=ORIENTED_EDGE('',*,*,#2479,.T.);
#2481=EDGE_LOOP('',(#2472,#2474,#2476,#2478,#2480));
#2482=FACE_OUTER_BOUND('',#2481,.F.);
#2484=CARTESIAN_POINT('',(-7.5E-1,1.E-1,-6.75E-1));
#2485=DIRECTION('',(-7.071067811865E-1,0.E0,-7.071067811865E-1));
#2486=DIRECTION('',(7.071067811865E-1,0.E0,-7.071067811865E-1));
#2487=AXIS2_PLACEMENT_3D('',#2484,#2485,#2486);
#2488=PLANE('',#2487);
#2489=ORIENTED_EDGE('',*,*,#2471,.T.);
#2491=ORIENTED_EDGE('',*,*,#2490,.F.);
#2493=ORIENTED_EDGE('',*,*,#2492,.T.);
#2495=ORIENTED_EDGE('',*,*,#2494,.T.);
#2496=EDGE_LOOP('',(#2489,#2491,#2493,#2495));
#2497=FACE_OUTER_BOUND('',#2496,.F.);
#2499=CARTESIAN_POINT('',(9.E-1,0.E0,-8.25E-1));
#2500=DIRECTION('',(0.E0,0.E0,-1.E0));
#2501=DIRECTION('',(-1.E0,0.E0,0.E0));
#2502=AXIS2_PLACEMENT_3D('',#2499,#2500,#2501);
#2503=PLANE('',#2502);
#2504=ORIENTED_EDGE('',*,*,#2490,.T.);
#2505=ORIENTED_EDGE('',*,*,#2479,.F.);
#2507=ORIENTED_EDGE('',*,*,#2506,.T.);
#2509=ORIENTED_EDGE('',*,*,#2508,.T.);
#2510=EDGE_LOOP('',(#2504,#2505,#2507,#2509));
#2511=FACE_OUTER_BOUND('',#2510,.F.);
#2513=CARTESIAN_POINT('',(9.E-1,0.E0,8.25E-1));
#2514=DIRECTION('',(1.E0,0.E0,0.E0));
#2515=DIRECTION('',(0.E0,0.E0,-1.E0));
#2516=AXIS2_PLACEMENT_3D('',#2513,#2514,#2515);
#2517=PLANE('',#2516);
#2518=ORIENTED_EDGE('',*,*,#2477,.F.);
#2520=ORIENTED_EDGE('',*,*,#2519,.T.);
#2522=ORIENTED_EDGE('',*,*,#2521,.T.);
#2523=ORIENTED_EDGE('',*,*,#2506,.F.);
#2524=EDGE_LOOP('',(#2518,#2520,#2522,#2523));
#2525=FACE_OUTER_BOUND('',#2524,.F.);
#2527=CARTESIAN_POINT('',(-9.E-1,0.E0,8.25E-1));
#2528=DIRECTION('',(0.E0,0.E0,1.E0));
#2529=DIRECTION('',(1.E0,0.E0,0.E0));
#2530=AXIS2_PLACEMENT_3D('',#2527,#2528,#2529);
#2531=PLANE('',#2530);
#2532=ORIENTED_EDGE('',*,*,#2475,.F.);
#2534=ORIENTED_EDGE('',*,*,#2533,.T.);
#2536=ORIENTED_EDGE('',*,*,#2535,.T.);
#2537=ORIENTED_EDGE('',*,*,#2519,.F.);
#2538=EDGE_LOOP('',(#2532,#2534,#2536,#2537));
#2539=FACE_OUTER_BOUND('',#2538,.F.);
#2541=CARTESIAN_POINT('',(-9.E-1,0.E0,-8.25E-1));
#2542=DIRECTION('',(-1.E0,0.E0,0.E0));
#2543=DIRECTION('',(0.E0,0.E0,1.E0));
#2544=AXIS2_PLACEMENT_3D('',#2541,#2542,#2543);
#2545=PLANE('',#2544);
#2546=ORIENTED_EDGE('',*,*,#2494,.F.);
#2548=ORIENTED_EDGE('',*,*,#2547,.T.);
#2549=ORIENTED_EDGE('',*,*,#2533,.F.);
#2550=ORIENTED_EDGE('',*,*,#2473,.F.);
#2551=EDGE_LOOP('',(#2546,#2548,#2549,#2550));
#2552=FACE_OUTER_BOUND('',#2551,.F.);
#2554=CARTESIAN_POINT('',(0.E0,2.E-1,0.E0));
#2555=DIRECTION('',(0.E0,1.E0,0.E0));
#2556=DIRECTION('',(1.E0,0.E0,0.E0));
#2557=AXIS2_PLACEMENT_3D('',#2554,#2555,#2556);
#2558=PLANE('',#2557);
#2559=ORIENTED_EDGE('',*,*,#2492,.F.);
#2560=ORIENTED_EDGE('',*,*,#2508,.F.);
#2561=ORIENTED_EDGE('',*,*,#2521,.F.);
#2562=ORIENTED_EDGE('',*,*,#2535,.F.);
#2563=ORIENTED_EDGE('',*,*,#2547,.F.);
#2564=EDGE_LOOP('',(#2559,#2560,#2561,#2562,#2563));
#2565=FACE_OUTER_BOUND('',#2564,.F.);
#2567=CLOSED_SHELL('',(#2483,#2498,#2512,#2526,#2540,#2553,#2566));
#2568=MANIFOLD_SOLID_BREP('',#2567);
#2569=FILL_AREA_STYLE_COLOUR('',#28);
#2570=FILL_AREA_STYLE('',(#2569));
#2571=SURFACE_STYLE_FILL_AREA(#2570);
#2572=SURFACE_SIDE_STYLE('',(#2571));
#2573=SURFACE_STYLE_USAGE(.POSITIVE.,#2572);
#2574=PRESENTATION_STYLE_ASSIGNMENT((#2573));
#2340=STYLED_ITEM('',(#2574),#2568);
#2576=DIRECTION('',(-1.E0,0.E0,0.E0));
#2577=VECTOR('',#2576,2.E-1);
#2578=CARTESIAN_POINT('',(-5.E-1,1.E-1,1.E0));
#2579=LINE('',#2578,#2577);
#2580=CURVE_STYLE('',#35,POSITIVE_LENGTH_MEASURE(2.E-2),#28);
#2581=PRESENTATION_STYLE_ASSIGNMENT((#2580));
#2582=STYLED_ITEM('',(#2581),#2579);
#2583=DIRECTION('',(0.E0,0.E0,-1.E0));
#2584=VECTOR('',#2583,1.E-1);
#2585=CARTESIAN_POINT('',(-5.E-1,1.E-1,1.E0));
#2586=LINE('',#2585,#2584);
#2587=CURVE_STYLE('',#35,POSITIVE_LENGTH_MEASURE(2.E-2),#28);
#2588=PRESENTATION_STYLE_ASSIGNMENT((#2587));
#2589=STYLED_ITEM('',(#2588),#2586);
#2590=DIRECTION('',(-1.E0,0.E0,0.E0));
#2591=VECTOR('',#2590,2.E-1);
#2592=CARTESIAN_POINT('',(-5.E-1,1.E-1,9.E-1));
#2593=LINE('',#2592,#2591);
#2594=CURVE_STYLE('',#35,POSITIVE_LENGTH_MEASURE(2.E-2),#28);
#2595=PRESENTATION_STYLE_ASSIGNMENT((#2594));
#2596=STYLED_ITEM('',(#2595),#2593);
#2597=DIRECTION('',(0.E0,0.E0,1.E0));
#2598=VECTOR('',#2597,1.E-1);
#2599=CARTESIAN_POINT('',(-7.E-1,1.E-1,9.E-1));
#2600=LINE('',#2599,#2598);
#2601=CURVE_STYLE('',#35,POSITIVE_LENGTH_MEASURE(2.E-2),#28);
#2602=PRESENTATION_STYLE_ASSIGNMENT((#2601));
#2603=STYLED_ITEM('',(#2602),#2600);
#2604=DIRECTION('',(0.E0,1.E0,0.E0));
#2605=VECTOR('',#2604,1.E-1);
#2606=CARTESIAN_POINT('',(-7.E-1,1.E-1,1.E0));
#2607=LINE('',#2606,#2605);
#2608=CURVE_STYLE('',#35,POSITIVE_LENGTH_MEASURE(2.E-2),#28);
#2609=PRESENTATION_STYLE_ASSIGNMENT((#2608));
#2610=STYLED_ITEM('',(#2609),#2607);
#2611=DIRECTION('',(0.E0,1.E0,0.E0));
#2612=VECTOR('',#2611,1.E-1);
#2613=CARTESIAN_POINT('',(-7.E-1,1.E-1,9.E-1));
#2614=LINE('',#2613,#2612);
#2615=CURVE_STYLE('',#35,POSITIVE_LENGTH_MEASURE(2.E-2),#28);
#2616=PRESENTATION_STYLE_ASSIGNMENT((#2615));
#2617=STYLED_ITEM('',(#2616),#2614);
#2618=DIRECTION('',(0.E0,1.E0,0.E0));
#2619=VECTOR('',#2618,1.E-1);
#2620=CARTESIAN_POINT('',(-5.E-1,1.E-1,9.E-1));
#2621=LINE('',#2620,#2619);
#2622=CURVE_STYLE('',#35,POSITIVE_LENGTH_MEASURE(2.E-2),#28);
#2623=PRESENTATION_STYLE_ASSIGNMENT((#2622));
#2624=STYLED_ITEM('',(#2623),#2621);
#2625=DIRECTION('',(0.E0,1.E0,0.E0));
#2626=VECTOR('',#2625,1.E-1);
#2627=CARTESIAN_POINT('',(-5.E-1,1.E-1,1.E0));
#2628=LINE('',#2627,#2626);
#2629=CURVE_STYLE('',#35,POSITIVE_LENGTH_MEASURE(2.E-2),#28);
#2630=PRESENTATION_STYLE_ASSIGNMENT((#2629));
#2631=STYLED_ITEM('',(#2630),#2628);
#2632=DIRECTION('',(-1.E0,0.E0,0.E0));
#2633=VECTOR('',#2632,2.E-1);
#2634=CARTESIAN_POINT('',(-5.E-1,2.E-1,1.E0));
#2635=LINE('',#2634,#2633);
#2636=CURVE_STYLE('',#35,POSITIVE_LENGTH_MEASURE(2.E-2),#28);
#2637=PRESENTATION_STYLE_ASSIGNMENT((#2636));
#2638=STYLED_ITEM('',(#2637),#2635);
#2639=DIRECTION('',(0.E0,0.E0,1.E0));
#2640=VECTOR('',#2639,1.E-1);
#2641=CARTESIAN_POINT('',(-7.E-1,2.E-1,9.E-1));
#2642=LINE('',#2641,#2640);
#2643=CURVE_STYLE('',#35,POSITIVE_LENGTH_MEASURE(2.E-2),#28);
#2644=PRESENTATION_STYLE_ASSIGNMENT((#2643));
#2645=STYLED_ITEM('',(#2644),#2642);
#2646=DIRECTION('',(-1.E0,0.E0,0.E0));
#2647=VECTOR('',#2646,2.E-1);
#2648=CARTESIAN_POINT('',(-5.E-1,2.E-1,9.E-1));
#2649=LINE('',#2648,#2647);
#2650=CURVE_STYLE('',#35,POSITIVE_LENGTH_MEASURE(2.E-2),#28);
#2651=PRESENTATION_STYLE_ASSIGNMENT((#2650));
#2652=STYLED_ITEM('',(#2651),#2649);
#2653=DIRECTION('',(0.E0,0.E0,-1.E0));
#2654=VECTOR('',#2653,1.E-1);
#2655=CARTESIAN_POINT('',(-5.E-1,2.E-1,1.E0));
#2656=LINE('',#2655,#2654);
#2657=CURVE_STYLE('',#35,POSITIVE_LENGTH_MEASURE(2.E-2),#28);
#2658=PRESENTATION_STYLE_ASSIGNMENT((#2657));
#2659=STYLED_ITEM('',(#2658),#2656);
#2660=CARTESIAN_POINT('',(-5.E-1,1.E-1,9.E-1));
#2661=CARTESIAN_POINT('',(-7.E-1,1.E-1,9.E-1));
#2662=VERTEX_POINT('',#2660);
#2663=VERTEX_POINT('',#2661);
#2664=CARTESIAN_POINT('',(-5.E-1,2.E-1,9.E-1));
#2665=CARTESIAN_POINT('',(-7.E-1,2.E-1,9.E-1));
#2666=VERTEX_POINT('',#2664);
#2667=VERTEX_POINT('',#2665);
#2668=CARTESIAN_POINT('',(-5.E-1,1.E-1,1.E0));
#2669=CARTESIAN_POINT('',(-7.E-1,1.E-1,1.E0));
#2670=VERTEX_POINT('',#2668);
#2671=VERTEX_POINT('',#2669);
#2672=CARTESIAN_POINT('',(-5.E-1,2.E-1,1.E0));
#2673=CARTESIAN_POINT('',(-7.E-1,2.E-1,1.E0));
#2674=VERTEX_POINT('',#2672);
#2675=VERTEX_POINT('',#2673);
#2676=CARTESIAN_POINT('',(0.E0,1.E-1,0.E0));
#2677=DIRECTION('',(0.E0,1.E0,0.E0));
#2678=DIRECTION('',(1.E0,0.E0,0.E0));
#2679=AXIS2_PLACEMENT_3D('',#2676,#2677,#2678);
#2680=PLANE('',#2679);
#2682=ORIENTED_EDGE('',*,*,#2681,.F.);
#2684=ORIENTED_EDGE('',*,*,#2683,.T.);
#2686=ORIENTED_EDGE('',*,*,#2685,.T.);
#2688=ORIENTED_EDGE('',*,*,#2687,.T.);
#2689=EDGE_LOOP('',(#2682,#2684,#2686,#2688));
#2690=FACE_OUTER_BOUND('',#2689,.F.);
#2692=CARTESIAN_POINT('',(1.5E0,0.E0,1.E0));
#2693=DIRECTION('',(0.E0,0.E0,-1.E0));
#2694=DIRECTION('',(-1.E0,0.E0,0.E0));
#2695=AXIS2_PLACEMENT_3D('',#2692,#2693,#2694);
#2696=PLANE('',#2695);
#2697=ORIENTED_EDGE('',*,*,#2681,.T.);
#2699=ORIENTED_EDGE('',*,*,#2698,.T.);
#2701=ORIENTED_EDGE('',*,*,#2700,.F.);
#2703=ORIENTED_EDGE('',*,*,#2702,.F.);
#2704=EDGE_LOOP('',(#2697,#2699,#2701,#2703));
#2705=FACE_OUTER_BOUND('',#2704,.F.);
#2707=FILL_AREA_STYLE_COLOUR('',#29);
#2708=FILL_AREA_STYLE('',(#2707));
#2709=SURFACE_STYLE_FILL_AREA(#2708);
#2710=SURFACE_SIDE_STYLE('',(#2709));
#2711=SURFACE_STYLE_USAGE(.POSITIVE.,#2710);
#2712=PRESENTATION_STYLE_ASSIGNMENT((#2711));
#2713=OVER_RIDING_STYLED_ITEM('',(#2712),#2706,#2575);
#2714=CARTESIAN_POINT('',(-7.E-1,1.E-1,9.E-1));
#2715=DIRECTION('',(-1.E0,0.E0,0.E0));
#2716=DIRECTION('',(0.E0,0.E0,1.E0));
#2717=AXIS2_PLACEMENT_3D('',#2714,#2715,#2716);
#2718=PLANE('',#2717);
#2719=ORIENTED_EDGE('',*,*,#2698,.F.);
#2720=ORIENTED_EDGE('',*,*,#2687,.F.);
#2722=ORIENTED_EDGE('',*,*,#2721,.T.);
#2724=ORIENTED_EDGE('',*,*,#2723,.T.);
#2725=EDGE_LOOP('',(#2719,#2720,#2722,#2724));
#2726=FACE_OUTER_BOUND('',#2725,.F.);
#2728=CARTESIAN_POINT('',(-5.E-1,1.E-1,9.E-1));
#2729=DIRECTION('',(0.E0,0.E0,-1.E0));
#2730=DIRECTION('',(-1.E0,0.E0,0.E0));
#2731=AXIS2_PLACEMENT_3D('',#2728,#2729,#2730);
#2732=PLANE('',#2731);
#2733=ORIENTED_EDGE('',*,*,#2685,.F.);
#2735=ORIENTED_EDGE('',*,*,#2734,.T.);
#2737=ORIENTED_EDGE('',*,*,#2736,.T.);
#2738=ORIENTED_EDGE('',*,*,#2721,.F.);
#2739=EDGE_LOOP('',(#2733,#2735,#2737,#2738));
#2740=FACE_OUTER_BOUND('',#2739,.F.);
#2742=CARTESIAN_POINT('',(-5.E-1,1.E-1,1.1E0));
#2743=DIRECTION('',(1.E0,0.E0,0.E0));
#2744=DIRECTION('',(0.E0,0.E0,-1.E0));
#2745=AXIS2_PLACEMENT_3D('',#2742,#2743,#2744);
#2746=PLANE('',#2745);
#2747=ORIENTED_EDGE('',*,*,#2702,.T.);
#2749=ORIENTED_EDGE('',*,*,#2748,.T.);
#2750=ORIENTED_EDGE('',*,*,#2734,.F.);
#2751=ORIENTED_EDGE('',*,*,#2683,.F.);
#2752=EDGE_LOOP('',(#2747,#2749,#2750,#2751));
#2753=FACE_OUTER_BOUND('',#2752,.F.);
#2755=CARTESIAN_POINT('',(0.E0,2.E-1,0.E0));
#2756=DIRECTION('',(0.E0,1.E0,0.E0));
#2757=DIRECTION('',(1.E0,0.E0,0.E0));
#2758=AXIS2_PLACEMENT_3D('',#2755,#2756,#2757);
#2759=PLANE('',#2758);
#2760=ORIENTED_EDGE('',*,*,#2700,.T.);
#2761=ORIENTED_EDGE('',*,*,#2723,.F.);
#2762=ORIENTED_EDGE('',*,*,#2736,.F.);
#2763=ORIENTED_EDGE('',*,*,#2748,.F.);
#2764=EDGE_LOOP('',(#2760,#2761,#2762,#2763));
#2765=FACE_OUTER_BOUND('',#2764,.F.);
#2767=CLOSED_SHELL('',(#2691,#2706,#2727,#2741,#2754,#2766));
#2768=MANIFOLD_SOLID_BREP('',#2767);
#2769=FILL_AREA_STYLE_COLOUR('',#28);
#2770=FILL_AREA_STYLE('',(#2769));
#2771=SURFACE_STYLE_FILL_AREA(#2770);
#2772=SURFACE_SIDE_STYLE('',(#2771));
#2773=SURFACE_STYLE_USAGE(.POSITIVE.,#2772);
#2774=PRESENTATION_STYLE_ASSIGNMENT((#2773));
#2575=STYLED_ITEM('',(#2774),#2768);
#2776=DIRECTION('',(1.E0,0.E0,0.E0));
#2777=VECTOR('',#2776,2.E-1);
#2778=CARTESIAN_POINT('',(-7.E-1,1.E-1,-1.E0));
#2779=LINE('',#2778,#2777);
#2780=CURVE_STYLE('',#35,POSITIVE_LENGTH_MEASURE(2.E-2),#28);
#2781=PRESENTATION_STYLE_ASSIGNMENT((#2780));
#2782=STYLED_ITEM('',(#2781),#2779);
#2783=DIRECTION('',(0.E0,0.E0,1.E0));
#2784=VECTOR('',#2783,1.E-1);
#2785=CARTESIAN_POINT('',(-7.E-1,1.E-1,-1.E0));
#2786=LINE('',#2785,#2784);
#2787=CURVE_STYLE('',#35,POSITIVE_LENGTH_MEASURE(2.E-2),#28);
#2788=PRESENTATION_STYLE_ASSIGNMENT((#2787));
#2789=STYLED_ITEM('',(#2788),#2786);
#2790=DIRECTION('',(1.E0,0.E0,0.E0));
#2791=VECTOR('',#2790,2.E-1);
#2792=CARTESIAN_POINT('',(-7.E-1,1.E-1,-9.E-1));
#2793=LINE('',#2792,#2791);
#2794=CURVE_STYLE('',#35,POSITIVE_LENGTH_MEASURE(2.E-2),#28);
#2795=PRESENTATION_STYLE_ASSIGNMENT((#2794));
#2796=STYLED_ITEM('',(#2795),#2793);
#2797=DIRECTION('',(0.E0,0.E0,-1.E0));
#2798=VECTOR('',#2797,1.E-1);
#2799=CARTESIAN_POINT('',(-5.E-1,1.E-1,-9.E-1));
#2800=LINE('',#2799,#2798);
#2801=CURVE_STYLE('',#35,POSITIVE_LENGTH_MEASURE(2.E-2),#28);
#2802=PRESENTATION_STYLE_ASSIGNMENT((#2801));
#2803=STYLED_ITEM('',(#2802),#2800);
#2804=DIRECTION('',(0.E0,1.E0,0.E0));
#2805=VECTOR('',#2804,1.E-1);
#2806=CARTESIAN_POINT('',(-5.E-1,1.E-1,-1.E0));
#2807=LINE('',#2806,#2805);
#2808=CURVE_STYLE('',#35,POSITIVE_LENGTH_MEASURE(2.E-2),#28);
#2809=PRESENTATION_STYLE_ASSIGNMENT((#2808));
#2810=STYLED_ITEM('',(#2809),#2807);
#2811=DIRECTION('',(0.E0,1.E0,0.E0));
#2812=VECTOR('',#2811,1.E-1);
#2813=CARTESIAN_POINT('',(-5.E-1,1.E-1,-9.E-1));
#2814=LINE('',#2813,#2812);
#2815=CURVE_STYLE('',#35,POSITIVE_LENGTH_MEASURE(2.E-2),#28);
#2816=PRESENTATION_STYLE_ASSIGNMENT((#2815));
#2817=STYLED_ITEM('',(#2816),#2814);
#2818=DIRECTION('',(0.E0,1.E0,0.E0));
#2819=VECTOR('',#2818,1.E-1);
#2820=CARTESIAN_POINT('',(-7.E-1,1.E-1,-9.E-1));
#2821=LINE('',#2820,#2819);
#2822=CURVE_STYLE('',#35,POSITIVE_LENGTH_MEASURE(2.E-2),#28);
#2823=PRESENTATION_STYLE_ASSIGNMENT((#2822));
#2824=STYLED_ITEM('',(#2823),#2821);
#2825=DIRECTION('',(0.E0,1.E0,0.E0));
#2826=VECTOR('',#2825,1.E-1);
#2827=CARTESIAN_POINT('',(-7.E-1,1.E-1,-1.E0));
#2828=LINE('',#2827,#2826);
#2829=CURVE_STYLE('',#35,POSITIVE_LENGTH_MEASURE(2.E-2),#28);
#2830=PRESENTATION_STYLE_ASSIGNMENT((#2829));
#2831=STYLED_ITEM('',(#2830),#2828);
#2832=DIRECTION('',(1.E0,0.E0,0.E0));
#2833=VECTOR('',#2832,2.E-1);
#2834=CARTESIAN_POINT('',(-7.E-1,2.E-1,-1.E0));
#2835=LINE('',#2834,#2833);
#2836=CURVE_STYLE('',#35,POSITIVE_LENGTH_MEASURE(2.E-2),#28);
#2837=PRESENTATION_STYLE_ASSIGNMENT((#2836));
#2838=STYLED_ITEM('',(#2837),#2835);
#2839=DIRECTION('',(0.E0,0.E0,-1.E0));
#2840=VECTOR('',#2839,1.E-1);
#2841=CARTESIAN_POINT('',(-5.E-1,2.E-1,-9.E-1));
#2842=LINE('',#2841,#2840);
#2843=CURVE_STYLE('',#35,POSITIVE_LENGTH_MEASURE(2.E-2),#28);
#2844=PRESENTATION_STYLE_ASSIGNMENT((#2843));
#2845=STYLED_ITEM('',(#2844),#2842);
#2846=DIRECTION('',(1.E0,0.E0,0.E0));
#2847=VECTOR('',#2846,2.E-1);
#2848=CARTESIAN_POINT('',(-7.E-1,2.E-1,-9.E-1));
#2849=LINE('',#2848,#2847);
#2850=CURVE_STYLE('',#35,POSITIVE_LENGTH_MEASURE(2.E-2),#28);
#2851=PRESENTATION_STYLE_ASSIGNMENT((#2850));
#2852=STYLED_ITEM('',(#2851),#2849);
#2853=DIRECTION('',(0.E0,0.E0,1.E0));
#2854=VECTOR('',#2853,1.E-1);
#2855=CARTESIAN_POINT('',(-7.E-1,2.E-1,-1.E0));
#2856=LINE('',#2855,#2854);
#2857=CURVE_STYLE('',#35,POSITIVE_LENGTH_MEASURE(2.E-2),#28);
#2858=PRESENTATION_STYLE_ASSIGNMENT((#2857));
#2859=STYLED_ITEM('',(#2858),#2856);
#2860=CARTESIAN_POINT('',(-7.E-1,1.E-1,-1.E0));
#2861=CARTESIAN_POINT('',(-5.E-1,1.E-1,-1.E0));
#2862=VERTEX_POINT('',#2860);
#2863=VERTEX_POINT('',#2861);
#2864=CARTESIAN_POINT('',(-7.E-1,2.E-1,-1.E0));
#2865=CARTESIAN_POINT('',(-5.E-1,2.E-1,-1.E0));
#2866=VERTEX_POINT('',#2864);
#2867=VERTEX_POINT('',#2865);
#2868=CARTESIAN_POINT('',(-7.E-1,1.E-1,-9.E-1));
#2869=CARTESIAN_POINT('',(-5.E-1,1.E-1,-9.E-1));
#2870=VERTEX_POINT('',#2868);
#2871=VERTEX_POINT('',#2869);
#2872=CARTESIAN_POINT('',(-7.E-1,2.E-1,-9.E-1));
#2873=CARTESIAN_POINT('',(-5.E-1,2.E-1,-9.E-1));
#2874=VERTEX_POINT('',#2872);
#2875=VERTEX_POINT('',#2873);
#2876=CARTESIAN_POINT('',(0.E0,1.E-1,0.E0));
#2877=DIRECTION('',(0.E0,1.E0,0.E0));
#2878=DIRECTION('',(1.E0,0.E0,0.E0));
#2879=AXIS2_PLACEMENT_3D('',#2876,#2877,#2878);
#2880=PLANE('',#2879);
#2882=ORIENTED_EDGE('',*,*,#2881,.F.);
#2884=ORIENTED_EDGE('',*,*,#2883,.T.);
#2886=ORIENTED_EDGE('',*,*,#2885,.T.);
#2888=ORIENTED_EDGE('',*,*,#2887,.T.);
#2889=EDGE_LOOP('',(#2882,#2884,#2886,#2888));
#2890=FACE_OUTER_BOUND('',#2889,.F.);
#2892=CARTESIAN_POINT('',(-1.5E0,0.E0,-1.E0));
#2893=DIRECTION('',(0.E0,0.E0,1.E0));
#2894=DIRECTION('',(1.E0,0.E0,0.E0));
#2895=AXIS2_PLACEMENT_3D('',#2892,#2893,#2894);
#2896=PLANE('',#2895);
#2897=ORIENTED_EDGE('',*,*,#2881,.T.);
#2899=ORIENTED_EDGE('',*,*,#2898,.T.);
#2901=ORIENTED_EDGE('',*,*,#2900,.F.);
#2903=ORIENTED_EDGE('',*,*,#2902,.F.);
#2904=EDGE_LOOP('',(#2897,#2899,#2901,#2903));
#2905=FACE_OUTER_BOUND('',#2904,.F.);
#2907=FILL_AREA_STYLE_COLOUR('',#29);
#2908=FILL_AREA_STYLE('',(#2907));
#2909=SURFACE_STYLE_FILL_AREA(#2908);
#2910=SURFACE_SIDE_STYLE('',(#2909));
#2911=SURFACE_STYLE_USAGE(.POSITIVE.,#2910);
#2912=PRESENTATION_STYLE_ASSIGNMENT((#2911));
#2913=OVER_RIDING_STYLED_ITEM('',(#2912),#2906,#2775);
#2914=CARTESIAN_POINT('',(-5.E-1,1.E-1,-9.E-1));
#2915=DIRECTION('',(1.E0,0.E0,0.E0));
#2916=DIRECTION('',(0.E0,0.E0,-1.E0));
#2917=AXIS2_PLACEMENT_3D('',#2914,#2915,#2916);
#2918=PLANE('',#2917);
#2919=ORIENTED_EDGE('',*,*,#2898,.F.);
#2920=ORIENTED_EDGE('',*,*,#2887,.F.);
#2922=ORIENTED_EDGE('',*,*,#2921,.T.);
#2924=ORIENTED_EDGE('',*,*,#2923,.T.);
#2925=EDGE_LOOP('',(#2919,#2920,#2922,#2924));
#2926=FACE_OUTER_BOUND('',#2925,.F.);
#2928=CARTESIAN_POINT('',(-7.E-1,1.E-1,-9.E-1));
#2929=DIRECTION('',(0.E0,0.E0,1.E0));
#2930=DIRECTION('',(1.E0,0.E0,0.E0));
#2931=AXIS2_PLACEMENT_3D('',#2928,#2929,#2930);
#2932=PLANE('',#2931);
#2933=ORIENTED_EDGE('',*,*,#2885,.F.);
#2935=ORIENTED_EDGE('',*,*,#2934,.T.);
#2937=ORIENTED_EDGE('',*,*,#2936,.T.);
#2938=ORIENTED_EDGE('',*,*,#2921,.F.);
#2939=EDGE_LOOP('',(#2933,#2935,#2937,#2938));
#2940=FACE_OUTER_BOUND('',#2939,.F.);
#2942=CARTESIAN_POINT('',(-7.E-1,1.E-1,-1.1E0));
#2943=DIRECTION('',(-1.E0,0.E0,0.E0));
#2944=DIRECTION('',(0.E0,0.E0,1.E0));
#2945=AXIS2_PLACEMENT_3D('',#2942,#2943,#2944);
#2946=PLANE('',#2945);
#2947=ORIENTED_EDGE('',*,*,#2902,.T.);
#2949=ORIENTED_EDGE('',*,*,#2948,.T.);
#2950=ORIENTED_EDGE('',*,*,#2934,.F.);
#2951=ORIENTED_EDGE('',*,*,#2883,.F.);
#2952=EDGE_LOOP('',(#2947,#2949,#2950,#2951));
#2953=FACE_OUTER_BOUND('',#2952,.F.);
#2955=CARTESIAN_POINT('',(0.E0,2.E-1,0.E0));
#2956=DIRECTION('',(0.E0,1.E0,0.E0));
#2957=DIRECTION('',(1.E0,0.E0,0.E0));
#2958=AXIS2_PLACEMENT_3D('',#2955,#2956,#2957);
#2959=PLANE('',#2958);
#2960=ORIENTED_EDGE('',*,*,#2900,.T.);
#2961=ORIENTED_EDGE('',*,*,#2923,.F.);
#2962=ORIENTED_EDGE('',*,*,#2936,.F.);
#2963=ORIENTED_EDGE('',*,*,#2948,.F.);
#2964=EDGE_LOOP('',(#2960,#2961,#2962,#2963));
#2965=FACE_OUTER_BOUND('',#2964,.F.);
#2967=CLOSED_SHELL('',(#2891,#2906,#2927,#2941,#2954,#2966));
#2968=MANIFOLD_SOLID_BREP('',#2967);
#2969=FILL_AREA_STYLE_COLOUR('',#28);
#2970=FILL_AREA_STYLE('',(#2969));
#2971=SURFACE_STYLE_FILL_AREA(#2970);
#2972=SURFACE_SIDE_STYLE('',(#2971));
#2973=SURFACE_STYLE_USAGE(.POSITIVE.,#2972);
#2974=PRESENTATION_STYLE_ASSIGNMENT((#2973));
#2775=STYLED_ITEM('',(#2974),#2968);
#2976=DIRECTION('',(1.E0,0.E0,0.E0));
#2977=VECTOR('',#2976,2.E-1);
#2978=CARTESIAN_POINT('',(5.E-1,1.E-1,-1.E0));
#2979=LINE('',#2978,#2977);
#2980=CURVE_STYLE('',#35,POSITIVE_LENGTH_MEASURE(2.E-2),#28);
#2981=PRESENTATION_STYLE_ASSIGNMENT((#2980));
#2982=STYLED_ITEM('',(#2981),#2979);
#2983=DIRECTION('',(0.E0,0.E0,1.E0));
#2984=VECTOR('',#2983,1.E-1);
#2985=CARTESIAN_POINT('',(5.E-1,1.E-1,-1.E0));
#2986=LINE('',#2985,#2984);
#2987=CURVE_STYLE('',#35,POSITIVE_LENGTH_MEASURE(2.E-2),#28);
#2988=PRESENTATION_STYLE_ASSIGNMENT((#2987));
#2989=STYLED_ITEM('',(#2988),#2986);
#2990=DIRECTION('',(1.E0,0.E0,0.E0));
#2991=VECTOR('',#2990,2.E-1);
#2992=CARTESIAN_POINT('',(5.E-1,1.E-1,-9.E-1));
#2993=LINE('',#2992,#2991);
#2994=CURVE_STYLE('',#35,POSITIVE_LENGTH_MEASURE(2.E-2),#28);
#2995=PRESENTATION_STYLE_ASSIGNMENT((#2994));
#2996=STYLED_ITEM('',(#2995),#2993);
#2997=DIRECTION('',(0.E0,0.E0,-1.E0));
#2998=VECTOR('',#2997,1.E-1);
#2999=CARTESIAN_POINT('',(7.E-1,1.E-1,-9.E-1));
#3000=LINE('',#2999,#2998);
#3001=CURVE_STYLE('',#35,POSITIVE_LENGTH_MEASURE(2.E-2),#28);
#3002=PRESENTATION_STYLE_ASSIGNMENT((#3001));
#3003=STYLED_ITEM('',(#3002),#3000);
#3004=DIRECTION('',(0.E0,1.E0,0.E0));
#3005=VECTOR('',#3004,1.E-1);
#3006=CARTESIAN_POINT('',(7.E-1,1.E-1,-1.E0));
#3007=LINE('',#3006,#3005);
#3008=CURVE_STYLE('',#35,POSITIVE_LENGTH_MEASURE(2.E-2),#28);
#3009=PRESENTATION_STYLE_ASSIGNMENT((#3008));
#3010=STYLED_ITEM('',(#3009),#3007);
#3011=DIRECTION('',(0.E0,1.E0,0.E0));
#3012=VECTOR('',#3011,1.E-1);
#3013=CARTESIAN_POINT('',(7.E-1,1.E-1,-9.E-1));
#3014=LINE('',#3013,#3012);
#3015=CURVE_STYLE('',#35,POSITIVE_LENGTH_MEASURE(2.E-2),#28);
#3016=PRESENTATION_STYLE_ASSIGNMENT((#3015));
#3017=STYLED_ITEM('',(#3016),#3014);
#3018=DIRECTION('',(0.E0,1.E0,0.E0));
#3019=VECTOR('',#3018,1.E-1);
#3020=CARTESIAN_POINT('',(5.E-1,1.E-1,-9.E-1));
#3021=LINE('',#3020,#3019);
#3022=CURVE_STYLE('',#35,POSITIVE_LENGTH_MEASURE(2.E-2),#28);
#3023=PRESENTATION_STYLE_ASSIGNMENT((#3022));
#3024=STYLED_ITEM('',(#3023),#3021);
#3025=DIRECTION('',(0.E0,1.E0,0.E0));
#3026=VECTOR('',#3025,1.E-1);
#3027=CARTESIAN_POINT('',(5.E-1,1.E-1,-1.E0));
#3028=LINE('',#3027,#3026);
#3029=CURVE_STYLE('',#35,POSITIVE_LENGTH_MEASURE(2.E-2),#28);
#3030=PRESENTATION_STYLE_ASSIGNMENT((#3029));
#3031=STYLED_ITEM('',(#3030),#3028);
#3032=DIRECTION('',(1.E0,0.E0,0.E0));
#3033=VECTOR('',#3032,2.E-1);
#3034=CARTESIAN_POINT('',(5.E-1,2.E-1,-1.E0));
#3035=LINE('',#3034,#3033);
#3036=CURVE_STYLE('',#35,POSITIVE_LENGTH_MEASURE(2.E-2),#28);
#3037=PRESENTATION_STYLE_ASSIGNMENT((#3036));
#3038=STYLED_ITEM('',(#3037),#3035);
#3039=DIRECTION('',(0.E0,0.E0,-1.E0));
#3040=VECTOR('',#3039,1.E-1);
#3041=CARTESIAN_POINT('',(7.E-1,2.E-1,-9.E-1));
#3042=LINE('',#3041,#3040);
#3043=CURVE_STYLE('',#35,POSITIVE_LENGTH_MEASURE(2.E-2),#28);
#3044=PRESENTATION_STYLE_ASSIGNMENT((#3043));
#3045=STYLED_ITEM('',(#3044),#3042);
#3046=DIRECTION('',(1.E0,0.E0,0.E0));
#3047=VECTOR('',#3046,2.E-1);
#3048=CARTESIAN_POINT('',(5.E-1,2.E-1,-9.E-1));
#3049=LINE('',#3048,#3047);
#3050=CURVE_STYLE('',#35,POSITIVE_LENGTH_MEASURE(2.E-2),#28);
#3051=PRESENTATION_STYLE_ASSIGNMENT((#3050));
#3052=STYLED_ITEM('',(#3051),#3049);
#3053=DIRECTION('',(0.E0,0.E0,1.E0));
#3054=VECTOR('',#3053,1.E-1);
#3055=CARTESIAN_POINT('',(5.E-1,2.E-1,-1.E0));
#3056=LINE('',#3055,#3054);
#3057=CURVE_STYLE('',#35,POSITIVE_LENGTH_MEASURE(2.E-2),#28);
#3058=PRESENTATION_STYLE_ASSIGNMENT((#3057));
#3059=STYLED_ITEM('',(#3058),#3056);
#3060=CARTESIAN_POINT('',(5.E-1,1.E-1,-1.E0));
#3061=CARTESIAN_POINT('',(7.E-1,1.E-1,-1.E0));
#3062=VERTEX_POINT('',#3060);
#3063=VERTEX_POINT('',#3061);
#3064=CARTESIAN_POINT('',(5.E-1,2.E-1,-1.E0));
#3065=CARTESIAN_POINT('',(7.E-1,2.E-1,-1.E0));
#3066=VERTEX_POINT('',#3064);
#3067=VERTEX_POINT('',#3065);
#3068=CARTESIAN_POINT('',(5.E-1,1.E-1,-9.E-1));
#3069=CARTESIAN_POINT('',(7.E-1,1.E-1,-9.E-1));
#3070=VERTEX_POINT('',#3068);
#3071=VERTEX_POINT('',#3069);
#3072=CARTESIAN_POINT('',(5.E-1,2.E-1,-9.E-1));
#3073=CARTESIAN_POINT('',(7.E-1,2.E-1,-9.E-1));
#3074=VERTEX_POINT('',#3072);
#3075=VERTEX_POINT('',#3073);
#3076=CARTESIAN_POINT('',(0.E0,1.E-1,0.E0));
#3077=DIRECTION('',(0.E0,1.E0,0.E0));
#3078=DIRECTION('',(1.E0,0.E0,0.E0));
#3079=AXIS2_PLACEMENT_3D('',#3076,#3077,#3078);
#3080=PLANE('',#3079);
#3082=ORIENTED_EDGE('',*,*,#3081,.F.);
#3084=ORIENTED_EDGE('',*,*,#3083,.T.);
#3086=ORIENTED_EDGE('',*,*,#3085,.T.);
#3088=ORIENTED_EDGE('',*,*,#3087,.T.);
#3089=EDGE_LOOP('',(#3082,#3084,#3086,#3088));
#3090=FACE_OUTER_BOUND('',#3089,.F.);
#3092=CARTESIAN_POINT('',(-1.5E0,0.E0,-1.E0));
#3093=DIRECTION('',(0.E0,0.E0,1.E0));
#3094=DIRECTION('',(1.E0,0.E0,0.E0));
#3095=AXIS2_PLACEMENT_3D('',#3092,#3093,#3094);
#3096=PLANE('',#3095);
#3097=ORIENTED_EDGE('',*,*,#3081,.T.);
#3099=ORIENTED_EDGE('',*,*,#3098,.T.);
#3101=ORIENTED_EDGE('',*,*,#3100,.F.);
#3103=ORIENTED_EDGE('',*,*,#3102,.F.);
#3104=EDGE_LOOP('',(#3097,#3099,#3101,#3103));
#3105=FACE_OUTER_BOUND('',#3104,.F.);
#3107=FILL_AREA_STYLE_COLOUR('',#29);
#3108=FILL_AREA_STYLE('',(#3107));
#3109=SURFACE_STYLE_FILL_AREA(#3108);
#3110=SURFACE_SIDE_STYLE('',(#3109));
#3111=SURFACE_STYLE_USAGE(.POSITIVE.,#3110);
#3112=PRESENTATION_STYLE_ASSIGNMENT((#3111));
#3113=OVER_RIDING_STYLED_ITEM('',(#3112),#3106,#2975);
#3114=CARTESIAN_POINT('',(7.E-1,1.E-1,-9.E-1));
#3115=DIRECTION('',(1.E0,0.E0,0.E0));
#3116=DIRECTION('',(0.E0,0.E0,-1.E0));
#3117=AXIS2_PLACEMENT_3D('',#3114,#3115,#3116);
#3118=PLANE('',#3117);
#3119=ORIENTED_EDGE('',*,*,#3098,.F.);
#3120=ORIENTED_EDGE('',*,*,#3087,.F.);
#3122=ORIENTED_EDGE('',*,*,#3121,.T.);
#3124=ORIENTED_EDGE('',*,*,#3123,.T.);
#3125=EDGE_LOOP('',(#3119,#3120,#3122,#3124));
#3126=FACE_OUTER_BOUND('',#3125,.F.);
#3128=CARTESIAN_POINT('',(5.E-1,1.E-1,-9.E-1));
#3129=DIRECTION('',(0.E0,0.E0,1.E0));
#3130=DIRECTION('',(1.E0,0.E0,0.E0));
#3131=AXIS2_PLACEMENT_3D('',#3128,#3129,#3130);
#3132=PLANE('',#3131);
#3133=ORIENTED_EDGE('',*,*,#3085,.F.);
#3135=ORIENTED_EDGE('',*,*,#3134,.T.);
#3137=ORIENTED_EDGE('',*,*,#3136,.T.);
#3138=ORIENTED_EDGE('',*,*,#3121,.F.);
#3139=EDGE_LOOP('',(#3133,#3135,#3137,#3138));
#3140=FACE_OUTER_BOUND('',#3139,.F.);
#3142=CARTESIAN_POINT('',(5.E-1,1.E-1,-1.1E0));
#3143=DIRECTION('',(-1.E0,0.E0,0.E0));
#3144=DIRECTION('',(0.E0,0.E0,1.E0));
#3145=AXIS2_PLACEMENT_3D('',#3142,#3143,#3144);
#3146=PLANE('',#3145);
#3147=ORIENTED_EDGE('',*,*,#3102,.T.);
#3149=ORIENTED_EDGE('',*,*,#3148,.T.);
#3150=ORIENTED_EDGE('',*,*,#3134,.F.);
#3151=ORIENTED_EDGE('',*,*,#3083,.F.);
#3152=EDGE_LOOP('',(#3147,#3149,#3150,#3151));
#3153=FACE_OUTER_BOUND('',#3152,.F.);
#3155=CARTESIAN_POINT('',(0.E0,2.E-1,0.E0));
#3156=DIRECTION('',(0.E0,1.E0,0.E0));
#3157=DIRECTION('',(1.E0,0.E0,0.E0));
#3158=AXIS2_PLACEMENT_3D('',#3155,#3156,#3157);
#3159=PLANE('',#3158);
#3160=ORIENTED_EDGE('',*,*,#3100,.T.);
#3161=ORIENTED_EDGE('',*,*,#3123,.F.);
#3162=ORIENTED_EDGE('',*,*,#3136,.F.);
#3163=ORIENTED_EDGE('',*,*,#3148,.F.);
#3164=EDGE_LOOP('',(#3160,#3161,#3162,#3163));
#3165=FACE_OUTER_BOUND('',#3164,.F.);
#3167=CLOSED_SHELL('',(#3091,#3106,#3127,#3141,#3154,#3166));
#3168=MANIFOLD_SOLID_BREP('',#3167);
#3169=FILL_AREA_STYLE_COLOUR('',#28);
#3170=FILL_AREA_STYLE('',(#3169));
#3171=SURFACE_STYLE_FILL_AREA(#3170);
#3172=SURFACE_SIDE_STYLE('',(#3171));
#3173=SURFACE_STYLE_USAGE(.POSITIVE.,#3172);
#3174=PRESENTATION_STYLE_ASSIGNMENT((#3173));
#2975=STYLED_ITEM('',(#3174),#3168);
#3176=DIRECTION('',(-1.E0,0.E0,0.E0));
#3177=VECTOR('',#3176,2.E-1);
#3178=CARTESIAN_POINT('',(7.E-1,1.E-1,1.E0));
#3179=LINE('',#3178,#3177);
#3180=CURVE_STYLE('',#35,POSITIVE_LENGTH_MEASURE(2.E-2),#28);
#3181=PRESENTATION_STYLE_ASSIGNMENT((#3180));
#3182=STYLED_ITEM('',(#3181),#3179);
#3183=DIRECTION('',(0.E0,0.E0,-1.E0));
#3184=VECTOR('',#3183,1.E-1);
#3185=CARTESIAN_POINT('',(7.E-1,1.E-1,1.E0));
#3186=LINE('',#3185,#3184);
#3187=CURVE_STYLE('',#35,POSITIVE_LENGTH_MEASURE(2.E-2),#28);
#3188=PRESENTATION_STYLE_ASSIGNMENT((#3187));
#3189=STYLED_ITEM('',(#3188),#3186);
#3190=DIRECTION('',(-1.E0,0.E0,0.E0));
#3191=VECTOR('',#3190,2.E-1);
#3192=CARTESIAN_POINT('',(7.E-1,1.E-1,9.E-1));
#3193=LINE('',#3192,#3191);
#3194=CURVE_STYLE('',#35,POSITIVE_LENGTH_MEASURE(2.E-2),#28);
#3195=PRESENTATION_STYLE_ASSIGNMENT((#3194));
#3196=STYLED_ITEM('',(#3195),#3193);
#3197=DIRECTION('',(0.E0,0.E0,1.E0));
#3198=VECTOR('',#3197,1.E-1);
#3199=CARTESIAN_POINT('',(5.E-1,1.E-1,9.E-1));
#3200=LINE('',#3199,#3198);
#3201=CURVE_STYLE('',#35,POSITIVE_LENGTH_MEASURE(2.E-2),#28);
#3202=PRESENTATION_STYLE_ASSIGNMENT((#3201));
#3203=STYLED_ITEM('',(#3202),#3200);
#3204=DIRECTION('',(0.E0,1.E0,0.E0));
#3205=VECTOR('',#3204,1.E-1);
#3206=CARTESIAN_POINT('',(5.E-1,1.E-1,1.E0));
#3207=LINE('',#3206,#3205);
#3208=CURVE_STYLE('',#35,POSITIVE_LENGTH_MEASURE(2.E-2),#28);
#3209=PRESENTATION_STYLE_ASSIGNMENT((#3208));
#3210=STYLED_ITEM('',(#3209),#3207);
#3211=DIRECTION('',(0.E0,1.E0,0.E0));
#3212=VECTOR('',#3211,1.E-1);
#3213=CARTESIAN_POINT('',(5.E-1,1.E-1,9.E-1));
#3214=LINE('',#3213,#3212);
#3215=CURVE_STYLE('',#35,POSITIVE_LENGTH_MEASURE(2.E-2),#28);
#3216=PRESENTATION_STYLE_ASSIGNMENT((#3215));
#3217=STYLED_ITEM('',(#3216),#3214);
#3218=DIRECTION('',(0.E0,1.E0,0.E0));
#3219=VECTOR('',#3218,1.E-1);
#3220=CARTESIAN_POINT('',(7.E-1,1.E-1,9.E-1));
#3221=LINE('',#3220,#3219);
#3222=CURVE_STYLE('',#35,POSITIVE_LENGTH_MEASURE(2.E-2),#28);
#3223=PRESENTATION_STYLE_ASSIGNMENT((#3222));
#3224=STYLED_ITEM('',(#3223),#3221);
#3225=DIRECTION('',(0.E0,1.E0,0.E0));
#3226=VECTOR('',#3225,1.E-1);
#3227=CARTESIAN_POINT('',(7.E-1,1.E-1,1.E0));
#3228=LINE('',#3227,#3226);
#3229=CURVE_STYLE('',#35,POSITIVE_LENGTH_MEASURE(2.E-2),#28);
#3230=PRESENTATION_STYLE_ASSIGNMENT((#3229));
#3231=STYLED_ITEM('',(#3230),#3228);
#3232=DIRECTION('',(-1.E0,0.E0,0.E0));
#3233=VECTOR('',#3232,2.E-1);
#3234=CARTESIAN_POINT('',(7.E-1,2.E-1,1.E0));
#3235=LINE('',#3234,#3233);
#3236=CURVE_STYLE('',#35,POSITIVE_LENGTH_MEASURE(2.E-2),#28);
#3237=PRESENTATION_STYLE_ASSIGNMENT((#3236));
#3238=STYLED_ITEM('',(#3237),#3235);
#3239=DIRECTION('',(0.E0,0.E0,1.E0));
#3240=VECTOR('',#3239,1.E-1);
#3241=CARTESIAN_POINT('',(5.E-1,2.E-1,9.E-1));
#3242=LINE('',#3241,#3240);
#3243=CURVE_STYLE('',#35,POSITIVE_LENGTH_MEASURE(2.E-2),#28);
#3244=PRESENTATION_STYLE_ASSIGNMENT((#3243));
#3245=STYLED_ITEM('',(#3244),#3242);
#3246=DIRECTION('',(-1.E0,0.E0,0.E0));
#3247=VECTOR('',#3246,2.E-1);
#3248=CARTESIAN_POINT('',(7.E-1,2.E-1,9.E-1));
#3249=LINE('',#3248,#3247);
#3250=CURVE_STYLE('',#35,POSITIVE_LENGTH_MEASURE(2.E-2),#28);
#3251=PRESENTATION_STYLE_ASSIGNMENT((#3250));
#3252=STYLED_ITEM('',(#3251),#3249);
#3253=DIRECTION('',(0.E0,0.E0,-1.E0));
#3254=VECTOR('',#3253,1.E-1);
#3255=CARTESIAN_POINT('',(7.E-1,2.E-1,1.E0));
#3256=LINE('',#3255,#3254);
#3257=CURVE_STYLE('',#35,POSITIVE_LENGTH_MEASURE(2.E-2),#28);
#3258=PRESENTATION_STYLE_ASSIGNMENT((#3257));
#3259=STYLED_ITEM('',(#3258),#3256);
#3260=CARTESIAN_POINT('',(7.E-1,1.E-1,1.E0));
#3261=CARTESIAN_POINT('',(5.E-1,1.E-1,1.E0));
#3262=VERTEX_POINT('',#3260);
#3263=VERTEX_POINT('',#3261);
#3264=CARTESIAN_POINT('',(7.E-1,2.E-1,1.E0));
#3265=CARTESIAN_POINT('',(5.E-1,2.E-1,1.E0));
#3266=VERTEX_POINT('',#3264);
#3267=VERTEX_POINT('',#3265);
#3268=CARTESIAN_POINT('',(7.E-1,1.E-1,9.E-1));
#3269=CARTESIAN_POINT('',(5.E-1,1.E-1,9.E-1));
#3270=VERTEX_POINT('',#3268);
#3271=VERTEX_POINT('',#3269);
#3272=CARTESIAN_POINT('',(7.E-1,2.E-1,9.E-1));
#3273=CARTESIAN_POINT('',(5.E-1,2.E-1,9.E-1));
#3274=VERTEX_POINT('',#3272);
#3275=VERTEX_POINT('',#3273);
#3276=CARTESIAN_POINT('',(0.E0,1.E-1,0.E0));
#3277=DIRECTION('',(0.E0,1.E0,0.E0));
#3278=DIRECTION('',(1.E0,0.E0,0.E0));
#3279=AXIS2_PLACEMENT_3D('',#3276,#3277,#3278);
#3280=PLANE('',#3279);
#3282=ORIENTED_EDGE('',*,*,#3281,.F.);
#3284=ORIENTED_EDGE('',*,*,#3283,.T.);
#3286=ORIENTED_EDGE('',*,*,#3285,.T.);
#3288=ORIENTED_EDGE('',*,*,#3287,.T.);
#3289=EDGE_LOOP('',(#3282,#3284,#3286,#3288));
#3290=FACE_OUTER_BOUND('',#3289,.F.);
#3292=CARTESIAN_POINT('',(1.5E0,0.E0,1.E0));
#3293=DIRECTION('',(0.E0,0.E0,-1.E0));
#3294=DIRECTION('',(-1.E0,0.E0,0.E0));
#3295=AXIS2_PLACEMENT_3D('',#3292,#3293,#3294);
#3296=PLANE('',#3295);
#3297=ORIENTED_EDGE('',*,*,#3281,.T.);
#3299=ORIENTED_EDGE('',*,*,#3298,.T.);
#3301=ORIENTED_EDGE('',*,*,#3300,.F.);
#3303=ORIENTED_EDGE('',*,*,#3302,.F.);
#3304=EDGE_LOOP('',(#3297,#3299,#3301,#3303));
#3305=FACE_OUTER_BOUND('',#3304,.F.);
#3307=FILL_AREA_STYLE_COLOUR('',#29);
#3308=FILL_AREA_STYLE('',(#3307));
#3309=SURFACE_STYLE_FILL_AREA(#3308);
#3310=SURFACE_SIDE_STYLE('',(#3309));
#3311=SURFACE_STYLE_USAGE(.POSITIVE.,#3310);
#3312=PRESENTATION_STYLE_ASSIGNMENT((#3311));
#3313=OVER_RIDING_STYLED_ITEM('',(#3312),#3306,#3175);
#3314=CARTESIAN_POINT('',(5.E-1,1.E-1,9.E-1));
#3315=DIRECTION('',(-1.E0,0.E0,0.E0));
#3316=DIRECTION('',(0.E0,0.E0,1.E0));
#3317=AXIS2_PLACEMENT_3D('',#3314,#3315,#3316);
#3318=PLANE('',#3317);
#3319=ORIENTED_EDGE('',*,*,#3298,.F.);
#3320=ORIENTED_EDGE('',*,*,#3287,.F.);
#3322=ORIENTED_EDGE('',*,*,#3321,.T.);
#3324=ORIENTED_EDGE('',*,*,#3323,.T.);
#3325=EDGE_LOOP('',(#3319,#3320,#3322,#3324));
#3326=FACE_OUTER_BOUND('',#3325,.F.);
#3328=CARTESIAN_POINT('',(7.E-1,1.E-1,9.E-1));
#3329=DIRECTION('',(0.E0,0.E0,-1.E0));
#3330=DIRECTION('',(-1.E0,0.E0,0.E0));
#3331=AXIS2_PLACEMENT_3D('',#3328,#3329,#3330);
#3332=PLANE('',#3331);
#3333=ORIENTED_EDGE('',*,*,#3285,.F.);
#3335=ORIENTED_EDGE('',*,*,#3334,.T.);
#3337=ORIENTED_EDGE('',*,*,#3336,.T.);
#3338=ORIENTED_EDGE('',*,*,#3321,.F.);
#3339=EDGE_LOOP('',(#3333,#3335,#3337,#3338));
#3340=FACE_OUTER_BOUND('',#3339,.F.);
#3342=CARTESIAN_POINT('',(7.E-1,1.E-1,1.1E0));
#3343=DIRECTION('',(1.E0,0.E0,0.E0));
#3344=DIRECTION('',(0.E0,0.E0,-1.E0));
#3345=AXIS2_PLACEMENT_3D('',#3342,#3343,#3344);
#3346=PLANE('',#3345);
#3347=ORIENTED_EDGE('',*,*,#3302,.T.);
#3349=ORIENTED_EDGE('',*,*,#3348,.T.);
#3350=ORIENTED_EDGE('',*,*,#3334,.F.);
#3351=ORIENTED_EDGE('',*,*,#3283,.F.);
#3352=EDGE_LOOP('',(#3347,#3349,#3350,#3351));
#3353=FACE_OUTER_BOUND('',#3352,.F.);
#3355=CARTESIAN_POINT('',(0.E0,2.E-1,0.E0));
#3356=DIRECTION('',(0.E0,1.E0,0.E0));
#3357=DIRECTION('',(1.E0,0.E0,0.E0));
#3358=AXIS2_PLACEMENT_3D('',#3355,#3356,#3357);
#3359=PLANE('',#3358);
#3360=ORIENTED_EDGE('',*,*,#3300,.T.);
#3361=ORIENTED_EDGE('',*,*,#3323,.F.);
#3362=ORIENTED_EDGE('',*,*,#3336,.F.);
#3363=ORIENTED_EDGE('',*,*,#3348,.F.);
#3364=EDGE_LOOP('',(#3360,#3361,#3362,#3363));
#3365=FACE_OUTER_BOUND('',#3364,.F.);
#3367=CLOSED_SHELL('',(#3291,#3306,#3327,#3341,#3354,#3366));
#3368=MANIFOLD_SOLID_BREP('',#3367);
#3369=FILL_AREA_STYLE_COLOUR('',#28);
#3370=FILL_AREA_STYLE('',(#3369));
#3371=SURFACE_STYLE_FILL_AREA(#3370);
#3372=SURFACE_SIDE_STYLE('',(#3371));
#3373=SURFACE_STYLE_USAGE(.POSITIVE.,#3372);
#3374=PRESENTATION_STYLE_ASSIGNMENT((#3373));
#3175=STYLED_ITEM('',(#3374),#3368);
#3377=PLANE_ANGLE_MEASURE_WITH_UNIT(PLANE_ANGLE_MEASURE(1.745329251994E-2),
#3376);
#3378=(CONVERSION_BASED_UNIT('DEGREE',#3377)NAMED_UNIT(*)PLANE_ANGLE_UNIT());
#3380=UNCERTAINTY_MEASURE_WITH_UNIT(LENGTH_MEASURE(1.620120367195E-4),#3375,
'distance_accuracy_value',
'Maximum model space distance between geometric entities at asserted connectivities');
#3382=CARTESIAN_POINT('',(0.E0,0.E0,0.E0));
#3383=DIRECTION('',(0.E0,0.E0,1.E0));
#3384=DIRECTION('',(1.E0,0.E0,0.E0));
#3387=APPLICATION_CONTEXT('automotive_design');
#3388=APPLICATION_PROTOCOL_DEFINITION('international standard',
'automotive_design',2001,#3387);
#3389=PRODUCT_DEFINITION_CONTEXT('part definition',#3387,'design');
#3390=PRODUCT_CONTEXT('',#3387,'mechanical');
#3391=PRODUCT('FRAME','FRAME','NOT SPECIFIED',(#3390));
#3392=PRODUCT_DEFINITION_FORMATION('35','LAST_VERSION',#3391);
#3400=DERIVED_UNIT_ELEMENT(#3399,2.E0);
#3401=DERIVED_UNIT((#3400));
#3402=MEASURE_REPRESENTATION_ITEM('surface area measure',AREA_MEASURE(
1.113321560158E1),#3401);
#3407=DERIVED_UNIT_ELEMENT(#3406,3.E0);
#3408=DERIVED_UNIT((#3407));
#3409=MEASURE_REPRESENTATION_ITEM('volume measure',VOLUME_MEASURE(
7.491371680627E-1),#3408);
#3413=CARTESIAN_POINT('centre point',(9.611056968969E-3,1.005339476094E-1,
8.710020729033E-3));
#3418=DERIVED_UNIT_ELEMENT(#3417,2.E0);
#3419=DERIVED_UNIT((#3418));
#3420=MEASURE_REPRESENTATION_ITEM('surface area measure',AREA_MEASURE(
1.113321560158E1),#3419);
#3425=DERIVED_UNIT_ELEMENT(#3424,3.E0);
#3426=DERIVED_UNIT((#3425));
#3427=MEASURE_REPRESENTATION_ITEM('volume measure',VOLUME_MEASURE(
7.491371680627E-1),#3426);
#3431=CARTESIAN_POINT('centre point',(9.611056968969E-3,1.005339476094E-1,
8.710020729033E-3));
#3441=CARTESIAN_POINT('centre point',(9.611056968969E-3,-8.710020729033E-3,
1.005339476094E-1));
#3445=CARTESIAN_POINT('',(0.E0,0.E0,0.E0));
#3446=DIRECTION('',(0.E0,-1.E0,0.E0));
#3447=DIRECTION('',(1.E0,0.E0,0.E0));
#3448=AXIS2_PLACEMENT_3D('',#3445,#3446,#3447);
#3449=ITEM_DEFINED_TRANSFORMATION('','',#3385,#3448);
#3450=(REPRESENTATION_RELATIONSHIP('','',#3386,#3438)REPRESENTATION_RELATIONSHIP_WITH_TRANSFORMATION(#3449)SHAPE_REPRESENTATION_RELATIONSHIP());
#3451=CONTEXT_DEPENDENT_SHAPE_REPRESENTATION(#3450,#3440);
#3453=DIRECTION('',(1.E0,0.E0,0.E0));
#3454=VECTOR('',#3453,3.25E-1);
#3455=CARTESIAN_POINT('',(-1.5E0,0.E0,-6.25E-1));
#3456=LINE('',#3455,#3454);
#3457=CURVE_STYLE('',#35,POSITIVE_LENGTH_MEASURE(2.E-2),#3);
#3458=PRESENTATION_STYLE_ASSIGNMENT((#3457));
#3459=STYLED_ITEM('',(#3458),#3456);
#3460=DIRECTION('',(0.E0,0.E0,1.E0));
#3461=VECTOR('',#3460,2.5E-1);
#3462=CARTESIAN_POINT('',(-1.5E0,0.E0,-6.25E-1));
#3463=LINE('',#3462,#3461);
#3464=CURVE_STYLE('',#35,POSITIVE_LENGTH_MEASURE(2.E-2),#3);
#3465=PRESENTATION_STYLE_ASSIGNMENT((#3464));
#3466=STYLED_ITEM('',(#3465),#3463);
#3467=DIRECTION('',(1.E0,0.E0,0.E0));
#3468=VECTOR('',#3467,3.25E-1);
#3469=CARTESIAN_POINT('',(-1.5E0,0.E0,-3.75E-1));
#3470=LINE('',#3469,#3468);
#3471=CURVE_STYLE('',#35,POSITIVE_LENGTH_MEASURE(2.E-2),#3);
#3472=PRESENTATION_STYLE_ASSIGNMENT((#3471));
#3473=STYLED_ITEM('',(#3472),#3470);
#3474=CARTESIAN_POINT('',(-1.175E0,0.E0,-3.E-1));
#3475=DIRECTION('',(0.E0,1.E0,0.E0));
#3476=DIRECTION('',(1.E0,0.E0,0.E0));
#3477=AXIS2_PLACEMENT_3D('',#3474,#3475,#3476);
#3479=CURVE_STYLE('',#35,POSITIVE_LENGTH_MEASURE(2.E-2),#3);
#3480=PRESENTATION_STYLE_ASSIGNMENT((#3479));
#3481=STYLED_ITEM('',(#3480),#3478);
#3482=DIRECTION('',(0.E0,0.E0,-1.E0));
#3483=VECTOR('',#3482,1.E-1);
#3484=CARTESIAN_POINT('',(-1.1E0,0.E0,-2.E-1));
#3485=LINE('',#3484,#3483);
#3486=CURVE_STYLE('',#35,POSITIVE_LENGTH_MEASURE(2.E-2),#3);
#3487=PRESENTATION_STYLE_ASSIGNMENT((#3486));
#3488=STYLED_ITEM('',(#3487),#3485);
#3489=CARTESIAN_POINT('',(-1.175E0,0.E0,-2.E-1));
#3490=DIRECTION('',(0.E0,1.E0,0.E0));
#3491=DIRECTION('',(0.E0,0.E0,1.E0));
#3492=AXIS2_PLACEMENT_3D('',#3489,#3490,#3491);
#3494=CURVE_STYLE('',#35,POSITIVE_LENGTH_MEASURE(2.E-2),#3);
#3495=PRESENTATION_STYLE_ASSIGNMENT((#3494));
#3496=STYLED_ITEM('',(#3495),#3493);
#3497=DIRECTION('',(1.E0,0.E0,0.E0));
#3498=VECTOR('',#3497,3.25E-1);
#3499=CARTESIAN_POINT('',(-1.5E0,0.E0,-1.25E-1));
#3500=LINE('',#3499,#3498);
#3501=CURVE_STYLE('',#35,POSITIVE_LENGTH_MEASURE(2.E-2),#3);
#3502=PRESENTATION_STYLE_ASSIGNMENT((#3501));
#3503=STYLED_ITEM('',(#3502),#3500);
#3504=DIRECTION('',(0.E0,0.E0,1.E0));
#3505=VECTOR('',#3504,2.5E-1);
#3506=CARTESIAN_POINT('',(-1.5E0,0.E0,-1.25E-1));
#3507=LINE('',#3506,#3505);
#3508=CURVE_STYLE('',#35,POSITIVE_LENGTH_MEASURE(2.E-2),#3);
#3509=PRESENTATION_STYLE_ASSIGNMENT((#3508));
#3510=STYLED_ITEM('',(#3509),#3507);
#3511=DIRECTION('',(1.E0,0.E0,0.E0));
#3512=VECTOR('',#3511,3.25E-1);
#3513=CARTESIAN_POINT('',(-1.5E0,0.E0,1.25E-1));
#3514=LINE('',#3513,#3512);
#3515=CURVE_STYLE('',#35,POSITIVE_LENGTH_MEASURE(2.E-2),#3);
#3516=PRESENTATION_STYLE_ASSIGNMENT((#3515));
#3517=STYLED_ITEM('',(#3516),#3514);
#3518=CARTESIAN_POINT('',(-1.175E0,0.E0,2.E-1));
#3519=DIRECTION('',(0.E0,1.E0,0.E0));
#3520=DIRECTION('',(1.E0,0.E0,0.E0));
#3521=AXIS2_PLACEMENT_3D('',#3518,#3519,#3520);
#3523=CURVE_STYLE('',#35,POSITIVE_LENGTH_MEASURE(2.E-2),#3);
#3524=PRESENTATION_STYLE_ASSIGNMENT((#3523));
#3525=STYLED_ITEM('',(#3524),#3522);
#3526=DIRECTION('',(0.E0,0.E0,-1.E0));
#3527=VECTOR('',#3526,1.E-1);
#3528=CARTESIAN_POINT('',(-1.1E0,0.E0,3.E-1));
#3529=LINE('',#3528,#3527);
#3530=CURVE_STYLE('',#35,POSITIVE_LENGTH_MEASURE(2.E-2),#3);
#3531=PRESENTATION_STYLE_ASSIGNMENT((#3530));
#3532=STYLED_ITEM('',(#3531),#3529);
#3533=CARTESIAN_POINT('',(-1.175E0,0.E0,3.E-1));
#3534=DIRECTION('',(0.E0,1.E0,0.E0));
#3535=DIRECTION('',(0.E0,0.E0,1.E0));
#3536=AXIS2_PLACEMENT_3D('',#3533,#3534,#3535);
#3538=CURVE_STYLE('',#35,POSITIVE_LENGTH_MEASURE(2.E-2),#3);
#3539=PRESENTATION_STYLE_ASSIGNMENT((#3538));
#3540=STYLED_ITEM('',(#3539),#3537);
#3541=DIRECTION('',(1.E0,0.E0,0.E0));
#3542=VECTOR('',#3541,3.25E-1);
#3543=CARTESIAN_POINT('',(-1.5E0,0.E0,3.75E-1));
#3544=LINE('',#3543,#3542);
#3545=CURVE_STYLE('',#35,POSITIVE_LENGTH_MEASURE(2.E-2),#3);
#3546=PRESENTATION_STYLE_ASSIGNMENT((#3545));
#3547=STYLED_ITEM('',(#3546),#3544);
#3548=DIRECTION('',(0.E0,0.E0,1.E0));
#3549=VECTOR('',#3548,2.5E-1);
#3550=CARTESIAN_POINT('',(-1.5E0,0.E0,3.75E-1));
#3551=LINE('',#3550,#3549);
#3552=CURVE_STYLE('',#35,POSITIVE_LENGTH_MEASURE(2.E-2),#3);
#3553=PRESENTATION_STYLE_ASSIGNMENT((#3552));
#3554=STYLED_ITEM('',(#3553),#3551);
#3555=DIRECTION('',(1.E0,0.E0,0.E0));
#3556=VECTOR('',#3555,3.25E-1);
#3557=CARTESIAN_POINT('',(-1.5E0,0.E0,6.25E-1));
#3558=LINE('',#3557,#3556);
#3559=CURVE_STYLE('',#35,POSITIVE_LENGTH_MEASURE(2.E-2),#3);
#3560=PRESENTATION_STYLE_ASSIGNMENT((#3559));
#3561=STYLED_ITEM('',(#3560),#3558);
#3562=CARTESIAN_POINT('',(-1.175E0,0.E0,7.E-1));
#3563=DIRECTION('',(0.E0,1.E0,0.E0));
#3564=DIRECTION('',(1.E0,0.E0,0.E0));
#3565=AXIS2_PLACEMENT_3D('',#3562,#3563,#3564);
#3567=CURVE_STYLE('',#35,POSITIVE_LENGTH_MEASURE(2.E-2),#3);
#3568=PRESENTATION_STYLE_ASSIGNMENT((#3567));
#3569=STYLED_ITEM('',(#3568),#3566);
#3570=DIRECTION('',(0.E0,0.E0,-1.E0));
#3571=VECTOR('',#3570,1.E-1);
#3572=CARTESIAN_POINT('',(-1.1E0,0.E0,8.E-1));
#3573=LINE('',#3572,#3571);
#3574=CURVE_STYLE('',#35,POSITIVE_LENGTH_MEASURE(2.E-2),#3);
#3575=PRESENTATION_STYLE_ASSIGNMENT((#3574));
#3576=STYLED_ITEM('',(#3575),#3573);
#3577=CARTESIAN_POINT('',(-1.175E0,0.E0,8.E-1));
#3578=DIRECTION('',(0.E0,1.E0,0.E0));
#3579=DIRECTION('',(0.E0,0.E0,1.E0));
#3580=AXIS2_PLACEMENT_3D('',#3577,#3578,#3579);
#3582=CURVE_STYLE('',#35,POSITIVE_LENGTH_MEASURE(2.E-2),#3);
#3583=PRESENTATION_STYLE_ASSIGNMENT((#3582));
#3584=STYLED_ITEM('',(#3583),#3581);
#3585=DIRECTION('',(1.E0,0.E0,0.E0));
#3586=VECTOR('',#3585,3.25E-1);
#3587=CARTESIAN_POINT('',(-1.5E0,0.E0,8.75E-1));
#3588=LINE('',#3587,#3586);
#3589=CURVE_STYLE('',#35,POSITIVE_LENGTH_MEASURE(2.E-2),#3);
#3590=PRESENTATION_STYLE_ASSIGNMENT((#3589));
#3591=STYLED_ITEM('',(#3590),#3588);
#3592=DIRECTION('',(0.E0,0.E0,1.E0));
#3593=VECTOR('',#3592,1.25E-1);
#3594=CARTESIAN_POINT('',(-1.5E0,0.E0,8.75E-1));
#3595=LINE('',#3594,#3593);
#3596=CURVE_STYLE('',#35,POSITIVE_LENGTH_MEASURE(2.E-2),#3);
#3597=PRESENTATION_STYLE_ASSIGNMENT((#3596));
#3598=STYLED_ITEM('',(#3597),#3595);
#3599=DIRECTION('',(1.E0,0.E0,0.E0));
#3600=VECTOR('',#3599,3.E0);
#3601=CARTESIAN_POINT('',(-1.5E0,0.E0,1.E0));
#3602=LINE('',#3601,#3600);
#3603=CURVE_STYLE('',#35,POSITIVE_LENGTH_MEASURE(2.E-2),#3);
#3604=PRESENTATION_STYLE_ASSIGNMENT((#3603));
#3605=STYLED_ITEM('',(#3604),#3602);
#3606=DIRECTION('',(0.E0,0.E0,-1.E0));
#3607=VECTOR('',#3606,1.25E-1);
#3608=CARTESIAN_POINT('',(1.5E0,0.E0,1.E0));
#3609=LINE('',#3608,#3607);
#3610=CURVE_STYLE('',#35,POSITIVE_LENGTH_MEASURE(2.E-2),#3);
#3611=PRESENTATION_STYLE_ASSIGNMENT((#3610));
#3612=STYLED_ITEM('',(#3611),#3609);
#3613=DIRECTION('',(-1.E0,0.E0,0.E0));
#3614=VECTOR('',#3613,3.25E-1);
#3615=CARTESIAN_POINT('',(1.5E0,0.E0,8.75E-1));
#3616=LINE('',#3615,#3614);
#3617=CURVE_STYLE('',#35,POSITIVE_LENGTH_MEASURE(2.E-2),#3);
#3618=PRESENTATION_STYLE_ASSIGNMENT((#3617));
#3619=STYLED_ITEM('',(#3618),#3616);
#3620=CARTESIAN_POINT('',(1.175E0,0.E0,8.E-1));
#3621=DIRECTION('',(0.E0,-1.E0,0.E0));
#3622=DIRECTION('',(0.E0,0.E0,1.E0));
#3623=AXIS2_PLACEMENT_3D('',#3620,#3621,#3622);
#3625=CURVE_STYLE('',#35,POSITIVE_LENGTH_MEASURE(2.E-2),#3);
#3626=PRESENTATION_STYLE_ASSIGNMENT((#3625));
#3627=STYLED_ITEM('',(#3626),#3624);
#3628=DIRECTION('',(0.E0,0.E0,-1.E0));
#3629=VECTOR('',#3628,1.E-1);
#3630=CARTESIAN_POINT('',(1.1E0,0.E0,8.E-1));
#3631=LINE('',#3630,#3629);
#3632=CURVE_STYLE('',#35,POSITIVE_LENGTH_MEASURE(2.E-2),#3);
#3633=PRESENTATION_STYLE_ASSIGNMENT((#3632));
#3634=STYLED_ITEM('',(#3633),#3631);
#3635=CARTESIAN_POINT('',(1.175E0,0.E0,7.E-1));
#3636=DIRECTION('',(0.E0,-1.E0,0.E0));
#3637=DIRECTION('',(-1.E0,0.E0,0.E0));
#3638=AXIS2_PLACEMENT_3D('',#3635,#3636,#3637);
#3640=CURVE_STYLE('',#35,POSITIVE_LENGTH_MEASURE(2.E-2),#3);
#3641=PRESENTATION_STYLE_ASSIGNMENT((#3640));
#3642=STYLED_ITEM('',(#3641),#3639);
#3643=DIRECTION('',(-1.E0,0.E0,0.E0));
#3644=VECTOR('',#3643,3.25E-1);
#3645=CARTESIAN_POINT('',(1.5E0,0.E0,6.25E-1));
#3646=LINE('',#3645,#3644);
#3647=CURVE_STYLE('',#35,POSITIVE_LENGTH_MEASURE(2.E-2),#3);
#3648=PRESENTATION_STYLE_ASSIGNMENT((#3647));
#3649=STYLED_ITEM('',(#3648),#3646);
#3650=DIRECTION('',(0.E0,0.E0,-1.E0));
#3651=VECTOR('',#3650,2.5E-1);
#3652=CARTESIAN_POINT('',(1.5E0,0.E0,6.25E-1));
#3653=LINE('',#3652,#3651);
#3654=CURVE_STYLE('',#35,POSITIVE_LENGTH_MEASURE(2.E-2),#3);
#3655=PRESENTATION_STYLE_ASSIGNMENT((#3654));
#3656=STYLED_ITEM('',(#3655),#3653);
#3657=DIRECTION('',(-1.E0,0.E0,0.E0));
#3658=VECTOR('',#3657,3.25E-1);
#3659=CARTESIAN_POINT('',(1.5E0,0.E0,3.75E-1));
#3660=LINE('',#3659,#3658);
#3661=CURVE_STYLE('',#35,POSITIVE_LENGTH_MEASURE(2.E-2),#3);
#3662=PRESENTATION_STYLE_ASSIGNMENT((#3661));
#3663=STYLED_ITEM('',(#3662),#3660);
#3664=CARTESIAN_POINT('',(1.175E0,0.E0,3.E-1));
#3665=DIRECTION('',(0.E0,-1.E0,0.E0));
#3666=DIRECTION('',(0.E0,0.E0,1.E0));
#3667=AXIS2_PLACEMENT_3D('',#3664,#3665,#3666);
#3669=CURVE_STYLE('',#35,POSITIVE_LENGTH_MEASURE(2.E-2),#3);
#3670=PRESENTATION_STYLE_ASSIGNMENT((#3669));
#3671=STYLED_ITEM('',(#3670),#3668);
#3672=DIRECTION('',(0.E0,0.E0,-1.E0));
#3673=VECTOR('',#3672,1.E-1);
#3674=CARTESIAN_POINT('',(1.1E0,0.E0,3.E-1));
#3675=LINE('',#3674,#3673);
#3676=CURVE_STYLE('',#35,POSITIVE_LENGTH_MEASURE(2.E-2),#3);
#3677=PRESENTATION_STYLE_ASSIGNMENT((#3676));
#3678=STYLED_ITEM('',(#3677),#3675);
#3679=CARTESIAN_POINT('',(1.175E0,0.E0,2.E-1));
#3680=DIRECTION('',(0.E0,-1.E0,0.E0));
#3681=DIRECTION('',(-1.E0,0.E0,0.E0));
#3682=AXIS2_PLACEMENT_3D('',#3679,#3680,#3681);
#3684=CURVE_STYLE('',#35,POSITIVE_LENGTH_MEASURE(2.E-2),#3);
#3685=PRESENTATION_STYLE_ASSIGNMENT((#3684));
#3686=STYLED_ITEM('',(#3685),#3683);
#3687=DIRECTION('',(-1.E0,0.E0,0.E0));
#3688=VECTOR('',#3687,3.25E-1);
#3689=CARTESIAN_POINT('',(1.5E0,0.E0,1.25E-1));
#3690=LINE('',#3689,#3688);
#3691=CURVE_STYLE('',#35,POSITIVE_LENGTH_MEASURE(2.E-2),#3);
#3692=PRESENTATION_STYLE_ASSIGNMENT((#3691));
#3693=STYLED_ITEM('',(#3692),#3690);
#3694=DIRECTION('',(0.E0,0.E0,-1.E0));
#3695=VECTOR('',#3694,2.5E-1);
#3696=CARTESIAN_POINT('',(1.5E0,0.E0,1.25E-1));
#3697=LINE('',#3696,#3695);
#3698=CURVE_STYLE('',#35,POSITIVE_LENGTH_MEASURE(2.E-2),#3);
#3699=PRESENTATION_STYLE_ASSIGNMENT((#3698));
#3700=STYLED_ITEM('',(#3699),#3697);
#3701=DIRECTION('',(-1.E0,0.E0,0.E0));
#3702=VECTOR('',#3701,3.25E-1);
#3703=CARTESIAN_POINT('',(1.5E0,0.E0,-1.25E-1));
#3704=LINE('',#3703,#3702);
#3705=CURVE_STYLE('',#35,POSITIVE_LENGTH_MEASURE(2.E-2),#3);
#3706=PRESENTATION_STYLE_ASSIGNMENT((#3705));
#3707=STYLED_ITEM('',(#3706),#3704);
#3708=CARTESIAN_POINT('',(1.175E0,0.E0,-2.E-1));
#3709=DIRECTION('',(0.E0,-1.E0,0.E0));
#3710=DIRECTION('',(0.E0,0.E0,1.E0));
#3711=AXIS2_PLACEMENT_3D('',#3708,#3709,#3710);
#3713=CURVE_STYLE('',#35,POSITIVE_LENGTH_MEASURE(2.E-2),#3);
#3714=PRESENTATION_STYLE_ASSIGNMENT((#3713));
#3715=STYLED_ITEM('',(#3714),#3712);
#3716=DIRECTION('',(0.E0,0.E0,-1.E0));
#3717=VECTOR('',#3716,1.E-1);
#3718=CARTESIAN_POINT('',(1.1E0,0.E0,-2.E-1));
#3719=LINE('',#3718,#3717);
#3720=CURVE_STYLE('',#35,POSITIVE_LENGTH_MEASURE(2.E-2),#3);
#3721=PRESENTATION_STYLE_ASSIGNMENT((#3720));
#3722=STYLED_ITEM('',(#3721),#3719);
#3723=CARTESIAN_POINT('',(1.175E0,0.E0,-3.E-1));
#3724=DIRECTION('',(0.E0,-1.E0,0.E0));
#3725=DIRECTION('',(-1.E0,0.E0,0.E0));
#3726=AXIS2_PLACEMENT_3D('',#3723,#3724,#3725);
#3728=CURVE_STYLE('',#35,POSITIVE_LENGTH_MEASURE(2.E-2),#3);
#3729=PRESENTATION_STYLE_ASSIGNMENT((#3728));
#3730=STYLED_ITEM('',(#3729),#3727);
#3731=DIRECTION('',(-1.E0,0.E0,0.E0));
#3732=VECTOR('',#3731,3.25E-1);
#3733=CARTESIAN_POINT('',(1.5E0,0.E0,-3.75E-1));
#3734=LINE('',#3733,#3732);
#3735=CURVE_STYLE('',#35,POSITIVE_LENGTH_MEASURE(2.E-2),#3);
#3736=PRESENTATION_STYLE_ASSIGNMENT((#3735));
#3737=STYLED_ITEM('',(#3736),#3734);
#3738=DIRECTION('',(0.E0,0.E0,-1.E0));
#3739=VECTOR('',#3738,2.5E-1);
#3740=CARTESIAN_POINT('',(1.5E0,0.E0,-3.75E-1));
#3741=LINE('',#3740,#3739);
#3742=CURVE_STYLE('',#35,POSITIVE_LENGTH_MEASURE(2.E-2),#3);
#3743=PRESENTATION_STYLE_ASSIGNMENT((#3742));
#3744=STYLED_ITEM('',(#3743),#3741);
#3745=DIRECTION('',(-1.E0,0.E0,0.E0));
#3746=VECTOR('',#3745,3.25E-1);
#3747=CARTESIAN_POINT('',(1.5E0,0.E0,-6.25E-1));
#3748=LINE('',#3747,#3746);
#3749=CURVE_STYLE('',#35,POSITIVE_LENGTH_MEASURE(2.E-2),#3);
#3750=PRESENTATION_STYLE_ASSIGNMENT((#3749));
#3751=STYLED_ITEM('',(#3750),#3748);
#3752=CARTESIAN_POINT('',(1.175E0,0.E0,-7.E-1));
#3753=DIRECTION('',(0.E0,-1.E0,0.E0));
#3754=DIRECTION('',(0.E0,0.E0,1.E0));
#3755=AXIS2_PLACEMENT_3D('',#3752,#3753,#3754);
#3757=CURVE_STYLE('',#35,POSITIVE_LENGTH_MEASURE(2.E-2),#3);
#3758=PRESENTATION_STYLE_ASSIGNMENT((#3757));
#3759=STYLED_ITEM('',(#3758),#3756);
#3760=DIRECTION('',(0.E0,0.E0,-1.E0));
#3761=VECTOR('',#3760,1.E-1);
#3762=CARTESIAN_POINT('',(1.1E0,0.E0,-7.E-1));
#3763=LINE('',#3762,#3761);
#3764=CURVE_STYLE('',#35,POSITIVE_LENGTH_MEASURE(2.E-2),#3);
#3765=PRESENTATION_STYLE_ASSIGNMENT((#3764));
#3766=STYLED_ITEM('',(#3765),#3763);
#3767=CARTESIAN_POINT('',(1.175E0,0.E0,-8.E-1));
#3768=DIRECTION('',(0.E0,-1.E0,0.E0));
#3769=DIRECTION('',(-1.E0,0.E0,0.E0));
#3770=AXIS2_PLACEMENT_3D('',#3767,#3768,#3769);
#3772=CURVE_STYLE('',#35,POSITIVE_LENGTH_MEASURE(2.E-2),#3);
#3773=PRESENTATION_STYLE_ASSIGNMENT((#3772));
#3774=STYLED_ITEM('',(#3773),#3771);
#3775=DIRECTION('',(-1.E0,0.E0,0.E0));
#3776=VECTOR('',#3775,3.25E-1);
#3777=CARTESIAN_POINT('',(1.5E0,0.E0,-8.75E-1));
#3778=LINE('',#3777,#3776);
#3779=CURVE_STYLE('',#35,POSITIVE_LENGTH_MEASURE(2.E-2),#3);
#3780=PRESENTATION_STYLE_ASSIGNMENT((#3779));
#3781=STYLED_ITEM('',(#3780),#3778);
#3782=DIRECTION('',(0.E0,0.E0,-1.E0));
#3783=VECTOR('',#3782,1.25E-1);
#3784=CARTESIAN_POINT('',(1.5E0,0.E0,-8.75E-1));
#3785=LINE('',#3784,#3783);
#3786=CURVE_STYLE('',#35,POSITIVE_LENGTH_MEASURE(2.E-2),#3);
#3787=PRESENTATION_STYLE_ASSIGNMENT((#3786));
#3788=STYLED_ITEM('',(#3787),#3785);
#3789=DIRECTION('',(-1.E0,0.E0,0.E0));
#3790=VECTOR('',#3789,3.E0);
#3791=CARTESIAN_POINT('',(1.5E0,0.E0,-1.E0));
#3792=LINE('',#3791,#3790);
#3793=CURVE_STYLE('',#35,POSITIVE_LENGTH_MEASURE(2.E-2),#3);
#3794=PRESENTATION_STYLE_ASSIGNMENT((#3793));
#3795=STYLED_ITEM('',(#3794),#3792);
#3796=DIRECTION('',(0.E0,0.E0,1.E0));
#3797=VECTOR('',#3796,1.25E-1);
#3798=CARTESIAN_POINT('',(-1.5E0,0.E0,-1.E0));
#3799=LINE('',#3798,#3797);
#3800=CURVE_STYLE('',#35,POSITIVE_LENGTH_MEASURE(2.E-2),#3);
#3801=PRESENTATION_STYLE_ASSIGNMENT((#3800));
#3802=STYLED_ITEM('',(#3801),#3799);
#3803=DIRECTION('',(1.E0,0.E0,0.E0));
#3804=VECTOR('',#3803,3.25E-1);
#3805=CARTESIAN_POINT('',(-1.5E0,0.E0,-8.75E-1));
#3806=LINE('',#3805,#3804);
#3807=CURVE_STYLE('',#35,POSITIVE_LENGTH_MEASURE(2.E-2),#3);
#3808=PRESENTATION_STYLE_ASSIGNMENT((#3807));
#3809=STYLED_ITEM('',(#3808),#3806);
#3810=CARTESIAN_POINT('',(-1.175E0,0.E0,-8.E-1));
#3811=DIRECTION('',(0.E0,1.E0,0.E0));
#3812=DIRECTION('',(1.E0,0.E0,0.E0));
#3813=AXIS2_PLACEMENT_3D('',#3810,#3811,#3812);
#3815=CURVE_STYLE('',#35,POSITIVE_LENGTH_MEASURE(2.E-2),#3);
#3816=PRESENTATION_STYLE_ASSIGNMENT((#3815));
#3817=STYLED_ITEM('',(#3816),#3814);
#3818=DIRECTION('',(0.E0,0.E0,-1.E0));
#3819=VECTOR('',#3818,1.E-1);
#3820=CARTESIAN_POINT('',(-1.1E0,0.E0,-7.E-1));
#3821=LINE('',#3820,#3819);
#3822=CURVE_STYLE('',#35,POSITIVE_LENGTH_MEASURE(2.E-2),#3);
#3823=PRESENTATION_STYLE_ASSIGNMENT((#3822));
#3824=STYLED_ITEM('',(#3823),#3821);
#3825=CARTESIAN_POINT('',(-1.175E0,0.E0,-7.E-1));
#3826=DIRECTION('',(0.E0,1.E0,0.E0));
#3827=DIRECTION('',(0.E0,0.E0,1.E0));
#3828=AXIS2_PLACEMENT_3D('',#3825,#3826,#3827);
#3830=CURVE_STYLE('',#35,POSITIVE_LENGTH_MEASURE(2.E-2),#3);
#3831=PRESENTATION_STYLE_ASSIGNMENT((#3830));
#3832=STYLED_ITEM('',(#3831),#3829);
#3833=DIRECTION('',(0.E0,0.E0,1.E0));
#3834=VECTOR('',#3833,1.35E0);
#3835=CARTESIAN_POINT('',(-9.E-1,0.E0,-5.25E-1));
#3836=LINE('',#3835,#3834);
#3837=CURVE_STYLE('',#35,POSITIVE_LENGTH_MEASURE(2.E-2),#3);
#3838=PRESENTATION_STYLE_ASSIGNMENT((#3837));
#3839=STYLED_ITEM('',(#3838),#3836);
#3840=DIRECTION('',(7.071067811865E-1,0.E0,-7.071067811865E-1));
#3841=VECTOR('',#3840,4.242640687119E-1);
#3842=CARTESIAN_POINT('',(-9.E-1,0.E0,-5.25E-1));
#3843=LINE('',#3842,#3841);
#3844=CURVE_STYLE('',#35,POSITIVE_LENGTH_MEASURE(2.E-2),#3);
#3845=PRESENTATION_STYLE_ASSIGNMENT((#3844));
#3846=STYLED_ITEM('',(#3845),#3843);
#3847=DIRECTION('',(-1.E0,0.E0,0.E0));
#3848=VECTOR('',#3847,1.5E0);
#3849=CARTESIAN_POINT('',(9.E-1,0.E0,-8.25E-1));
#3850=LINE('',#3849,#3848);
#3851=CURVE_STYLE('',#35,POSITIVE_LENGTH_MEASURE(2.E-2),#3);
#3852=PRESENTATION_STYLE_ASSIGNMENT((#3851));
#3853=STYLED_ITEM('',(#3852),#3850);
#3854=DIRECTION('',(0.E0,0.E0,-1.E0));
#3855=VECTOR('',#3854,1.65E0);
#3856=CARTESIAN_POINT('',(9.E-1,0.E0,8.25E-1));
#3857=LINE('',#3856,#3855);
#3858=CURVE_STYLE('',#35,POSITIVE_LENGTH_MEASURE(2.E-2),#3);
#3859=PRESENTATION_STYLE_ASSIGNMENT((#3858));
#3860=STYLED_ITEM('',(#3859),#3857);
#3861=DIRECTION('',(1.E0,0.E0,0.E0));
#3862=VECTOR('',#3861,1.8E0);
#3863=CARTESIAN_POINT('',(-9.E-1,0.E0,8.25E-1));
#3864=LINE('',#3863,#3862);
#3865=CURVE_STYLE('',#35,POSITIVE_LENGTH_MEASURE(2.E-2),#3);
#3866=PRESENTATION_STYLE_ASSIGNMENT((#3865));
#3867=STYLED_ITEM('',(#3866),#3864);
#3868=DIRECTION('',(0.E0,1.E0,0.E0));
#3869=VECTOR('',#3868,1.75E-1);
#3870=CARTESIAN_POINT('',(-1.175E0,0.E0,-6.25E-1));
#3871=LINE('',#3870,#3869);
#3872=CURVE_STYLE('',#35,POSITIVE_LENGTH_MEASURE(2.E-2),#3);
#3873=PRESENTATION_STYLE_ASSIGNMENT((#3872));
#3874=STYLED_ITEM('',(#3873),#3871);
#3875=DIRECTION('',(0.E0,1.E0,0.E0));
#3876=VECTOR('',#3875,1.75E-1);
#3877=CARTESIAN_POINT('',(-1.1E0,0.E0,-7.E-1));
#3878=LINE('',#3877,#3876);
#3879=CURVE_STYLE('',#35,POSITIVE_LENGTH_MEASURE(2.E-2),#3);
#3880=PRESENTATION_STYLE_ASSIGNMENT((#3879));
#3881=STYLED_ITEM('',(#3880),#3878);
#3882=DIRECTION('',(0.E0,1.E0,0.E0));
#3883=VECTOR('',#3882,1.75E-1);
#3884=CARTESIAN_POINT('',(-1.1E0,0.E0,-8.E-1));
#3885=LINE('',#3884,#3883);
#3886=CURVE_STYLE('',#35,POSITIVE_LENGTH_MEASURE(2.E-2),#3);
#3887=PRESENTATION_STYLE_ASSIGNMENT((#3886));
#3888=STYLED_ITEM('',(#3887),#3885);
#3889=DIRECTION('',(0.E0,1.E0,0.E0));
#3890=VECTOR('',#3889,1.75E-1);
#3891=CARTESIAN_POINT('',(-1.175E0,0.E0,-8.75E-1));
#3892=LINE('',#3891,#3890);
#3893=CURVE_STYLE('',#35,POSITIVE_LENGTH_MEASURE(2.E-2),#3);
#3894=PRESENTATION_STYLE_ASSIGNMENT((#3893));
#3895=STYLED_ITEM('',(#3894),#3892);
#3896=DIRECTION('',(0.E0,0.E0,-1.E0));
#3897=VECTOR('',#3896,2.5E-1);
#3898=CARTESIAN_POINT('',(-1.5E0,1.75E-1,-6.25E-1));
#3899=LINE('',#3898,#3897);
#3900=CURVE_STYLE('',#35,POSITIVE_LENGTH_MEASURE(2.E-2),#3);
#3901=PRESENTATION_STYLE_ASSIGNMENT((#3900));
#3902=STYLED_ITEM('',(#3901),#3899);
#3903=DIRECTION('',(0.E0,1.E0,0.E0));
#3904=VECTOR('',#3903,1.75E-1);
#3905=CARTESIAN_POINT('',(-1.5E0,0.E0,-8.75E-1));
#3906=LINE('',#3905,#3904);
#3907=CURVE_STYLE('',#35,POSITIVE_LENGTH_MEASURE(2.E-2),#3);
#3908=PRESENTATION_STYLE_ASSIGNMENT((#3907));
#3909=STYLED_ITEM('',(#3908),#3906);
#3910=DIRECTION('',(0.E0,1.E0,0.E0));
#3911=VECTOR('',#3910,7.75E-1);
#3912=CARTESIAN_POINT('',(-1.5E0,0.E0,-1.E0));
#3913=LINE('',#3912,#3911);
#3914=CURVE_STYLE('',#35,POSITIVE_LENGTH_MEASURE(2.E-2),#3);
#3915=PRESENTATION_STYLE_ASSIGNMENT((#3914));
#3916=STYLED_ITEM('',(#3915),#3913);
#3917=DIRECTION('',(0.E0,1.E0,0.E0));
#3918=VECTOR('',#3917,1.75E-1);
#3919=CARTESIAN_POINT('',(-1.5E0,0.E0,8.75E-1));
#3920=LINE('',#3919,#3918);
#3921=CURVE_STYLE('',#35,POSITIVE_LENGTH_MEASURE(2.E-2),#3);
#3922=PRESENTATION_STYLE_ASSIGNMENT((#3921));
#3923=STYLED_ITEM('',(#3922),#3920);
#3924=DIRECTION('',(0.E0,0.E0,-1.E0));
#3925=VECTOR('',#3924,2.5E-1);
#3926=CARTESIAN_POINT('',(-1.5E0,1.75E-1,8.75E-1));
#3927=LINE('',#3926,#3925);
#3928=CURVE_STYLE('',#35,POSITIVE_LENGTH_MEASURE(2.E-2),#3);
#3929=PRESENTATION_STYLE_ASSIGNMENT((#3928));
#3930=STYLED_ITEM('',(#3929),#3927);
#3931=DIRECTION('',(0.E0,1.E0,0.E0));
#3932=VECTOR('',#3931,1.75E-1);
#3933=CARTESIAN_POINT('',(-1.5E0,0.E0,6.25E-1));
#3934=LINE('',#3933,#3932);
#3935=CURVE_STYLE('',#35,POSITIVE_LENGTH_MEASURE(2.E-2),#3);
#3936=PRESENTATION_STYLE_ASSIGNMENT((#3935));
#3937=STYLED_ITEM('',(#3936),#3934);
#3938=DIRECTION('',(0.E0,1.E0,0.E0));
#3939=VECTOR('',#3938,1.75E-1);
#3940=CARTESIAN_POINT('',(-1.5E0,0.E0,3.75E-1));
#3941=LINE('',#3940,#3939);
#3942=CURVE_STYLE('',#35,POSITIVE_LENGTH_MEASURE(2.E-2),#3);
#3943=PRESENTATION_STYLE_ASSIGNMENT((#3942));
#3944=STYLED_ITEM('',(#3943),#3941);
#3945=DIRECTION('',(0.E0,0.E0,-1.E0));
#3946=VECTOR('',#3945,2.5E-1);
#3947=CARTESIAN_POINT('',(-1.5E0,1.75E-1,3.75E-1));
#3948=LINE('',#3947,#3946);
#3949=CURVE_STYLE('',#35,POSITIVE_LENGTH_MEASURE(2.E-2),#3);
#3950=PRESENTATION_STYLE_ASSIGNMENT((#3949));
#3951=STYLED_ITEM('',(#3950),#3948);
#3952=DIRECTION('',(0.E0,1.E0,0.E0));
#3953=VECTOR('',#3952,1.75E-1);
#3954=CARTESIAN_POINT('',(-1.5E0,0.E0,1.25E-1));
#3955=LINE('',#3954,#3953);
#3956=CURVE_STYLE('',#35,POSITIVE_LENGTH_MEASURE(2.E-2),#3);
#3957=PRESENTATION_STYLE_ASSIGNMENT((#3956));
#3958=STYLED_ITEM('',(#3957),#3955);
#3959=DIRECTION('',(0.E0,1.E0,0.E0));
#3960=VECTOR('',#3959,1.75E-1);
#3961=CARTESIAN_POINT('',(-1.5E0,0.E0,-1.25E-1));
#3962=LINE('',#3961,#3960);
#3963=CURVE_STYLE('',#35,POSITIVE_LENGTH_MEASURE(2.E-2),#3);
#3964=PRESENTATION_STYLE_ASSIGNMENT((#3963));
#3965=STYLED_ITEM('',(#3964),#3962);
#3966=DIRECTION('',(0.E0,0.E0,-1.E0));
#3967=VECTOR('',#3966,2.5E-1);
#3968=CARTESIAN_POINT('',(-1.5E0,1.75E-1,-1.25E-1));
#3969=LINE('',#3968,#3967);
#3970=CURVE_STYLE('',#35,POSITIVE_LENGTH_MEASURE(2.E-2),#3);
#3971=PRESENTATION_STYLE_ASSIGNMENT((#3970));
#3972=STYLED_ITEM('',(#3971),#3969);
#3973=DIRECTION('',(0.E0,1.E0,0.E0));
#3974=VECTOR('',#3973,1.75E-1);
#3975=CARTESIAN_POINT('',(-1.5E0,0.E0,-3.75E-1));
#3976=LINE('',#3975,#3974);
#3977=CURVE_STYLE('',#35,POSITIVE_LENGTH_MEASURE(2.E-2),#3);
#3978=PRESENTATION_STYLE_ASSIGNMENT((#3977));
#3979=STYLED_ITEM('',(#3978),#3976);
#3980=DIRECTION('',(0.E0,1.E0,0.E0));
#3981=VECTOR('',#3980,1.75E-1);
#3982=CARTESIAN_POINT('',(-1.5E0,0.E0,-6.25E-1));
#3983=LINE('',#3982,#3981);
#3984=CURVE_STYLE('',#35,POSITIVE_LENGTH_MEASURE(2.E-2),#3);
#3985=PRESENTATION_STYLE_ASSIGNMENT((#3984));
#3986=STYLED_ITEM('',(#3985),#3983);
#3987=DIRECTION('',(1.E0,0.E0,0.E0));
#3988=VECTOR('',#3987,3.25E-1);
#3989=CARTESIAN_POINT('',(-1.5E0,1.75E-1,-6.25E-1));
#3990=LINE('',#3989,#3988);
#3991=CURVE_STYLE('',#35,POSITIVE_LENGTH_MEASURE(2.E-2),#3);
#3992=PRESENTATION_STYLE_ASSIGNMENT((#3991));
#3993=STYLED_ITEM('',(#3992),#3990);
#3994=CARTESIAN_POINT('',(-1.175E0,1.75E-1,-7.E-1));
#3995=DIRECTION('',(0.E0,1.E0,0.E0));
#3996=DIRECTION('',(0.E0,0.E0,1.E0));
#3997=AXIS2_PLACEMENT_3D('',#3994,#3995,#3996);
#3999=CURVE_STYLE('',#35,POSITIVE_LENGTH_MEASURE(2.E-2),#3);
#4000=PRESENTATION_STYLE_ASSIGNMENT((#3999));
#4001=STYLED_ITEM('',(#4000),#3998);
#4002=DIRECTION('',(0.E0,0.E0,-1.E0));
#4003=VECTOR('',#4002,1.E-1);
#4004=CARTESIAN_POINT('',(-1.1E0,1.75E-1,-7.E-1));
#4005=LINE('',#4004,#4003);
#4006=CURVE_STYLE('',#35,POSITIVE_LENGTH_MEASURE(2.E-2),#3);
#4007=PRESENTATION_STYLE_ASSIGNMENT((#4006));
#4008=STYLED_ITEM('',(#4007),#4005);
#4009=CARTESIAN_POINT('',(-1.175E0,1.75E-1,-8.E-1));
#4010=DIRECTION('',(0.E0,1.E0,0.E0));
#4011=DIRECTION('',(1.E0,0.E0,0.E0));
#4012=AXIS2_PLACEMENT_3D('',#4009,#4010,#4011);
#4014=CURVE_STYLE('',#35,POSITIVE_LENGTH_MEASURE(2.E-2),#3);
#4015=PRESENTATION_STYLE_ASSIGNMENT((#4014));
#4016=STYLED_ITEM('',(#4015),#4013);
#4017=DIRECTION('',(-1.E0,0.E0,0.E0));
#4018=VECTOR('',#4017,3.25E-1);
#4019=CARTESIAN_POINT('',(-1.175E0,1.75E-1,-8.75E-1));
#4020=LINE('',#4019,#4018);
#4021=CURVE_STYLE('',#35,POSITIVE_LENGTH_MEASURE(2.E-2),#3);
#4022=PRESENTATION_STYLE_ASSIGNMENT((#4021));
#4023=STYLED_ITEM('',(#4022),#4020);
#4024=DIRECTION('',(0.E0,1.E0,0.E0));
#4025=VECTOR('',#4024,7.75E-1);
#4026=CARTESIAN_POINT('',(1.5E0,0.E0,-1.E0));
#4027=LINE('',#4026,#4025);
#4028=CURVE_STYLE('',#35,POSITIVE_LENGTH_MEASURE(2.E-2),#3);
#4029=PRESENTATION_STYLE_ASSIGNMENT((#4028));
#4030=STYLED_ITEM('',(#4029),#4027);
#4031=DIRECTION('',(-1.E0,0.E0,0.E0));
#4032=VECTOR('',#4031,2.E-1);
#4033=CARTESIAN_POINT('',(-5.E-1,7.5E-2,-1.E0));
#4034=LINE('',#4033,#4032);
#4035=CURVE_STYLE('',#35,POSITIVE_LENGTH_MEASURE(2.E-2),#3);
#4036=PRESENTATION_STYLE_ASSIGNMENT((#4035));
#4037=STYLED_ITEM('',(#4036),#4034);
#4038=DIRECTION('',(0.E0,1.E0,0.E0));
#4039=VECTOR('',#4038,1.E-1);
#4040=CARTESIAN_POINT('',(-7.E-1,7.5E-2,-1.E0));
#4041=LINE('',#4040,#4039);
#4042=CURVE_STYLE('',#35,POSITIVE_LENGTH_MEASURE(2.E-2),#3);
#4043=PRESENTATION_STYLE_ASSIGNMENT((#4042));
#4044=STYLED_ITEM('',(#4043),#4041);
#4045=DIRECTION('',(-1.E0,0.E0,0.E0));
#4046=VECTOR('',#4045,2.E-1);
#4047=CARTESIAN_POINT('',(-5.E-1,1.75E-1,-1.E0));
#4048=LINE('',#4047,#4046);
#4049=CURVE_STYLE('',#35,POSITIVE_LENGTH_MEASURE(2.E-2),#3);
#4050=PRESENTATION_STYLE_ASSIGNMENT((#4049));
#4051=STYLED_ITEM('',(#4050),#4048);
#4052=DIRECTION('',(0.E0,1.E0,0.E0));
#4053=VECTOR('',#4052,1.E-1);
#4054=CARTESIAN_POINT('',(-5.E-1,7.5E-2,-1.E0));
#4055=LINE('',#4054,#4053);
#4056=CURVE_STYLE('',#35,POSITIVE_LENGTH_MEASURE(2.E-2),#3);
#4057=PRESENTATION_STYLE_ASSIGNMENT((#4056));
#4058=STYLED_ITEM('',(#4057),#4055);
#4059=DIRECTION('',(-1.E0,0.E0,0.E0));
#4060=VECTOR('',#4059,2.E-1);
#4061=CARTESIAN_POINT('',(7.E-1,7.5E-2,-1.E0));
#4062=LINE('',#4061,#4060);
#4063=CURVE_STYLE('',#35,POSITIVE_LENGTH_MEASURE(2.E-2),#3);
#4064=PRESENTATION_STYLE_ASSIGNMENT((#4063));
#4065=STYLED_ITEM('',(#4064),#4062);
#4066=DIRECTION('',(0.E0,1.E0,0.E0));
#4067=VECTOR('',#4066,1.E-1);
#4068=CARTESIAN_POINT('',(5.E-1,7.5E-2,-1.E0));
#4069=LINE('',#4068,#4067);
#4070=CURVE_STYLE('',#35,POSITIVE_LENGTH_MEASURE(2.E-2),#3);
#4071=PRESENTATION_STYLE_ASSIGNMENT((#4070));
#4072=STYLED_ITEM('',(#4071),#4069);
#4073=DIRECTION('',(-1.E0,0.E0,0.E0));
#4074=VECTOR('',#4073,2.E-1);
#4075=CARTESIAN_POINT('',(7.E-1,1.75E-1,-1.E0));
#4076=LINE('',#4075,#4074);
#4077=CURVE_STYLE('',#35,POSITIVE_LENGTH_MEASURE(2.E-2),#3);
#4078=PRESENTATION_STYLE_ASSIGNMENT((#4077));
#4079=STYLED_ITEM('',(#4078),#4076);
#4080=DIRECTION('',(0.E0,1.E0,0.E0));
#4081=VECTOR('',#4080,1.E-1);
#4082=CARTESIAN_POINT('',(7.E-1,7.5E-2,-1.E0));
#4083=LINE('',#4082,#4081);
#4084=CURVE_STYLE('',#35,POSITIVE_LENGTH_MEASURE(2.E-2),#3);
#4085=PRESENTATION_STYLE_ASSIGNMENT((#4084));
#4086=STYLED_ITEM('',(#4085),#4083);
#4087=DIRECTION('',(0.E0,0.E0,-1.E0));
#4088=VECTOR('',#4087,2.5E-1);
#4089=CARTESIAN_POINT('',(1.5E0,1.75E-1,-6.25E-1));
#4090=LINE('',#4089,#4088);
#4091=CURVE_STYLE('',#35,POSITIVE_LENGTH_MEASURE(2.E-2),#3);
#4092=PRESENTATION_STYLE_ASSIGNMENT((#4091));
#4093=STYLED_ITEM('',(#4092),#4090);
#4094=DIRECTION('',(0.E0,1.E0,0.E0));
#4095=VECTOR('',#4094,1.75E-1);
#4096=CARTESIAN_POINT('',(1.5E0,0.E0,-6.25E-1));
#4097=LINE('',#4096,#4095);
#4098=CURVE_STYLE('',#35,POSITIVE_LENGTH_MEASURE(2.E-2),#3);
#4099=PRESENTATION_STYLE_ASSIGNMENT((#4098));
#4100=STYLED_ITEM('',(#4099),#4097);
#4101=DIRECTION('',(0.E0,1.E0,0.E0));
#4102=VECTOR('',#4101,1.75E-1);
#4103=CARTESIAN_POINT('',(1.5E0,0.E0,-3.75E-1));
#4104=LINE('',#4103,#4102);
#4105=CURVE_STYLE('',#35,POSITIVE_LENGTH_MEASURE(2.E-2),#3);
#4106=PRESENTATION_STYLE_ASSIGNMENT((#4105));
#4107=STYLED_ITEM('',(#4106),#4104);
#4108=DIRECTION('',(0.E0,0.E0,-1.E0));
#4109=VECTOR('',#4108,2.5E-1);
#4110=CARTESIAN_POINT('',(1.5E0,1.75E-1,-1.25E-1));
#4111=LINE('',#4110,#4109);
#4112=CURVE_STYLE('',#35,POSITIVE_LENGTH_MEASURE(2.E-2),#3);
#4113=PRESENTATION_STYLE_ASSIGNMENT((#4112));
#4114=STYLED_ITEM('',(#4113),#4111);
#4115=DIRECTION('',(0.E0,1.E0,0.E0));
#4116=VECTOR('',#4115,1.75E-1);
#4117=CARTESIAN_POINT('',(1.5E0,0.E0,-1.25E-1));
#4118=LINE('',#4117,#4116);
#4119=CURVE_STYLE('',#35,POSITIVE_LENGTH_MEASURE(2.E-2),#3);
#4120=PRESENTATION_STYLE_ASSIGNMENT((#4119));
#4121=STYLED_ITEM('',(#4120),#4118);
#4122=DIRECTION('',(0.E0,1.E0,0.E0));
#4123=VECTOR('',#4122,1.75E-1);
#4124=CARTESIAN_POINT('',(1.5E0,0.E0,1.25E-1));
#4125=LINE('',#4124,#4123);
#4126=CURVE_STYLE('',#35,POSITIVE_LENGTH_MEASURE(2.E-2),#3);
#4127=PRESENTATION_STYLE_ASSIGNMENT((#4126));
#4128=STYLED_ITEM('',(#4127),#4125);
#4129=DIRECTION('',(0.E0,0.E0,-1.E0));
#4130=VECTOR('',#4129,2.5E-1);
#4131=CARTESIAN_POINT('',(1.5E0,1.75E-1,3.75E-1));
#4132=LINE('',#4131,#4130);
#4133=CURVE_STYLE('',#35,POSITIVE_LENGTH_MEASURE(2.E-2),#3);
#4134=PRESENTATION_STYLE_ASSIGNMENT((#4133));
#4135=STYLED_ITEM('',(#4134),#4132);
#4136=DIRECTION('',(0.E0,1.E0,0.E0));
#4137=VECTOR('',#4136,1.75E-1);
#4138=CARTESIAN_POINT('',(1.5E0,0.E0,3.75E-1));
#4139=LINE('',#4138,#4137);
#4140=CURVE_STYLE('',#35,POSITIVE_LENGTH_MEASURE(2.E-2),#3);
#4141=PRESENTATION_STYLE_ASSIGNMENT((#4140));
#4142=STYLED_ITEM('',(#4141),#4139);
#4143=DIRECTION('',(0.E0,1.E0,0.E0));
#4144=VECTOR('',#4143,1.75E-1);
#4145=CARTESIAN_POINT('',(1.5E0,0.E0,6.25E-1));
#4146=LINE('',#4145,#4144);
#4147=CURVE_STYLE('',#35,POSITIVE_LENGTH_MEASURE(2.E-2),#3);
#4148=PRESENTATION_STYLE_ASSIGNMENT((#4147));
#4149=STYLED_ITEM('',(#4148),#4146);
#4150=DIRECTION('',(0.E0,0.E0,-1.E0));
#4151=VECTOR('',#4150,2.5E-1);
#4152=CARTESIAN_POINT('',(1.5E0,1.75E-1,8.75E-1));
#4153=LINE('',#4152,#4151);
#4154=CURVE_STYLE('',#35,POSITIVE_LENGTH_MEASURE(2.E-2),#3);
#4155=PRESENTATION_STYLE_ASSIGNMENT((#4154));
#4156=STYLED_ITEM('',(#4155),#4153);
#4157=DIRECTION('',(0.E0,1.E0,0.E0));
#4158=VECTOR('',#4157,1.75E-1);
#4159=CARTESIAN_POINT('',(1.5E0,0.E0,8.75E-1));
#4160=LINE('',#4159,#4158);
#4161=CURVE_STYLE('',#35,POSITIVE_LENGTH_MEASURE(2.E-2),#3);
#4162=PRESENTATION_STYLE_ASSIGNMENT((#4161));
#4163=STYLED_ITEM('',(#4162),#4160);
#4164=DIRECTION('',(0.E0,1.E0,0.E0));
#4165=VECTOR('',#4164,7.75E-1);
#4166=CARTESIAN_POINT('',(1.5E0,0.E0,1.E0));
#4167=LINE('',#4166,#4165);
#4168=CURVE_STYLE('',#35,POSITIVE_LENGTH_MEASURE(2.E-2),#3);
#4169=PRESENTATION_STYLE_ASSIGNMENT((#4168));
#4170=STYLED_ITEM('',(#4169),#4167);
#4171=DIRECTION('',(0.E0,1.E0,0.E0));
#4172=VECTOR('',#4171,1.75E-1);
#4173=CARTESIAN_POINT('',(1.5E0,0.E0,-8.75E-1));
#4174=LINE('',#4173,#4172);
#4175=CURVE_STYLE('',#35,POSITIVE_LENGTH_MEASURE(2.E-2),#3);
#4176=PRESENTATION_STYLE_ASSIGNMENT((#4175));
#4177=STYLED_ITEM('',(#4176),#4174);
#4178=DIRECTION('',(1.E0,0.E0,0.E0));
#4179=VECTOR('',#4178,3.25E-1);
#4180=CARTESIAN_POINT('',(1.175E0,1.75E-1,-8.75E-1));
#4181=LINE('',#4180,#4179);
#4182=CURVE_STYLE('',#35,POSITIVE_LENGTH_MEASURE(2.E-2),#3);
#4183=PRESENTATION_STYLE_ASSIGNMENT((#4182));
#4184=STYLED_ITEM('',(#4183),#4181);
#4185=CARTESIAN_POINT('',(1.175E0,1.75E-1,-8.E-1));
#4186=DIRECTION('',(0.E0,-1.E0,0.E0));
#4187=DIRECTION('',(-1.E0,0.E0,0.E0));
#4188=AXIS2_PLACEMENT_3D('',#4185,#4186,#4187);
#4190=CURVE_STYLE('',#35,POSITIVE_LENGTH_MEASURE(2.E-2),#3);
#4191=PRESENTATION_STYLE_ASSIGNMENT((#4190));
#4192=STYLED_ITEM('',(#4191),#4189);
#4193=DIRECTION('',(0.E0,0.E0,-1.E0));
#4194=VECTOR('',#4193,1.E-1);
#4195=CARTESIAN_POINT('',(1.1E0,1.75E-1,-7.E-1));
#4196=LINE('',#4195,#4194);
#4197=CURVE_STYLE('',#35,POSITIVE_LENGTH_MEASURE(2.E-2),#3);
#4198=PRESENTATION_STYLE_ASSIGNMENT((#4197));
#4199=STYLED_ITEM('',(#4198),#4196);
#4200=CARTESIAN_POINT('',(1.175E0,1.75E-1,-7.E-1));
#4201=DIRECTION('',(0.E0,-1.E0,0.E0));
#4202=DIRECTION('',(0.E0,0.E0,1.E0));
#4203=AXIS2_PLACEMENT_3D('',#4200,#4201,#4202);
#4205=CURVE_STYLE('',#35,POSITIVE_LENGTH_MEASURE(2.E-2),#3);
#4206=PRESENTATION_STYLE_ASSIGNMENT((#4205));
#4207=STYLED_ITEM('',(#4206),#4204);
#4208=DIRECTION('',(-1.E0,0.E0,0.E0));
#4209=VECTOR('',#4208,3.25E-1);
#4210=CARTESIAN_POINT('',(1.5E0,1.75E-1,-6.25E-1));
#4211=LINE('',#4210,#4209);
#4212=CURVE_STYLE('',#35,POSITIVE_LENGTH_MEASURE(2.E-2),#3);
#4213=PRESENTATION_STYLE_ASSIGNMENT((#4212));
#4214=STYLED_ITEM('',(#4213),#4211);
#4215=DIRECTION('',(0.E0,1.E0,0.E0));
#4216=VECTOR('',#4215,1.75E-1);
#4217=CARTESIAN_POINT('',(1.175E0,0.E0,-8.75E-1));
#4218=LINE('',#4217,#4216);
#4219=CURVE_STYLE('',#35,POSITIVE_LENGTH_MEASURE(2.E-2),#3);
#4220=PRESENTATION_STYLE_ASSIGNMENT((#4219));
#4221=STYLED_ITEM('',(#4220),#4218);
#4222=DIRECTION('',(0.E0,1.E0,0.E0));
#4223=VECTOR('',#4222,1.75E-1);
#4224=CARTESIAN_POINT('',(1.1E0,0.E0,-8.E-1));
#4225=LINE('',#4224,#4223);
#4226=CURVE_STYLE('',#35,POSITIVE_LENGTH_MEASURE(2.E-2),#3);
#4227=PRESENTATION_STYLE_ASSIGNMENT((#4226));
#4228=STYLED_ITEM('',(#4227),#4225);
#4229=DIRECTION('',(0.E0,1.E0,0.E0));
#4230=VECTOR('',#4229,1.75E-1);
#4231=CARTESIAN_POINT('',(1.1E0,0.E0,-7.E-1));
#4232=LINE('',#4231,#4230);
#4233=CURVE_STYLE('',#35,POSITIVE_LENGTH_MEASURE(2.E-2),#3);
#4234=PRESENTATION_STYLE_ASSIGNMENT((#4233));
#4235=STYLED_ITEM('',(#4234),#4232);
#4236=DIRECTION('',(0.E0,1.E0,0.E0));
#4237=VECTOR('',#4236,1.75E-1);
#4238=CARTESIAN_POINT('',(1.175E0,0.E0,-6.25E-1));
#4239=LINE('',#4238,#4237);
#4240=CURVE_STYLE('',#35,POSITIVE_LENGTH_MEASURE(2.E-2),#3);
#4241=PRESENTATION_STYLE_ASSIGNMENT((#4240));
#4242=STYLED_ITEM('',(#4241),#4239);
#4243=DIRECTION('',(0.E0,1.E0,0.E0));
#4244=VECTOR('',#4243,1.75E-1);
#4245=CARTESIAN_POINT('',(1.175E0,0.E0,-3.75E-1));
#4246=LINE('',#4245,#4244);
#4247=CURVE_STYLE('',#35,POSITIVE_LENGTH_MEASURE(2.E-2),#3);
#4248=PRESENTATION_STYLE_ASSIGNMENT((#4247));
#4249=STYLED_ITEM('',(#4248),#4246);
#4250=DIRECTION('',(0.E0,1.E0,0.E0));
#4251=VECTOR('',#4250,1.75E-1);
#4252=CARTESIAN_POINT('',(1.1E0,0.E0,-3.E-1));
#4253=LINE('',#4252,#4251);
#4254=CURVE_STYLE('',#35,POSITIVE_LENGTH_MEASURE(2.E-2),#3);
#4255=PRESENTATION_STYLE_ASSIGNMENT((#4254));
#4256=STYLED_ITEM('',(#4255),#4253);
#4257=DIRECTION('',(0.E0,1.E0,0.E0));
#4258=VECTOR('',#4257,1.75E-1);
#4259=CARTESIAN_POINT('',(1.1E0,0.E0,-2.E-1));
#4260=LINE('',#4259,#4258);
#4261=CURVE_STYLE('',#35,POSITIVE_LENGTH_MEASURE(2.E-2),#3);
#4262=PRESENTATION_STYLE_ASSIGNMENT((#4261));
#4263=STYLED_ITEM('',(#4262),#4260);
#4264=DIRECTION('',(0.E0,1.E0,0.E0));
#4265=VECTOR('',#4264,1.75E-1);
#4266=CARTESIAN_POINT('',(1.175E0,0.E0,-1.25E-1));
#4267=LINE('',#4266,#4265);
#4268=CURVE_STYLE('',#35,POSITIVE_LENGTH_MEASURE(2.E-2),#3);
#4269=PRESENTATION_STYLE_ASSIGNMENT((#4268));
#4270=STYLED_ITEM('',(#4269),#4267);
#4271=DIRECTION('',(1.E0,0.E0,0.E0));
#4272=VECTOR('',#4271,3.25E-1);
#4273=CARTESIAN_POINT('',(1.175E0,1.75E-1,-3.75E-1));
#4274=LINE('',#4273,#4272);
#4275=CURVE_STYLE('',#35,POSITIVE_LENGTH_MEASURE(2.E-2),#3);
#4276=PRESENTATION_STYLE_ASSIGNMENT((#4275));
#4277=STYLED_ITEM('',(#4276),#4274);
#4278=CARTESIAN_POINT('',(1.175E0,1.75E-1,-3.E-1));
#4279=DIRECTION('',(0.E0,-1.E0,0.E0));
#4280=DIRECTION('',(-1.E0,0.E0,0.E0));
#4281=AXIS2_PLACEMENT_3D('',#4278,#4279,#4280);
#4283=CURVE_STYLE('',#35,POSITIVE_LENGTH_MEASURE(2.E-2),#3);
#4284=PRESENTATION_STYLE_ASSIGNMENT((#4283));
#4285=STYLED_ITEM('',(#4284),#4282);
#4286=DIRECTION('',(0.E0,0.E0,-1.E0));
#4287=VECTOR('',#4286,1.E-1);
#4288=CARTESIAN_POINT('',(1.1E0,1.75E-1,-2.E-1));
#4289=LINE('',#4288,#4287);
#4290=CURVE_STYLE('',#35,POSITIVE_LENGTH_MEASURE(2.E-2),#3);
#4291=PRESENTATION_STYLE_ASSIGNMENT((#4290));
#4292=STYLED_ITEM('',(#4291),#4289);
#4293=CARTESIAN_POINT('',(1.175E0,1.75E-1,-2.E-1));
#4294=DIRECTION('',(0.E0,-1.E0,0.E0));
#4295=DIRECTION('',(0.E0,0.E0,1.E0));
#4296=AXIS2_PLACEMENT_3D('',#4293,#4294,#4295);
#4298=CURVE_STYLE('',#35,POSITIVE_LENGTH_MEASURE(2.E-2),#3);
#4299=PRESENTATION_STYLE_ASSIGNMENT((#4298));
#4300=STYLED_ITEM('',(#4299),#4297);
#4301=DIRECTION('',(-1.E0,0.E0,0.E0));
#4302=VECTOR('',#4301,3.25E-1);
#4303=CARTESIAN_POINT('',(1.5E0,1.75E-1,-1.25E-1));
#4304=LINE('',#4303,#4302);
#4305=CURVE_STYLE('',#35,POSITIVE_LENGTH_MEASURE(2.E-2),#3);
#4306=PRESENTATION_STYLE_ASSIGNMENT((#4305));
#4307=STYLED_ITEM('',(#4306),#4304);
#4308=DIRECTION('',(0.E0,1.E0,0.E0));
#4309=VECTOR('',#4308,1.75E-1);
#4310=CARTESIAN_POINT('',(1.175E0,0.E0,1.25E-1));
#4311=LINE('',#4310,#4309);
#4312=CURVE_STYLE('',#35,POSITIVE_LENGTH_MEASURE(2.E-2),#3);
#4313=PRESENTATION_STYLE_ASSIGNMENT((#4312));
#4314=STYLED_ITEM('',(#4313),#4311);
#4315=DIRECTION('',(0.E0,1.E0,0.E0));
#4316=VECTOR('',#4315,1.75E-1);
#4317=CARTESIAN_POINT('',(1.1E0,0.E0,2.E-1));
#4318=LINE('',#4317,#4316);
#4319=CURVE_STYLE('',#35,POSITIVE_LENGTH_MEASURE(2.E-2),#3);
#4320=PRESENTATION_STYLE_ASSIGNMENT((#4319));
#4321=STYLED_ITEM('',(#4320),#4318);
#4322=DIRECTION('',(0.E0,1.E0,0.E0));
#4323=VECTOR('',#4322,1.75E-1);
#4324=CARTESIAN_POINT('',(1.1E0,0.E0,3.E-1));
#4325=LINE('',#4324,#4323);
#4326=CURVE_STYLE('',#35,POSITIVE_LENGTH_MEASURE(2.E-2),#3);
#4327=PRESENTATION_STYLE_ASSIGNMENT((#4326));
#4328=STYLED_ITEM('',(#4327),#4325);
#4329=DIRECTION('',(0.E0,1.E0,0.E0));
#4330=VECTOR('',#4329,1.75E-1);
#4331=CARTESIAN_POINT('',(1.175E0,0.E0,3.75E-1));
#4332=LINE('',#4331,#4330);
#4333=CURVE_STYLE('',#35,POSITIVE_LENGTH_MEASURE(2.E-2),#3);
#4334=PRESENTATION_STYLE_ASSIGNMENT((#4333));
#4335=STYLED_ITEM('',(#4334),#4332);
#4336=DIRECTION('',(1.E0,0.E0,0.E0));
#4337=VECTOR('',#4336,3.25E-1);
#4338=CARTESIAN_POINT('',(1.175E0,1.75E-1,1.25E-1));
#4339=LINE('',#4338,#4337);
#4340=CURVE_STYLE('',#35,POSITIVE_LENGTH_MEASURE(2.E-2),#3);
#4341=PRESENTATION_STYLE_ASSIGNMENT((#4340));
#4342=STYLED_ITEM('',(#4341),#4339);
#4343=CARTESIAN_POINT('',(1.175E0,1.75E-1,2.E-1));
#4344=DIRECTION('',(0.E0,-1.E0,0.E0));
#4345=DIRECTION('',(-1.E0,0.E0,0.E0));
#4346=AXIS2_PLACEMENT_3D('',#4343,#4344,#4345);
#4348=CURVE_STYLE('',#35,POSITIVE_LENGTH_MEASURE(2.E-2),#3);
#4349=PRESENTATION_STYLE_ASSIGNMENT((#4348));
#4350=STYLED_ITEM('',(#4349),#4347);
#4351=DIRECTION('',(0.E0,0.E0,-1.E0));
#4352=VECTOR('',#4351,1.E-1);
#4353=CARTESIAN_POINT('',(1.1E0,1.75E-1,3.E-1));
#4354=LINE('',#4353,#4352);
#4355=CURVE_STYLE('',#35,POSITIVE_LENGTH_MEASURE(2.E-2),#3);
#4356=PRESENTATION_STYLE_ASSIGNMENT((#4355));
#4357=STYLED_ITEM('',(#4356),#4354);
#4358=CARTESIAN_POINT('',(1.175E0,1.75E-1,3.E-1));
#4359=DIRECTION('',(0.E0,-1.E0,0.E0));
#4360=DIRECTION('',(0.E0,0.E0,1.E0));
#4361=AXIS2_PLACEMENT_3D('',#4358,#4359,#4360);
#4363=CURVE_STYLE('',#35,POSITIVE_LENGTH_MEASURE(2.E-2),#3);
#4364=PRESENTATION_STYLE_ASSIGNMENT((#4363));
#4365=STYLED_ITEM('',(#4364),#4362);
#4366=DIRECTION('',(-1.E0,0.E0,0.E0));
#4367=VECTOR('',#4366,3.25E-1);
#4368=CARTESIAN_POINT('',(1.5E0,1.75E-1,3.75E-1));
#4369=LINE('',#4368,#4367);
#4370=CURVE_STYLE('',#35,POSITIVE_LENGTH_MEASURE(2.E-2),#3);
#4371=PRESENTATION_STYLE_ASSIGNMENT((#4370));
#4372=STYLED_ITEM('',(#4371),#4369);
#4373=DIRECTION('',(0.E0,1.E0,0.E0));
#4374=VECTOR('',#4373,1.75E-1);
#4375=CARTESIAN_POINT('',(1.175E0,0.E0,6.25E-1));
#4376=LINE('',#4375,#4374);
#4377=CURVE_STYLE('',#35,POSITIVE_LENGTH_MEASURE(2.E-2),#3);
#4378=PRESENTATION_STYLE_ASSIGNMENT((#4377));
#4379=STYLED_ITEM('',(#4378),#4376);
#4380=DIRECTION('',(0.E0,1.E0,0.E0));
#4381=VECTOR('',#4380,1.75E-1);
#4382=CARTESIAN_POINT('',(1.1E0,0.E0,7.E-1));
#4383=LINE('',#4382,#4381);
#4384=CURVE_STYLE('',#35,POSITIVE_LENGTH_MEASURE(2.E-2),#3);
#4385=PRESENTATION_STYLE_ASSIGNMENT((#4384));
#4386=STYLED_ITEM('',(#4385),#4383);
#4387=DIRECTION('',(0.E0,1.E0,0.E0));
#4388=VECTOR('',#4387,1.75E-1);
#4389=CARTESIAN_POINT('',(1.1E0,0.E0,8.E-1));
#4390=LINE('',#4389,#4388);
#4391=CURVE_STYLE('',#35,POSITIVE_LENGTH_MEASURE(2.E-2),#3);
#4392=PRESENTATION_STYLE_ASSIGNMENT((#4391));
#4393=STYLED_ITEM('',(#4392),#4390);
#4394=DIRECTION('',(0.E0,1.E0,0.E0));
#4395=VECTOR('',#4394,1.75E-1);
#4396=CARTESIAN_POINT('',(1.175E0,0.E0,8.75E-1));
#4397=LINE('',#4396,#4395);
#4398=CURVE_STYLE('',#35,POSITIVE_LENGTH_MEASURE(2.E-2),#3);
#4399=PRESENTATION_STYLE_ASSIGNMENT((#4398));
#4400=STYLED_ITEM('',(#4399),#4397);
#4401=DIRECTION('',(1.E0,0.E0,0.E0));
#4402=VECTOR('',#4401,3.25E-1);
#4403=CARTESIAN_POINT('',(1.175E0,1.75E-1,6.25E-1));
#4404=LINE('',#4403,#4402);
#4405=CURVE_STYLE('',#35,POSITIVE_LENGTH_MEASURE(2.E-2),#3);
#4406=PRESENTATION_STYLE_ASSIGNMENT((#4405));
#4407=STYLED_ITEM('',(#4406),#4404);
#4408=CARTESIAN_POINT('',(1.175E0,1.75E-1,7.E-1));
#4409=DIRECTION('',(0.E0,-1.E0,0.E0));
#4410=DIRECTION('',(-1.E0,0.E0,0.E0));
#4411=AXIS2_PLACEMENT_3D('',#4408,#4409,#4410);
#4413=CURVE_STYLE('',#35,POSITIVE_LENGTH_MEASURE(2.E-2),#3);
#4414=PRESENTATION_STYLE_ASSIGNMENT((#4413));
#4415=STYLED_ITEM('',(#4414),#4412);
#4416=DIRECTION('',(0.E0,0.E0,-1.E0));
#4417=VECTOR('',#4416,1.E-1);
#4418=CARTESIAN_POINT('',(1.1E0,1.75E-1,8.E-1));
#4419=LINE('',#4418,#4417);
#4420=CURVE_STYLE('',#35,POSITIVE_LENGTH_MEASURE(2.E-2),#3);
#4421=PRESENTATION_STYLE_ASSIGNMENT((#4420));
#4422=STYLED_ITEM('',(#4421),#4419);
#4423=CARTESIAN_POINT('',(1.175E0,1.75E-1,8.E-1));
#4424=DIRECTION('',(0.E0,-1.E0,0.E0));
#4425=DIRECTION('',(0.E0,0.E0,1.E0));
#4426=AXIS2_PLACEMENT_3D('',#4423,#4424,#4425);
#4428=CURVE_STYLE('',#35,POSITIVE_LENGTH_MEASURE(2.E-2),#3);
#4429=PRESENTATION_STYLE_ASSIGNMENT((#4428));
#4430=STYLED_ITEM('',(#4429),#4427);
#4431=DIRECTION('',(-1.E0,0.E0,0.E0));
#4432=VECTOR('',#4431,3.25E-1);
#4433=CARTESIAN_POINT('',(1.5E0,1.75E-1,8.75E-1));
#4434=LINE('',#4433,#4432);
#4435=CURVE_STYLE('',#35,POSITIVE_LENGTH_MEASURE(2.E-2),#3);
#4436=PRESENTATION_STYLE_ASSIGNMENT((#4435));
#4437=STYLED_ITEM('',(#4436),#4434);
#4438=DIRECTION('',(0.E0,1.E0,0.E0));
#4439=VECTOR('',#4438,7.75E-1);
#4440=CARTESIAN_POINT('',(-1.5E0,0.E0,1.E0));
#4441=LINE('',#4440,#4439);
#4442=CURVE_STYLE('',#35,POSITIVE_LENGTH_MEASURE(2.E-2),#3);
#4443=PRESENTATION_STYLE_ASSIGNMENT((#4442));
#4444=STYLED_ITEM('',(#4443),#4441);
#4445=DIRECTION('',(1.E0,0.E0,0.E0));
#4446=VECTOR('',#4445,2.E-1);
#4447=CARTESIAN_POINT('',(-7.E-1,7.5E-2,1.E0));
#4448=LINE('',#4447,#4446);
#4449=CURVE_STYLE('',#35,POSITIVE_LENGTH_MEASURE(2.E-2),#3);
#4450=PRESENTATION_STYLE_ASSIGNMENT((#4449));
#4451=STYLED_ITEM('',(#4450),#4448);
#4452=DIRECTION('',(0.E0,1.E0,0.E0));
#4453=VECTOR('',#4452,1.E-1);
#4454=CARTESIAN_POINT('',(-5.E-1,7.5E-2,1.E0));
#4455=LINE('',#4454,#4453);
#4456=CURVE_STYLE('',#35,POSITIVE_LENGTH_MEASURE(2.E-2),#3);
#4457=PRESENTATION_STYLE_ASSIGNMENT((#4456));
#4458=STYLED_ITEM('',(#4457),#4455);
#4459=DIRECTION('',(1.E0,0.E0,0.E0));
#4460=VECTOR('',#4459,2.E-1);
#4461=CARTESIAN_POINT('',(-7.E-1,1.75E-1,1.E0));
#4462=LINE('',#4461,#4460);
#4463=CURVE_STYLE('',#35,POSITIVE_LENGTH_MEASURE(2.E-2),#3);
#4464=PRESENTATION_STYLE_ASSIGNMENT((#4463));
#4465=STYLED_ITEM('',(#4464),#4462);
#4466=DIRECTION('',(0.E0,1.E0,0.E0));
#4467=VECTOR('',#4466,1.E-1);
#4468=CARTESIAN_POINT('',(-7.E-1,7.5E-2,1.E0));
#4469=LINE('',#4468,#4467);
#4470=CURVE_STYLE('',#35,POSITIVE_LENGTH_MEASURE(2.E-2),#3);
#4471=PRESENTATION_STYLE_ASSIGNMENT((#4470));
#4472=STYLED_ITEM('',(#4471),#4469);
#4473=DIRECTION('',(1.E0,0.E0,0.E0));
#4474=VECTOR('',#4473,2.E-1);
#4475=CARTESIAN_POINT('',(5.E-1,7.5E-2,1.E0));
#4476=LINE('',#4475,#4474);
#4477=CURVE_STYLE('',#35,POSITIVE_LENGTH_MEASURE(2.E-2),#3);
#4478=PRESENTATION_STYLE_ASSIGNMENT((#4477));
#4479=STYLED_ITEM('',(#4478),#4476);
#4480=DIRECTION('',(0.E0,1.E0,0.E0));
#4481=VECTOR('',#4480,1.E-1);
#4482=CARTESIAN_POINT('',(7.E-1,7.5E-2,1.E0));
#4483=LINE('',#4482,#4481);
#4484=CURVE_STYLE('',#35,POSITIVE_LENGTH_MEASURE(2.E-2),#3);
#4485=PRESENTATION_STYLE_ASSIGNMENT((#4484));
#4486=STYLED_ITEM('',(#4485),#4483);
#4487=DIRECTION('',(1.E0,0.E0,0.E0));
#4488=VECTOR('',#4487,2.E-1);
#4489=CARTESIAN_POINT('',(5.E-1,1.75E-1,1.E0));
#4490=LINE('',#4489,#4488);
#4491=CURVE_STYLE('',#35,POSITIVE_LENGTH_MEASURE(2.E-2),#3);
#4492=PRESENTATION_STYLE_ASSIGNMENT((#4491));
#4493=STYLED_ITEM('',(#4492),#4490);
#4494=DIRECTION('',(0.E0,1.E0,0.E0));
#4495=VECTOR('',#4494,1.E-1);
#4496=CARTESIAN_POINT('',(5.E-1,7.5E-2,1.E0));
#4497=LINE('',#4496,#4495);
#4498=CURVE_STYLE('',#35,POSITIVE_LENGTH_MEASURE(2.E-2),#3);
#4499=PRESENTATION_STYLE_ASSIGNMENT((#4498));
#4500=STYLED_ITEM('',(#4499),#4497);
#4501=DIRECTION('',(0.E0,0.E0,1.E0));
#4502=VECTOR('',#4501,2.E0);
#4503=CARTESIAN_POINT('',(-1.5E0,7.75E-1,-1.E0));
#4504=LINE('',#4503,#4502);
#4505=CURVE_STYLE('',#35,POSITIVE_LENGTH_MEASURE(2.E-2),#3);
#4506=PRESENTATION_STYLE_ASSIGNMENT((#4505));
#4507=STYLED_ITEM('',(#4506),#4504);
#4508=DIRECTION('',(-1.E0,0.E0,0.E0));
#4509=VECTOR('',#4508,3.E0);
#4510=CARTESIAN_POINT('',(1.5E0,7.75E-1,-1.E0));
#4511=LINE('',#4510,#4509);
#4512=CURVE_STYLE('',#35,POSITIVE_LENGTH_MEASURE(2.E-2),#3);
#4513=PRESENTATION_STYLE_ASSIGNMENT((#4512));
#4514=STYLED_ITEM('',(#4513),#4511);
#4515=DIRECTION('',(0.E0,0.E0,-1.E0));
#4516=VECTOR('',#4515,2.E0);
#4517=CARTESIAN_POINT('',(1.5E0,7.75E-1,1.E0));
#4518=LINE('',#4517,#4516);
#4519=CURVE_STYLE('',#35,POSITIVE_LENGTH_MEASURE(2.E-2),#3);
#4520=PRESENTATION_STYLE_ASSIGNMENT((#4519));
#4521=STYLED_ITEM('',(#4520),#4518);
#4522=DIRECTION('',(1.E0,0.E0,0.E0));
#4523=VECTOR('',#4522,3.E0);
#4524=CARTESIAN_POINT('',(-1.5E0,7.75E-1,1.E0));
#4525=LINE('',#4524,#4523);
#4526=CURVE_STYLE('',#35,POSITIVE_LENGTH_MEASURE(2.E-2),#3);
#4527=PRESENTATION_STYLE_ASSIGNMENT((#4526));
#4528=STYLED_ITEM('',(#4527),#4525);
#4529=DIRECTION('',(0.E0,0.E0,1.E0));
#4530=VECTOR('',#4529,1.E-1);
#4531=CARTESIAN_POINT('',(-7.E-1,7.5E-2,9.E-1));
#4532=LINE('',#4531,#4530);
#4533=CURVE_STYLE('',#35,POSITIVE_LENGTH_MEASURE(2.E-2),#3);
#4534=PRESENTATION_STYLE_ASSIGNMENT((#4533));
#4535=STYLED_ITEM('',(#4534),#4532);
#4536=DIRECTION('',(-1.E0,0.E0,0.E0));
#4537=VECTOR('',#4536,2.E-1);
#4538=CARTESIAN_POINT('',(-5.E-1,7.5E-2,9.E-1));
#4539=LINE('',#4538,#4537);
#4540=CURVE_STYLE('',#35,POSITIVE_LENGTH_MEASURE(2.E-2),#3);
#4541=PRESENTATION_STYLE_ASSIGNMENT((#4540));
#4542=STYLED_ITEM('',(#4541),#4539);
#4543=DIRECTION('',(0.E0,0.E0,-1.E0));
#4544=VECTOR('',#4543,1.E-1);
#4545=CARTESIAN_POINT('',(-5.E-1,7.5E-2,1.E0));
#4546=LINE('',#4545,#4544);
#4547=CURVE_STYLE('',#35,POSITIVE_LENGTH_MEASURE(2.E-2),#3);
#4548=PRESENTATION_STYLE_ASSIGNMENT((#4547));
#4549=STYLED_ITEM('',(#4548),#4546);
#4550=DIRECTION('',(0.E0,0.E0,1.E0));
#4551=VECTOR('',#4550,1.E-1);
#4552=CARTESIAN_POINT('',(5.E-1,7.5E-2,9.E-1));
#4553=LINE('',#4552,#4551);
#4554=CURVE_STYLE('',#35,POSITIVE_LENGTH_MEASURE(2.E-2),#3);
#4555=PRESENTATION_STYLE_ASSIGNMENT((#4554));
#4556=STYLED_ITEM('',(#4555),#4553);
#4557=DIRECTION('',(-1.E0,0.E0,0.E0));
#4558=VECTOR('',#4557,2.E-1);
#4559=CARTESIAN_POINT('',(7.E-1,7.5E-2,9.E-1));
#4560=LINE('',#4559,#4558);
#4561=CURVE_STYLE('',#35,POSITIVE_LENGTH_MEASURE(2.E-2),#3);
#4562=PRESENTATION_STYLE_ASSIGNMENT((#4561));
#4563=STYLED_ITEM('',(#4562),#4560);
#4564=DIRECTION('',(0.E0,0.E0,-1.E0));
#4565=VECTOR('',#4564,1.E-1);
#4566=CARTESIAN_POINT('',(7.E-1,7.5E-2,1.E0));
#4567=LINE('',#4566,#4565);
#4568=CURVE_STYLE('',#35,POSITIVE_LENGTH_MEASURE(2.E-2),#3);
#4569=PRESENTATION_STYLE_ASSIGNMENT((#4568));
#4570=STYLED_ITEM('',(#4569),#4567);
#4571=DIRECTION('',(0.E0,0.E0,-1.E0));
#4572=VECTOR('',#4571,1.E-1);
#4573=CARTESIAN_POINT('',(-5.E-1,7.5E-2,-9.E-1));
#4574=LINE('',#4573,#4572);
#4575=CURVE_STYLE('',#35,POSITIVE_LENGTH_MEASURE(2.E-2),#3);
#4576=PRESENTATION_STYLE_ASSIGNMENT((#4575));
#4577=STYLED_ITEM('',(#4576),#4574);
#4578=DIRECTION('',(1.E0,0.E0,0.E0));
#4579=VECTOR('',#4578,2.E-1);
#4580=CARTESIAN_POINT('',(-7.E-1,7.5E-2,-9.E-1));
#4581=LINE('',#4580,#4579);
#4582=CURVE_STYLE('',#35,POSITIVE_LENGTH_MEASURE(2.E-2),#3);
#4583=PRESENTATION_STYLE_ASSIGNMENT((#4582));
#4584=STYLED_ITEM('',(#4583),#4581);
#4585=DIRECTION('',(0.E0,0.E0,1.E0));
#4586=VECTOR('',#4585,1.E-1);
#4587=CARTESIAN_POINT('',(-7.E-1,7.5E-2,-1.E0));
#4588=LINE('',#4587,#4586);
#4589=CURVE_STYLE('',#35,POSITIVE_LENGTH_MEASURE(2.E-2),#3);
#4590=PRESENTATION_STYLE_ASSIGNMENT((#4589));
#4591=STYLED_ITEM('',(#4590),#4588);
#4592=DIRECTION('',(0.E0,0.E0,-1.E0));
#4593=VECTOR('',#4592,1.E-1);
#4594=CARTESIAN_POINT('',(7.E-1,7.5E-2,-9.E-1));
#4595=LINE('',#4594,#4593);
#4596=CURVE_STYLE('',#35,POSITIVE_LENGTH_MEASURE(2.E-2),#3);
#4597=PRESENTATION_STYLE_ASSIGNMENT((#4596));
#4598=STYLED_ITEM('',(#4597),#4595);
#4599=DIRECTION('',(1.E0,0.E0,0.E0));
#4600=VECTOR('',#4599,2.E-1);
#4601=CARTESIAN_POINT('',(5.E-1,7.5E-2,-9.E-1));
#4602=LINE('',#4601,#4600);
#4603=CURVE_STYLE('',#35,POSITIVE_LENGTH_MEASURE(2.E-2),#3);
#4604=PRESENTATION_STYLE_ASSIGNMENT((#4603));
#4605=STYLED_ITEM('',(#4604),#4602);
#4606=DIRECTION('',(0.E0,0.E0,1.E0));
#4607=VECTOR('',#4606,1.E-1);
#4608=CARTESIAN_POINT('',(5.E-1,7.5E-2,-1.E0));
#4609=LINE('',#4608,#4607);
#4610=CURVE_STYLE('',#35,POSITIVE_LENGTH_MEASURE(2.E-2),#3);
#4611=PRESENTATION_STYLE_ASSIGNMENT((#4610));
#4612=STYLED_ITEM('',(#4611),#4609);
#4613=DIRECTION('',(0.E0,1.E0,0.E0));
#4614=VECTOR('',#4613,1.E-1);
#4615=CARTESIAN_POINT('',(-7.E-1,7.5E-2,9.E-1));
#4616=LINE('',#4615,#4614);
#4617=CURVE_STYLE('',#35,POSITIVE_LENGTH_MEASURE(2.E-2),#3);
#4618=PRESENTATION_STYLE_ASSIGNMENT((#4617));
#4619=STYLED_ITEM('',(#4618),#4616);
#4620=DIRECTION('',(0.E0,0.E0,-1.E0));
#4621=VECTOR('',#4620,1.E-1);
#4622=CARTESIAN_POINT('',(-5.E-1,1.75E-1,1.E0));
#4623=LINE('',#4622,#4621);
#4624=CURVE_STYLE('',#35,POSITIVE_LENGTH_MEASURE(2.E-2),#3);
#4625=PRESENTATION_STYLE_ASSIGNMENT((#4624));
#4626=STYLED_ITEM('',(#4625),#4623);
#4627=DIRECTION('',(-1.E0,0.E0,0.E0));
#4628=VECTOR('',#4627,2.E-1);
#4629=CARTESIAN_POINT('',(-5.E-1,1.75E-1,9.E-1));
#4630=LINE('',#4629,#4628);
#4631=CURVE_STYLE('',#35,POSITIVE_LENGTH_MEASURE(2.E-2),#3);
#4632=PRESENTATION_STYLE_ASSIGNMENT((#4631));
#4633=STYLED_ITEM('',(#4632),#4630);
#4634=DIRECTION('',(0.E0,0.E0,1.E0));
#4635=VECTOR('',#4634,1.E-1);
#4636=CARTESIAN_POINT('',(-7.E-1,1.75E-1,9.E-1));
#4637=LINE('',#4636,#4635);
#4638=CURVE_STYLE('',#35,POSITIVE_LENGTH_MEASURE(2.E-2),#3);
#4639=PRESENTATION_STYLE_ASSIGNMENT((#4638));
#4640=STYLED_ITEM('',(#4639),#4637);
#4641=DIRECTION('',(0.E0,0.E0,-1.E0));
#4642=VECTOR('',#4641,1.E-1);
#4643=CARTESIAN_POINT('',(7.E-1,1.75E-1,1.E0));
#4644=LINE('',#4643,#4642);
#4645=CURVE_STYLE('',#35,POSITIVE_LENGTH_MEASURE(2.E-2),#3);
#4646=PRESENTATION_STYLE_ASSIGNMENT((#4645));
#4647=STYLED_ITEM('',(#4646),#4644);
#4648=DIRECTION('',(-1.E0,0.E0,0.E0));
#4649=VECTOR('',#4648,2.E-1);
#4650=CARTESIAN_POINT('',(7.E-1,1.75E-1,9.E-1));
#4651=LINE('',#4650,#4649);
#4652=CURVE_STYLE('',#35,POSITIVE_LENGTH_MEASURE(2.E-2),#3);
#4653=PRESENTATION_STYLE_ASSIGNMENT((#4652));
#4654=STYLED_ITEM('',(#4653),#4651);
#4655=DIRECTION('',(0.E0,0.E0,1.E0));
#4656=VECTOR('',#4655,1.E-1);
#4657=CARTESIAN_POINT('',(5.E-1,1.75E-1,9.E-1));
#4658=LINE('',#4657,#4656);
#4659=CURVE_STYLE('',#35,POSITIVE_LENGTH_MEASURE(2.E-2),#3);
#4660=PRESENTATION_STYLE_ASSIGNMENT((#4659));
#4661=STYLED_ITEM('',(#4660),#4658);
#4662=DIRECTION('',(0.E0,0.E0,1.E0));
#4663=VECTOR('',#4662,1.E-1);
#4664=CARTESIAN_POINT('',(-7.E-1,1.75E-1,-1.E0));
#4665=LINE('',#4664,#4663);
#4666=CURVE_STYLE('',#35,POSITIVE_LENGTH_MEASURE(2.E-2),#3);
#4667=PRESENTATION_STYLE_ASSIGNMENT((#4666));
#4668=STYLED_ITEM('',(#4667),#4665);
#4669=DIRECTION('',(1.E0,0.E0,0.E0));
#4670=VECTOR('',#4669,2.E-1);
#4671=CARTESIAN_POINT('',(-7.E-1,1.75E-1,-9.E-1));
#4672=LINE('',#4671,#4670);
#4673=CURVE_STYLE('',#35,POSITIVE_LENGTH_MEASURE(2.E-2),#3);
#4674=PRESENTATION_STYLE_ASSIGNMENT((#4673));
#4675=STYLED_ITEM('',(#4674),#4672);
#4676=DIRECTION('',(0.E0,0.E0,-1.E0));
#4677=VECTOR('',#4676,1.E-1);
#4678=CARTESIAN_POINT('',(-5.E-1,1.75E-1,-9.E-1));
#4679=LINE('',#4678,#4677);
#4680=CURVE_STYLE('',#35,POSITIVE_LENGTH_MEASURE(2.E-2),#3);
#4681=PRESENTATION_STYLE_ASSIGNMENT((#4680));
#4682=STYLED_ITEM('',(#4681),#4679);
#4683=DIRECTION('',(0.E0,0.E0,1.E0));
#4684=VECTOR('',#4683,1.E-1);
#4685=CARTESIAN_POINT('',(5.E-1,1.75E-1,-1.E0));
#4686=LINE('',#4685,#4684);
#4687=CURVE_STYLE('',#35,POSITIVE_LENGTH_MEASURE(2.E-2),#3);
#4688=PRESENTATION_STYLE_ASSIGNMENT((#4687));
#4689=STYLED_ITEM('',(#4688),#4686);
#4690=DIRECTION('',(1.E0,0.E0,0.E0));
#4691=VECTOR('',#4690,2.E-1);
#4692=CARTESIAN_POINT('',(5.E-1,1.75E-1,-9.E-1));
#4693=LINE('',#4692,#4691);
#4694=CURVE_STYLE('',#35,POSITIVE_LENGTH_MEASURE(2.E-2),#3);
#4695=PRESENTATION_STYLE_ASSIGNMENT((#4694));
#4696=STYLED_ITEM('',(#4695),#4693);
#4697=DIRECTION('',(0.E0,0.E0,-1.E0));
#4698=VECTOR('',#4697,1.E-1);
#4699=CARTESIAN_POINT('',(7.E-1,1.75E-1,-9.E-1));
#4700=LINE('',#4699,#4698);
#4701=CURVE_STYLE('',#35,POSITIVE_LENGTH_MEASURE(2.E-2),#3);
#4702=PRESENTATION_STYLE_ASSIGNMENT((#4701));
#4703=STYLED_ITEM('',(#4702),#4700);
#4704=DIRECTION('',(0.E0,1.E0,0.E0));
#4705=VECTOR('',#4704,1.E-1);
#4706=CARTESIAN_POINT('',(-5.E-1,7.5E-2,9.E-1));
#4707=LINE('',#4706,#4705);
#4708=CURVE_STYLE('',#35,POSITIVE_LENGTH_MEASURE(2.E-2),#3);
#4709=PRESENTATION_STYLE_ASSIGNMENT((#4708));
#4710=STYLED_ITEM('',(#4709),#4707);
#4711=DIRECTION('',(0.E0,1.E0,0.E0));
#4712=VECTOR('',#4711,1.E-1);
#4713=CARTESIAN_POINT('',(7.E-1,7.5E-2,9.E-1));
#4714=LINE('',#4713,#4712);
#4715=CURVE_STYLE('',#35,POSITIVE_LENGTH_MEASURE(2.E-2),#3);
#4716=PRESENTATION_STYLE_ASSIGNMENT((#4715));
#4717=STYLED_ITEM('',(#4716),#4714);
#4718=DIRECTION('',(0.E0,1.E0,0.E0));
#4719=VECTOR('',#4718,1.E-1);
#4720=CARTESIAN_POINT('',(5.E-1,7.5E-2,9.E-1));
#4721=LINE('',#4720,#4719);
#4722=CURVE_STYLE('',#35,POSITIVE_LENGTH_MEASURE(2.E-2),#3);
#4723=PRESENTATION_STYLE_ASSIGNMENT((#4722));
#4724=STYLED_ITEM('',(#4723),#4721);
#4725=DIRECTION('',(0.E0,1.E0,0.E0));
#4726=VECTOR('',#4725,1.E-1);
#4727=CARTESIAN_POINT('',(-7.E-1,7.5E-2,-9.E-1));
#4728=LINE('',#4727,#4726);
#4729=CURVE_STYLE('',#35,POSITIVE_LENGTH_MEASURE(2.E-2),#3);
#4730=PRESENTATION_STYLE_ASSIGNMENT((#4729));
#4731=STYLED_ITEM('',(#4730),#4728);
#4732=DIRECTION('',(0.E0,1.E0,0.E0));
#4733=VECTOR('',#4732,1.E-1);
#4734=CARTESIAN_POINT('',(-5.E-1,7.5E-2,-9.E-1));
#4735=LINE('',#4734,#4733);
#4736=CURVE_STYLE('',#35,POSITIVE_LENGTH_MEASURE(2.E-2),#3);
#4737=PRESENTATION_STYLE_ASSIGNMENT((#4736));
#4738=STYLED_ITEM('',(#4737),#4735);
#4739=DIRECTION('',(0.E0,1.E0,0.E0));
#4740=VECTOR('',#4739,1.E-1);
#4741=CARTESIAN_POINT('',(5.E-1,7.5E-2,-9.E-1));
#4742=LINE('',#4741,#4740);
#4743=CURVE_STYLE('',#35,POSITIVE_LENGTH_MEASURE(2.E-2),#3);
#4744=PRESENTATION_STYLE_ASSIGNMENT((#4743));
#4745=STYLED_ITEM('',(#4744),#4742);
#4746=DIRECTION('',(0.E0,1.E0,0.E0));
#4747=VECTOR('',#4746,1.E-1);
#4748=CARTESIAN_POINT('',(7.E-1,7.5E-2,-9.E-1));
#4749=LINE('',#4748,#4747);
#4750=CURVE_STYLE('',#35,POSITIVE_LENGTH_MEASURE(2.E-2),#3);
#4751=PRESENTATION_STYLE_ASSIGNMENT((#4750));
#4752=STYLED_ITEM('',(#4751),#4749);
#4753=DIRECTION('',(0.E0,1.E0,0.E0));
#4754=VECTOR('',#4753,1.75E-1);
#4755=CARTESIAN_POINT('',(-1.175E0,0.E0,8.75E-1));
#4756=LINE('',#4755,#4754);
#4757=CURVE_STYLE('',#35,POSITIVE_LENGTH_MEASURE(2.E-2),#3);
#4758=PRESENTATION_STYLE_ASSIGNMENT((#4757));
#4759=STYLED_ITEM('',(#4758),#4756);
#4760=DIRECTION('',(0.E0,1.E0,0.E0));
#4761=VECTOR('',#4760,1.75E-1);
#4762=CARTESIAN_POINT('',(-1.1E0,0.E0,8.E-1));
#4763=LINE('',#4762,#4761);
#4764=CURVE_STYLE('',#35,POSITIVE_LENGTH_MEASURE(2.E-2),#3);
#4765=PRESENTATION_STYLE_ASSIGNMENT((#4764));
#4766=STYLED_ITEM('',(#4765),#4763);
#4767=DIRECTION('',(0.E0,1.E0,0.E0));
#4768=VECTOR('',#4767,1.75E-1);
#4769=CARTESIAN_POINT('',(-1.1E0,0.E0,7.E-1));
#4770=LINE('',#4769,#4768);
#4771=CURVE_STYLE('',#35,POSITIVE_LENGTH_MEASURE(2.E-2),#3);
#4772=PRESENTATION_STYLE_ASSIGNMENT((#4771));
#4773=STYLED_ITEM('',(#4772),#4770);
#4774=DIRECTION('',(0.E0,1.E0,0.E0));
#4775=VECTOR('',#4774,1.75E-1);
#4776=CARTESIAN_POINT('',(-1.175E0,0.E0,6.25E-1));
#4777=LINE('',#4776,#4775);
#4778=CURVE_STYLE('',#35,POSITIVE_LENGTH_MEASURE(2.E-2),#3);
#4779=PRESENTATION_STYLE_ASSIGNMENT((#4778));
#4780=STYLED_ITEM('',(#4779),#4777);
#4781=DIRECTION('',(1.E0,0.E0,0.E0));
#4782=VECTOR('',#4781,3.25E-1);
#4783=CARTESIAN_POINT('',(-1.5E0,1.75E-1,8.75E-1));
#4784=LINE('',#4783,#4782);
#4785=CURVE_STYLE('',#35,POSITIVE_LENGTH_MEASURE(2.E-2),#3);
#4786=PRESENTATION_STYLE_ASSIGNMENT((#4785));
#4787=STYLED_ITEM('',(#4786),#4784);
#4788=CARTESIAN_POINT('',(-1.175E0,1.75E-1,8.E-1));
#4789=DIRECTION('',(0.E0,1.E0,0.E0));
#4790=DIRECTION('',(0.E0,0.E0,1.E0));
#4791=AXIS2_PLACEMENT_3D('',#4788,#4789,#4790);
#4793=CURVE_STYLE('',#35,POSITIVE_LENGTH_MEASURE(2.E-2),#3);
#4794=PRESENTATION_STYLE_ASSIGNMENT((#4793));
#4795=STYLED_ITEM('',(#4794),#4792);
#4796=DIRECTION('',(0.E0,0.E0,-1.E0));
#4797=VECTOR('',#4796,1.E-1);
#4798=CARTESIAN_POINT('',(-1.1E0,1.75E-1,8.E-1));
#4799=LINE('',#4798,#4797);
#4800=CURVE_STYLE('',#35,POSITIVE_LENGTH_MEASURE(2.E-2),#3);
#4801=PRESENTATION_STYLE_ASSIGNMENT((#4800));
#4802=STYLED_ITEM('',(#4801),#4799);
#4803=CARTESIAN_POINT('',(-1.175E0,1.75E-1,7.E-1));
#4804=DIRECTION('',(0.E0,1.E0,0.E0));
#4805=DIRECTION('',(1.E0,0.E0,0.E0));
#4806=AXIS2_PLACEMENT_3D('',#4803,#4804,#4805);
#4808=CURVE_STYLE('',#35,POSITIVE_LENGTH_MEASURE(2.E-2),#3);
#4809=PRESENTATION_STYLE_ASSIGNMENT((#4808));
#4810=STYLED_ITEM('',(#4809),#4807);
#4811=DIRECTION('',(-1.E0,0.E0,0.E0));
#4812=VECTOR('',#4811,3.25E-1);
#4813=CARTESIAN_POINT('',(-1.175E0,1.75E-1,6.25E-1));
#4814=LINE('',#4813,#4812);
#4815=CURVE_STYLE('',#35,POSITIVE_LENGTH_MEASURE(2.E-2),#3);
#4816=PRESENTATION_STYLE_ASSIGNMENT((#4815));
#4817=STYLED_ITEM('',(#4816),#4814);
#4818=DIRECTION('',(0.E0,1.E0,0.E0));
#4819=VECTOR('',#4818,1.75E-1);
#4820=CARTESIAN_POINT('',(-1.175E0,0.E0,3.75E-1));
#4821=LINE('',#4820,#4819);
#4822=CURVE_STYLE('',#35,POSITIVE_LENGTH_MEASURE(2.E-2),#3);
#4823=PRESENTATION_STYLE_ASSIGNMENT((#4822));
#4824=STYLED_ITEM('',(#4823),#4821);
#4825=DIRECTION('',(0.E0,1.E0,0.E0));
#4826=VECTOR('',#4825,1.75E-1);
#4827=CARTESIAN_POINT('',(-1.1E0,0.E0,3.E-1));
#4828=LINE('',#4827,#4826);
#4829=CURVE_STYLE('',#35,POSITIVE_LENGTH_MEASURE(2.E-2),#3);
#4830=PRESENTATION_STYLE_ASSIGNMENT((#4829));
#4831=STYLED_ITEM('',(#4830),#4828);
#4832=DIRECTION('',(0.E0,1.E0,0.E0));
#4833=VECTOR('',#4832,1.75E-1);
#4834=CARTESIAN_POINT('',(-1.1E0,0.E0,2.E-1));
#4835=LINE('',#4834,#4833);
#4836=CURVE_STYLE('',#35,POSITIVE_LENGTH_MEASURE(2.E-2),#3);
#4837=PRESENTATION_STYLE_ASSIGNMENT((#4836));
#4838=STYLED_ITEM('',(#4837),#4835);
#4839=DIRECTION('',(0.E0,1.E0,0.E0));
#4840=VECTOR('',#4839,1.75E-1);
#4841=CARTESIAN_POINT('',(-1.175E0,0.E0,1.25E-1));
#4842=LINE('',#4841,#4840);
#4843=CURVE_STYLE('',#35,POSITIVE_LENGTH_MEASURE(2.E-2),#3);
#4844=PRESENTATION_STYLE_ASSIGNMENT((#4843));
#4845=STYLED_ITEM('',(#4844),#4842);
#4846=DIRECTION('',(1.E0,0.E0,0.E0));
#4847=VECTOR('',#4846,3.25E-1);
#4848=CARTESIAN_POINT('',(-1.5E0,1.75E-1,3.75E-1));
#4849=LINE('',#4848,#4847);
#4850=CURVE_STYLE('',#35,POSITIVE_LENGTH_MEASURE(2.E-2),#3);
#4851=PRESENTATION_STYLE_ASSIGNMENT((#4850));
#4852=STYLED_ITEM('',(#4851),#4849);
#4853=CARTESIAN_POINT('',(-1.175E0,1.75E-1,3.E-1));
#4854=DIRECTION('',(0.E0,1.E0,0.E0));
#4855=DIRECTION('',(0.E0,0.E0,1.E0));
#4856=AXIS2_PLACEMENT_3D('',#4853,#4854,#4855);
#4858=CURVE_STYLE('',#35,POSITIVE_LENGTH_MEASURE(2.E-2),#3);
#4859=PRESENTATION_STYLE_ASSIGNMENT((#4858));
#4860=STYLED_ITEM('',(#4859),#4857);
#4861=DIRECTION('',(0.E0,0.E0,-1.E0));
#4862=VECTOR('',#4861,1.E-1);
#4863=CARTESIAN_POINT('',(-1.1E0,1.75E-1,3.E-1));
#4864=LINE('',#4863,#4862);
#4865=CURVE_STYLE('',#35,POSITIVE_LENGTH_MEASURE(2.E-2),#3);
#4866=PRESENTATION_STYLE_ASSIGNMENT((#4865));
#4867=STYLED_ITEM('',(#4866),#4864);
#4868=CARTESIAN_POINT('',(-1.175E0,1.75E-1,2.E-1));
#4869=DIRECTION('',(0.E0,1.E0,0.E0));
#4870=DIRECTION('',(1.E0,0.E0,0.E0));
#4871=AXIS2_PLACEMENT_3D('',#4868,#4869,#4870);
#4873=CURVE_STYLE('',#35,POSITIVE_LENGTH_MEASURE(2.E-2),#3);
#4874=PRESENTATION_STYLE_ASSIGNMENT((#4873));
#4875=STYLED_ITEM('',(#4874),#4872);
#4876=DIRECTION('',(-1.E0,0.E0,0.E0));
#4877=VECTOR('',#4876,3.25E-1);
#4878=CARTESIAN_POINT('',(-1.175E0,1.75E-1,1.25E-1));
#4879=LINE('',#4878,#4877);
#4880=CURVE_STYLE('',#35,POSITIVE_LENGTH_MEASURE(2.E-2),#3);
#4881=PRESENTATION_STYLE_ASSIGNMENT((#4880));
#4882=STYLED_ITEM('',(#4881),#4879);
#4883=DIRECTION('',(0.E0,1.E0,0.E0));
#4884=VECTOR('',#4883,1.75E-1);
#4885=CARTESIAN_POINT('',(-1.175E0,0.E0,-1.25E-1));
#4886=LINE('',#4885,#4884);
#4887=CURVE_STYLE('',#35,POSITIVE_LENGTH_MEASURE(2.E-2),#3);
#4888=PRESENTATION_STYLE_ASSIGNMENT((#4887));
#4889=STYLED_ITEM('',(#4888),#4886);
#4890=DIRECTION('',(0.E0,1.E0,0.E0));
#4891=VECTOR('',#4890,1.75E-1);
#4892=CARTESIAN_POINT('',(-1.1E0,0.E0,-2.E-1));
#4893=LINE('',#4892,#4891);
#4894=CURVE_STYLE('',#35,POSITIVE_LENGTH_MEASURE(2.E-2),#3);
#4895=PRESENTATION_STYLE_ASSIGNMENT((#4894));
#4896=STYLED_ITEM('',(#4895),#4893);
#4897=DIRECTION('',(0.E0,1.E0,0.E0));
#4898=VECTOR('',#4897,1.75E-1);
#4899=CARTESIAN_POINT('',(-1.1E0,0.E0,-3.E-1));
#4900=LINE('',#4899,#4898);
#4901=CURVE_STYLE('',#35,POSITIVE_LENGTH_MEASURE(2.E-2),#3);
#4902=PRESENTATION_STYLE_ASSIGNMENT((#4901));
#4903=STYLED_ITEM('',(#4902),#4900);
#4904=DIRECTION('',(0.E0,1.E0,0.E0));
#4905=VECTOR('',#4904,1.75E-1);
#4906=CARTESIAN_POINT('',(-1.175E0,0.E0,-3.75E-1));
#4907=LINE('',#4906,#4905);
#4908=CURVE_STYLE('',#35,POSITIVE_LENGTH_MEASURE(2.E-2),#3);
#4909=PRESENTATION_STYLE_ASSIGNMENT((#4908));
#4910=STYLED_ITEM('',(#4909),#4907);
#4911=DIRECTION('',(1.E0,0.E0,0.E0));
#4912=VECTOR('',#4911,3.25E-1);
#4913=CARTESIAN_POINT('',(-1.5E0,1.75E-1,-1.25E-1));
#4914=LINE('',#4913,#4912);
#4915=CURVE_STYLE('',#35,POSITIVE_LENGTH_MEASURE(2.E-2),#3);
#4916=PRESENTATION_STYLE_ASSIGNMENT((#4915));
#4917=STYLED_ITEM('',(#4916),#4914);
#4918=CARTESIAN_POINT('',(-1.175E0,1.75E-1,-2.E-1));
#4919=DIRECTION('',(0.E0,1.E0,0.E0));
#4920=DIRECTION('',(0.E0,0.E0,1.E0));
#4921=AXIS2_PLACEMENT_3D('',#4918,#4919,#4920);
#4923=CURVE_STYLE('',#35,POSITIVE_LENGTH_MEASURE(2.E-2),#3);
#4924=PRESENTATION_STYLE_ASSIGNMENT((#4923));
#4925=STYLED_ITEM('',(#4924),#4922);
#4926=DIRECTION('',(0.E0,0.E0,-1.E0));
#4927=VECTOR('',#4926,1.E-1);
#4928=CARTESIAN_POINT('',(-1.1E0,1.75E-1,-2.E-1));
#4929=LINE('',#4928,#4927);
#4930=CURVE_STYLE('',#35,POSITIVE_LENGTH_MEASURE(2.E-2),#3);
#4931=PRESENTATION_STYLE_ASSIGNMENT((#4930));
#4932=STYLED_ITEM('',(#4931),#4929);
#4933=CARTESIAN_POINT('',(-1.175E0,1.75E-1,-3.E-1));
#4934=DIRECTION('',(0.E0,1.E0,0.E0));
#4935=DIRECTION('',(1.E0,0.E0,0.E0));
#4936=AXIS2_PLACEMENT_3D('',#4933,#4934,#4935);
#4938=CURVE_STYLE('',#35,POSITIVE_LENGTH_MEASURE(2.E-2),#3);
#4939=PRESENTATION_STYLE_ASSIGNMENT((#4938));
#4940=STYLED_ITEM('',(#4939),#4937);
#4941=DIRECTION('',(-1.E0,0.E0,0.E0));
#4942=VECTOR('',#4941,3.25E-1);
#4943=CARTESIAN_POINT('',(-1.175E0,1.75E-1,-3.75E-1));
#4944=LINE('',#4943,#4942);
#4945=CURVE_STYLE('',#35,POSITIVE_LENGTH_MEASURE(2.E-2),#3);
#4946=PRESENTATION_STYLE_ASSIGNMENT((#4945));
#4947=STYLED_ITEM('',(#4946),#4944);
#4948=DIRECTION('',(0.E0,-1.E0,0.E0));
#4949=VECTOR('',#4948,1.75E-1);
#4950=CARTESIAN_POINT('',(-9.E-1,1.75E-1,-5.25E-1));
#4951=LINE('',#4950,#4949);
#4952=CURVE_STYLE('',#35,POSITIVE_LENGTH_MEASURE(2.E-2),#3);
#4953=PRESENTATION_STYLE_ASSIGNMENT((#4952));
#4954=STYLED_ITEM('',(#4953),#4951);
#4955=DIRECTION('',(0.E0,1.E0,0.E0));
#4956=VECTOR('',#4955,1.75E-1);
#4957=CARTESIAN_POINT('',(-9.E-1,0.E0,8.25E-1));
#4958=LINE('',#4957,#4956);
#4959=CURVE_STYLE('',#35,POSITIVE_LENGTH_MEASURE(2.E-2),#3);
#4960=PRESENTATION_STYLE_ASSIGNMENT((#4959));
#4961=STYLED_ITEM('',(#4960),#4958);
#4962=DIRECTION('',(0.E0,1.E0,0.E0));
#4963=VECTOR('',#4962,1.75E-1);
#4964=CARTESIAN_POINT('',(9.E-1,0.E0,8.25E-1));
#4965=LINE('',#4964,#4963);
#4966=CURVE_STYLE('',#35,POSITIVE_LENGTH_MEASURE(2.E-2),#3);
#4967=PRESENTATION_STYLE_ASSIGNMENT((#4966));
#4968=STYLED_ITEM('',(#4967),#4965);
#4969=DIRECTION('',(0.E0,-1.E0,0.E0));
#4970=VECTOR('',#4969,1.75E-1);
#4971=CARTESIAN_POINT('',(-6.E-1,1.75E-1,-8.25E-1));
#4972=LINE('',#4971,#4970);
#4973=CURVE_STYLE('',#35,POSITIVE_LENGTH_MEASURE(2.E-2),#3);
#4974=PRESENTATION_STYLE_ASSIGNMENT((#4973));
#4975=STYLED_ITEM('',(#4974),#4972);
#4976=DIRECTION('',(0.E0,1.E0,0.E0));
#4977=VECTOR('',#4976,1.75E-1);
#4978=CARTESIAN_POINT('',(9.E-1,0.E0,-8.25E-1));
#4979=LINE('',#4978,#4977);
#4980=CURVE_STYLE('',#35,POSITIVE_LENGTH_MEASURE(2.E-2),#3);
#4981=PRESENTATION_STYLE_ASSIGNMENT((#4980));
#4982=STYLED_ITEM('',(#4981),#4979);
#4983=DIRECTION('',(-7.071067811865E-1,0.E0,7.071067811865E-1));
#4984=VECTOR('',#4983,4.242640687119E-1);
#4985=CARTESIAN_POINT('',(-6.E-1,1.75E-1,-8.25E-1));
#4986=LINE('',#4985,#4984);
#4987=CURVE_STYLE('',#35,POSITIVE_LENGTH_MEASURE(2.E-2),#3);
#4988=PRESENTATION_STYLE_ASSIGNMENT((#4987));
#4989=STYLED_ITEM('',(#4988),#4986);
#4990=DIRECTION('',(0.E0,0.E0,1.E0));
#4991=VECTOR('',#4990,1.35E0);
#4992=CARTESIAN_POINT('',(-9.E-1,1.75E-1,-5.25E-1));
#4993=LINE('',#4992,#4991);
#4994=CURVE_STYLE('',#35,POSITIVE_LENGTH_MEASURE(2.E-2),#3);
#4995=PRESENTATION_STYLE_ASSIGNMENT((#4994));
#4996=STYLED_ITEM('',(#4995),#4993);
#4997=DIRECTION('',(1.E0,0.E0,0.E0));
#4998=VECTOR('',#4997,1.8E0);
#4999=CARTESIAN_POINT('',(-9.E-1,1.75E-1,8.25E-1));
#5000=LINE('',#4999,#4998);
#5001=CURVE_STYLE('',#35,POSITIVE_LENGTH_MEASURE(2.E-2),#3);
#5002=PRESENTATION_STYLE_ASSIGNMENT((#5001));
#5003=STYLED_ITEM('',(#5002),#5000);
#5004=DIRECTION('',(0.E0,0.E0,-1.E0));
#5005=VECTOR('',#5004,1.65E0);
#5006=CARTESIAN_POINT('',(9.E-1,1.75E-1,8.25E-1));
#5007=LINE('',#5006,#5005);
#5008=CURVE_STYLE('',#35,POSITIVE_LENGTH_MEASURE(2.E-2),#3);
#5009=PRESENTATION_STYLE_ASSIGNMENT((#5008));
#5010=STYLED_ITEM('',(#5009),#5007);
#5011=DIRECTION('',(-1.E0,0.E0,0.E0));
#5012=VECTOR('',#5011,1.5E0);
#5013=CARTESIAN_POINT('',(9.E-1,1.75E-1,-8.25E-1));
#5014=LINE('',#5013,#5012);
#5015=CURVE_STYLE('',#35,POSITIVE_LENGTH_MEASURE(2.E-2),#3);
#5016=PRESENTATION_STYLE_ASSIGNMENT((#5015));
#5017=STYLED_ITEM('',(#5016),#5014);
#5018=CARTESIAN_POINT('',(-1.5E0,0.E0,1.E0));
#5019=CARTESIAN_POINT('',(1.5E0,0.E0,1.E0));
#5020=VERTEX_POINT('',#5018);
#5021=VERTEX_POINT('',#5019);
#5022=CARTESIAN_POINT('',(1.5E0,0.E0,-1.E0));
#5023=CARTESIAN_POINT('',(-1.5E0,0.E0,-1.E0));
#5024=VERTEX_POINT('',#5022);
#5025=VERTEX_POINT('',#5023);
#5026=CARTESIAN_POINT('',(-1.5E0,7.75E-1,-1.E0));
#5027=CARTESIAN_POINT('',(-1.5E0,7.75E-1,1.E0));
#5028=VERTEX_POINT('',#5026);
#5029=VERTEX_POINT('',#5027);
#5030=CARTESIAN_POINT('',(1.5E0,7.75E-1,1.E0));
#5031=VERTEX_POINT('',#5030);
#5032=CARTESIAN_POINT('',(1.5E0,7.75E-1,-1.E0));
#5033=VERTEX_POINT('',#5032);
#5034=CARTESIAN_POINT('',(-9.E-1,1.75E-1,8.25E-1));
#5035=CARTESIAN_POINT('',(9.E-1,1.75E-1,8.25E-1));
#5036=VERTEX_POINT('',#5034);
#5037=VERTEX_POINT('',#5035);
#5038=CARTESIAN_POINT('',(9.E-1,1.75E-1,-8.25E-1));
#5039=VERTEX_POINT('',#5038);
#5040=CARTESIAN_POINT('',(-6.E-1,1.75E-1,-8.25E-1));
#5041=CARTESIAN_POINT('',(-9.E-1,1.75E-1,-5.25E-1));
#5042=VERTEX_POINT('',#5040);
#5043=VERTEX_POINT('',#5041);
#5044=CARTESIAN_POINT('',(-1.5E0,0.E0,-6.25E-1));
#5045=CARTESIAN_POINT('',(-1.175E0,0.E0,-6.25E-1));
#5046=VERTEX_POINT('',#5044);
#5047=VERTEX_POINT('',#5045);
#5048=CARTESIAN_POINT('',(-1.5E0,0.E0,-8.75E-1));
#5049=CARTESIAN_POINT('',(-1.175E0,0.E0,-8.75E-1));
#5050=VERTEX_POINT('',#5048);
#5051=VERTEX_POINT('',#5049);
#5052=CARTESIAN_POINT('',(-1.5E0,0.E0,-1.25E-1));
#5053=CARTESIAN_POINT('',(-1.175E0,0.E0,-1.25E-1));
#5054=VERTEX_POINT('',#5052);
#5055=VERTEX_POINT('',#5053);
#5056=CARTESIAN_POINT('',(-1.5E0,0.E0,-3.75E-1));
#5057=CARTESIAN_POINT('',(-1.175E0,0.E0,-3.75E-1));
#5058=VERTEX_POINT('',#5056);
#5059=VERTEX_POINT('',#5057);
#5060=CARTESIAN_POINT('',(-1.5E0,0.E0,3.75E-1));
#5061=CARTESIAN_POINT('',(-1.175E0,0.E0,3.75E-1));
#5062=VERTEX_POINT('',#5060);
#5063=VERTEX_POINT('',#5061);
#5064=CARTESIAN_POINT('',(-1.5E0,0.E0,1.25E-1));
#5065=CARTESIAN_POINT('',(-1.175E0,0.E0,1.25E-1));
#5066=VERTEX_POINT('',#5064);
#5067=VERTEX_POINT('',#5065);
#5068=CARTESIAN_POINT('',(-1.5E0,0.E0,8.75E-1));
#5069=CARTESIAN_POINT('',(-1.175E0,0.E0,8.75E-1));
#5070=VERTEX_POINT('',#5068);
#5071=VERTEX_POINT('',#5069);
#5072=CARTESIAN_POINT('',(-1.5E0,0.E0,6.25E-1));
#5073=CARTESIAN_POINT('',(-1.175E0,0.E0,6.25E-1));
#5074=VERTEX_POINT('',#5072);
#5075=VERTEX_POINT('',#5073);
#5076=CARTESIAN_POINT('',(1.5E0,0.E0,-6.25E-1));
#5077=CARTESIAN_POINT('',(1.175E0,0.E0,-6.25E-1));
#5078=VERTEX_POINT('',#5076);
#5079=VERTEX_POINT('',#5077);
#5080=CARTESIAN_POINT('',(1.5E0,0.E0,-8.75E-1));
#5081=CARTESIAN_POINT('',(1.175E0,0.E0,-8.75E-1));
#5082=VERTEX_POINT('',#5080);
#5083=VERTEX_POINT('',#5081);
#5084=CARTESIAN_POINT('',(1.5E0,0.E0,-1.25E-1));
#5085=CARTESIAN_POINT('',(1.175E0,0.E0,-1.25E-1));
#5086=VERTEX_POINT('',#5084);
#5087=VERTEX_POINT('',#5085);
#5088=CARTESIAN_POINT('',(1.5E0,0.E0,-3.75E-1));
#5089=CARTESIAN_POINT('',(1.175E0,0.E0,-3.75E-1));
#5090=VERTEX_POINT('',#5088);
#5091=VERTEX_POINT('',#5089);
#5092=CARTESIAN_POINT('',(1.5E0,0.E0,3.75E-1));
#5093=CARTESIAN_POINT('',(1.175E0,0.E0,3.75E-1));
#5094=VERTEX_POINT('',#5092);
#5095=VERTEX_POINT('',#5093);
#5096=CARTESIAN_POINT('',(1.5E0,0.E0,1.25E-1));
#5097=CARTESIAN_POINT('',(1.175E0,0.E0,1.25E-1));
#5098=VERTEX_POINT('',#5096);
#5099=VERTEX_POINT('',#5097);
#5100=CARTESIAN_POINT('',(1.5E0,0.E0,8.75E-1));
#5101=CARTESIAN_POINT('',(1.175E0,0.E0,8.75E-1));
#5102=VERTEX_POINT('',#5100);
#5103=VERTEX_POINT('',#5101);
#5104=CARTESIAN_POINT('',(1.5E0,0.E0,6.25E-1));
#5105=CARTESIAN_POINT('',(1.175E0,0.E0,6.25E-1));
#5106=VERTEX_POINT('',#5104);
#5107=VERTEX_POINT('',#5105);
#5108=CARTESIAN_POINT('',(-9.E-1,0.E0,-5.25E-1));
#5109=CARTESIAN_POINT('',(-9.E-1,0.E0,8.25E-1));
#5110=VERTEX_POINT('',#5108);
#5111=VERTEX_POINT('',#5109);
#5112=CARTESIAN_POINT('',(9.E-1,0.E0,8.25E-1));
#5113=VERTEX_POINT('',#5112);
#5114=CARTESIAN_POINT('',(9.E-1,0.E0,-8.25E-1));
#5115=VERTEX_POINT('',#5114);
#5116=CARTESIAN_POINT('',(-6.E-1,0.E0,-8.25E-1));
#5117=VERTEX_POINT('',#5116);
#5118=CARTESIAN_POINT('',(-1.5E0,1.75E-1,-6.25E-1));
#5119=CARTESIAN_POINT('',(-1.5E0,1.75E-1,-8.75E-1));
#5120=VERTEX_POINT('',#5118);
#5121=VERTEX_POINT('',#5119);
#5122=CARTESIAN_POINT('',(-1.5E0,1.75E-1,-1.25E-1));
#5123=CARTESIAN_POINT('',(-1.5E0,1.75E-1,-3.75E-1));
#5124=VERTEX_POINT('',#5122);
#5125=VERTEX_POINT('',#5123);
#5126=CARTESIAN_POINT('',(-1.5E0,1.75E-1,3.75E-1));
#5127=CARTESIAN_POINT('',(-1.5E0,1.75E-1,1.25E-1));
#5128=VERTEX_POINT('',#5126);
#5129=VERTEX_POINT('',#5127);
#5130=CARTESIAN_POINT('',(-1.5E0,1.75E-1,8.75E-1));
#5131=CARTESIAN_POINT('',(-1.5E0,1.75E-1,6.25E-1));
#5132=VERTEX_POINT('',#5130);
#5133=VERTEX_POINT('',#5131);
#5134=CARTESIAN_POINT('',(1.5E0,1.75E-1,-6.25E-1));
#5135=CARTESIAN_POINT('',(1.5E0,1.75E-1,-8.75E-1));
#5136=VERTEX_POINT('',#5134);
#5137=VERTEX_POINT('',#5135);
#5138=CARTESIAN_POINT('',(1.5E0,1.75E-1,-1.25E-1));
#5139=CARTESIAN_POINT('',(1.5E0,1.75E-1,-3.75E-1));
#5140=VERTEX_POINT('',#5138);
#5141=VERTEX_POINT('',#5139);
#5142=CARTESIAN_POINT('',(1.5E0,1.75E-1,3.75E-1));
#5143=CARTESIAN_POINT('',(1.5E0,1.75E-1,1.25E-1));
#5144=VERTEX_POINT('',#5142);
#5145=VERTEX_POINT('',#5143);
#5146=CARTESIAN_POINT('',(1.5E0,1.75E-1,8.75E-1));
#5147=CARTESIAN_POINT('',(1.5E0,1.75E-1,6.25E-1));
#5148=VERTEX_POINT('',#5146);
#5149=VERTEX_POINT('',#5147);
#5150=CARTESIAN_POINT('',(-5.E-1,7.5E-2,9.E-1));
#5151=CARTESIAN_POINT('',(-7.E-1,7.5E-2,9.E-1));
#5152=VERTEX_POINT('',#5150);
#5153=VERTEX_POINT('',#5151);
#5154=CARTESIAN_POINT('',(-5.E-1,1.75E-1,9.E-1));
#5155=CARTESIAN_POINT('',(-7.E-1,1.75E-1,9.E-1));
#5156=VERTEX_POINT('',#5154);
#5157=VERTEX_POINT('',#5155);
#5158=CARTESIAN_POINT('',(-7.E-1,7.5E-2,1.E0));
#5159=CARTESIAN_POINT('',(-5.E-1,7.5E-2,1.E0));
#5160=VERTEX_POINT('',#5158);
#5161=VERTEX_POINT('',#5159);
#5162=CARTESIAN_POINT('',(5.E-1,7.5E-2,1.E0));
#5163=CARTESIAN_POINT('',(7.E-1,7.5E-2,1.E0));
#5164=VERTEX_POINT('',#5162);
#5165=VERTEX_POINT('',#5163);
#5166=CARTESIAN_POINT('',(-7.E-1,1.75E-1,1.E0));
#5167=CARTESIAN_POINT('',(-5.E-1,1.75E-1,1.E0));
#5168=VERTEX_POINT('',#5166);
#5169=VERTEX_POINT('',#5167);
#5170=CARTESIAN_POINT('',(5.E-1,1.75E-1,1.E0));
#5171=CARTESIAN_POINT('',(7.E-1,1.75E-1,1.E0));
#5172=VERTEX_POINT('',#5170);
#5173=VERTEX_POINT('',#5171);
#5174=CARTESIAN_POINT('',(-5.E-1,7.5E-2,-1.E0));
#5175=CARTESIAN_POINT('',(-7.E-1,7.5E-2,-1.E0));
#5176=VERTEX_POINT('',#5174);
#5177=VERTEX_POINT('',#5175);
#5178=CARTESIAN_POINT('',(7.E-1,7.5E-2,-1.E0));
#5179=CARTESIAN_POINT('',(5.E-1,7.5E-2,-1.E0));
#5180=VERTEX_POINT('',#5178);
#5181=VERTEX_POINT('',#5179);
#5182=CARTESIAN_POINT('',(-5.E-1,1.75E-1,-1.E0));
#5183=CARTESIAN_POINT('',(-7.E-1,1.75E-1,-1.E0));
#5184=VERTEX_POINT('',#5182);
#5185=VERTEX_POINT('',#5183);
#5186=CARTESIAN_POINT('',(7.E-1,1.75E-1,-1.E0));
#5187=CARTESIAN_POINT('',(5.E-1,1.75E-1,-1.E0));
#5188=VERTEX_POINT('',#5186);
#5189=VERTEX_POINT('',#5187);
#5190=CARTESIAN_POINT('',(-1.175E0,1.75E-1,-6.25E-1));
#5191=CARTESIAN_POINT('',(-1.1E0,1.75E-1,-7.E-1));
#5192=VERTEX_POINT('',#5190);
#5193=VERTEX_POINT('',#5191);
#5194=CARTESIAN_POINT('',(-1.1E0,1.75E-1,-8.E-1));
#5195=VERTEX_POINT('',#5194);
#5196=CARTESIAN_POINT('',(-1.175E0,1.75E-1,-8.75E-1));
#5197=VERTEX_POINT('',#5196);
#5198=CARTESIAN_POINT('',(-1.175E0,1.75E-1,-1.25E-1));
#5199=CARTESIAN_POINT('',(-1.1E0,1.75E-1,-2.E-1));
#5200=VERTEX_POINT('',#5198);
#5201=VERTEX_POINT('',#5199);
#5202=CARTESIAN_POINT('',(-1.1E0,1.75E-1,-3.E-1));
#5203=VERTEX_POINT('',#5202);
#5204=CARTESIAN_POINT('',(-1.175E0,1.75E-1,-3.75E-1));
#5205=VERTEX_POINT('',#5204);
#5206=CARTESIAN_POINT('',(-1.175E0,1.75E-1,3.75E-1));
#5207=CARTESIAN_POINT('',(-1.1E0,1.75E-1,3.E-1));
#5208=VERTEX_POINT('',#5206);
#5209=VERTEX_POINT('',#5207);
#5210=CARTESIAN_POINT('',(-1.1E0,1.75E-1,2.E-1));
#5211=VERTEX_POINT('',#5210);
#5212=CARTESIAN_POINT('',(-1.175E0,1.75E-1,1.25E-1));
#5213=VERTEX_POINT('',#5212);
#5214=CARTESIAN_POINT('',(-1.175E0,1.75E-1,8.75E-1));
#5215=CARTESIAN_POINT('',(-1.1E0,1.75E-1,8.E-1));
#5216=VERTEX_POINT('',#5214);
#5217=VERTEX_POINT('',#5215);
#5218=CARTESIAN_POINT('',(-1.1E0,1.75E-1,7.E-1));
#5219=VERTEX_POINT('',#5218);
#5220=CARTESIAN_POINT('',(-1.175E0,1.75E-1,6.25E-1));
#5221=VERTEX_POINT('',#5220);
#5222=CARTESIAN_POINT('',(1.175E0,1.75E-1,-6.25E-1));
#5223=CARTESIAN_POINT('',(1.1E0,1.75E-1,-7.E-1));
#5224=VERTEX_POINT('',#5222);
#5225=VERTEX_POINT('',#5223);
#5226=CARTESIAN_POINT('',(1.1E0,1.75E-1,-8.E-1));
#5227=VERTEX_POINT('',#5226);
#5228=CARTESIAN_POINT('',(1.175E0,1.75E-1,-8.75E-1));
#5229=VERTEX_POINT('',#5228);
#5230=CARTESIAN_POINT('',(1.175E0,1.75E-1,-1.25E-1));
#5231=CARTESIAN_POINT('',(1.1E0,1.75E-1,-2.E-1));
#5232=VERTEX_POINT('',#5230);
#5233=VERTEX_POINT('',#5231);
#5234=CARTESIAN_POINT('',(1.1E0,1.75E-1,-3.E-1));
#5235=VERTEX_POINT('',#5234);
#5236=CARTESIAN_POINT('',(1.175E0,1.75E-1,-3.75E-1));
#5237=VERTEX_POINT('',#5236);
#5238=CARTESIAN_POINT('',(1.175E0,1.75E-1,3.75E-1));
#5239=CARTESIAN_POINT('',(1.1E0,1.75E-1,3.E-1));
#5240=VERTEX_POINT('',#5238);
#5241=VERTEX_POINT('',#5239);
#5242=CARTESIAN_POINT('',(1.1E0,1.75E-1,2.E-1));
#5243=VERTEX_POINT('',#5242);
#5244=CARTESIAN_POINT('',(1.175E0,1.75E-1,1.25E-1));
#5245=VERTEX_POINT('',#5244);
#5246=CARTESIAN_POINT('',(1.175E0,1.75E-1,8.75E-1));
#5247=CARTESIAN_POINT('',(1.1E0,1.75E-1,8.E-1));
#5248=VERTEX_POINT('',#5246);
#5249=VERTEX_POINT('',#5247);
#5250=CARTESIAN_POINT('',(1.1E0,1.75E-1,7.E-1));
#5251=VERTEX_POINT('',#5250);
#5252=CARTESIAN_POINT('',(1.175E0,1.75E-1,6.25E-1));
#5253=VERTEX_POINT('',#5252);
#5254=CARTESIAN_POINT('',(-1.1E0,0.E0,-7.E-1));
#5255=VERTEX_POINT('',#5254);
#5256=CARTESIAN_POINT('',(-1.1E0,0.E0,-8.E-1));
#5257=VERTEX_POINT('',#5256);
#5258=CARTESIAN_POINT('',(-1.1E0,0.E0,-2.E-1));
#5259=VERTEX_POINT('',#5258);
#5260=CARTESIAN_POINT('',(-1.1E0,0.E0,-3.E-1));
#5261=VERTEX_POINT('',#5260);
#5262=CARTESIAN_POINT('',(-1.1E0,0.E0,3.E-1));
#5263=VERTEX_POINT('',#5262);
#5264=CARTESIAN_POINT('',(-1.1E0,0.E0,2.E-1));
#5265=VERTEX_POINT('',#5264);
#5266=CARTESIAN_POINT('',(-1.1E0,0.E0,8.E-1));
#5267=VERTEX_POINT('',#5266);
#5268=CARTESIAN_POINT('',(-1.1E0,0.E0,7.E-1));
#5269=VERTEX_POINT('',#5268);
#5270=CARTESIAN_POINT('',(1.1E0,0.E0,-7.E-1));
#5271=VERTEX_POINT('',#5270);
#5272=CARTESIAN_POINT('',(1.1E0,0.E0,-8.E-1));
#5273=VERTEX_POINT('',#5272);
#5274=CARTESIAN_POINT('',(1.1E0,0.E0,-2.E-1));
#5275=VERTEX_POINT('',#5274);
#5276=CARTESIAN_POINT('',(1.1E0,0.E0,-3.E-1));
#5277=VERTEX_POINT('',#5276);
#5278=CARTESIAN_POINT('',(1.1E0,0.E0,3.E-1));
#5279=VERTEX_POINT('',#5278);
#5280=CARTESIAN_POINT('',(1.1E0,0.E0,2.E-1));
#5281=VERTEX_POINT('',#5280);
#5282=CARTESIAN_POINT('',(1.1E0,0.E0,8.E-1));
#5283=VERTEX_POINT('',#5282);
#5284=CARTESIAN_POINT('',(1.1E0,0.E0,7.E-1));
#5285=VERTEX_POINT('',#5284);
#5286=CARTESIAN_POINT('',(7.E-1,7.5E-2,9.E-1));
#5287=CARTESIAN_POINT('',(5.E-1,7.5E-2,9.E-1));
#5288=VERTEX_POINT('',#5286);
#5289=VERTEX_POINT('',#5287);
#5290=CARTESIAN_POINT('',(-7.E-1,7.5E-2,-9.E-1));
#5291=CARTESIAN_POINT('',(-5.E-1,7.5E-2,-9.E-1));
#5292=VERTEX_POINT('',#5290);
#5293=VERTEX_POINT('',#5291);
#5294=CARTESIAN_POINT('',(5.E-1,7.5E-2,-9.E-1));
#5295=CARTESIAN_POINT('',(7.E-1,7.5E-2,-9.E-1));
#5296=VERTEX_POINT('',#5294);
#5297=VERTEX_POINT('',#5295);
#5298=CARTESIAN_POINT('',(7.E-1,1.75E-1,9.E-1));
#5299=CARTESIAN_POINT('',(5.E-1,1.75E-1,9.E-1));
#5300=VERTEX_POINT('',#5298);
#5301=VERTEX_POINT('',#5299);
#5302=CARTESIAN_POINT('',(-7.E-1,1.75E-1,-9.E-1));
#5303=CARTESIAN_POINT('',(-5.E-1,1.75E-1,-9.E-1));
#5304=VERTEX_POINT('',#5302);
#5305=VERTEX_POINT('',#5303);
#5306=CARTESIAN_POINT('',(5.E-1,1.75E-1,-9.E-1));
#5307=CARTESIAN_POINT('',(7.E-1,1.75E-1,-9.E-1));
#5308=VERTEX_POINT('',#5306);
#5309=VERTEX_POINT('',#5307);
#5310=CARTESIAN_POINT('',(0.E0,0.E0,0.E0));
#5311=DIRECTION('',(0.E0,1.E0,0.E0));
#5312=DIRECTION('',(1.E0,0.E0,0.E0));
#5313=AXIS2_PLACEMENT_3D('',#5310,#5311,#5312);
#5314=PLANE('',#5313);
#5316=ORIENTED_EDGE('',*,*,#5315,.F.);
#5318=ORIENTED_EDGE('',*,*,#5317,.T.);
#5320=ORIENTED_EDGE('',*,*,#5319,.T.);
#5322=ORIENTED_EDGE('',*,*,#5321,.F.);
#5324=ORIENTED_EDGE('',*,*,#5323,.F.);
#5326=ORIENTED_EDGE('',*,*,#5325,.F.);
#5328=ORIENTED_EDGE('',*,*,#5327,.F.);
#5330=ORIENTED_EDGE('',*,*,#5329,.T.);
#5332=ORIENTED_EDGE('',*,*,#5331,.T.);
#5334=ORIENTED_EDGE('',*,*,#5333,.F.);
#5336=ORIENTED_EDGE('',*,*,#5335,.F.);
#5338=ORIENTED_EDGE('',*,*,#5337,.F.);
#5340=ORIENTED_EDGE('',*,*,#5339,.F.);
#5342=ORIENTED_EDGE('',*,*,#5341,.T.);
#5344=ORIENTED_EDGE('',*,*,#5343,.T.);
#5346=ORIENTED_EDGE('',*,*,#5345,.F.);
#5348=ORIENTED_EDGE('',*,*,#5347,.F.);
#5350=ORIENTED_EDGE('',*,*,#5349,.F.);
#5352=ORIENTED_EDGE('',*,*,#5351,.F.);
#5354=ORIENTED_EDGE('',*,*,#5353,.T.);
#5356=ORIENTED_EDGE('',*,*,#5355,.T.);
#5358=ORIENTED_EDGE('',*,*,#5357,.T.);
#5360=ORIENTED_EDGE('',*,*,#5359,.T.);
#5362=ORIENTED_EDGE('',*,*,#5361,.T.);
#5364=ORIENTED_EDGE('',*,*,#5363,.T.);
#5366=ORIENTED_EDGE('',*,*,#5365,.T.);
#5368=ORIENTED_EDGE('',*,*,#5367,.F.);
#5370=ORIENTED_EDGE('',*,*,#5369,.T.);
#5372=ORIENTED_EDGE('',*,*,#5371,.T.);
#5374=ORIENTED_EDGE('',*,*,#5373,.T.);
#5376=ORIENTED_EDGE('',*,*,#5375,.T.);
#5378=ORIENTED_EDGE('',*,*,#5377,.T.);
#5380=ORIENTED_EDGE('',*,*,#5379,.F.);
#5382=ORIENTED_EDGE('',*,*,#5381,.T.);
#5384=ORIENTED_EDGE('',*,*,#5383,.T.);
#5386=ORIENTED_EDGE('',*,*,#5385,.T.);
#5388=ORIENTED_EDGE('',*,*,#5387,.T.);
#5390=ORIENTED_EDGE('',*,*,#5389,.T.);
#5392=ORIENTED_EDGE('',*,*,#5391,.F.);
#5394=ORIENTED_EDGE('',*,*,#5393,.T.);
#5396=ORIENTED_EDGE('',*,*,#5395,.T.);
#5398=ORIENTED_EDGE('',*,*,#5397,.T.);
#5400=ORIENTED_EDGE('',*,*,#5399,.T.);
#5402=ORIENTED_EDGE('',*,*,#5401,.T.);
#5404=ORIENTED_EDGE('',*,*,#5403,.F.);
#5406=ORIENTED_EDGE('',*,*,#5405,.T.);
#5408=ORIENTED_EDGE('',*,*,#5407,.T.);
#5410=ORIENTED_EDGE('',*,*,#5409,.T.);
#5412=ORIENTED_EDGE('',*,*,#5411,.T.);
#5414=ORIENTED_EDGE('',*,*,#5413,.F.);
#5416=ORIENTED_EDGE('',*,*,#5415,.F.);
#5418=ORIENTED_EDGE('',*,*,#5417,.F.);
#5419=EDGE_LOOP('',(#5316,#5318,#5320,#5322,#5324,#5326,#5328,#5330,#5332,#5334,
#5336,#5338,#5340,#5342,#5344,#5346,#5348,#5350,#5352,#5354,#5356,#5358,#5360,
#5362,#5364,#5366,#5368,#5370,#5372,#5374,#5376,#5378,#5380,#5382,#5384,#5386,
#5388,#5390,#5392,#5394,#5396,#5398,#5400,#5402,#5404,#5406,#5408,#5410,#5412,
#5414,#5416,#5418));
#5420=FACE_OUTER_BOUND('',#5419,.F.);
#5422=ORIENTED_EDGE('',*,*,#5421,.F.);
#5424=ORIENTED_EDGE('',*,*,#5423,.T.);
#5426=ORIENTED_EDGE('',*,*,#5425,.F.);
#5428=ORIENTED_EDGE('',*,*,#5427,.F.);
#5430=ORIENTED_EDGE('',*,*,#5429,.F.);
#5431=EDGE_LOOP('',(#5422,#5424,#5426,#5428,#5430));
#5432=FACE_BOUND('',#5431,.F.);
#5434=CARTESIAN_POINT('',(-1.6E0,-2.5E-2,-6.25E-1));
#5435=DIRECTION('',(0.E0,0.E0,1.E0));
#5436=DIRECTION('',(1.E0,0.E0,0.E0));
#5437=AXIS2_PLACEMENT_3D('',#5434,#5435,#5436);
#5438=PLANE('',#5437);
#5439=ORIENTED_EDGE('',*,*,#5315,.T.);
#5441=ORIENTED_EDGE('',*,*,#5440,.T.);
#5443=ORIENTED_EDGE('',*,*,#5442,.F.);
#5445=ORIENTED_EDGE('',*,*,#5444,.F.);
#5446=EDGE_LOOP('',(#5439,#5441,#5443,#5445));
#5447=FACE_OUTER_BOUND('',#5446,.F.);
#5449=CARTESIAN_POINT('',(-1.175E0,-2.5E-2,-7.E-1));
#5450=DIRECTION('',(0.E0,1.E0,0.E0));
#5451=DIRECTION('',(1.E0,0.E0,0.E0));
#5452=AXIS2_PLACEMENT_3D('',#5449,#5450,#5451);
#5453=CYLINDRICAL_SURFACE('',#5452,7.5E-2);
#5454=ORIENTED_EDGE('',*,*,#5417,.T.);
#5456=ORIENTED_EDGE('',*,*,#5455,.T.);
#5458=ORIENTED_EDGE('',*,*,#5457,.F.);
#5459=ORIENTED_EDGE('',*,*,#5440,.F.);
#5460=EDGE_LOOP('',(#5454,#5456,#5458,#5459));
#5461=FACE_OUTER_BOUND('',#5460,.F.);
#5463=CARTESIAN_POINT('',(-1.1E0,-2.5E-2,-7.E-1));
#5464=DIRECTION('',(1.E0,0.E0,0.E0));
#5465=DIRECTION('',(0.E0,0.E0,-1.E0));
#5466=AXIS2_PLACEMENT_3D('',#5463,#5464,#5465);
#5467=PLANE('',#5466);
#5468=ORIENTED_EDGE('',*,*,#5415,.T.);
#5470=ORIENTED_EDGE('',*,*,#5469,.T.);
#5472=ORIENTED_EDGE('',*,*,#5471,.F.);
#5473=ORIENTED_EDGE('',*,*,#5455,.F.);
#5474=EDGE_LOOP('',(#5468,#5470,#5472,#5473));
#5475=FACE_OUTER_BOUND('',#5474,.F.);
#5477=CARTESIAN_POINT('',(-1.175E0,-2.5E-2,-8.E-1));
#5478=DIRECTION('',(0.E0,1.E0,0.E0));
#5479=DIRECTION('',(1.E0,0.E0,0.E0));
#5480=AXIS2_PLACEMENT_3D('',#5477,#5478,#5479);
#5481=CYLINDRICAL_SURFACE('',#5480,7.5E-2);
#5482=ORIENTED_EDGE('',*,*,#5413,.T.);
#5484=ORIENTED_EDGE('',*,*,#5483,.T.);
#5486=ORIENTED_EDGE('',*,*,#5485,.F.);
#5487=ORIENTED_EDGE('',*,*,#5469,.F.);
#5488=EDGE_LOOP('',(#5482,#5484,#5486,#5487));
#5489=FACE_OUTER_BOUND('',#5488,.F.);
#5491=CARTESIAN_POINT('',(-1.175E0,-2.5E-2,-8.75E-1));
#5492=DIRECTION('',(0.E0,0.E0,-1.E0));
#5493=DIRECTION('',(-1.E0,0.E0,0.E0));
#5494=AXIS2_PLACEMENT_3D('',#5491,#5492,#5493);
#5495=PLANE('',#5494);
#5496=ORIENTED_EDGE('',*,*,#5411,.F.);
#5498=ORIENTED_EDGE('',*,*,#5497,.T.);
#5500=ORIENTED_EDGE('',*,*,#5499,.F.);
#5501=ORIENTED_EDGE('',*,*,#5483,.F.);
#5502=EDGE_LOOP('',(#5496,#5498,#5500,#5501));
#5503=FACE_OUTER_BOUND('',#5502,.F.);
#5505=CARTESIAN_POINT('',(-1.5E0,0.E0,-1.E0));
#5506=DIRECTION('',(-1.E0,0.E0,0.E0));
#5507=DIRECTION('',(0.E0,0.E0,1.E0));
#5508=AXIS2_PLACEMENT_3D('',#5505,#5506,#5507);
#5509=PLANE('',#5508);
#5511=ORIENTED_EDGE('',*,*,#5510,.T.);
#5512=ORIENTED_EDGE('',*,*,#5497,.F.);
#5513=ORIENTED_EDGE('',*,*,#5409,.F.);
#5515=ORIENTED_EDGE('',*,*,#5514,.T.);
#5517=ORIENTED_EDGE('',*,*,#5516,.T.);
#5519=ORIENTED_EDGE('',*,*,#5518,.F.);
#5520=ORIENTED_EDGE('',*,*,#5353,.F.);
#5522=ORIENTED_EDGE('',*,*,#5521,.T.);
#5524=ORIENTED_EDGE('',*,*,#5523,.T.);
#5526=ORIENTED_EDGE('',*,*,#5525,.F.);
#5527=ORIENTED_EDGE('',*,*,#5341,.F.);
#5529=ORIENTED_EDGE('',*,*,#5528,.T.);
#5531=ORIENTED_EDGE('',*,*,#5530,.T.);
#5533=ORIENTED_EDGE('',*,*,#5532,.F.);
#5534=ORIENTED_EDGE('',*,*,#5329,.F.);
#5536=ORIENTED_EDGE('',*,*,#5535,.T.);
#5538=ORIENTED_EDGE('',*,*,#5537,.T.);
#5540=ORIENTED_EDGE('',*,*,#5539,.F.);
#5541=ORIENTED_EDGE('',*,*,#5317,.F.);
#5542=ORIENTED_EDGE('',*,*,#5444,.T.);
#5543=EDGE_LOOP('',(#5511,#5512,#5513,#5515,#5517,#5519,#5520,#5522,#5524,#5526,
#5527,#5529,#5531,#5533,#5534,#5536,#5538,#5540,#5541,#5542));
#5544=FACE_OUTER_BOUND('',#5543,.F.);
#5546=CARTESIAN_POINT('',(0.E0,1.75E-1,0.E0));
#5547=DIRECTION('',(0.E0,1.E0,0.E0));
#5548=DIRECTION('',(1.E0,0.E0,0.E0));
#5549=AXIS2_PLACEMENT_3D('',#5546,#5547,#5548);
#5550=PLANE('',#5549);
#5551=ORIENTED_EDGE('',*,*,#5510,.F.);
#5552=ORIENTED_EDGE('',*,*,#5442,.T.);
#5553=ORIENTED_EDGE('',*,*,#5457,.T.);
#5554=ORIENTED_EDGE('',*,*,#5471,.T.);
#5555=ORIENTED_EDGE('',*,*,#5485,.T.);
#5556=ORIENTED_EDGE('',*,*,#5499,.T.);
#5557=EDGE_LOOP('',(#5551,#5552,#5553,#5554,#5555,#5556));
#5558=FACE_OUTER_BOUND('',#5557,.F.);
#5560=CARTESIAN_POINT('',(1.5E0,0.E0,-1.E0));
#5561=DIRECTION('',(0.E0,0.E0,-1.E0));
#5562=DIRECTION('',(-1.E0,0.E0,0.E0));
#5563=AXIS2_PLACEMENT_3D('',#5560,#5561,#5562);
#5564=PLANE('',#5563);
#5565=ORIENTED_EDGE('',*,*,#5407,.F.);
#5567=ORIENTED_EDGE('',*,*,#5566,.T.);
#5569=ORIENTED_EDGE('',*,*,#5568,.T.);
#5570=ORIENTED_EDGE('',*,*,#5514,.F.);
#5571=EDGE_LOOP('',(#5565,#5567,#5569,#5570));
#5572=FACE_OUTER_BOUND('',#5571,.F.);
#5574=ORIENTED_EDGE('',*,*,#5573,.T.);
#5576=ORIENTED_EDGE('',*,*,#5575,.T.);
#5578=ORIENTED_EDGE('',*,*,#5577,.F.);
#5580=ORIENTED_EDGE('',*,*,#5579,.F.);
#5581=EDGE_LOOP('',(#5574,#5576,#5578,#5580));
#5582=FACE_BOUND('',#5581,.F.);
#5584=ORIENTED_EDGE('',*,*,#5583,.T.);
#5586=ORIENTED_EDGE('',*,*,#5585,.T.);
#5588=ORIENTED_EDGE('',*,*,#5587,.F.);
#5590=ORIENTED_EDGE('',*,*,#5589,.F.);
#5591=EDGE_LOOP('',(#5584,#5586,#5588,#5590));
#5592=FACE_BOUND('',#5591,.F.);
#5594=CARTESIAN_POINT('',(1.5E0,0.E0,1.E0));
#5595=DIRECTION('',(1.E0,0.E0,0.E0));
#5596=DIRECTION('',(0.E0,0.E0,-1.E0));
#5597=AXIS2_PLACEMENT_3D('',#5594,#5595,#5596);
#5598=PLANE('',#5597);
#5600=ORIENTED_EDGE('',*,*,#5599,.F.);
#5602=ORIENTED_EDGE('',*,*,#5601,.F.);
#5603=ORIENTED_EDGE('',*,*,#5393,.F.);
#5605=ORIENTED_EDGE('',*,*,#5604,.T.);
#5607=ORIENTED_EDGE('',*,*,#5606,.F.);
#5609=ORIENTED_EDGE('',*,*,#5608,.F.);
#5610=ORIENTED_EDGE('',*,*,#5381,.F.);
#5612=ORIENTED_EDGE('',*,*,#5611,.T.);
#5614=ORIENTED_EDGE('',*,*,#5613,.F.);
#5616=ORIENTED_EDGE('',*,*,#5615,.F.);
#5617=ORIENTED_EDGE('',*,*,#5369,.F.);
#5619=ORIENTED_EDGE('',*,*,#5618,.T.);
#5621=ORIENTED_EDGE('',*,*,#5620,.F.);
#5623=ORIENTED_EDGE('',*,*,#5622,.F.);
#5624=ORIENTED_EDGE('',*,*,#5357,.F.);
#5626=ORIENTED_EDGE('',*,*,#5625,.T.);
#5628=ORIENTED_EDGE('',*,*,#5627,.T.);
#5629=ORIENTED_EDGE('',*,*,#5566,.F.);
#5630=ORIENTED_EDGE('',*,*,#5405,.F.);
#5632=ORIENTED_EDGE('',*,*,#5631,.T.);
#5633=EDGE_LOOP('',(#5600,#5602,#5603,#5605,#5607,#5609,#5610,#5612,#5614,#5616,
#5617,#5619,#5621,#5623,#5624,#5626,#5628,#5629,#5630,#5632));
#5634=FACE_OUTER_BOUND('',#5633,.F.);
#5636=CARTESIAN_POINT('',(0.E0,1.75E-1,0.E0));
#5637=DIRECTION('',(0.E0,-1.E0,0.E0));
#5638=DIRECTION('',(-1.E0,0.E0,0.E0));
#5639=AXIS2_PLACEMENT_3D('',#5636,#5637,#5638);
#5640=PLANE('',#5639);
#5641=ORIENTED_EDGE('',*,*,#5599,.T.);
#5643=ORIENTED_EDGE('',*,*,#5642,.F.);
#5645=ORIENTED_EDGE('',*,*,#5644,.F.);
#5647=ORIENTED_EDGE('',*,*,#5646,.F.);
#5649=ORIENTED_EDGE('',*,*,#5648,.F.);
#5651=ORIENTED_EDGE('',*,*,#5650,.F.);
#5652=EDGE_LOOP('',(#5641,#5643,#5645,#5647,#5649,#5651));
#5653=FACE_OUTER_BOUND('',#5652,.F.);
#5655=CARTESIAN_POINT('',(1.175E0,-2.5E-2,-8.75E-1));
#5656=DIRECTION('',(0.E0,0.E0,1.E0));
#5657=DIRECTION('',(1.E0,0.E0,0.E0));
#5658=AXIS2_PLACEMENT_3D('',#5655,#5656,#5657);
#5659=PLANE('',#5658);
#5660=ORIENTED_EDGE('',*,*,#5403,.T.);
#5662=ORIENTED_EDGE('',*,*,#5661,.T.);
#5663=ORIENTED_EDGE('',*,*,#5642,.T.);
#5664=ORIENTED_EDGE('',*,*,#5631,.F.);
#5665=EDGE_LOOP('',(#5660,#5662,#5663,#5664));
#5666=FACE_OUTER_BOUND('',#5665,.F.);
#5668=CARTESIAN_POINT('',(1.175E0,-2.5E-2,-8.E-1));
#5669=DIRECTION('',(0.E0,-1.E0,0.E0));
#5670=DIRECTION('',(-1.E0,0.E0,0.E0));
#5671=AXIS2_PLACEMENT_3D('',#5668,#5669,#5670);
#5672=CYLINDRICAL_SURFACE('',#5671,7.5E-2);
#5673=ORIENTED_EDGE('',*,*,#5401,.F.);
#5675=ORIENTED_EDGE('',*,*,#5674,.T.);
#5676=ORIENTED_EDGE('',*,*,#5644,.T.);
#5677=ORIENTED_EDGE('',*,*,#5661,.F.);
#5678=EDGE_LOOP('',(#5673,#5675,#5676,#5677));
#5679=FACE_OUTER_BOUND('',#5678,.F.);
#5681=CARTESIAN_POINT('',(1.1E0,-2.5E-2,-7.E-1));
#5682=DIRECTION('',(1.E0,0.E0,0.E0));
#5683=DIRECTION('',(0.E0,0.E0,-1.E0));
#5684=AXIS2_PLACEMENT_3D('',#5681,#5682,#5683);
#5685=PLANE('',#5684);
#5686=ORIENTED_EDGE('',*,*,#5399,.F.);
#5688=ORIENTED_EDGE('',*,*,#5687,.T.);
#5689=ORIENTED_EDGE('',*,*,#5646,.T.);
#5690=ORIENTED_EDGE('',*,*,#5674,.F.);
#5691=EDGE_LOOP('',(#5686,#5688,#5689,#5690));
#5692=FACE_OUTER_BOUND('',#5691,.F.);
#5694=CARTESIAN_POINT('',(1.175E0,-2.5E-2,-7.E-1));
#5695=DIRECTION('',(0.E0,-1.E0,0.E0));
#5696=DIRECTION('',(-1.E0,0.E0,0.E0));
#5697=AXIS2_PLACEMENT_3D('',#5694,#5695,#5696);
#5698=CYLINDRICAL_SURFACE('',#5697,7.5E-2);
#5699=ORIENTED_EDGE('',*,*,#5397,.F.);
#5701=ORIENTED_EDGE('',*,*,#5700,.T.);
#5702=ORIENTED_EDGE('',*,*,#5648,.T.);
#5703=ORIENTED_EDGE('',*,*,#5687,.F.);
#5704=EDGE_LOOP('',(#5699,#5701,#5702,#5703));
#5705=FACE_OUTER_BOUND('',#5704,.F.);
#5707=CARTESIAN_POINT('',(1.6E0,-2.5E-2,-6.25E-1));
#5708=DIRECTION('',(0.E0,0.E0,-1.E0));
#5709=DIRECTION('',(-1.E0,0.E0,0.E0));
#5710=AXIS2_PLACEMENT_3D('',#5707,#5708,#5709);
#5711=PLANE('',#5710);
#5712=ORIENTED_EDGE('',*,*,#5395,.F.);
#5713=ORIENTED_EDGE('',*,*,#5601,.T.);
#5714=ORIENTED_EDGE('',*,*,#5650,.T.);
#5715=ORIENTED_EDGE('',*,*,#5700,.F.);
#5716=EDGE_LOOP('',(#5712,#5713,#5714,#5715));
#5717=FACE_OUTER_BOUND('',#5716,.F.);
#5719=CARTESIAN_POINT('',(1.175E0,-2.5E-2,-3.75E-1));
#5720=DIRECTION('',(0.E0,0.E0,1.E0));
#5721=DIRECTION('',(1.E0,0.E0,0.E0));
#5722=AXIS2_PLACEMENT_3D('',#5719,#5720,#5721);
#5723=PLANE('',#5722);
#5724=ORIENTED_EDGE('',*,*,#5391,.T.);
#5726=ORIENTED_EDGE('',*,*,#5725,.T.);
#5728=ORIENTED_EDGE('',*,*,#5727,.T.);
#5729=ORIENTED_EDGE('',*,*,#5604,.F.);
#5730=EDGE_LOOP('',(#5724,#5726,#5728,#5729));
#5731=FACE_OUTER_BOUND('',#5730,.F.);
#5733=CARTESIAN_POINT('',(1.175E0,-2.5E-2,-3.E-1));
#5734=DIRECTION('',(0.E0,-1.E0,0.E0));
#5735=DIRECTION('',(-1.E0,0.E0,0.E0));
#5736=AXIS2_PLACEMENT_3D('',#5733,#5734,#5735);
#5737=CYLINDRICAL_SURFACE('',#5736,7.5E-2);
#5738=ORIENTED_EDGE('',*,*,#5389,.F.);
#5740=ORIENTED_EDGE('',*,*,#5739,.T.);
#5742=ORIENTED_EDGE('',*,*,#5741,.T.);
#5743=ORIENTED_EDGE('',*,*,#5725,.F.);
#5744=EDGE_LOOP('',(#5738,#5740,#5742,#5743));
#5745=FACE_OUTER_BOUND('',#5744,.F.);
#5747=CARTESIAN_POINT('',(1.1E0,-2.5E-2,-2.E-1));
#5748=DIRECTION('',(1.E0,0.E0,0.E0));
#5749=DIRECTION('',(0.E0,0.E0,-1.E0));
#5750=AXIS2_PLACEMENT_3D('',#5747,#5748,#5749);
#5751=PLANE('',#5750);
#5752=ORIENTED_EDGE('',*,*,#5387,.F.);
#5754=ORIENTED_EDGE('',*,*,#5753,.T.);
#5756=ORIENTED_EDGE('',*,*,#5755,.T.);
#5757=ORIENTED_EDGE('',*,*,#5739,.F.);
#5758=EDGE_LOOP('',(#5752,#5754,#5756,#5757));
#5759=FACE_OUTER_BOUND('',#5758,.F.);
#5761=CARTESIAN_POINT('',(1.175E0,-2.5E-2,-2.E-1));
#5762=DIRECTION('',(0.E0,-1.E0,0.E0));
#5763=DIRECTION('',(-1.E0,0.E0,0.E0));
#5764=AXIS2_PLACEMENT_3D('',#5761,#5762,#5763);
#5765=CYLINDRICAL_SURFACE('',#5764,7.5E-2);
#5766=ORIENTED_EDGE('',*,*,#5385,.F.);
#5768=ORIENTED_EDGE('',*,*,#5767,.T.);
#5770=ORIENTED_EDGE('',*,*,#5769,.T.);
#5771=ORIENTED_EDGE('',*,*,#5753,.F.);
#5772=EDGE_LOOP('',(#5766,#5768,#5770,#5771));
#5773=FACE_OUTER_BOUND('',#5772,.F.);
#5775=CARTESIAN_POINT('',(1.6E0,-2.5E-2,-1.25E-1));
#5776=DIRECTION('',(0.E0,0.E0,-1.E0));
#5777=DIRECTION('',(-1.E0,0.E0,0.E0));
#5778=AXIS2_PLACEMENT_3D('',#5775,#5776,#5777);
#5779=PLANE('',#5778);
#5780=ORIENTED_EDGE('',*,*,#5383,.F.);
#5781=ORIENTED_EDGE('',*,*,#5608,.T.);
#5783=ORIENTED_EDGE('',*,*,#5782,.T.);
#5784=ORIENTED_EDGE('',*,*,#5767,.F.);
#5785=EDGE_LOOP('',(#5780,#5781,#5783,#5784));
#5786=FACE_OUTER_BOUND('',#5785,.F.);
#5788=CARTESIAN_POINT('',(0.E0,1.75E-1,0.E0));
#5789=DIRECTION('',(0.E0,-1.E0,0.E0));
#5790=DIRECTION('',(-1.E0,0.E0,0.E0));
#5791=AXIS2_PLACEMENT_3D('',#5788,#5789,#5790);
#5792=PLANE('',#5791);
#5793=ORIENTED_EDGE('',*,*,#5606,.T.);
#5794=ORIENTED_EDGE('',*,*,#5727,.F.);
#5795=ORIENTED_EDGE('',*,*,#5741,.F.);
#5796=ORIENTED_EDGE('',*,*,#5755,.F.);
#5797=ORIENTED_EDGE('',*,*,#5769,.F.);
#5798=ORIENTED_EDGE('',*,*,#5782,.F.);
#5799=EDGE_LOOP('',(#5793,#5794,#5795,#5796,#5797,#5798));
#5800=FACE_OUTER_BOUND('',#5799,.F.);
#5802=CARTESIAN_POINT('',(1.175E0,-2.5E-2,1.25E-1));
#5803=DIRECTION('',(0.E0,0.E0,1.E0));
#5804=DIRECTION('',(1.E0,0.E0,0.E0));
#5805=AXIS2_PLACEMENT_3D('',#5802,#5803,#5804);
#5806=PLANE('',#5805);
#5807=ORIENTED_EDGE('',*,*,#5379,.T.);
#5809=ORIENTED_EDGE('',*,*,#5808,.T.);
#5811=ORIENTED_EDGE('',*,*,#5810,.T.);
#5812=ORIENTED_EDGE('',*,*,#5611,.F.);
#5813=EDGE_LOOP('',(#5807,#5809,#5811,#5812));
#5814=FACE_OUTER_BOUND('',#5813,.F.);
#5816=CARTESIAN_POINT('',(1.175E0,-2.5E-2,2.E-1));
#5817=DIRECTION('',(0.E0,-1.E0,0.E0));
#5818=DIRECTION('',(-1.E0,0.E0,0.E0));
#5819=AXIS2_PLACEMENT_3D('',#5816,#5817,#5818);
#5820=CYLINDRICAL_SURFACE('',#5819,7.5E-2);
#5821=ORIENTED_EDGE('',*,*,#5377,.F.);
#5823=ORIENTED_EDGE('',*,*,#5822,.T.);
#5825=ORIENTED_EDGE('',*,*,#5824,.T.);
#5826=ORIENTED_EDGE('',*,*,#5808,.F.);
#5827=EDGE_LOOP('',(#5821,#5823,#5825,#5826));
#5828=FACE_OUTER_BOUND('',#5827,.F.);
#5830=CARTESIAN_POINT('',(1.1E0,-2.5E-2,3.E-1));
#5831=DIRECTION('',(1.E0,0.E0,0.E0));
#5832=DIRECTION('',(0.E0,0.E0,-1.E0));
#5833=AXIS2_PLACEMENT_3D('',#5830,#5831,#5832);
#5834=PLANE('',#5833);
#5835=ORIENTED_EDGE('',*,*,#5375,.F.);
#5837=ORIENTED_EDGE('',*,*,#5836,.T.);
#5839=ORIENTED_EDGE('',*,*,#5838,.T.);
#5840=ORIENTED_EDGE('',*,*,#5822,.F.);
#5841=EDGE_LOOP('',(#5835,#5837,#5839,#5840));
#5842=FACE_OUTER_BOUND('',#5841,.F.);
#5844=CARTESIAN_POINT('',(1.175E0,-2.5E-2,3.E-1));
#5845=DIRECTION('',(0.E0,-1.E0,0.E0));
#5846=DIRECTION('',(-1.E0,0.E0,0.E0));
#5847=AXIS2_PLACEMENT_3D('',#5844,#5845,#5846);
#5848=CYLINDRICAL_SURFACE('',#5847,7.5E-2);
#5849=ORIENTED_EDGE('',*,*,#5373,.F.);
#5851=ORIENTED_EDGE('',*,*,#5850,.T.);
#5853=ORIENTED_EDGE('',*,*,#5852,.T.);
#5854=ORIENTED_EDGE('',*,*,#5836,.F.);
#5855=EDGE_LOOP('',(#5849,#5851,#5853,#5854));
#5856=FACE_OUTER_BOUND('',#5855,.F.);
#5858=CARTESIAN_POINT('',(1.6E0,-2.5E-2,3.75E-1));
#5859=DIRECTION('',(0.E0,0.E0,-1.E0));
#5860=DIRECTION('',(-1.E0,0.E0,0.E0));
#5861=AXIS2_PLACEMENT_3D('',#5858,#5859,#5860);
#5862=PLANE('',#5861);
#5863=ORIENTED_EDGE('',*,*,#5371,.F.);
#5864=ORIENTED_EDGE('',*,*,#5615,.T.);
#5866=ORIENTED_EDGE('',*,*,#5865,.T.);
#5867=ORIENTED_EDGE('',*,*,#5850,.F.);
#5868=EDGE_LOOP('',(#5863,#5864,#5866,#5867));
#5869=FACE_OUTER_BOUND('',#5868,.F.);
#5871=CARTESIAN_POINT('',(0.E0,1.75E-1,0.E0));
#5872=DIRECTION('',(0.E0,-1.E0,0.E0));
#5873=DIRECTION('',(-1.E0,0.E0,0.E0));
#5874=AXIS2_PLACEMENT_3D('',#5871,#5872,#5873);
#5875=PLANE('',#5874);
#5876=ORIENTED_EDGE('',*,*,#5613,.T.);
#5877=ORIENTED_EDGE('',*,*,#5810,.F.);
#5878=ORIENTED_EDGE('',*,*,#5824,.F.);
#5879=ORIENTED_EDGE('',*,*,#5838,.F.);
#5880=ORIENTED_EDGE('',*,*,#5852,.F.);
#5881=ORIENTED_EDGE('',*,*,#5865,.F.);
#5882=EDGE_LOOP('',(#5876,#5877,#5878,#5879,#5880,#5881));
#5883=FACE_OUTER_BOUND('',#5882,.F.);
#5885=CARTESIAN_POINT('',(1.175E0,-2.5E-2,6.25E-1));
#5886=DIRECTION('',(0.E0,0.E0,1.E0));
#5887=DIRECTION('',(1.E0,0.E0,0.E0));
#5888=AXIS2_PLACEMENT_3D('',#5885,#5886,#5887);
#5889=PLANE('',#5888);
#5890=ORIENTED_EDGE('',*,*,#5367,.T.);
#5892=ORIENTED_EDGE('',*,*,#5891,.T.);
#5894=ORIENTED_EDGE('',*,*,#5893,.T.);
#5895=ORIENTED_EDGE('',*,*,#5618,.F.);
#5896=EDGE_LOOP('',(#5890,#5892,#5894,#5895));
#5897=FACE_OUTER_BOUND('',#5896,.F.);
#5899=CARTESIAN_POINT('',(1.175E0,-2.5E-2,7.E-1));
#5900=DIRECTION('',(0.E0,-1.E0,0.E0));
#5901=DIRECTION('',(-1.E0,0.E0,0.E0));
#5902=AXIS2_PLACEMENT_3D('',#5899,#5900,#5901);
#5903=CYLINDRICAL_SURFACE('',#5902,7.5E-2);
#5904=ORIENTED_EDGE('',*,*,#5365,.F.);
#5906=ORIENTED_EDGE('',*,*,#5905,.T.);
#5908=ORIENTED_EDGE('',*,*,#5907,.T.);
#5909=ORIENTED_EDGE('',*,*,#5891,.F.);
#5910=EDGE_LOOP('',(#5904,#5906,#5908,#5909));
#5911=FACE_OUTER_BOUND('',#5910,.F.);
#5913=CARTESIAN_POINT('',(1.1E0,-2.5E-2,8.E-1));
#5914=DIRECTION('',(1.E0,0.E0,0.E0));
#5915=DIRECTION('',(0.E0,0.E0,-1.E0));
#5916=AXIS2_PLACEMENT_3D('',#5913,#5914,#5915);
#5917=PLANE('',#5916);
#5918=ORIENTED_EDGE('',*,*,#5363,.F.);
#5920=ORIENTED_EDGE('',*,*,#5919,.T.);
#5922=ORIENTED_EDGE('',*,*,#5921,.T.);
#5923=ORIENTED_EDGE('',*,*,#5905,.F.);
#5924=EDGE_LOOP('',(#5918,#5920,#5922,#5923));
#5925=FACE_OUTER_BOUND('',#5924,.F.);
#5927=CARTESIAN_POINT('',(1.175E0,-2.5E-2,8.E-1));
#5928=DIRECTION('',(0.E0,-1.E0,0.E0));
#5929=DIRECTION('',(-1.E0,0.E0,0.E0));
#5930=AXIS2_PLACEMENT_3D('',#5927,#5928,#5929);
#5931=CYLINDRICAL_SURFACE('',#5930,7.5E-2);
#5932=ORIENTED_EDGE('',*,*,#5361,.F.);
#5934=ORIENTED_EDGE('',*,*,#5933,.T.);
#5936=ORIENTED_EDGE('',*,*,#5935,.T.);
#5937=ORIENTED_EDGE('',*,*,#5919,.F.);
#5938=EDGE_LOOP('',(#5932,#5934,#5936,#5937));
#5939=FACE_OUTER_BOUND('',#5938,.F.);
#5941=CARTESIAN_POINT('',(1.6E0,-2.5E-2,8.75E-1));
#5942=DIRECTION('',(0.E0,0.E0,-1.E0));
#5943=DIRECTION('',(-1.E0,0.E0,0.E0));
#5944=AXIS2_PLACEMENT_3D('',#5941,#5942,#5943);
#5945=PLANE('',#5944);
#5946=ORIENTED_EDGE('',*,*,#5359,.F.);
#5947=ORIENTED_EDGE('',*,*,#5622,.T.);
#5949=ORIENTED_EDGE('',*,*,#5948,.T.);
#5950=ORIENTED_EDGE('',*,*,#5933,.F.);
#5951=EDGE_LOOP('',(#5946,#5947,#5949,#5950));
#5952=FACE_OUTER_BOUND('',#5951,.F.);
#5954=CARTESIAN_POINT('',(0.E0,1.75E-1,0.E0));
#5955=DIRECTION('',(0.E0,-1.E0,0.E0));
#5956=DIRECTION('',(-1.E0,0.E0,0.E0));
#5957=AXIS2_PLACEMENT_3D('',#5954,#5955,#5956);
#5958=PLANE('',#5957);
#5959=ORIENTED_EDGE('',*,*,#5620,.T.);
#5960=ORIENTED_EDGE('',*,*,#5893,.F.);
#5961=ORIENTED_EDGE('',*,*,#5907,.F.);
#5962=ORIENTED_EDGE('',*,*,#5921,.F.);
#5963=ORIENTED_EDGE('',*,*,#5935,.F.);
#5964=ORIENTED_EDGE('',*,*,#5948,.F.);
#5965=EDGE_LOOP('',(#5959,#5960,#5961,#5962,#5963,#5964));
#5966=FACE_OUTER_BOUND('',#5965,.F.);
#5968=CARTESIAN_POINT('',(-1.5E0,0.E0,1.E0));
#5969=DIRECTION('',(0.E0,0.E0,1.E0));
#5970=DIRECTION('',(1.E0,0.E0,0.E0));
#5971=AXIS2_PLACEMENT_3D('',#5968,#5969,#5970);
#5972=PLANE('',#5971);
#5973=ORIENTED_EDGE('',*,*,#5355,.F.);
#5974=ORIENTED_EDGE('',*,*,#5518,.T.);
#5976=ORIENTED_EDGE('',*,*,#5975,.T.);
#5977=ORIENTED_EDGE('',*,*,#5625,.F.);
#5978=EDGE_LOOP('',(#5973,#5974,#5976,#5977));
#5979=FACE_OUTER_BOUND('',#5978,.F.);
#5981=ORIENTED_EDGE('',*,*,#5980,.T.);
#5983=ORIENTED_EDGE('',*,*,#5982,.T.);
#5985=ORIENTED_EDGE('',*,*,#5984,.F.);
#5987=ORIENTED_EDGE('',*,*,#5986,.F.);
#5988=EDGE_LOOP('',(#5981,#5983,#5985,#5987));
#5989=FACE_BOUND('',#5988,.F.);
#5991=ORIENTED_EDGE('',*,*,#5990,.T.);
#5993=ORIENTED_EDGE('',*,*,#5992,.T.);
#5995=ORIENTED_EDGE('',*,*,#5994,.F.);
#5997=ORIENTED_EDGE('',*,*,#5996,.F.);
#5998=EDGE_LOOP('',(#5991,#5993,#5995,#5997));
#5999=FACE_BOUND('',#5998,.F.);
#6001=CARTESIAN_POINT('',(0.E0,7.75E-1,0.E0));
#6002=DIRECTION('',(0.E0,1.E0,0.E0));
#6003=DIRECTION('',(1.E0,0.E0,0.E0));
#6004=AXIS2_PLACEMENT_3D('',#6001,#6002,#6003);
#6005=PLANE('',#6004);
#6006=ORIENTED_EDGE('',*,*,#5516,.F.);
#6007=ORIENTED_EDGE('',*,*,#5568,.F.);
#6008=ORIENTED_EDGE('',*,*,#5627,.F.);
#6009=ORIENTED_EDGE('',*,*,#5975,.F.);
#6010=EDGE_LOOP('',(#6006,#6007,#6008,#6009));
#6011=FACE_OUTER_BOUND('',#6010,.F.);
#6013=CARTESIAN_POINT('',(0.E0,7.5E-2,0.E0));
#6014=DIRECTION('',(0.E0,1.E0,0.E0));
#6015=DIRECTION('',(1.E0,0.E0,0.E0));
#6016=AXIS2_PLACEMENT_3D('',#6013,#6014,#6015);
#6017=PLANE('',#6016);
#6018=ORIENTED_EDGE('',*,*,#5980,.F.);
#6020=ORIENTED_EDGE('',*,*,#6019,.F.);
#6022=ORIENTED_EDGE('',*,*,#6021,.F.);
#6024=ORIENTED_EDGE('',*,*,#6023,.F.);
#6025=EDGE_LOOP('',(#6018,#6020,#6022,#6024));
#6026=FACE_OUTER_BOUND('',#6025,.F.);
#6028=CARTESIAN_POINT('',(0.E0,7.5E-2,0.E0));
#6029=DIRECTION('',(0.E0,1.E0,0.E0));
#6030=DIRECTION('',(1.E0,0.E0,0.E0));
#6031=AXIS2_PLACEMENT_3D('',#6028,#6029,#6030);
#6032=PLANE('',#6031);
#6033=ORIENTED_EDGE('',*,*,#5990,.F.);
#6035=ORIENTED_EDGE('',*,*,#6034,.F.);
#6037=ORIENTED_EDGE('',*,*,#6036,.F.);
#6039=ORIENTED_EDGE('',*,*,#6038,.F.);
#6040=EDGE_LOOP('',(#6033,#6035,#6037,#6039));
#6041=FACE_OUTER_BOUND('',#6040,.F.);
#6043=CARTESIAN_POINT('',(0.E0,7.5E-2,0.E0));
#6044=DIRECTION('',(0.E0,1.E0,0.E0));
#6045=DIRECTION('',(1.E0,0.E0,0.E0));
#6046=AXIS2_PLACEMENT_3D('',#6043,#6044,#6045);
#6047=PLANE('',#6046);
#6048=ORIENTED_EDGE('',*,*,#5573,.F.);
#6050=ORIENTED_EDGE('',*,*,#6049,.F.);
#6052=ORIENTED_EDGE('',*,*,#6051,.F.);
#6054=ORIENTED_EDGE('',*,*,#6053,.F.);
#6055=EDGE_LOOP('',(#6048,#6050,#6052,#6054));
#6056=FACE_OUTER_BOUND('',#6055,.F.);
#6058=CARTESIAN_POINT('',(0.E0,7.5E-2,0.E0));
#6059=DIRECTION('',(0.E0,1.E0,0.E0));
#6060=DIRECTION('',(1.E0,0.E0,0.E0));
#6061=AXIS2_PLACEMENT_3D('',#6058,#6059,#6060);
#6062=PLANE('',#6061);
#6063=ORIENTED_EDGE('',*,*,#5583,.F.);
#6065=ORIENTED_EDGE('',*,*,#6064,.F.);
#6067=ORIENTED_EDGE('',*,*,#6066,.F.);
#6069=ORIENTED_EDGE('',*,*,#6068,.F.);
#6070=EDGE_LOOP('',(#6063,#6065,#6067,#6069));
#6071=FACE_OUTER_BOUND('',#6070,.F.);
#6073=CARTESIAN_POINT('',(-7.E-1,7.5E-2,9.E-1));
#6074=DIRECTION('',(-1.E0,0.E0,0.E0));
#6075=DIRECTION('',(0.E0,0.E0,1.E0));
#6076=AXIS2_PLACEMENT_3D('',#6073,#6074,#6075);
#6077=PLANE('',#6076);
#6078=ORIENTED_EDGE('',*,*,#5986,.T.);
#6080=ORIENTED_EDGE('',*,*,#6079,.F.);
#6082=ORIENTED_EDGE('',*,*,#6081,.F.);
#6083=ORIENTED_EDGE('',*,*,#6019,.T.);
#6084=EDGE_LOOP('',(#6078,#6080,#6082,#6083));
#6085=FACE_OUTER_BOUND('',#6084,.F.);
#6087=CARTESIAN_POINT('',(0.E0,1.75E-1,0.E0));
#6088=DIRECTION('',(0.E0,1.E0,0.E0));
#6089=DIRECTION('',(1.E0,0.E0,0.E0));
#6090=AXIS2_PLACEMENT_3D('',#6087,#6088,#6089);
#6091=PLANE('',#6090);
#6092=ORIENTED_EDGE('',*,*,#5984,.T.);
#6094=ORIENTED_EDGE('',*,*,#6093,.T.);
#6096=ORIENTED_EDGE('',*,*,#6095,.T.);
#6097=ORIENTED_EDGE('',*,*,#6079,.T.);
#6098=EDGE_LOOP('',(#6092,#6094,#6096,#6097));
#6099=FACE_OUTER_BOUND('',#6098,.F.);
#6101=CARTESIAN_POINT('',(0.E0,1.75E-1,0.E0));
#6102=DIRECTION('',(0.E0,1.E0,0.E0));
#6103=DIRECTION('',(1.E0,0.E0,0.E0));
#6104=AXIS2_PLACEMENT_3D('',#6101,#6102,#6103);
#6105=PLANE('',#6104);
#6106=ORIENTED_EDGE('',*,*,#5994,.T.);
#6108=ORIENTED_EDGE('',*,*,#6107,.T.);
#6110=ORIENTED_EDGE('',*,*,#6109,.T.);
#6112=ORIENTED_EDGE('',*,*,#6111,.T.);
#6113=EDGE_LOOP('',(#6106,#6108,#6110,#6112));
#6114=FACE_OUTER_BOUND('',#6113,.F.);
#6116=CARTESIAN_POINT('',(0.E0,1.75E-1,0.E0));
#6117=DIRECTION('',(0.E0,1.E0,0.E0));
#6118=DIRECTION('',(1.E0,0.E0,0.E0));
#6119=AXIS2_PLACEMENT_3D('',#6116,#6117,#6118);
#6120=PLANE('',#6119);
#6121=ORIENTED_EDGE('',*,*,#5577,.T.);
#6123=ORIENTED_EDGE('',*,*,#6122,.T.);
#6125=ORIENTED_EDGE('',*,*,#6124,.T.);
#6127=ORIENTED_EDGE('',*,*,#6126,.T.);
#6128=EDGE_LOOP('',(#6121,#6123,#6125,#6127));
#6129=FACE_OUTER_BOUND('',#6128,.F.);
#6131=CARTESIAN_POINT('',(0.E0,1.75E-1,0.E0));
#6132=DIRECTION('',(0.E0,1.E0,0.E0));
#6133=DIRECTION('',(1.E0,0.E0,0.E0));
#6134=AXIS2_PLACEMENT_3D('',#6131,#6132,#6133);
#6135=PLANE('',#6134);
#6136=ORIENTED_EDGE('',*,*,#5587,.T.);
#6138=ORIENTED_EDGE('',*,*,#6137,.T.);
#6140=ORIENTED_EDGE('',*,*,#6139,.T.);
#6142=ORIENTED_EDGE('',*,*,#6141,.T.);
#6143=EDGE_LOOP('',(#6136,#6138,#6140,#6142));
#6144=FACE_OUTER_BOUND('',#6143,.F.);
#6146=CARTESIAN_POINT('',(-5.E-1,7.5E-2,1.1E0));
#6147=DIRECTION('',(1.E0,0.E0,0.E0));
#6148=DIRECTION('',(0.E0,0.E0,-1.E0));
#6149=AXIS2_PLACEMENT_3D('',#6146,#6147,#6148);
#6150=PLANE('',#6149);
#6151=ORIENTED_EDGE('',*,*,#5982,.F.);
#6152=ORIENTED_EDGE('',*,*,#6023,.T.);
#6154=ORIENTED_EDGE('',*,*,#6153,.T.);
#6155=ORIENTED_EDGE('',*,*,#6093,.F.);
#6156=EDGE_LOOP('',(#6151,#6152,#6154,#6155));
#6157=FACE_OUTER_BOUND('',#6156,.F.);
#6159=CARTESIAN_POINT('',(-5.E-1,7.5E-2,9.E-1));
#6160=DIRECTION('',(0.E0,0.E0,-1.E0));
#6161=DIRECTION('',(-1.E0,0.E0,0.E0));
#6162=AXIS2_PLACEMENT_3D('',#6159,#6160,#6161);
#6163=PLANE('',#6162);
#6164=ORIENTED_EDGE('',*,*,#6021,.T.);
#6165=ORIENTED_EDGE('',*,*,#6081,.T.);
#6166=ORIENTED_EDGE('',*,*,#6095,.F.);
#6167=ORIENTED_EDGE('',*,*,#6153,.F.);
#6168=EDGE_LOOP('',(#6164,#6165,#6166,#6167));
#6169=FACE_OUTER_BOUND('',#6168,.F.);
#6171=CARTESIAN_POINT('',(7.E-1,7.5E-2,1.1E0));
#6172=DIRECTION('',(1.E0,0.E0,0.E0));
#6173=DIRECTION('',(0.E0,0.E0,-1.E0));
#6174=AXIS2_PLACEMENT_3D('',#6171,#6172,#6173);
#6175=PLANE('',#6174);
#6176=ORIENTED_EDGE('',*,*,#5992,.F.);
#6177=ORIENTED_EDGE('',*,*,#6038,.T.);
#6179=ORIENTED_EDGE('',*,*,#6178,.T.);
#6180=ORIENTED_EDGE('',*,*,#6107,.F.);
#6181=EDGE_LOOP('',(#6176,#6177,#6179,#6180));
#6182=FACE_OUTER_BOUND('',#6181,.F.);
#6184=CARTESIAN_POINT('',(7.E-1,7.5E-2,9.E-1));
#6185=DIRECTION('',(0.E0,0.E0,-1.E0));
#6186=DIRECTION('',(-1.E0,0.E0,0.E0));
#6187=AXIS2_PLACEMENT_3D('',#6184,#6185,#6186);
#6188=PLANE('',#6187);
#6189=ORIENTED_EDGE('',*,*,#6036,.T.);
#6191=ORIENTED_EDGE('',*,*,#6190,.T.);
#6192=ORIENTED_EDGE('',*,*,#6109,.F.);
#6193=ORIENTED_EDGE('',*,*,#6178,.F.);
#6194=EDGE_LOOP('',(#6189,#6191,#6192,#6193));
#6195=FACE_OUTER_BOUND('',#6194,.F.);
#6197=CARTESIAN_POINT('',(5.E-1,7.5E-2,9.E-1));
#6198=DIRECTION('',(-1.E0,0.E0,0.E0));
#6199=DIRECTION('',(0.E0,0.E0,1.E0));
#6200=AXIS2_PLACEMENT_3D('',#6197,#6198,#6199);
#6201=PLANE('',#6200);
#6202=ORIENTED_EDGE('',*,*,#5996,.T.);
#6203=ORIENTED_EDGE('',*,*,#6111,.F.);
#6204=ORIENTED_EDGE('',*,*,#6190,.F.);
#6205=ORIENTED_EDGE('',*,*,#6034,.T.);
#6206=EDGE_LOOP('',(#6202,#6203,#6204,#6205));
#6207=FACE_OUTER_BOUND('',#6206,.F.);
#6209=CARTESIAN_POINT('',(-7.E-1,7.5E-2,-1.1E0));
#6210=DIRECTION('',(-1.E0,0.E0,0.E0));
#6211=DIRECTION('',(0.E0,0.E0,1.E0));
#6212=AXIS2_PLACEMENT_3D('',#6209,#6210,#6211);
#6213=PLANE('',#6212);
#6214=ORIENTED_EDGE('',*,*,#5575,.F.);
#6215=ORIENTED_EDGE('',*,*,#6053,.T.);
#6217=ORIENTED_EDGE('',*,*,#6216,.T.);
#6218=ORIENTED_EDGE('',*,*,#6122,.F.);
#6219=EDGE_LOOP('',(#6214,#6215,#6217,#6218));
#6220=FACE_OUTER_BOUND('',#6219,.F.);
#6222=CARTESIAN_POINT('',(-7.E-1,7.5E-2,-9.E-1));
#6223=DIRECTION('',(0.E0,0.E0,1.E0));
#6224=DIRECTION('',(1.E0,0.E0,0.E0));
#6225=AXIS2_PLACEMENT_3D('',#6222,#6223,#6224);
#6226=PLANE('',#6225);
#6227=ORIENTED_EDGE('',*,*,#6051,.T.);
#6229=ORIENTED_EDGE('',*,*,#6228,.T.);
#6230=ORIENTED_EDGE('',*,*,#6124,.F.);
#6231=ORIENTED_EDGE('',*,*,#6216,.F.);
#6232=EDGE_LOOP('',(#6227,#6229,#6230,#6231));
#6233=FACE_OUTER_BOUND('',#6232,.F.);
#6235=CARTESIAN_POINT('',(-5.E-1,7.5E-2,-9.E-1));
#6236=DIRECTION('',(1.E0,0.E0,0.E0));
#6237=DIRECTION('',(0.E0,0.E0,-1.E0));
#6238=AXIS2_PLACEMENT_3D('',#6235,#6236,#6237);
#6239=PLANE('',#6238);
#6240=ORIENTED_EDGE('',*,*,#5579,.T.);
#6241=ORIENTED_EDGE('',*,*,#6126,.F.);
#6242=ORIENTED_EDGE('',*,*,#6228,.F.);
#6243=ORIENTED_EDGE('',*,*,#6049,.T.);
#6244=EDGE_LOOP('',(#6240,#6241,#6242,#6243));
#6245=FACE_OUTER_BOUND('',#6244,.F.);
#6247=CARTESIAN_POINT('',(5.E-1,7.5E-2,-1.1E0));
#6248=DIRECTION('',(-1.E0,0.E0,0.E0));
#6249=DIRECTION('',(0.E0,0.E0,1.E0));
#6250=AXIS2_PLACEMENT_3D('',#6247,#6248,#6249);
#6251=PLANE('',#6250);
#6252=ORIENTED_EDGE('',*,*,#5585,.F.);
#6253=ORIENTED_EDGE('',*,*,#6068,.T.);
#6255=ORIENTED_EDGE('',*,*,#6254,.T.);
#6256=ORIENTED_EDGE('',*,*,#6137,.F.);
#6257=EDGE_LOOP('',(#6252,#6253,#6255,#6256));
#6258=FACE_OUTER_BOUND('',#6257,.F.);
#6260=CARTESIAN_POINT('',(5.E-1,7.5E-2,-9.E-1));
#6261=DIRECTION('',(0.E0,0.E0,1.E0));
#6262=DIRECTION('',(1.E0,0.E0,0.E0));
#6263=AXIS2_PLACEMENT_3D('',#6260,#6261,#6262);
#6264=PLANE('',#6263);
#6265=ORIENTED_EDGE('',*,*,#6066,.T.);
#6267=ORIENTED_EDGE('',*,*,#6266,.T.);
#6268=ORIENTED_EDGE('',*,*,#6139,.F.);
#6269=ORIENTED_EDGE('',*,*,#6254,.F.);
#6270=EDGE_LOOP('',(#6265,#6267,#6268,#6269));
#6271=FACE_OUTER_BOUND('',#6270,.F.);
#6273=CARTESIAN_POINT('',(7.E-1,7.5E-2,-9.E-1));
#6274=DIRECTION('',(1.E0,0.E0,0.E0));
#6275=DIRECTION('',(0.E0,0.E0,-1.E0));
#6276=AXIS2_PLACEMENT_3D('',#6273,#6274,#6275);
#6277=PLANE('',#6276);
#6278=ORIENTED_EDGE('',*,*,#5589,.T.);
#6279=ORIENTED_EDGE('',*,*,#6141,.F.);
#6280=ORIENTED_EDGE('',*,*,#6266,.F.);
#6281=ORIENTED_EDGE('',*,*,#6064,.T.);
#6282=EDGE_LOOP('',(#6278,#6279,#6280,#6281));
#6283=FACE_OUTER_BOUND('',#6282,.F.);
#6285=CARTESIAN_POINT('',(-1.6E0,-2.5E-2,8.75E-1));
#6286=DIRECTION('',(0.E0,0.E0,1.E0));
#6287=DIRECTION('',(1.E0,0.E0,0.E0));
#6288=AXIS2_PLACEMENT_3D('',#6285,#6286,#6287);
#6289=PLANE('',#6288);
#6290=ORIENTED_EDGE('',*,*,#5351,.T.);
#6292=ORIENTED_EDGE('',*,*,#6291,.T.);
#6294=ORIENTED_EDGE('',*,*,#6293,.F.);
#6295=ORIENTED_EDGE('',*,*,#5521,.F.);
#6296=EDGE_LOOP('',(#6290,#6292,#6294,#6295));
#6297=FACE_OUTER_BOUND('',#6296,.F.);
#6299=CARTESIAN_POINT('',(-1.175E0,-2.5E-2,8.E-1));
#6300=DIRECTION('',(0.E0,1.E0,0.E0));
#6301=DIRECTION('',(1.E0,0.E0,0.E0));
#6302=AXIS2_PLACEMENT_3D('',#6299,#6300,#6301);
#6303=CYLINDRICAL_SURFACE('',#6302,7.5E-2);
#6304=ORIENTED_EDGE('',*,*,#5349,.T.);
#6306=ORIENTED_EDGE('',*,*,#6305,.T.);
#6308=ORIENTED_EDGE('',*,*,#6307,.F.);
#6309=ORIENTED_EDGE('',*,*,#6291,.F.);
#6310=EDGE_LOOP('',(#6304,#6306,#6308,#6309));
#6311=FACE_OUTER_BOUND('',#6310,.F.);
#6313=CARTESIAN_POINT('',(-1.1E0,-2.5E-2,8.E-1));
#6314=DIRECTION('',(1.E0,0.E0,0.E0));
#6315=DIRECTION('',(0.E0,0.E0,-1.E0));
#6316=AXIS2_PLACEMENT_3D('',#6313,#6314,#6315);
#6317=PLANE('',#6316);
#6318=ORIENTED_EDGE('',*,*,#5347,.T.);
#6320=ORIENTED_EDGE('',*,*,#6319,.T.);
#6322=ORIENTED_EDGE('',*,*,#6321,.F.);
#6323=ORIENTED_EDGE('',*,*,#6305,.F.);
#6324=EDGE_LOOP('',(#6318,#6320,#6322,#6323));
#6325=FACE_OUTER_BOUND('',#6324,.F.);
#6327=CARTESIAN_POINT('',(-1.175E0,-2.5E-2,7.E-1));
#6328=DIRECTION('',(0.E0,1.E0,0.E0));
#6329=DIRECTION('',(1.E0,0.E0,0.E0));
#6330=AXIS2_PLACEMENT_3D('',#6327,#6328,#6329);
#6331=CYLINDRICAL_SURFACE('',#6330,7.5E-2);
#6332=ORIENTED_EDGE('',*,*,#5345,.T.);
#6334=ORIENTED_EDGE('',*,*,#6333,.T.);
#6336=ORIENTED_EDGE('',*,*,#6335,.F.);
#6337=ORIENTED_EDGE('',*,*,#6319,.F.);
#6338=EDGE_LOOP('',(#6332,#6334,#6336,#6337));
#6339=FACE_OUTER_BOUND('',#6338,.F.);
#6341=CARTESIAN_POINT('',(-1.175E0,-2.5E-2,6.25E-1));
#6342=DIRECTION('',(0.E0,0.E0,-1.E0));
#6343=DIRECTION('',(-1.E0,0.E0,0.E0));
#6344=AXIS2_PLACEMENT_3D('',#6341,#6342,#6343);
#6345=PLANE('',#6344);
#6346=ORIENTED_EDGE('',*,*,#5343,.F.);
#6347=ORIENTED_EDGE('',*,*,#5525,.T.);
#6349=ORIENTED_EDGE('',*,*,#6348,.F.);
#6350=ORIENTED_EDGE('',*,*,#6333,.F.);
#6351=EDGE_LOOP('',(#6346,#6347,#6349,#6350));
#6352=FACE_OUTER_BOUND('',#6351,.F.);
#6354=CARTESIAN_POINT('',(0.E0,1.75E-1,0.E0));
#6355=DIRECTION('',(0.E0,1.E0,0.E0));
#6356=DIRECTION('',(1.E0,0.E0,0.E0));
#6357=AXIS2_PLACEMENT_3D('',#6354,#6355,#6356);
#6358=PLANE('',#6357);
#6359=ORIENTED_EDGE('',*,*,#5523,.F.);
#6360=ORIENTED_EDGE('',*,*,#6293,.T.);
#6361=ORIENTED_EDGE('',*,*,#6307,.T.);
#6362=ORIENTED_EDGE('',*,*,#6321,.T.);
#6363=ORIENTED_EDGE('',*,*,#6335,.T.);
#6364=ORIENTED_EDGE('',*,*,#6348,.T.);
#6365=EDGE_LOOP('',(#6359,#6360,#6361,#6362,#6363,#6364));
#6366=FACE_OUTER_BOUND('',#6365,.F.);
#6368=CARTESIAN_POINT('',(-1.6E0,-2.5E-2,3.75E-1));
#6369=DIRECTION('',(0.E0,0.E0,1.E0));
#6370=DIRECTION('',(1.E0,0.E0,0.E0));
#6371=AXIS2_PLACEMENT_3D('',#6368,#6369,#6370);
#6372=PLANE('',#6371);
#6373=ORIENTED_EDGE('',*,*,#5339,.T.);
#6375=ORIENTED_EDGE('',*,*,#6374,.T.);
#6377=ORIENTED_EDGE('',*,*,#6376,.F.);
#6378=ORIENTED_EDGE('',*,*,#5528,.F.);
#6379=EDGE_LOOP('',(#6373,#6375,#6377,#6378));
#6380=FACE_OUTER_BOUND('',#6379,.F.);
#6382=CARTESIAN_POINT('',(-1.175E0,-2.5E-2,3.E-1));
#6383=DIRECTION('',(0.E0,1.E0,0.E0));
#6384=DIRECTION('',(1.E0,0.E0,0.E0));
#6385=AXIS2_PLACEMENT_3D('',#6382,#6383,#6384);
#6386=CYLINDRICAL_SURFACE('',#6385,7.5E-2);
#6387=ORIENTED_EDGE('',*,*,#5337,.T.);
#6389=ORIENTED_EDGE('',*,*,#6388,.T.);
#6391=ORIENTED_EDGE('',*,*,#6390,.F.);
#6392=ORIENTED_EDGE('',*,*,#6374,.F.);
#6393=EDGE_LOOP('',(#6387,#6389,#6391,#6392));
#6394=FACE_OUTER_BOUND('',#6393,.F.);
#6396=CARTESIAN_POINT('',(-1.1E0,-2.5E-2,3.E-1));
#6397=DIRECTION('',(1.E0,0.E0,0.E0));
#6398=DIRECTION('',(0.E0,0.E0,-1.E0));
#6399=AXIS2_PLACEMENT_3D('',#6396,#6397,#6398);
#6400=PLANE('',#6399);
#6401=ORIENTED_EDGE('',*,*,#5335,.T.);
#6403=ORIENTED_EDGE('',*,*,#6402,.T.);
#6405=ORIENTED_EDGE('',*,*,#6404,.F.);
#6406=ORIENTED_EDGE('',*,*,#6388,.F.);
#6407=EDGE_LOOP('',(#6401,#6403,#6405,#6406));
#6408=FACE_OUTER_BOUND('',#6407,.F.);
#6410=CARTESIAN_POINT('',(-1.175E0,-2.5E-2,2.E-1));
#6411=DIRECTION('',(0.E0,1.E0,0.E0));
#6412=DIRECTION('',(1.E0,0.E0,0.E0));
#6413=AXIS2_PLACEMENT_3D('',#6410,#6411,#6412);
#6414=CYLINDRICAL_SURFACE('',#6413,7.5E-2);
#6415=ORIENTED_EDGE('',*,*,#5333,.T.);
#6417=ORIENTED_EDGE('',*,*,#6416,.T.);
#6419=ORIENTED_EDGE('',*,*,#6418,.F.);
#6420=ORIENTED_EDGE('',*,*,#6402,.F.);
#6421=EDGE_LOOP('',(#6415,#6417,#6419,#6420));
#6422=FACE_OUTER_BOUND('',#6421,.F.);
#6424=CARTESIAN_POINT('',(-1.175E0,-2.5E-2,1.25E-1));
#6425=DIRECTION('',(0.E0,0.E0,-1.E0));
#6426=DIRECTION('',(-1.E0,0.E0,0.E0));
#6427=AXIS2_PLACEMENT_3D('',#6424,#6425,#6426);
#6428=PLANE('',#6427);
#6429=ORIENTED_EDGE('',*,*,#5331,.F.);
#6430=ORIENTED_EDGE('',*,*,#5532,.T.);
#6432=ORIENTED_EDGE('',*,*,#6431,.F.);
#6433=ORIENTED_EDGE('',*,*,#6416,.F.);
#6434=EDGE_LOOP('',(#6429,#6430,#6432,#6433));
#6435=FACE_OUTER_BOUND('',#6434,.F.);
#6437=CARTESIAN_POINT('',(0.E0,1.75E-1,0.E0));
#6438=DIRECTION('',(0.E0,1.E0,0.E0));
#6439=DIRECTION('',(1.E0,0.E0,0.E0));
#6440=AXIS2_PLACEMENT_3D('',#6437,#6438,#6439);
#6441=PLANE('',#6440);
#6442=ORIENTED_EDGE('',*,*,#5530,.F.);
#6443=ORIENTED_EDGE('',*,*,#6376,.T.);
#6444=ORIENTED_EDGE('',*,*,#6390,.T.);
#6445=ORIENTED_EDGE('',*,*,#6404,.T.);
#6446=ORIENTED_EDGE('',*,*,#6418,.T.);
#6447=ORIENTED_EDGE('',*,*,#6431,.T.);
#6448=EDGE_LOOP('',(#6442,#6443,#6444,#6445,#6446,#6447));
#6449=FACE_OUTER_BOUND('',#6448,.F.);
#6451=CARTESIAN_POINT('',(-1.6E0,-2.5E-2,-1.25E-1));
#6452=DIRECTION('',(0.E0,0.E0,1.E0));
#6453=DIRECTION('',(1.E0,0.E0,0.E0));
#6454=AXIS2_PLACEMENT_3D('',#6451,#6452,#6453);
#6455=PLANE('',#6454);
#6456=ORIENTED_EDGE('',*,*,#5327,.T.);
#6458=ORIENTED_EDGE('',*,*,#6457,.T.);
#6460=ORIENTED_EDGE('',*,*,#6459,.F.);
#6461=ORIENTED_EDGE('',*,*,#5535,.F.);
#6462=EDGE_LOOP('',(#6456,#6458,#6460,#6461));
#6463=FACE_OUTER_BOUND('',#6462,.F.);
#6465=CARTESIAN_POINT('',(-1.175E0,-2.5E-2,-2.E-1));
#6466=DIRECTION('',(0.E0,1.E0,0.E0));
#6467=DIRECTION('',(1.E0,0.E0,0.E0));
#6468=AXIS2_PLACEMENT_3D('',#6465,#6466,#6467);
#6469=CYLINDRICAL_SURFACE('',#6468,7.5E-2);
#6470=ORIENTED_EDGE('',*,*,#5325,.T.);
#6472=ORIENTED_EDGE('',*,*,#6471,.T.);
#6474=ORIENTED_EDGE('',*,*,#6473,.F.);
#6475=ORIENTED_EDGE('',*,*,#6457,.F.);
#6476=EDGE_LOOP('',(#6470,#6472,#6474,#6475));
#6477=FACE_OUTER_BOUND('',#6476,.F.);
#6479=CARTESIAN_POINT('',(-1.1E0,-2.5E-2,-2.E-1));
#6480=DIRECTION('',(1.E0,0.E0,0.E0));
#6481=DIRECTION('',(0.E0,0.E0,-1.E0));
#6482=AXIS2_PLACEMENT_3D('',#6479,#6480,#6481);
#6483=PLANE('',#6482);
#6484=ORIENTED_EDGE('',*,*,#5323,.T.);
#6486=ORIENTED_EDGE('',*,*,#6485,.T.);
#6488=ORIENTED_EDGE('',*,*,#6487,.F.);
#6489=ORIENTED_EDGE('',*,*,#6471,.F.);
#6490=EDGE_LOOP('',(#6484,#6486,#6488,#6489));
#6491=FACE_OUTER_BOUND('',#6490,.F.);
#6493=CARTESIAN_POINT('',(-1.175E0,-2.5E-2,-3.E-1));
#6494=DIRECTION('',(0.E0,1.E0,0.E0));
#6495=DIRECTION('',(1.E0,0.E0,0.E0));
#6496=AXIS2_PLACEMENT_3D('',#6493,#6494,#6495);
#6497=CYLINDRICAL_SURFACE('',#6496,7.5E-2);
#6498=ORIENTED_EDGE('',*,*,#5321,.T.);
#6500=ORIENTED_EDGE('',*,*,#6499,.T.);
#6502=ORIENTED_EDGE('',*,*,#6501,.F.);
#6503=ORIENTED_EDGE('',*,*,#6485,.F.);
#6504=EDGE_LOOP('',(#6498,#6500,#6502,#6503));
#6505=FACE_OUTER_BOUND('',#6504,.F.);
#6507=CARTESIAN_POINT('',(-1.175E0,-2.5E-2,-3.75E-1));
#6508=DIRECTION('',(0.E0,0.E0,-1.E0));
#6509=DIRECTION('',(-1.E0,0.E0,0.E0));
#6510=AXIS2_PLACEMENT_3D('',#6507,#6508,#6509);
#6511=PLANE('',#6510);
#6512=ORIENTED_EDGE('',*,*,#5319,.F.);
#6513=ORIENTED_EDGE('',*,*,#5539,.T.);
#6515=ORIENTED_EDGE('',*,*,#6514,.F.);
#6516=ORIENTED_EDGE('',*,*,#6499,.F.);
#6517=EDGE_LOOP('',(#6512,#6513,#6515,#6516));
#6518=FACE_OUTER_BOUND('',#6517,.F.);
#6520=CARTESIAN_POINT('',(0.E0,1.75E-1,0.E0));
#6521=DIRECTION('',(0.E0,1.E0,0.E0));
#6522=DIRECTION('',(1.E0,0.E0,0.E0));
#6523=AXIS2_PLACEMENT_3D('',#6520,#6521,#6522);
#6524=PLANE('',#6523);
#6525=ORIENTED_EDGE('',*,*,#5537,.F.);
#6526=ORIENTED_EDGE('',*,*,#6459,.T.);
#6527=ORIENTED_EDGE('',*,*,#6473,.T.);
#6528=ORIENTED_EDGE('',*,*,#6487,.T.);
#6529=ORIENTED_EDGE('',*,*,#6501,.T.);
#6530=ORIENTED_EDGE('',*,*,#6514,.T.);
#6531=EDGE_LOOP('',(#6525,#6526,#6527,#6528,#6529,#6530));
#6532=FACE_OUTER_BOUND('',#6531,.F.);
#6534=CARTESIAN_POINT('',(-9.E-1,-2.5E-2,-8.25E-1));
#6535=DIRECTION('',(-1.E0,0.E0,0.E0));
#6536=DIRECTION('',(0.E0,0.E0,1.E0));
#6537=AXIS2_PLACEMENT_3D('',#6534,#6535,#6536);
#6538=PLANE('',#6537);
#6539=ORIENTED_EDGE('',*,*,#5421,.T.);
#6541=ORIENTED_EDGE('',*,*,#6540,.T.);
#6543=ORIENTED_EDGE('',*,*,#6542,.F.);
#6545=ORIENTED_EDGE('',*,*,#6544,.T.);
#6546=EDGE_LOOP('',(#6539,#6541,#6543,#6545));
#6547=FACE_OUTER_BOUND('',#6546,.F.);
#6549=CARTESIAN_POINT('',(-9.E-1,-2.5E-2,8.25E-1));
#6550=DIRECTION('',(0.E0,0.E0,1.E0));
#6551=DIRECTION('',(1.E0,0.E0,0.E0));
#6552=AXIS2_PLACEMENT_3D('',#6549,#6550,#6551);
#6553=PLANE('',#6552);
#6554=ORIENTED_EDGE('',*,*,#5429,.T.);
#6556=ORIENTED_EDGE('',*,*,#6555,.T.);
#6558=ORIENTED_EDGE('',*,*,#6557,.F.);
#6559=ORIENTED_EDGE('',*,*,#6540,.F.);
#6560=EDGE_LOOP('',(#6554,#6556,#6558,#6559));
#6561=FACE_OUTER_BOUND('',#6560,.F.);
#6563=CARTESIAN_POINT('',(9.E-1,-2.5E-2,8.25E-1));
#6564=DIRECTION('',(1.E0,0.E0,0.E0));
#6565=DIRECTION('',(0.E0,0.E0,-1.E0));
#6566=AXIS2_PLACEMENT_3D('',#6563,#6564,#6565);
#6567=PLANE('',#6566);
#6568=ORIENTED_EDGE('',*,*,#5427,.T.);
#6570=ORIENTED_EDGE('',*,*,#6569,.T.);
#6572=ORIENTED_EDGE('',*,*,#6571,.F.);
#6573=ORIENTED_EDGE('',*,*,#6555,.F.);
#6574=EDGE_LOOP('',(#6568,#6570,#6572,#6573));
#6575=FACE_OUTER_BOUND('',#6574,.F.);
#6577=CARTESIAN_POINT('',(9.E-1,-2.5E-2,-8.25E-1));
#6578=DIRECTION('',(0.E0,0.E0,-1.E0));
#6579=DIRECTION('',(-1.E0,0.E0,0.E0));
#6580=AXIS2_PLACEMENT_3D('',#6577,#6578,#6579);
#6581=PLANE('',#6580);
#6582=ORIENTED_EDGE('',*,*,#5425,.T.);
#6584=ORIENTED_EDGE('',*,*,#6583,.F.);
#6586=ORIENTED_EDGE('',*,*,#6585,.F.);
#6587=ORIENTED_EDGE('',*,*,#6569,.F.);
#6588=EDGE_LOOP('',(#6582,#6584,#6586,#6587));
#6589=FACE_OUTER_BOUND('',#6588,.F.);
#6591=CARTESIAN_POINT('',(-7.5E-1,7.5E-2,-6.75E-1));
#6592=DIRECTION('',(-7.071067811865E-1,0.E0,-7.071067811865E-1));
#6593=DIRECTION('',(7.071067811865E-1,0.E0,-7.071067811865E-1));
#6594=AXIS2_PLACEMENT_3D('',#6591,#6592,#6593);
#6595=PLANE('',#6594);
#6596=ORIENTED_EDGE('',*,*,#5423,.F.);
#6597=ORIENTED_EDGE('',*,*,#6544,.F.);
#6599=ORIENTED_EDGE('',*,*,#6598,.F.);
#6600=ORIENTED_EDGE('',*,*,#6583,.T.);
#6601=EDGE_LOOP('',(#6596,#6597,#6599,#6600));
#6602=FACE_OUTER_BOUND('',#6601,.F.);
#6604=CARTESIAN_POINT('',(0.E0,1.75E-1,0.E0));
#6605=DIRECTION('',(0.E0,1.E0,0.E0));
#6606=DIRECTION('',(1.E0,0.E0,0.E0));
#6607=AXIS2_PLACEMENT_3D('',#6604,#6605,#6606);
#6608=PLANE('',#6607);
#6609=ORIENTED_EDGE('',*,*,#6598,.T.);
#6610=ORIENTED_EDGE('',*,*,#6542,.T.);
#6611=ORIENTED_EDGE('',*,*,#6557,.T.);
#6612=ORIENTED_EDGE('',*,*,#6571,.T.);
#6613=ORIENTED_EDGE('',*,*,#6585,.T.);
#6614=EDGE_LOOP('',(#6609,#6610,#6611,#6612,#6613));
#6615=FACE_OUTER_BOUND('',#6614,.F.);
#6617=CLOSED_SHELL('',(#5433,#5448,#5462,#5476,#5490,#5504,#5545,#5559,#5593,
#5635,#5654,#5667,#5680,#5693,#5706,#5718,#5732,#5746,#5760,#5774,#5787,#5801,
#5815,#5829,#5843,#5857,#5870,#5884,#5898,#5912,#5926,#5940,#5953,#5967,#6000,
#6012,#6027,#6042,#6057,#6072,#6086,#6100,#6115,#6130,#6145,#6158,#6170,#6183,
#6196,#6208,#6221,#6234,#6246,#6259,#6272,#6284,#6298,#6312,#6326,#6340,#6353,
#6367,#6381,#6395,#6409,#6423,#6436,#6450,#6464,#6478,#6492,#6506,#6519,#6533,
#6548,#6562,#6576,#6590,#6603,#6616));
#6618=MANIFOLD_SOLID_BREP('',#6617);
#6619=FILL_AREA_STYLE_COLOUR('',#3);
#6620=FILL_AREA_STYLE('',(#6619));
#6621=SURFACE_STYLE_FILL_AREA(#6620);
#6622=SURFACE_SIDE_STYLE('',(#6621));
#6623=SURFACE_STYLE_USAGE(.BOTH.,#6622);
#6624=PRESENTATION_STYLE_ASSIGNMENT((#6623));
#3452=STYLED_ITEM('',(#6624),#6618);
#6627=PLANE_ANGLE_MEASURE_WITH_UNIT(PLANE_ANGLE_MEASURE(1.745329251994E-2),
#6626);
#6628=(CONVERSION_BASED_UNIT('DEGREE',#6627)NAMED_UNIT(*)PLANE_ANGLE_UNIT());
#6630=UNCERTAINTY_MEASURE_WITH_UNIT(LENGTH_MEASURE(1.652478232814E-4),#6625,
'distance_accuracy_value',
'Maximum model space distance between geometric entities at asserted connectivities');
#6632=CARTESIAN_POINT('',(0.E0,0.E0,0.E0));
#6633=DIRECTION('',(0.E0,0.E0,1.E0));
#6634=DIRECTION('',(1.E0,0.E0,0.E0));
#6637=PRODUCT_CONTEXT('',#3387,'mechanical');
#6638=PRODUCT('BODY','BODY','NOT SPECIFIED',(#6637));
#6639=PRODUCT_DEFINITION_FORMATION('38','LAST_VERSION',#6638);
#6647=DERIVED_UNIT_ELEMENT(#6646,2.E0);
#6648=DERIVED_UNIT((#6647));
#6649=MEASURE_REPRESENTATION_ITEM('surface area measure',AREA_MEASURE(
2.219661344063E1),#6648);
#6654=DERIVED_UNIT_ELEMENT(#6653,3.E0);
#6655=DERIVED_UNIT((#6654));
#6656=MEASURE_REPRESENTATION_ITEM('volume measure',VOLUME_MEASURE(
3.993504960003E0),#6655);
#6660=CARTESIAN_POINT('centre point',(-1.577561581440E-3,4.367420849729E-1,
-1.429664564467E-3));
#6665=DERIVED_UNIT_ELEMENT(#6664,2.E0);
#6666=DERIVED_UNIT((#6665));
#6667=MEASURE_REPRESENTATION_ITEM('surface area measure',AREA_MEASURE(
2.219661344063E1),#6666);
#6672=DERIVED_UNIT_ELEMENT(#6671,3.E0);
#6673=DERIVED_UNIT((#6672));
#6674=MEASURE_REPRESENTATION_ITEM('volume measure',VOLUME_MEASURE(
3.993504960003E0),#6673);
#6678=CARTESIAN_POINT('centre point',(-1.577561581440E-3,4.367420849729E-1,
-1.429664564467E-3));
#6685=CARTESIAN_POINT('centre point',(-1.577561581440E-3,1.429664564467E-3,
4.617420849729E-1));
#6689=CARTESIAN_POINT('',(0.E0,0.E0,2.5E-2));
#6690=DIRECTION('',(0.E0,-1.E0,0.E0));
#6691=DIRECTION('',(1.E0,0.E0,0.E0));
#6692=AXIS2_PLACEMENT_3D('',#6689,#6690,#6691);
#6693=ITEM_DEFINED_TRANSFORMATION('','',#6635,#6692);
#6694=(REPRESENTATION_RELATIONSHIP('','',#6636,#3438)REPRESENTATION_RELATIONSHIP_WITH_TRANSFORMATION(#6693)SHAPE_REPRESENTATION_RELATIONSHIP());
#6695=CONTEXT_DEPENDENT_SHAPE_REPRESENTATION(#6694,#6684);
#6698=PLANE_ANGLE_MEASURE_WITH_UNIT(PLANE_ANGLE_MEASURE(1.745329251994E-2),
#6697);
#6699=(CONVERSION_BASED_UNIT('DEGREE',#6698)NAMED_UNIT(*)PLANE_ANGLE_UNIT());
#6701=UNCERTAINTY_MEASURE_WITH_UNIT(LENGTH_MEASURE(2.193653347204E-4),#6696,
'distance_accuracy_value',
'Maximum model space distance between geometric entities at asserted connectivities');
#6703=CARTESIAN_POINT('',(0.E0,0.E0,0.E0));
#6704=DIRECTION('',(0.E0,0.E0,1.E0));
#6705=DIRECTION('',(1.E0,0.E0,0.E0));
#6708=PRODUCT_DEFINITION_CONTEXT('part definition',#3387,'design');
#6709=PRODUCT_CONTEXT('',#3387,'mechanical');
#6710=PRODUCT('PIN1_AREA','PIN1_AREA','NOT SPECIFIED',(#6709));
#6711=PRODUCT_DEFINITION_FORMATION('16','LAST_VERSION',#6710);
#6717=CARTESIAN_POINT('',(0.E0,0.E0,8.E-1));
#6718=DIRECTION('',(0.E0,-1.E0,0.E0));
#6719=DIRECTION('',(1.E0,0.E0,0.E0));
#6720=AXIS2_PLACEMENT_3D('',#6717,#6718,#6719);
#6721=ITEM_DEFINED_TRANSFORMATION('','',#6706,#6720);
#6722=(REPRESENTATION_RELATIONSHIP('','',#6707,#3438)REPRESENTATION_RELATIONSHIP_WITH_TRANSFORMATION(#6721)SHAPE_REPRESENTATION_RELATIONSHIP());
#6723=CONTEXT_DEPENDENT_SHAPE_REPRESENTATION(#6722,#6716);
#6726=PLANE_ANGLE_MEASURE_WITH_UNIT(PLANE_ANGLE_MEASURE(1.745329251994E-2),
#6725);
#6727=(CONVERSION_BASED_UNIT('DEGREE',#6726)NAMED_UNIT(*)PLANE_ANGLE_UNIT());
#6729=UNCERTAINTY_MEASURE_WITH_UNIT(LENGTH_MEASURE(1.615324968060E-4),#6724,
'distance_accuracy_value',
'Maximum model space distance between geometric entities at asserted connectivities');
#6731=CARTESIAN_POINT('',(0.E0,0.E0,0.E0));
#6732=DIRECTION('',(0.E0,0.E0,1.E0));
#6733=DIRECTION('',(1.E0,0.E0,0.E0));
#6735=MECHANICAL_DESIGN_GEOMETRIC_PRESENTATION_REPRESENTATION('',(#38,#45,#53,
#60,#68,#75,#82,#89,#96,#103,#110,#117,#124,#131,#139,#146,#154,#161,#232,#30,
#331,#338,#346,#353,#361,#368,#375,#382,#389,#396,#403,#410,#417,#424,#432,#439,
#447,#454,#520,#324,#619,#626,#634,#641,#649,#656,#663,#670,#677,#684,#691,#698,
#705,#712,#720,#727,#735,#742,#808,#612,#907,#914,#922,#929,#937,#944,#951,#958,
#965,#972,#979,#986,#993,#1000,#1008,#1015,#1023,#1030,#1096,#900,#1195,#1202,
#1210,#1217,#1225,#1232,#1239,#1246,#1253,#1260,#1267,#1274,#1281,#1288,#1296,
#1303,#1311,#1318,#1384,#1188,#1483,#1490,#1498,#1505,#1513,#1520,#1527,#1534,
#1541,#1548,#1555,#1562,#1569,#1576,#1584,#1591,#1599,#1606,#1672,#1476,#1771,
#1778,#1786,#1793,#1801,#1808,#1815,#1822,#1829,#1836,#1843,#1850,#1857,#1864,
#1872,#1879,#1887,#1894,#1960,#1764,#2059,#2066,#2074,#2081,#2089,#2096,#2103,
#2110,#2117,#2124,#2131,#2138,#2145,#2152,#2160,#2167,#2175,#2182,#2248,#2052,
#2347,#2354,#2361,#2368,#2375,#2382,#2389,#2396,#2403,#2410,#2417,#2424,#2431,
#2438,#2445,#2340,#2582,#2589,#2596,#2603,#2610,#2617,#2624,#2631,#2638,#2645,
#2652,#2659,#2713,#2575,#2782,#2789,#2796,#2803,#2810,#2817,#2824,#2831,#2838,
#2845,#2852,#2859,#2913,#2775,#2982,#2989,#2996,#3003,#3010,#3017,#3024,#3031,
#3038,#3045,#3052,#3059,#3113,#2975,#3182,#3189,#3196,#3203,#3210,#3217,#3224,
#3231,#3238,#3245,#3252,#3259,#3313,#3175,#3459,#3466,#3473,#3481,#3488,#3496,
#3503,#3510,#3517,#3525,#3532,#3540,#3547,#3554,#3561,#3569,#3576,#3584,#3591,
#3598,#3605,#3612,#3619,#3627,#3634,#3642,#3649,#3656,#3663,#3671,#3678,#3686,
#3693,#3700,#3707,#3715,#3722,#3730,#3737,#3744,#3751,#3759,#3766,#3774,#3781,
#3788,#3795,#3802,#3809,#3817,#3824,#3832,#3839,#3846,#3853,#3860,#3867,#3874,
#3881,#3888,#3895,#3902,#3909,#3916,#3923,#3930,#3937,#3944,#3951,#3958,#3965,
#3972,#3979,#3986,#3993,#4001,#4008,#4016,#4023,#4030,#4037,#4044,#4051,#4058,
#4065,#4072,#4079,#4086,#4093,#4100,#4107,#4114,#4121,#4128,#4135,#4142,#4149,
#4156,#4163,#4170,#4177,#4184,#4192,#4199,#4207,#4214,#4221,#4228,#4235,#4242,
#4249,#4256,#4263,#4270,#4277,#4285,#4292,#4300,#4307,#4314,#4321,#4328,#4335,
#4342,#4350,#4357,#4365,#4372,#4379,#4386,#4393,#4400,#4407,#4415,#4422,#4430,
#4437,#4444,#4451,#4458,#4465,#4472,#4479,#4486,#4493,#4500,#4507,#4514,#4521,
#4528,#4535,#4542,#4549,#4556,#4563,#4570,#4577,#4584,#4591,#4598,#4605,#4612,
#4619,#4626,#4633,#4640,#4647,#4654,#4661,#4668,#4675,#4682,#4689,#4696,#4703,
#4710,#4717,#4724,#4731,#4738,#4745,#4752,#4759,#4766,#4773,#4780,#4787,#4795,
#4802,#4810,#4817,#4824,#4831,#4838,#4845,#4852,#4860,#4867,#4875,#4882,#4889,
#4896,#4903,#4910,#4917,#4925,#4932,#4940,#4947,#4954,#4961,#4968,#4975,#4982,
#4989,#4996,#5003,#5010,#5017,#3452),#6730);
#6736=PRODUCT_CONTEXT('',#3387,'mechanical');
#6737=PRODUCT('RQX0008A_ASM','RQX0008A_ASM','NOT SPECIFIED',(#6736));
#6738=PRODUCT_DEFINITION_FORMATION('92','LAST_VERSION',#6737);
#6741=DERIVED_UNIT_ELEMENT(#6740,2.E0);
#6742=DERIVED_UNIT((#6741));
#6743=MEASURE_REPRESENTATION_ITEM('surface area measure',AREA_MEASURE(
3.332982904221E1),#6742);
#6748=DERIVED_UNIT_ELEMENT(#6747,3.E0);
#6749=DERIVED_UNIT((#6748));
#6750=MEASURE_REPRESENTATION_ITEM('volume measure',VOLUME_MEASURE(
4.742642128065E0),#6749);
#6754=CARTESIAN_POINT('centre point',(1.897676390777E-4,-1.719774993248E-4,
4.046864535761E-1));
#6758=PRODUCT_RELATED_PRODUCT_CATEGORY('part','',(#6737,#3391,#6638,#6710));
#1=COLOUR_RGB('',0.E0,4.3E-1,1.E0);
#2=COLOUR_RGB('',0.E0,6.6E-1,0.E0);
#3=COLOUR_RGB('',9.8039E-2,9.8039E-2,9.8039E-2);
#4=COLOUR_RGB('',1.80392E-1,2.7451E-1,9.8039E-2);
#5=COLOUR_RGB('',3.E-1,1.29412E-1,2.5098E-1);
#6=COLOUR_RGB('',3.13725E-1,3.13725E-1,3.13725E-1);
#7=COLOUR_RGB('',3.2E-1,4.9E-1,1.76471E-1);
#8=COLOUR_RGB('',3.5E-1,3.5E-1,3.5E-1);
#9=COLOUR_RGB('',3.92157E-1,3.92157E-1,3.92157E-1);
#10=COLOUR_RGB('',5.7E-1,0.E0,1.E0);
#11=COLOUR_RGB('',5.9E-1,3.E-1,0.E0);
#12=COLOUR_RGB('',6.E-1,6.E-1,6.E-1);
#13=COLOUR_RGB('',6.2E-1,3.3E-1,2.3E-1);
#14=COLOUR_RGB('',6.35294E-1,6.86275E-1,7.4902E-1);
#15=COLOUR_RGB('',6.66667E-1,6.66667E-1,6.66667E-1);
#16=COLOUR_RGB('',6.9E-1,0.E0,0.E0);
#17=COLOUR_RGB('',7.E-1,7.E-1,7.E-1);
#18=COLOUR_RGB('',8.23529E-1,7.05882E-1,4.31373E-1);
#19=COLOUR_RGB('',8.39216E-1,8.90196E-1,7.68627E-1);
#20=COLOUR_RGB('',8.62745E-1,4.98039E-1,3.92157E-1);
#21=COLOUR_RGB('',8.7E-1,7.5E-1,4.9E-1);
#22=COLOUR_RGB('',8.82353E-1,8.82353E-1,8.82353E-1);
#23=COLOUR_RGB('',9.80392E-1,9.80392E-1,9.80392E-1);
#24=COLOUR_RGB('',9.9E-1,1.E0,0.E0);
#25=COLOUR_RGB('',1.E0,5.E-1,0.E0);
#26=COLOUR_RGB('',1.E0,6.19608E-1,5.17647E-1);
#27=DRAUGHTING_PRE_DEFINED_COLOUR('white');
#28=COLOUR_RGB('',8.627450980392E-1,8.627450980392E-1,8.627450980392E-1);
#29=COLOUR_RGB('',1.E0,6.2E-1,5.2E-1);
#50=CIRCLE('',#49,7.5E-2);
#65=CIRCLE('',#64,7.5E-2);
#136=CIRCLE('',#135,7.5E-2);
#151=CIRCLE('',#150,7.5E-2);
#191=EDGE_CURVE('',#180,#181,#34,.T.);
#193=EDGE_CURVE('',#180,#164,#42,.T.);
#195=EDGE_CURVE('',#164,#165,#50,.T.);
#197=EDGE_CURVE('',#165,#167,#57,.T.);
#199=EDGE_CURVE('',#167,#169,#65,.T.);
#201=EDGE_CURVE('',#169,#181,#72,.T.);
#205=ADVANCED_FACE('',(#204),#190,.F.);
#212=EDGE_CURVE('',#181,#185,#79,.T.);
#214=EDGE_CURVE('',#184,#185,#121,.T.);
#216=EDGE_CURVE('',#180,#184,#114,.T.);
#220=ADVANCED_FACE('',(#219),#210,.F.);
#240=EDGE_CURVE('',#169,#177,#86,.T.);
#242=EDGE_CURVE('',#177,#185,#128,.T.);
#246=ADVANCED_FACE('',(#245),#237,.T.);
#253=EDGE_CURVE('',#167,#175,#93,.T.);
#255=EDGE_CURVE('',#175,#177,#136,.T.);
#260=ADVANCED_FACE('',(#259),#251,.T.);
#267=EDGE_CURVE('',#165,#173,#100,.T.);
#269=EDGE_CURVE('',#173,#175,#143,.T.);
#274=ADVANCED_FACE('',(#273),#265,.T.);
#281=EDGE_CURVE('',#164,#172,#107,.T.);
#283=EDGE_CURVE('',#172,#173,#151,.T.);
#288=ADVANCED_FACE('',(#287),#279,.T.);
#295=EDGE_CURVE('',#184,#172,#158,.T.);
#301=ADVANCED_FACE('',(#300),#293,.T.);
#315=ADVANCED_FACE('',(#314),#306,.T.);
#343=CIRCLE('',#342,7.5E-2);
#358=CIRCLE('',#357,7.5E-2);
#429=CIRCLE('',#428,7.5E-2);
#444=CIRCLE('',#443,7.5E-2);
#484=EDGE_CURVE('',#473,#474,#328,.T.);
#486=EDGE_CURVE('',#473,#457,#335,.T.);
#488=EDGE_CURVE('',#457,#458,#343,.T.);
#490=EDGE_CURVE('',#458,#460,#350,.T.);
#492=EDGE_CURVE('',#460,#462,#358,.T.);
#494=EDGE_CURVE('',#462,#474,#365,.T.);
#498=ADVANCED_FACE('',(#497),#483,.F.);
#505=EDGE_CURVE('',#474,#478,#372,.T.);
#507=EDGE_CURVE('',#477,#478,#414,.T.);
#509=EDGE_CURVE('',#473,#477,#407,.T.);
#513=ADVANCED_FACE('',(#512),#503,.F.);
#528=EDGE_CURVE('',#462,#470,#379,.T.);
#530=EDGE_CURVE('',#470,#478,#421,.T.);
#534=ADVANCED_FACE('',(#533),#525,.T.);
#541=EDGE_CURVE('',#460,#468,#386,.T.);
#543=EDGE_CURVE('',#468,#470,#429,.T.);
#548=ADVANCED_FACE('',(#547),#539,.T.);
#555=EDGE_CURVE('',#458,#466,#393,.T.);
#557=EDGE_CURVE('',#466,#468,#436,.T.);
#562=ADVANCED_FACE('',(#561),#553,.T.);
#569=EDGE_CURVE('',#457,#465,#400,.T.);
#571=EDGE_CURVE('',#465,#466,#444,.T.);
#576=ADVANCED_FACE('',(#575),#567,.T.);
#583=EDGE_CURVE('',#477,#465,#451,.T.);
#589=ADVANCED_FACE('',(#588),#581,.T.);
#603=ADVANCED_FACE('',(#602),#594,.T.);
#631=CIRCLE('',#630,7.5E-2);
#646=CIRCLE('',#645,7.5E-2);
#717=CIRCLE('',#716,7.5E-2);
#732=CIRCLE('',#731,7.5E-2);
#772=EDGE_CURVE('',#761,#762,#616,.T.);
#774=EDGE_CURVE('',#761,#745,#623,.T.);
#776=EDGE_CURVE('',#745,#746,#631,.T.);
#778=EDGE_CURVE('',#746,#748,#638,.T.);
#780=EDGE_CURVE('',#748,#750,#646,.T.);
#782=EDGE_CURVE('',#750,#762,#653,.T.);
#786=ADVANCED_FACE('',(#785),#771,.F.);
#793=EDGE_CURVE('',#762,#766,#660,.T.);
#795=EDGE_CURVE('',#765,#766,#702,.T.);
#797=EDGE_CURVE('',#761,#765,#695,.T.);
#801=ADVANCED_FACE('',(#800),#791,.F.);
#816=EDGE_CURVE('',#750,#758,#667,.T.);
#818=EDGE_CURVE('',#758,#766,#709,.T.);
#822=ADVANCED_FACE('',(#821),#813,.T.);
#829=EDGE_CURVE('',#748,#756,#674,.T.);
#831=EDGE_CURVE('',#756,#758,#717,.T.);
#836=ADVANCED_FACE('',(#835),#827,.T.);
#843=EDGE_CURVE('',#746,#754,#681,.T.);
#845=EDGE_CURVE('',#754,#756,#724,.T.);
#850=ADVANCED_FACE('',(#849),#841,.T.);
#857=EDGE_CURVE('',#745,#753,#688,.T.);
#859=EDGE_CURVE('',#753,#754,#732,.T.);
#864=ADVANCED_FACE('',(#863),#855,.T.);
#871=EDGE_CURVE('',#765,#753,#739,.T.);
#877=ADVANCED_FACE('',(#876),#869,.T.);
#891=ADVANCED_FACE('',(#890),#882,.T.);
#919=CIRCLE('',#918,7.5E-2);
#934=CIRCLE('',#933,7.5E-2);
#1005=CIRCLE('',#1004,7.5E-2);
#1020=CIRCLE('',#1019,7.5E-2);
#1060=EDGE_CURVE('',#1049,#1050,#904,.T.);
#1062=EDGE_CURVE('',#1049,#1033,#911,.T.);
#1064=EDGE_CURVE('',#1033,#1034,#919,.T.);
#1066=EDGE_CURVE('',#1034,#1036,#926,.T.);
#1068=EDGE_CURVE('',#1036,#1038,#934,.T.);
#1070=EDGE_CURVE('',#1038,#1050,#941,.T.);
#1074=ADVANCED_FACE('',(#1073),#1059,.F.);
#1081=EDGE_CURVE('',#1050,#1054,#948,.T.);
#1083=EDGE_CURVE('',#1053,#1054,#990,.T.);
#1085=EDGE_CURVE('',#1049,#1053,#983,.T.);
#1089=ADVANCED_FACE('',(#1088),#1079,.F.);
#1104=EDGE_CURVE('',#1038,#1046,#955,.T.);
#1106=EDGE_CURVE('',#1046,#1054,#997,.T.);
#1110=ADVANCED_FACE('',(#1109),#1101,.T.);
#1117=EDGE_CURVE('',#1036,#1044,#962,.T.);
#1119=EDGE_CURVE('',#1044,#1046,#1005,.T.);
#1124=ADVANCED_FACE('',(#1123),#1115,.T.);
#1131=EDGE_CURVE('',#1034,#1042,#969,.T.);
#1133=EDGE_CURVE('',#1042,#1044,#1012,.T.);
#1138=ADVANCED_FACE('',(#1137),#1129,.T.);
#1145=EDGE_CURVE('',#1033,#1041,#976,.T.);
#1147=EDGE_CURVE('',#1041,#1042,#1020,.T.);
#1152=ADVANCED_FACE('',(#1151),#1143,.T.);
#1159=EDGE_CURVE('',#1053,#1041,#1027,.T.);
#1165=ADVANCED_FACE('',(#1164),#1157,.T.);
#1179=ADVANCED_FACE('',(#1178),#1170,.T.);
#1207=CIRCLE('',#1206,7.5E-2);
#1222=CIRCLE('',#1221,7.5E-2);
#1293=CIRCLE('',#1292,7.5E-2);
#1308=CIRCLE('',#1307,7.5E-2);
#1348=EDGE_CURVE('',#1337,#1338,#1192,.T.);
#1350=EDGE_CURVE('',#1326,#1338,#1199,.T.);
#1352=EDGE_CURVE('',#1324,#1326,#1207,.T.);
#1354=EDGE_CURVE('',#1322,#1324,#1214,.T.);
#1356=EDGE_CURVE('',#1321,#1322,#1222,.T.);
#1358=EDGE_CURVE('',#1337,#1321,#1229,.T.);
#1362=ADVANCED_FACE('',(#1361),#1347,.T.);
#1369=EDGE_CURVE('',#1337,#1341,#1236,.T.);
#1371=EDGE_CURVE('',#1341,#1342,#1278,.T.);
#1373=EDGE_CURVE('',#1338,#1342,#1264,.T.);
#1377=ADVANCED_FACE('',(#1376),#1367,.F.);
#1392=EDGE_CURVE('',#1321,#1329,#1243,.T.);
#1394=EDGE_CURVE('',#1341,#1329,#1285,.T.);
#1398=ADVANCED_FACE('',(#1397),#1389,.F.);
#1405=EDGE_CURVE('',#1322,#1330,#1250,.T.);
#1407=EDGE_CURVE('',#1329,#1330,#1293,.T.);
#1412=ADVANCED_FACE('',(#1411),#1403,.T.);
#1419=EDGE_CURVE('',#1324,#1332,#1257,.T.);
#1421=EDGE_CURVE('',#1330,#1332,#1300,.T.);
#1426=ADVANCED_FACE('',(#1425),#1417,.F.);
#1433=EDGE_CURVE('',#1326,#1334,#1271,.T.);
#1435=EDGE_CURVE('',#1332,#1334,#1308,.T.);
#1440=ADVANCED_FACE('',(#1439),#1431,.T.);
#1447=EDGE_CURVE('',#1334,#1342,#1315,.T.);
#1453=ADVANCED_FACE('',(#1452),#1445,.F.);
#1467=ADVANCED_FACE('',(#1466),#1458,.F.);
#1495=CIRCLE('',#1494,7.5E-2);
#1510=CIRCLE('',#1509,7.5E-2);
#1581=CIRCLE('',#1580,7.5E-2);
#1596=CIRCLE('',#1595,7.5E-2);
#1636=EDGE_CURVE('',#1625,#1626,#1480,.T.);
#1638=EDGE_CURVE('',#1614,#1626,#1487,.T.);
#1640=EDGE_CURVE('',#1612,#1614,#1495,.T.);
#1642=EDGE_CURVE('',#1610,#1612,#1502,.T.);
#1644=EDGE_CURVE('',#1609,#1610,#1510,.T.);
#1646=EDGE_CURVE('',#1625,#1609,#1517,.T.);
#1650=ADVANCED_FACE('',(#1649),#1635,.T.);
#1657=EDGE_CURVE('',#1625,#1629,#1524,.T.);
#1659=EDGE_CURVE('',#1629,#1630,#1566,.T.);
#1661=EDGE_CURVE('',#1626,#1630,#1552,.T.);
#1665=ADVANCED_FACE('',(#1664),#1655,.F.);
#1680=EDGE_CURVE('',#1609,#1617,#1531,.T.);
#1682=EDGE_CURVE('',#1629,#1617,#1573,.T.);
#1686=ADVANCED_FACE('',(#1685),#1677,.F.);
#1693=EDGE_CURVE('',#1610,#1618,#1538,.T.);
#1695=EDGE_CURVE('',#1617,#1618,#1581,.T.);
#1700=ADVANCED_FACE('',(#1699),#1691,.T.);
#1707=EDGE_CURVE('',#1612,#1620,#1545,.T.);
#1709=EDGE_CURVE('',#1618,#1620,#1588,.T.);
#1714=ADVANCED_FACE('',(#1713),#1705,.F.);
#1721=EDGE_CURVE('',#1614,#1622,#1559,.T.);
#1723=EDGE_CURVE('',#1620,#1622,#1596,.T.);
#1728=ADVANCED_FACE('',(#1727),#1719,.T.);
#1735=EDGE_CURVE('',#1622,#1630,#1603,.T.);
#1741=ADVANCED_FACE('',(#1740),#1733,.F.);
#1755=ADVANCED_FACE('',(#1754),#1746,.F.);
#1783=CIRCLE('',#1782,7.5E-2);
#1798=CIRCLE('',#1797,7.5E-2);
#1869=CIRCLE('',#1868,7.5E-2);
#1884=CIRCLE('',#1883,7.5E-2);
#1924=EDGE_CURVE('',#1913,#1914,#1768,.T.);
#1926=EDGE_CURVE('',#1902,#1914,#1775,.T.);
#1928=EDGE_CURVE('',#1900,#1902,#1783,.T.);
#1930=EDGE_CURVE('',#1898,#1900,#1790,.T.);
#1932=EDGE_CURVE('',#1897,#1898,#1798,.T.);
#1934=EDGE_CURVE('',#1913,#1897,#1805,.T.);
#1938=ADVANCED_FACE('',(#1937),#1923,.T.);
#1945=EDGE_CURVE('',#1913,#1917,#1812,.T.);
#1947=EDGE_CURVE('',#1917,#1918,#1854,.T.);
#1949=EDGE_CURVE('',#1914,#1918,#1840,.T.);
#1953=ADVANCED_FACE('',(#1952),#1943,.F.);
#1968=EDGE_CURVE('',#1897,#1905,#1819,.T.);
#1970=EDGE_CURVE('',#1917,#1905,#1861,.T.);
#1974=ADVANCED_FACE('',(#1973),#1965,.F.);
#1981=EDGE_CURVE('',#1898,#1906,#1826,.T.);
#1983=EDGE_CURVE('',#1905,#1906,#1869,.T.);
#1988=ADVANCED_FACE('',(#1987),#1979,.T.);
#1995=EDGE_CURVE('',#1900,#1908,#1833,.T.);
#1997=EDGE_CURVE('',#1906,#1908,#1876,.T.);
#2002=ADVANCED_FACE('',(#2001),#1993,.F.);
#2009=EDGE_CURVE('',#1902,#1910,#1847,.T.);
#2011=EDGE_CURVE('',#1908,#1910,#1884,.T.);
#2016=ADVANCED_FACE('',(#2015),#2007,.T.);
#2023=EDGE_CURVE('',#1910,#1918,#1891,.T.);
#2029=ADVANCED_FACE('',(#2028),#2021,.F.);
#2043=ADVANCED_FACE('',(#2042),#2034,.F.);
#2071=CIRCLE('',#2070,7.5E-2);
#2086=CIRCLE('',#2085,7.5E-2);
#2157=CIRCLE('',#2156,7.5E-2);
#2172=CIRCLE('',#2171,7.5E-2);
#2212=EDGE_CURVE('',#2201,#2202,#2056,.T.);
#2214=EDGE_CURVE('',#2190,#2202,#2063,.T.);
#2216=EDGE_CURVE('',#2188,#2190,#2071,.T.);
#2218=EDGE_CURVE('',#2186,#2188,#2078,.T.);
#2220=EDGE_CURVE('',#2185,#2186,#2086,.T.);
#2222=EDGE_CURVE('',#2201,#2185,#2093,.T.);
#2226=ADVANCED_FACE('',(#2225),#2211,.T.);
#2233=EDGE_CURVE('',#2201,#2205,#2100,.T.);
#2235=EDGE_CURVE('',#2205,#2206,#2142,.T.);
#2237=EDGE_CURVE('',#2202,#2206,#2128,.T.);
#2241=ADVANCED_FACE('',(#2240),#2231,.F.);
#2256=EDGE_CURVE('',#2185,#2193,#2107,.T.);
#2258=EDGE_CURVE('',#2205,#2193,#2149,.T.);
#2262=ADVANCED_FACE('',(#2261),#2253,.F.);
#2269=EDGE_CURVE('',#2186,#2194,#2114,.T.);
#2271=EDGE_CURVE('',#2193,#2194,#2157,.T.);
#2276=ADVANCED_FACE('',(#2275),#2267,.T.);
#2283=EDGE_CURVE('',#2188,#2196,#2121,.T.);
#2285=EDGE_CURVE('',#2194,#2196,#2164,.T.);
#2290=ADVANCED_FACE('',(#2289),#2281,.F.);
#2297=EDGE_CURVE('',#2190,#2198,#2135,.T.);
#2299=EDGE_CURVE('',#2196,#2198,#2172,.T.);
#2304=ADVANCED_FACE('',(#2303),#2295,.T.);
#2311=EDGE_CURVE('',#2198,#2206,#2179,.T.);
#2317=ADVANCED_FACE('',(#2316),#2309,.F.);
#2331=ADVANCED_FACE('',(#2330),#2322,.F.);
#2471=EDGE_CURVE('',#2460,#2461,#2344,.T.);
#2473=EDGE_CURVE('',#2460,#2448,#2351,.T.);
#2475=EDGE_CURVE('',#2448,#2449,#2358,.T.);
#2477=EDGE_CURVE('',#2449,#2451,#2365,.T.);
#2479=EDGE_CURVE('',#2451,#2461,#2372,.T.);
#2483=ADVANCED_FACE('',(#2482),#2470,.F.);
#2490=EDGE_CURVE('',#2463,#2461,#2379,.T.);
#2492=EDGE_CURVE('',#2463,#2465,#2414,.T.);
#2494=EDGE_CURVE('',#2465,#2460,#2407,.T.);
#2498=ADVANCED_FACE('',(#2497),#2488,.T.);
#2506=EDGE_CURVE('',#2451,#2457,#2386,.T.);
#2508=EDGE_CURVE('',#2457,#2463,#2421,.T.);
#2512=ADVANCED_FACE('',(#2511),#2503,.T.);
#2519=EDGE_CURVE('',#2449,#2455,#2393,.T.);
#2521=EDGE_CURVE('',#2455,#2457,#2428,.T.);
#2526=ADVANCED_FACE('',(#2525),#2517,.T.);
#2533=EDGE_CURVE('',#2448,#2454,#2400,.T.);
#2535=EDGE_CURVE('',#2454,#2455,#2435,.T.);
#2540=ADVANCED_FACE('',(#2539),#2531,.T.);
#2547=EDGE_CURVE('',#2465,#2454,#2442,.T.);
#2553=ADVANCED_FACE('',(#2552),#2545,.T.);
#2566=ADVANCED_FACE('',(#2565),#2558,.T.);
#2681=EDGE_CURVE('',#2670,#2671,#2579,.T.);
#2683=EDGE_CURVE('',#2670,#2662,#2586,.T.);
#2685=EDGE_CURVE('',#2662,#2663,#2593,.T.);
#2687=EDGE_CURVE('',#2663,#2671,#2600,.T.);
#2691=ADVANCED_FACE('',(#2690),#2680,.F.);
#2698=EDGE_CURVE('',#2671,#2675,#2607,.T.);
#2700=EDGE_CURVE('',#2674,#2675,#2635,.T.);
#2702=EDGE_CURVE('',#2670,#2674,#2628,.T.);
#2706=ADVANCED_FACE('',(#2705),#2696,.F.);
#2721=EDGE_CURVE('',#2663,#2667,#2614,.T.);
#2723=EDGE_CURVE('',#2667,#2675,#2642,.T.);
#2727=ADVANCED_FACE('',(#2726),#2718,.T.);
#2734=EDGE_CURVE('',#2662,#2666,#2621,.T.);
#2736=EDGE_CURVE('',#2666,#2667,#2649,.T.);
#2741=ADVANCED_FACE('',(#2740),#2732,.T.);
#2748=EDGE_CURVE('',#2674,#2666,#2656,.T.);
#2754=ADVANCED_FACE('',(#2753),#2746,.T.);
#2766=ADVANCED_FACE('',(#2765),#2759,.T.);
#2881=EDGE_CURVE('',#2862,#2863,#2779,.T.);
#2883=EDGE_CURVE('',#2862,#2870,#2786,.T.);
#2885=EDGE_CURVE('',#2870,#2871,#2793,.T.);
#2887=EDGE_CURVE('',#2871,#2863,#2800,.T.);
#2891=ADVANCED_FACE('',(#2890),#2880,.F.);
#2898=EDGE_CURVE('',#2863,#2867,#2807,.T.);
#2900=EDGE_CURVE('',#2866,#2867,#2835,.T.);
#2902=EDGE_CURVE('',#2862,#2866,#2828,.T.);
#2906=ADVANCED_FACE('',(#2905),#2896,.F.);
#2921=EDGE_CURVE('',#2871,#2875,#2814,.T.);
#2923=EDGE_CURVE('',#2875,#2867,#2842,.T.);
#2927=ADVANCED_FACE('',(#2926),#2918,.T.);
#2934=EDGE_CURVE('',#2870,#2874,#2821,.T.);
#2936=EDGE_CURVE('',#2874,#2875,#2849,.T.);
#2941=ADVANCED_FACE('',(#2940),#2932,.T.);
#2948=EDGE_CURVE('',#2866,#2874,#2856,.T.);
#2954=ADVANCED_FACE('',(#2953),#2946,.T.);
#2966=ADVANCED_FACE('',(#2965),#2959,.T.);
#3081=EDGE_CURVE('',#3062,#3063,#2979,.T.);
#3083=EDGE_CURVE('',#3062,#3070,#2986,.T.);
#3085=EDGE_CURVE('',#3070,#3071,#2993,.T.);
#3087=EDGE_CURVE('',#3071,#3063,#3000,.T.);
#3091=ADVANCED_FACE('',(#3090),#3080,.F.);
#3098=EDGE_CURVE('',#3063,#3067,#3007,.T.);
#3100=EDGE_CURVE('',#3066,#3067,#3035,.T.);
#3102=EDGE_CURVE('',#3062,#3066,#3028,.T.);
#3106=ADVANCED_FACE('',(#3105),#3096,.F.);
#3121=EDGE_CURVE('',#3071,#3075,#3014,.T.);
#3123=EDGE_CURVE('',#3075,#3067,#3042,.T.);
#3127=ADVANCED_FACE('',(#3126),#3118,.T.);
#3134=EDGE_CURVE('',#3070,#3074,#3021,.T.);
#3136=EDGE_CURVE('',#3074,#3075,#3049,.T.);
#3141=ADVANCED_FACE('',(#3140),#3132,.T.);
#3148=EDGE_CURVE('',#3066,#3074,#3056,.T.);
#3154=ADVANCED_FACE('',(#3153),#3146,.T.);
#3166=ADVANCED_FACE('',(#3165),#3159,.T.);
#3281=EDGE_CURVE('',#3262,#3263,#3179,.T.);
#3283=EDGE_CURVE('',#3262,#3270,#3186,.T.);
#3285=EDGE_CURVE('',#3270,#3271,#3193,.T.);
#3287=EDGE_CURVE('',#3271,#3263,#3200,.T.);
#3291=ADVANCED_FACE('',(#3290),#3280,.F.);
#3298=EDGE_CURVE('',#3263,#3267,#3207,.T.);
#3300=EDGE_CURVE('',#3266,#3267,#3235,.T.);
#3302=EDGE_CURVE('',#3262,#3266,#3228,.T.);
#3306=ADVANCED_FACE('',(#3305),#3296,.F.);
#3321=EDGE_CURVE('',#3271,#3275,#3214,.T.);
#3323=EDGE_CURVE('',#3275,#3267,#3242,.T.);
#3327=ADVANCED_FACE('',(#3326),#3318,.T.);
#3334=EDGE_CURVE('',#3270,#3274,#3221,.T.);
#3336=EDGE_CURVE('',#3274,#3275,#3249,.T.);
#3341=ADVANCED_FACE('',(#3340),#3332,.T.);
#3348=EDGE_CURVE('',#3266,#3274,#3256,.T.);
#3354=ADVANCED_FACE('',(#3353),#3346,.T.);
#3366=ADVANCED_FACE('',(#3365),#3359,.T.);
#3375=(LENGTH_UNIT()NAMED_UNIT(*)SI_UNIT(.MILLI.,.METRE.));
#3376=(NAMED_UNIT(*)PLANE_ANGLE_UNIT()SI_UNIT($,.RADIAN.));
#3379=(NAMED_UNIT(*)SI_UNIT($,.STERADIAN.)SOLID_ANGLE_UNIT());
#3381=(GEOMETRIC_REPRESENTATION_CONTEXT(3)GLOBAL_UNCERTAINTY_ASSIGNED_CONTEXT((
#3380))GLOBAL_UNIT_ASSIGNED_CONTEXT((#3375,#3378,#3379))REPRESENTATION_CONTEXT(
'ID1','3'));
#3385=AXIS2_PLACEMENT_3D('',#3382,#3383,#3384);
#3386=ADVANCED_BREP_SHAPE_REPRESENTATION('',(#3385,#317,#605,#893,#1181,#1469,
#1757,#2045,#2333,#2568,#2768,#2968,#3168,#3368),#3381);
#3393=PRODUCT_DEFINITION('part definition','',#3392,#3389);
#3394=PRODUCT_DEFINITION_SHAPE('','SHAPE FOR FRAME.',#3393);
#3395=SHAPE_ASPECT('','solid data associated with FRAME',#3394,.F.);
#3396=PROPERTY_DEFINITION('',
'shape for solid data with which properties are associated',#3395);
#3397=SHAPE_REPRESENTATION('',(#3368),#3381);
#3398=SHAPE_DEFINITION_REPRESENTATION(#3396,#3397);
#3399=(LENGTH_UNIT()NAMED_UNIT(*)SI_UNIT(.MILLI.,.METRE.));
#3403=PROPERTY_DEFINITION('geometric validation property','area of FRAME',
#3395);
#3404=REPRESENTATION('surface area',(#3402),#3381);
#3405=PROPERTY_DEFINITION_REPRESENTATION(#3403,#3404);
#3406=(LENGTH_UNIT()NAMED_UNIT(*)SI_UNIT(.MILLI.,.METRE.));
#3410=PROPERTY_DEFINITION('geometric validation property','volume of FRAME',
#3395);
#3411=REPRESENTATION('volume',(#3409),#3381);
#3412=PROPERTY_DEFINITION_REPRESENTATION(#3410,#3411);
#3414=PROPERTY_DEFINITION('geometric validation property','centroid of FRAME',
#3395);
#3415=REPRESENTATION('centroid',(#3413),#3381);
#3416=PROPERTY_DEFINITION_REPRESENTATION(#3414,#3415);
#3417=(LENGTH_UNIT()NAMED_UNIT(*)SI_UNIT(.MILLI.,.METRE.));
#3421=PROPERTY_DEFINITION('geometric validation property','area of FRAME',
#3394);
#3422=REPRESENTATION('surface area',(#3420),#3381);
#3423=PROPERTY_DEFINITION_REPRESENTATION(#3421,#3422);
#3424=(LENGTH_UNIT()NAMED_UNIT(*)SI_UNIT(.MILLI.,.METRE.));
#3428=PROPERTY_DEFINITION('geometric validation property','volume of FRAME',
#3394);
#3429=REPRESENTATION('volume',(#3427),#3381);
#3430=PROPERTY_DEFINITION_REPRESENTATION(#3428,#3429);
#3432=PROPERTY_DEFINITION('geometric validation property','centroid of FRAME',
#3394);
#3433=REPRESENTATION('centroid',(#3431),#3381);
#3434=PROPERTY_DEFINITION_REPRESENTATION(#3432,#3433);
#3435=SHAPE_DEFINITION_REPRESENTATION(#3394,#3386);
#3436=SHAPE_DEFINITION_REPRESENTATION(#3437,#3438);
#3437=PRODUCT_DEFINITION_SHAPE('','SHAPE FOR RQX0008A_ASM.',#6739);
#3438=SHAPE_REPRESENTATION('',(#3448,#6692,#6720,#6734),#6730);
#3439=NEXT_ASSEMBLY_USAGE_OCCURRENCE('3','Next assembly relationship','FRAME',
#6739,#3393,$);
#3440=PRODUCT_DEFINITION_SHAPE('Placement #3',
'Placement of FRAME with respect to RQX0008A_ASM',#3439);
#3442=PROPERTY_DEFINITION('geometric validation property','centroid of FRAME',
#3440);
#3443=REPRESENTATION('centroid',(#3441),#3381);
#3444=PROPERTY_DEFINITION_REPRESENTATION(#3442,#3443);
#3478=CIRCLE('',#3477,7.5E-2);
#3493=CIRCLE('',#3492,7.5E-2);
#3522=CIRCLE('',#3521,7.5E-2);
#3537=CIRCLE('',#3536,7.5E-2);
#3566=CIRCLE('',#3565,7.5E-2);
#3581=CIRCLE('',#3580,7.5E-2);
#3624=CIRCLE('',#3623,7.5E-2);
#3639=CIRCLE('',#3638,7.5E-2);
#3668=CIRCLE('',#3667,7.5E-2);
#3683=CIRCLE('',#3682,7.5E-2);
#3712=CIRCLE('',#3711,7.5E-2);
#3727=CIRCLE('',#3726,7.5E-2);
#3756=CIRCLE('',#3755,7.5E-2);
#3771=CIRCLE('',#3770,7.5E-2);
#3814=CIRCLE('',#3813,7.5E-2);
#3829=CIRCLE('',#3828,7.5E-2);
#3998=CIRCLE('',#3997,7.5E-2);
#4013=CIRCLE('',#4012,7.5E-2);
#4189=CIRCLE('',#4188,7.5E-2);
#4204=CIRCLE('',#4203,7.5E-2);
#4282=CIRCLE('',#4281,7.5E-2);
#4297=CIRCLE('',#4296,7.5E-2);
#4347=CIRCLE('',#4346,7.5E-2);
#4362=CIRCLE('',#4361,7.5E-2);
#4412=CIRCLE('',#4411,7.5E-2);
#4427=CIRCLE('',#4426,7.5E-2);
#4792=CIRCLE('',#4791,7.5E-2);
#4807=CIRCLE('',#4806,7.5E-2);
#4857=CIRCLE('',#4856,7.5E-2);
#4872=CIRCLE('',#4871,7.5E-2);
#4922=CIRCLE('',#4921,7.5E-2);
#4937=CIRCLE('',#4936,7.5E-2);
#5315=EDGE_CURVE('',#5046,#5047,#3456,.T.);
#5317=EDGE_CURVE('',#5046,#5058,#3463,.T.);
#5319=EDGE_CURVE('',#5058,#5059,#3470,.T.);
#5321=EDGE_CURVE('',#5261,#5059,#3478,.T.);
#5323=EDGE_CURVE('',#5259,#5261,#3485,.T.);
#5325=EDGE_CURVE('',#5055,#5259,#3493,.T.);
#5327=EDGE_CURVE('',#5054,#5055,#3500,.T.);
#5329=EDGE_CURVE('',#5054,#5066,#3507,.T.);
#5331=EDGE_CURVE('',#5066,#5067,#3514,.T.);
#5333=EDGE_CURVE('',#5265,#5067,#3522,.T.);
#5335=EDGE_CURVE('',#5263,#5265,#3529,.T.);
#5337=EDGE_CURVE('',#5063,#5263,#3537,.T.);
#5339=EDGE_CURVE('',#5062,#5063,#3544,.T.);
#5341=EDGE_CURVE('',#5062,#5074,#3551,.T.);
#5343=EDGE_CURVE('',#5074,#5075,#3558,.T.);
#5345=EDGE_CURVE('',#5269,#5075,#3566,.T.);
#5347=EDGE_CURVE('',#5267,#5269,#3573,.T.);
#5349=EDGE_CURVE('',#5071,#5267,#3581,.T.);
#5351=EDGE_CURVE('',#5070,#5071,#3588,.T.);
#5353=EDGE_CURVE('',#5070,#5020,#3595,.T.);
#5355=EDGE_CURVE('',#5020,#5021,#3602,.T.);
#5357=EDGE_CURVE('',#5021,#5102,#3609,.T.);
#5359=EDGE_CURVE('',#5102,#5103,#3616,.T.);
#5361=EDGE_CURVE('',#5103,#5283,#3624,.T.);
#5363=EDGE_CURVE('',#5283,#5285,#3631,.T.);
#5365=EDGE_CURVE('',#5285,#5107,#3639,.T.);
#5367=EDGE_CURVE('',#5106,#5107,#3646,.T.);
#5369=EDGE_CURVE('',#5106,#5094,#3653,.T.);
#5371=EDGE_CURVE('',#5094,#5095,#3660,.T.);
#5373=EDGE_CURVE('',#5095,#5279,#3668,.T.);
#5375=EDGE_CURVE('',#5279,#5281,#3675,.T.);
#5377=EDGE_CURVE('',#5281,#5099,#3683,.T.);
#5379=EDGE_CURVE('',#5098,#5099,#3690,.T.);
#5381=EDGE_CURVE('',#5098,#5086,#3697,.T.);
#5383=EDGE_CURVE('',#5086,#5087,#3704,.T.);
#5385=EDGE_CURVE('',#5087,#5275,#3712,.T.);
#5387=EDGE_CURVE('',#5275,#5277,#3719,.T.);
#5389=EDGE_CURVE('',#5277,#5091,#3727,.T.);
#5391=EDGE_CURVE('',#5090,#5091,#3734,.T.);
#5393=EDGE_CURVE('',#5090,#5078,#3741,.T.);
#5395=EDGE_CURVE('',#5078,#5079,#3748,.T.);
#5397=EDGE_CURVE('',#5079,#5271,#3756,.T.);
#5399=EDGE_CURVE('',#5271,#5273,#3763,.T.);
#5401=EDGE_CURVE('',#5273,#5083,#3771,.T.);
#5403=EDGE_CURVE('',#5082,#5083,#3778,.T.);
#5405=EDGE_CURVE('',#5082,#5024,#3785,.T.);
#5407=EDGE_CURVE('',#5024,#5025,#3792,.T.);
#5409=EDGE_CURVE('',#5025,#5050,#3799,.T.);
#5411=EDGE_CURVE('',#5050,#5051,#3806,.T.);
#5413=EDGE_CURVE('',#5257,#5051,#3814,.T.);
#5415=EDGE_CURVE('',#5255,#5257,#3821,.T.);
#5417=EDGE_CURVE('',#5047,#5255,#3829,.T.);
#5421=EDGE_CURVE('',#5110,#5111,#3836,.T.);
#5423=EDGE_CURVE('',#5110,#5117,#3843,.T.);
#5425=EDGE_CURVE('',#5115,#5117,#3850,.T.);
#5427=EDGE_CURVE('',#5113,#5115,#3857,.T.);
#5429=EDGE_CURVE('',#5111,#5113,#3864,.T.);
#5433=ADVANCED_FACE('',(#5420,#5432),#5314,.F.);
#5440=EDGE_CURVE('',#5047,#5192,#3871,.T.);
#5442=EDGE_CURVE('',#5120,#5192,#3990,.T.);
#5444=EDGE_CURVE('',#5046,#5120,#3983,.T.);
#5448=ADVANCED_FACE('',(#5447),#5438,.F.);
#5455=EDGE_CURVE('',#5255,#5193,#3878,.T.);
#5457=EDGE_CURVE('',#5192,#5193,#3998,.T.);
#5462=ADVANCED_FACE('',(#5461),#5453,.F.);
#5469=EDGE_CURVE('',#5257,#5195,#3885,.T.);
#5471=EDGE_CURVE('',#5193,#5195,#4005,.T.);
#5476=ADVANCED_FACE('',(#5475),#5467,.F.);
#5483=EDGE_CURVE('',#5051,#5197,#3892,.T.);
#5485=EDGE_CURVE('',#5195,#5197,#4013,.T.);
#5490=ADVANCED_FACE('',(#5489),#5481,.F.);
#5497=EDGE_CURVE('',#5050,#5121,#3906,.T.);
#5499=EDGE_CURVE('',#5197,#5121,#4020,.T.);
#5504=ADVANCED_FACE('',(#5503),#5495,.F.);
#5510=EDGE_CURVE('',#5120,#5121,#3899,.T.);
#5514=EDGE_CURVE('',#5025,#5028,#3913,.T.);
#5516=EDGE_CURVE('',#5028,#5029,#4504,.T.);
#5518=EDGE_CURVE('',#5020,#5029,#4441,.T.);
#5521=EDGE_CURVE('',#5070,#5132,#3920,.T.);
#5523=EDGE_CURVE('',#5132,#5133,#3927,.T.);
#5525=EDGE_CURVE('',#5074,#5133,#3934,.T.);
#5528=EDGE_CURVE('',#5062,#5128,#3941,.T.);
#5530=EDGE_CURVE('',#5128,#5129,#3948,.T.);
#5532=EDGE_CURVE('',#5066,#5129,#3955,.T.);
#5535=EDGE_CURVE('',#5054,#5124,#3962,.T.);
#5537=EDGE_CURVE('',#5124,#5125,#3969,.T.);
#5539=EDGE_CURVE('',#5058,#5125,#3976,.T.);
#5545=ADVANCED_FACE('',(#5544),#5509,.T.);
#5559=ADVANCED_FACE('',(#5558),#5550,.F.);
#5566=EDGE_CURVE('',#5024,#5033,#4027,.T.);
#5568=EDGE_CURVE('',#5033,#5028,#4511,.T.);
#5573=EDGE_CURVE('',#5176,#5177,#4034,.T.);
#5575=EDGE_CURVE('',#5177,#5185,#4041,.T.);
#5577=EDGE_CURVE('',#5184,#5185,#4048,.T.);
#5579=EDGE_CURVE('',#5176,#5184,#4055,.T.);
#5583=EDGE_CURVE('',#5180,#5181,#4062,.T.);
#5585=EDGE_CURVE('',#5181,#5189,#4069,.T.);
#5587=EDGE_CURVE('',#5188,#5189,#4076,.T.);
#5589=EDGE_CURVE('',#5180,#5188,#4083,.T.);
#5593=ADVANCED_FACE('',(#5572,#5582,#5592),#5564,.T.);
#5599=EDGE_CURVE('',#5136,#5137,#4090,.T.);
#5601=EDGE_CURVE('',#5078,#5136,#4097,.T.);
#5604=EDGE_CURVE('',#5090,#5141,#4104,.T.);
#5606=EDGE_CURVE('',#5140,#5141,#4111,.T.);
#5608=EDGE_CURVE('',#5086,#5140,#4118,.T.);
#5611=EDGE_CURVE('',#5098,#5145,#4125,.T.);
#5613=EDGE_CURVE('',#5144,#5145,#4132,.T.);
#5615=EDGE_CURVE('',#5094,#5144,#4139,.T.);
#5618=EDGE_CURVE('',#5106,#5149,#4146,.T.);
#5620=EDGE_CURVE('',#5148,#5149,#4153,.T.);
#5622=EDGE_CURVE('',#5102,#5148,#4160,.T.);
#5625=EDGE_CURVE('',#5021,#5031,#4167,.T.);
#5627=EDGE_CURVE('',#5031,#5033,#4518,.T.);
#5631=EDGE_CURVE('',#5082,#5137,#4174,.T.);
#5635=ADVANCED_FACE('',(#5634),#5598,.T.);
#5642=EDGE_CURVE('',#5229,#5137,#4181,.T.);
#5644=EDGE_CURVE('',#5227,#5229,#4189,.T.);
#5646=EDGE_CURVE('',#5225,#5227,#4196,.T.);
#5648=EDGE_CURVE('',#5224,#5225,#4204,.T.);
#5650=EDGE_CURVE('',#5136,#5224,#4211,.T.);
#5654=ADVANCED_FACE('',(#5653),#5640,.T.);
#5661=EDGE_CURVE('',#5083,#5229,#4218,.T.);
#5667=ADVANCED_FACE('',(#5666),#5659,.T.);
#5674=EDGE_CURVE('',#5273,#5227,#4225,.T.);
#5680=ADVANCED_FACE('',(#5679),#5672,.F.);
#5687=EDGE_CURVE('',#5271,#5225,#4232,.T.);
#5693=ADVANCED_FACE('',(#5692),#5685,.T.);
#5700=EDGE_CURVE('',#5079,#5224,#4239,.T.);
#5706=ADVANCED_FACE('',(#5705),#5698,.F.);
#5718=ADVANCED_FACE('',(#5717),#5711,.T.);
#5725=EDGE_CURVE('',#5091,#5237,#4246,.T.);
#5727=EDGE_CURVE('',#5237,#5141,#4274,.T.);
#5732=ADVANCED_FACE('',(#5731),#5723,.T.);
#5739=EDGE_CURVE('',#5277,#5235,#4253,.T.);
#5741=EDGE_CURVE('',#5235,#5237,#4282,.T.);
#5746=ADVANCED_FACE('',(#5745),#5737,.F.);
#5753=EDGE_CURVE('',#5275,#5233,#4260,.T.);
#5755=EDGE_CURVE('',#5233,#5235,#4289,.T.);
#5760=ADVANCED_FACE('',(#5759),#5751,.T.);
#5767=EDGE_CURVE('',#5087,#5232,#4267,.T.);
#5769=EDGE_CURVE('',#5232,#5233,#4297,.T.);
#5774=ADVANCED_FACE('',(#5773),#5765,.F.);
#5782=EDGE_CURVE('',#5140,#5232,#4304,.T.);
#5787=ADVANCED_FACE('',(#5786),#5779,.T.);
#5801=ADVANCED_FACE('',(#5800),#5792,.T.);
#5808=EDGE_CURVE('',#5099,#5245,#4311,.T.);
#5810=EDGE_CURVE('',#5245,#5145,#4339,.T.);
#5815=ADVANCED_FACE('',(#5814),#5806,.T.);
#5822=EDGE_CURVE('',#5281,#5243,#4318,.T.);
#5824=EDGE_CURVE('',#5243,#5245,#4347,.T.);
#5829=ADVANCED_FACE('',(#5828),#5820,.F.);
#5836=EDGE_CURVE('',#5279,#5241,#4325,.T.);
#5838=EDGE_CURVE('',#5241,#5243,#4354,.T.);
#5843=ADVANCED_FACE('',(#5842),#5834,.T.);
#5850=EDGE_CURVE('',#5095,#5240,#4332,.T.);
#5852=EDGE_CURVE('',#5240,#5241,#4362,.T.);
#5857=ADVANCED_FACE('',(#5856),#5848,.F.);
#5865=EDGE_CURVE('',#5144,#5240,#4369,.T.);
#5870=ADVANCED_FACE('',(#5869),#5862,.T.);
#5884=ADVANCED_FACE('',(#5883),#5875,.T.);
#5891=EDGE_CURVE('',#5107,#5253,#4376,.T.);
#5893=EDGE_CURVE('',#5253,#5149,#4404,.T.);
#5898=ADVANCED_FACE('',(#5897),#5889,.T.);
#5905=EDGE_CURVE('',#5285,#5251,#4383,.T.);
#5907=EDGE_CURVE('',#5251,#5253,#4412,.T.);
#5912=ADVANCED_FACE('',(#5911),#5903,.F.);
#5919=EDGE_CURVE('',#5283,#5249,#4390,.T.);
#5921=EDGE_CURVE('',#5249,#5251,#4419,.T.);
#5926=ADVANCED_FACE('',(#5925),#5917,.T.);
#5933=EDGE_CURVE('',#5103,#5248,#4397,.T.);
#5935=EDGE_CURVE('',#5248,#5249,#4427,.T.);
#5940=ADVANCED_FACE('',(#5939),#5931,.F.);
#5948=EDGE_CURVE('',#5148,#5248,#4434,.T.);
#5953=ADVANCED_FACE('',(#5952),#5945,.T.);
#5967=ADVANCED_FACE('',(#5966),#5958,.T.);
#5975=EDGE_CURVE('',#5029,#5031,#4525,.T.);
#5980=EDGE_CURVE('',#5160,#5161,#4448,.T.);
#5982=EDGE_CURVE('',#5161,#5169,#4455,.T.);
#5984=EDGE_CURVE('',#5168,#5169,#4462,.T.);
#5986=EDGE_CURVE('',#5160,#5168,#4469,.T.);
#5990=EDGE_CURVE('',#5164,#5165,#4476,.T.);
#5992=EDGE_CURVE('',#5165,#5173,#4483,.T.);
#5994=EDGE_CURVE('',#5172,#5173,#4490,.T.);
#5996=EDGE_CURVE('',#5164,#5172,#4497,.T.);
#6000=ADVANCED_FACE('',(#5979,#5989,#5999),#5972,.T.);
#6012=ADVANCED_FACE('',(#6011),#6005,.T.);
#6019=EDGE_CURVE('',#5153,#5160,#4532,.T.);
#6021=EDGE_CURVE('',#5152,#5153,#4539,.T.);
#6023=EDGE_CURVE('',#5161,#5152,#4546,.T.);
#6027=ADVANCED_FACE('',(#6026),#6017,.T.);
#6034=EDGE_CURVE('',#5289,#5164,#4553,.T.);
#6036=EDGE_CURVE('',#5288,#5289,#4560,.T.);
#6038=EDGE_CURVE('',#5165,#5288,#4567,.T.);
#6042=ADVANCED_FACE('',(#6041),#6032,.T.);
#6049=EDGE_CURVE('',#5293,#5176,#4574,.T.);
#6051=EDGE_CURVE('',#5292,#5293,#4581,.T.);
#6053=EDGE_CURVE('',#5177,#5292,#4588,.T.);
#6057=ADVANCED_FACE('',(#6056),#6047,.T.);
#6064=EDGE_CURVE('',#5297,#5180,#4595,.T.);
#6066=EDGE_CURVE('',#5296,#5297,#4602,.T.);
#6068=EDGE_CURVE('',#5181,#5296,#4609,.T.);
#6072=ADVANCED_FACE('',(#6071),#6062,.T.);
#6079=EDGE_CURVE('',#5157,#5168,#4637,.T.);
#6081=EDGE_CURVE('',#5153,#5157,#4616,.T.);
#6086=ADVANCED_FACE('',(#6085),#6077,.F.);
#6093=EDGE_CURVE('',#5169,#5156,#4623,.T.);
#6095=EDGE_CURVE('',#5156,#5157,#4630,.T.);
#6100=ADVANCED_FACE('',(#6099),#6091,.F.);
#6107=EDGE_CURVE('',#5173,#5300,#4644,.T.);
#6109=EDGE_CURVE('',#5300,#5301,#4651,.T.);
#6111=EDGE_CURVE('',#5301,#5172,#4658,.T.);
#6115=ADVANCED_FACE('',(#6114),#6105,.F.);
#6122=EDGE_CURVE('',#5185,#5304,#4665,.T.);
#6124=EDGE_CURVE('',#5304,#5305,#4672,.T.);
#6126=EDGE_CURVE('',#5305,#5184,#4679,.T.);
#6130=ADVANCED_FACE('',(#6129),#6120,.F.);
#6137=EDGE_CURVE('',#5189,#5308,#4686,.T.);
#6139=EDGE_CURVE('',#5308,#5309,#4693,.T.);
#6141=EDGE_CURVE('',#5309,#5188,#4700,.T.);
#6145=ADVANCED_FACE('',(#6144),#6135,.F.);
#6153=EDGE_CURVE('',#5152,#5156,#4707,.T.);
#6158=ADVANCED_FACE('',(#6157),#6150,.F.);
#6170=ADVANCED_FACE('',(#6169),#6163,.F.);
#6178=EDGE_CURVE('',#5288,#5300,#4714,.T.);
#6183=ADVANCED_FACE('',(#6182),#6175,.F.);
#6190=EDGE_CURVE('',#5289,#5301,#4721,.T.);
#6196=ADVANCED_FACE('',(#6195),#6188,.F.);
#6208=ADVANCED_FACE('',(#6207),#6201,.F.);
#6216=EDGE_CURVE('',#5292,#5304,#4728,.T.);
#6221=ADVANCED_FACE('',(#6220),#6213,.F.);
#6228=EDGE_CURVE('',#5293,#5305,#4735,.T.);
#6234=ADVANCED_FACE('',(#6233),#6226,.F.);
#6246=ADVANCED_FACE('',(#6245),#6239,.F.);
#6254=EDGE_CURVE('',#5296,#5308,#4742,.T.);
#6259=ADVANCED_FACE('',(#6258),#6251,.F.);
#6266=EDGE_CURVE('',#5297,#5309,#4749,.T.);
#6272=ADVANCED_FACE('',(#6271),#6264,.F.);
#6284=ADVANCED_FACE('',(#6283),#6277,.F.);
#6291=EDGE_CURVE('',#5071,#5216,#4756,.T.);
#6293=EDGE_CURVE('',#5132,#5216,#4784,.T.);
#6298=ADVANCED_FACE('',(#6297),#6289,.F.);
#6305=EDGE_CURVE('',#5267,#5217,#4763,.T.);
#6307=EDGE_CURVE('',#5216,#5217,#4792,.T.);
#6312=ADVANCED_FACE('',(#6311),#6303,.F.);
#6319=EDGE_CURVE('',#5269,#5219,#4770,.T.);
#6321=EDGE_CURVE('',#5217,#5219,#4799,.T.);
#6326=ADVANCED_FACE('',(#6325),#6317,.F.);
#6333=EDGE_CURVE('',#5075,#5221,#4777,.T.);
#6335=EDGE_CURVE('',#5219,#5221,#4807,.T.);
#6340=ADVANCED_FACE('',(#6339),#6331,.F.);
#6348=EDGE_CURVE('',#5221,#5133,#4814,.T.);
#6353=ADVANCED_FACE('',(#6352),#6345,.F.);
#6367=ADVANCED_FACE('',(#6366),#6358,.F.);
#6374=EDGE_CURVE('',#5063,#5208,#4821,.T.);
#6376=EDGE_CURVE('',#5128,#5208,#4849,.T.);
#6381=ADVANCED_FACE('',(#6380),#6372,.F.);
#6388=EDGE_CURVE('',#5263,#5209,#4828,.T.);
#6390=EDGE_CURVE('',#5208,#5209,#4857,.T.);
#6395=ADVANCED_FACE('',(#6394),#6386,.F.);
#6402=EDGE_CURVE('',#5265,#5211,#4835,.T.);
#6404=EDGE_CURVE('',#5209,#5211,#4864,.T.);
#6409=ADVANCED_FACE('',(#6408),#6400,.F.);
#6416=EDGE_CURVE('',#5067,#5213,#4842,.T.);
#6418=EDGE_CURVE('',#5211,#5213,#4872,.T.);
#6423=ADVANCED_FACE('',(#6422),#6414,.F.);
#6431=EDGE_CURVE('',#5213,#5129,#4879,.T.);
#6436=ADVANCED_FACE('',(#6435),#6428,.F.);
#6450=ADVANCED_FACE('',(#6449),#6441,.F.);
#6457=EDGE_CURVE('',#5055,#5200,#4886,.T.);
#6459=EDGE_CURVE('',#5124,#5200,#4914,.T.);
#6464=ADVANCED_FACE('',(#6463),#6455,.F.);
#6471=EDGE_CURVE('',#5259,#5201,#4893,.T.);
#6473=EDGE_CURVE('',#5200,#5201,#4922,.T.);
#6478=ADVANCED_FACE('',(#6477),#6469,.F.);
#6485=EDGE_CURVE('',#5261,#5203,#4900,.T.);
#6487=EDGE_CURVE('',#5201,#5203,#4929,.T.);
#6492=ADVANCED_FACE('',(#6491),#6483,.F.);
#6499=EDGE_CURVE('',#5059,#5205,#4907,.T.);
#6501=EDGE_CURVE('',#5203,#5205,#4937,.T.);
#6506=ADVANCED_FACE('',(#6505),#6497,.F.);
#6514=EDGE_CURVE('',#5205,#5125,#4944,.T.);
#6519=ADVANCED_FACE('',(#6518),#6511,.F.);
#6533=ADVANCED_FACE('',(#6532),#6524,.F.);
#6540=EDGE_CURVE('',#5111,#5036,#4958,.T.);
#6542=EDGE_CURVE('',#5043,#5036,#4993,.T.);
#6544=EDGE_CURVE('',#5043,#5110,#4951,.T.);
#6548=ADVANCED_FACE('',(#6547),#6538,.F.);
#6555=EDGE_CURVE('',#5113,#5037,#4965,.T.);
#6557=EDGE_CURVE('',#5036,#5037,#5000,.T.);
#6562=ADVANCED_FACE('',(#6561),#6553,.F.);
#6569=EDGE_CURVE('',#5115,#5039,#4979,.T.);
#6571=EDGE_CURVE('',#5037,#5039,#5007,.T.);
#6576=ADVANCED_FACE('',(#6575),#6567,.F.);
#6583=EDGE_CURVE('',#5042,#5117,#4972,.T.);
#6585=EDGE_CURVE('',#5039,#5042,#5014,.T.);
#6590=ADVANCED_FACE('',(#6589),#6581,.F.);
#6598=EDGE_CURVE('',#5042,#5043,#4986,.T.);
#6603=ADVANCED_FACE('',(#6602),#6595,.F.);
#6616=ADVANCED_FACE('',(#6615),#6608,.F.);
#6625=(LENGTH_UNIT()NAMED_UNIT(*)SI_UNIT(.MILLI.,.METRE.));
#6626=(NAMED_UNIT(*)PLANE_ANGLE_UNIT()SI_UNIT($,.RADIAN.));
#6629=(NAMED_UNIT(*)SI_UNIT($,.STERADIAN.)SOLID_ANGLE_UNIT());
#6631=(GEOMETRIC_REPRESENTATION_CONTEXT(3)GLOBAL_UNCERTAINTY_ASSIGNED_CONTEXT((
#6630))GLOBAL_UNIT_ASSIGNED_CONTEXT((#6625,#6628,#6629))REPRESENTATION_CONTEXT(
'ID2','3'));
#6635=AXIS2_PLACEMENT_3D('',#6632,#6633,#6634);
#6636=ADVANCED_BREP_SHAPE_REPRESENTATION('',(#6635,#6618),#6631);
#6640=PRODUCT_DEFINITION('part definition','',#6639,#3389);
#6641=PRODUCT_DEFINITION_SHAPE('','SHAPE FOR BODY.',#6640);
#6642=SHAPE_ASPECT('','solid data associated with BODY',#6641,.F.);
#6643=PROPERTY_DEFINITION('',
'shape for solid data with which properties are associated',#6642);
#6644=SHAPE_REPRESENTATION('',(#6618),#6631);
#6645=SHAPE_DEFINITION_REPRESENTATION(#6643,#6644);
#6646=(LENGTH_UNIT()NAMED_UNIT(*)SI_UNIT(.MILLI.,.METRE.));
#6650=PROPERTY_DEFINITION('geometric validation property','area of BODY',#6642);
#6651=REPRESENTATION('surface area',(#6649),#6631);
#6652=PROPERTY_DEFINITION_REPRESENTATION(#6650,#6651);
#6653=(LENGTH_UNIT()NAMED_UNIT(*)SI_UNIT(.MILLI.,.METRE.));
#6657=PROPERTY_DEFINITION('geometric validation property','volume of BODY',
#6642);
#6658=REPRESENTATION('volume',(#6656),#6631);
#6659=PROPERTY_DEFINITION_REPRESENTATION(#6657,#6658);
#6661=PROPERTY_DEFINITION('geometric validation property','centroid of BODY',
#6642);
#6662=REPRESENTATION('centroid',(#6660),#6631);
#6663=PROPERTY_DEFINITION_REPRESENTATION(#6661,#6662);
#6664=(LENGTH_UNIT()NAMED_UNIT(*)SI_UNIT(.MILLI.,.METRE.));
#6668=PROPERTY_DEFINITION('geometric validation property','area of BODY',#6641);
#6669=REPRESENTATION('surface area',(#6667),#6631);
#6670=PROPERTY_DEFINITION_REPRESENTATION(#6668,#6669);
#6671=(LENGTH_UNIT()NAMED_UNIT(*)SI_UNIT(.MILLI.,.METRE.));
#6675=PROPERTY_DEFINITION('geometric validation property','volume of BODY',
#6641);
#6676=REPRESENTATION('volume',(#6674),#6631);
#6677=PROPERTY_DEFINITION_REPRESENTATION(#6675,#6676);
#6679=PROPERTY_DEFINITION('geometric validation property','centroid of BODY',
#6641);
#6680=REPRESENTATION('centroid',(#6678),#6631);
#6681=PROPERTY_DEFINITION_REPRESENTATION(#6679,#6680);
#6682=SHAPE_DEFINITION_REPRESENTATION(#6641,#6636);
#6683=NEXT_ASSEMBLY_USAGE_OCCURRENCE('4','Next assembly relationship','BODY',
#6739,#6640,$);
#6684=PRODUCT_DEFINITION_SHAPE('Placement #4',
'Placement of BODY with respect to RQX0008A_ASM',#6683);
#6686=PROPERTY_DEFINITION('geometric validation property','centroid of BODY',
#6684);
#6687=REPRESENTATION('centroid',(#6685),#6631);
#6688=PROPERTY_DEFINITION_REPRESENTATION(#6686,#6687);
#6696=(LENGTH_UNIT()NAMED_UNIT(*)SI_UNIT(.MILLI.,.METRE.));
#6697=(NAMED_UNIT(*)PLANE_ANGLE_UNIT()SI_UNIT($,.RADIAN.));
#6700=(NAMED_UNIT(*)SI_UNIT($,.STERADIAN.)SOLID_ANGLE_UNIT());
#6702=(GEOMETRIC_REPRESENTATION_CONTEXT(3)GLOBAL_UNCERTAINTY_ASSIGNED_CONTEXT((
#6701))GLOBAL_UNIT_ASSIGNED_CONTEXT((#6696,#6699,#6700))REPRESENTATION_CONTEXT(
'ID3','3'));
#6706=AXIS2_PLACEMENT_3D('',#6703,#6704,#6705);
#6707=SHAPE_REPRESENTATION('',(#6706),#6702);
#6712=PRODUCT_DEFINITION('part definition','',#6711,#6708);
#6713=PRODUCT_DEFINITION_SHAPE('','SHAPE FOR PIN1_AREA.',#6712);
#6714=SHAPE_DEFINITION_REPRESENTATION(#6713,#6707);
#6715=NEXT_ASSEMBLY_USAGE_OCCURRENCE('5','Next assembly relationship',
'PIN1_AREA',#6739,#6712,$);
#6716=PRODUCT_DEFINITION_SHAPE('Placement #5',
'Placement of PIN1_AREA with respect to RQX0008A_ASM',#6715);
#6724=(LENGTH_UNIT()NAMED_UNIT(*)SI_UNIT(.MILLI.,.METRE.));
#6725=(NAMED_UNIT(*)PLANE_ANGLE_UNIT()SI_UNIT($,.RADIAN.));
#6728=(NAMED_UNIT(*)SI_UNIT($,.STERADIAN.)SOLID_ANGLE_UNIT());
#6730=(GEOMETRIC_REPRESENTATION_CONTEXT(3)GLOBAL_UNCERTAINTY_ASSIGNED_CONTEXT((
#6729))GLOBAL_UNIT_ASSIGNED_CONTEXT((#6724,#6727,#6728))REPRESENTATION_CONTEXT(
'ID4','3'));
#6734=AXIS2_PLACEMENT_3D('',#6731,#6732,#6733);
#6739=PRODUCT_DEFINITION('part definition','',#6738,#6708);
#6740=(LENGTH_UNIT()NAMED_UNIT(*)SI_UNIT(.MILLI.,.METRE.));
#6744=PROPERTY_DEFINITION('geometric validation property',
'area of RQX0008A_ASM',#3437);
#6745=REPRESENTATION('surface area',(#6743),#6730);
#6746=PROPERTY_DEFINITION_REPRESENTATION(#6744,#6745);
#6747=(LENGTH_UNIT()NAMED_UNIT(*)SI_UNIT(.MILLI.,.METRE.));
#6751=PROPERTY_DEFINITION('geometric validation property',
'volume of RQX0008A_ASM',#3437);
#6752=REPRESENTATION('volume',(#6750),#6730);
#6753=PROPERTY_DEFINITION_REPRESENTATION(#6751,#6752);
#6755=PROPERTY_DEFINITION('geometric validation property',
'centroid of RQX0008A_ASM',#3437);
#6756=REPRESENTATION('centroid',(#6754),#6730);
#6757=PROPERTY_DEFINITION_REPRESENTATION(#6755,#6756);
ENDSEC;
END-ISO-10303-21;
